cell,n_buildings,density
0007_0052,8269,76.54
0007_0055,1575,14.62
0009_0013,11694,104.62
0009_0016,1800,16.14
0010_0013,1080,9.66
0010_0017,1947,17.48
0010_0023,1817,16.39
0011_0015,1434,12.85
0011_0023,1924,17.35
0011_0024,16662,150.42
0012_0014,6078,54.42
0012_0023,2312,20.85
0012_0024,4783,43.18
0013_0018,1687,15.15
0013_0019,2059,18.51
0013_0020,1890,17.01
0013_0021,6736,60.66
0014_0013,1072,9.59
0014_0014,32784,293.54
0014_0015,4783,42.86
0014_0021,6651,59.89
0014_0023,1347,12.15
0014_0024,6896,62.25
0014_0055,285,2.65
0015_0013,447,4.00
0015_0014,1100,9.85
0015_0015,2392,21.43
0015_0016,1066,9.56
0015_0019,1294,11.63
0015_0020,1409,12.68
0015_0021,3306,29.77
0015_0023,8258,74.49
0015_0024,4402,39.74
0016_0015,5716,51.22
0016_0020,1374,12.36
0016_0021,1695,15.26
0016_0023,9912,89.41
0016_0024,1695,15.30
0016_0052,185,1.71
0017_0020,5599,50.38
0017_0023,6934,62.55
0018_0020,2198,19.78
0018_0021,3054,27.50
0018_0022,2366,21.32
0018_0023,12686,114.43
0018_0051,1115,10.31
0019_0016,2328,20.88
0019_0017,1337,12.00
0019_0018,1010,9.07
0019_0023,7778,70.16
0019_0042,1258,11.54
0019_0047,1075,9.90
0019_0048,1144,10.55
0019_0051,7963,73.64
0019_0056,331,3.08
0020_0017,1473,13.22
0020_0022,1341,12.09
0020_0023,14741,132.96
0020_0025,3292,29.74
0020_0026,1206,10.91
0020_0028,1362,12.34
0020_0042,8763,80.36
0021_0022,23352,210.46
0021_0023,15801,142.53
0021_0025,7720,69.75
0021_0041,4725,43.29
0022_0016,1135,10.18
0022_0022,37184,335.12
0022_0023,15781,142.35
0022_0025,15055,136.03
0023_0021,2291,20.63
0023_0022,2434,21.94
0023_0023,1104,9.96
0023_0025,4918,44.44
0023_0026,1293,11.69
0023_0029,1029,9.33
0024_0015,2306,20.66
0024_0023,1688,15.23
0024_0029,3049,27.64
0025_0023,5416,48.85
0025_0029,4318,39.15
0025_0042,1085,9.95
0026_0015,17500,156.82
0026_0021,1549,13.95
0026_0029,1810,16.41
0027_0023,2113,19.06
0027_0055,1266,11.75
0028_0023,1672,15.08
0029_0044,252,2.32
0030_0022,1535,13.83
0030_0023,4135,37.30
0030_0029,2101,19.05
0030_0031,1263,11.47
0030_0043,593,5.44
0030_0044,915,8.41
0030_0050,2484,22.95
0031_0029,2539,23.02
0031_0030,1724,15.64
0031_0031,1279,11.62
0031_0032,13425,122.03
0031_0043,3130,28.73
0031_0044,1177,10.81
0031_0056,6932,64.41
0032_0024,1835,16.57
0032_0025,1121,10.13
0032_0030,1258,11.41
0032_0031,1511,13.72
0032_0032,91663,833.17
0032_0033,2771,25.21
0032_0043,963,8.84
0033_0023,1436,12.95
0033_0030,1137,10.32
0033_0032,13708,124.60
0033_0033,4238,38.55
0034_0023,4340,39.15
0034_0030,1008,9.15
0034_0054,1170,10.85
0034_0055,4216,39.13
0035_0023,1729,15.60
0035_0024,3627,32.74
0035_0051,22550,208.52
0035_0052,4441,41.11
0036_0023,1667,15.04
0036_0024,4059,36.64
0036_0046,1790,16.48
0036_0051,1187,10.98
0036_0053,3621,33.55
0036_0054,18869,174.98
0037_0014,4154,37.19
0037_0015,8131,72.86
0037_0025,3045,27.51
0037_0053,2898,26.85
0037_0054,2738,25.39
0038_0025,4699,42.46
0038_0052,1203,11.13
0038_0054,11209,103.95
0038_0055,16508,153.23
0038_0056,26527,246.47
0038_0057,1571,14.61
0039_0024,1191,10.75
0039_0025,6670,60.26
0039_0039,1452,13.28
0039_0040,6751,61.80
0039_0051,1452,13.43
0039_0056,1296,12.04
0039_0057,3899,36.26
0039_0058,1033,9.62
0040_0024,1476,13.32
0040_0025,4628,41.81
0040_0026,4371,39.53
0040_0051,1875,17.34
0041_0025,2009,18.15
0041_0026,2132,19.28
0041_0036,1256,11.46
0042_0026,1473,13.32
0042_0033,1777,16.17
0042_0037,2043,18.65
0042_0048,2041,18.82
0042_0052,1307,12.10
0043_0027,21200,191.87
0043_0044,1523,13.99
0043_0048,3719,34.29
0043_0052,1025,9.49
0044_0027,9847,89.12
0044_0028,4800,43.48
0044_0047,1350,12.44
0044_0048,3302,30.45
0044_0049,1461,13.48
0044_0052,1955,18.10
0044_0057,1017,9.46
0045_0028,1336,12.10
0045_0030,1149,10.43
0045_0031,1076,9.77
0045_0046,2295,21.12
0045_0047,4581,42.20
0045_0048,34648,319.50
0045_0049,1451,13.39
0045_0053,2023,18.74
0046_0016,1498,13.43
0046_0025,2110,19.06
0046_0028,2026,18.35
0046_0032,2422,22.01
0046_0033,4278,38.92
0046_0046,2710,24.94
0046_0047,10912,100.53
0046_0048,10307,95.04
0046_0049,1362,12.57
0046_0053,2581,23.91
0047_0025,3375,30.49
0047_0026,9824,88.84
0047_0027,2515,22.76
0047_0033,6153,55.98
0047_0034,8112,73.86
0047_0040,1078,9.87
0047_0048,2843,26.22
0047_0049,2226,20.55
0047_0054,2183,20.24
0047_0058,1099,10.23
0048_0026,3440,31.11
0048_0027,5479,49.59
0048_0028,3877,35.12
0048_0029,3633,32.94
0048_0030,2417,21.93
0048_0031,1161,10.54
0048_0034,1910,17.39
0048_0035,4043,36.85
0048_0036,1433,13.07
0048_0054,3996,37.06
0049_0035,1877,17.11
0049_0036,1501,13.69
0049_0037,1998,18.24
0049_0038,4689,42.85
0049_0041,4832,44.27
0049_0042,3501,32.11
0049_0049,1388,12.81
0049_0053,1169,10.83
0049_0055,4385,40.70
0050_0037,2226,20.32
0050_0038,1514,13.83
0050_0040,3859,35.33
0050_0041,1327,12.16
0050_0052,1994,18.46
0050_0053,1227,11.37
0050_0055,1166,10.82
0050_0056,5380,49.99
0051_0038,2337,21.35
0051_0039,6417,58.69
0051_0045,1834,16.86
0051_0046,1768,16.27
0051_0055,1078,10.01
0051_0056,1373,12.76
0051_0057,7159,66.58
0051_0058,44013,409.73
0051_0059,4983,46.43
0052_0032,4392,39.92
0052_0039,3345,30.59
0052_0044,1465,13.46
0052_0045,4360,40.09
0052_0046,6717,61.82
0052_0058,3405,31.70
0052_0059,2047,19.07
0053_0025,3396,30.68
0053_0026,2753,24.89
0053_0032,2485,22.59
0053_0033,4070,37.03
0053_0034,1033,9.41
0053_0035,1235,11.26
0053_0036,2269,20.70
0053_0037,2328,21.25
0053_0038,2724,24.89
0053_0039,10865,99.37
0053_0042,1110,10.18
0053_0044,1712,15.73
0053_0045,2343,21.55
0053_0046,2318,21.34
0053_0049,1089,10.05
0053_0058,2344,21.82
0053_0059,1717,16.00
0054_0022,1471,13.26
0054_0023,1955,17.63
0054_0024,11489,103.72
0054_0025,21334,192.76
0054_0026,6903,62.42
0054_0034,6992,63.66
0054_0035,4877,44.45
0054_0036,4094,37.34
0054_0037,1811,16.53
0054_0038,1121,10.24
0054_0039,4727,43.23
0054_0042,2823,25.89
0054_0043,4094,37.58
0054_0044,6506,59.77
0054_0045,1574,14.47
0054_0047,15616,143.87
0054_0048,2312,21.32
0054_0049,1578,14.56
0054_0054,2598,24.09
0054_0057,1063,9.89
0055_0021,2695,24.27
0055_0022,3718,33.51
0055_0023,4978,44.90
0055_0024,9868,89.08
0055_0025,6546,59.14
0055_0027,2609,23.61
0055_0028,1372,12.43
0055_0035,1305,11.89
0055_0036,15638,142.64
0055_0037,5023,45.86
0055_0038,3343,30.55
0055_0040,2067,18.92
0055_0042,1482,13.59
0055_0043,4215,38.69
0055_0044,2140,19.66
0055_0045,1091,10.03
0055_0053,1093,10.13
0055_0057,1449,13.48
0055_0058,5140,47.85
0055_0059,8817,82.16
0055_0060,2188,20.41
0055_0061,1628,15.20
0055_0062,17659,165.04
0055_0068,1916,18.01
0055_0069,3635,34.21
0055_0071,17956,169.34
0055_0072,23711,223.84
0056_0021,4854,43.71
0056_0022,4642,41.84
0056_0023,7372,66.50
0056_0029,1442,13.07
0056_0035,2618,23.86
0056_0036,8247,75.22
0056_0037,4462,40.74
0056_0038,4857,44.38
0056_0039,1120,10.24
0056_0040,9314,85.26
0056_0041,3254,29.81
0056_0042,4705,43.15
0056_0043,1890,17.35
0056_0044,1094,10.05
0056_0045,1363,12.53
0056_0051,2158,19.96
0056_0054,2736,25.37
0056_0055,2950,27.38
0056_0056,3742,34.77
0056_0057,3034,28.22
0056_0059,13461,125.43
0056_0060,12156,113.38
0056_0061,3109,29.03
0056_0062,4315,40.33
0056_0063,1377,12.88
0056_0067,6413,60.23
0056_0068,4567,42.94
0056_0069,1850,17.41
0056_0070,6187,58.29
0056_0071,34145,322.01
0056_0072,62959,594.35
0057_0017,9537,85.60
0057_0020,10644,95.77
0057_0021,10905,98.20
0057_0022,3885,35.01
0057_0027,1009,9.13
0057_0035,1337,12.18
0057_0038,1424,13.01
0057_0039,2583,23.62
0057_0040,29964,274.29
0057_0041,35253,323.00
0057_0042,3937,36.10
0057_0043,6076,55.77
0057_0047,1577,14.53
0057_0050,2054,18.98
0057_0051,1867,17.26
0057_0052,2591,23.98
0057_0053,20213,187.27
0057_0054,1969,18.26
0057_0056,9288,86.30
0057_0057,5240,48.73
0057_0058,4385,40.82
0057_0059,2011,18.74
0057_0062,6523,60.96
0057_0063,10786,100.90
0057_0065,1349,12.64
0057_0066,1442,13.53
0057_0067,3369,31.64
0057_0068,24856,233.69
0057_0069,18539,174.48
0057_0070,5408,50.95
0057_0071,1972,18.60
0057_0072,3266,30.83
0058_0011,4139,36.97
0058_0012,5320,47.56
0058_0013,5711,51.09
0058_0014,4867,43.58
0058_0015,2202,19.73
0058_0016,16113,144.51
0058_0017,12149,109.04
0058_0033,1071,9.74
0058_0039,1124,10.28
0058_0040,11072,101.35
0058_0041,2137,19.58
0058_0043,1496,13.73
0058_0047,4354,40.11
0058_0048,2536,23.39
0058_0050,1370,12.66
0058_0053,1586,14.69
0058_0056,4234,39.34
0058_0058,5805,54.04
0058_0059,2347,21.87
0058_0060,1272,11.86
0058_0061,3394,31.69
0058_0062,3927,36.70
0058_0063,3463,32.40
0058_0066,1386,13.00
0058_0067,1791,16.82
0058_0068,3785,35.59
0058_0069,39100,367.98
0058_0070,16311,153.66
0058_0072,1780,16.80
0058_0073,1252,11.83
0059_0011,12648,112.98
0059_0012,7234,64.67
0059_0013,9784,87.53
0059_0014,4875,43.65
0059_0016,1473,13.21
0059_0017,2769,24.85
0059_0025,1182,10.68
0059_0039,5140,47.01
0059_0040,6274,57.43
0059_0046,1175,10.81
0059_0047,4871,44.87
0059_0048,9397,86.65
0059_0050,1694,15.65
0059_0051,1904,17.61
0059_0054,1062,9.85
0059_0058,1147,10.68
0059_0059,5927,55.23
0059_0060,10375,96.77
0059_0061,11827,110.42
0059_0062,7010,65.51
0059_0063,5655,52.90
0059_0064,6239,58.42
0059_0065,3281,30.75
0059_0068,7434,69.89
0059_0069,14314,134.71
0059_0070,17007,160.22
0059_0071,2248,21.20
0059_0072,2387,22.53
0059_0073,2223,21.01
0059_0074,1521,14.39
0060_0011,33999,303.70
0060_0012,47818,427.47
0060_0013,80532,720.50
0060_0014,3669,32.85
0060_0060,12732,118.76
0060_0061,13293,124.11
0060_0062,6363,59.47
0060_0063,15455,144.58
0060_0064,2077,19.45
0060_0065,29497,276.49
0060_0066,22975,215.57
0060_0067,1696,15.93
0060_0068,19799,186.15
0060_0069,16567,155.92
0060_0070,23284,219.36
0060_0071,2854,26.91
0060_0072,2383,22.50
0060_0073,1653,15.62
0060_0074,1218,11.52
0060_0075,1256,11.89
0061_0010,5696,50.84
0061_0011,264188,2359.86
0061_0012,506902,4531.50
0061_0013,34863,311.91
0061_0014,9450,84.61
0061_0040,1570,14.37
0061_0042,1089,9.99
0061_0056,1279,11.88
0061_0059,2590,24.13
0061_0060,2332,21.75
0061_0061,4631,43.24
0061_0062,12336,115.29
0061_0063,75409,705.45
0061_0064,323637,3030.62
0061_0065,129357,1212.54
0061_0066,41543,389.80
0061_0067,13839,129.98
0061_0068,49260,463.14
0061_0069,15839,149.07
0061_0070,15338,144.50
0061_0071,1238,11.68
0061_0072,1875,17.70
0061_0073,1119,10.57
0062_0010,35465,316.54
0062_0011,319131,2850.64
0062_0012,403533,3607.42
0062_0013,122603,1096.89
0062_0014,3925,35.14
0062_0015,2686,24.07
0062_0016,1179,10.57
0062_0017,1060,9.51
0062_0020,1137,10.23
0062_0025,2142,19.35
0062_0039,1250,11.43
0062_0043,1803,16.55
0062_0059,3323,30.96
0062_0060,2051,19.13
0062_0061,4530,42.29
0062_0062,5729,53.54
0062_0063,1443,13.50
0062_0064,3122,29.24
0062_0065,12005,112.53
0062_0067,12353,116.02
0062_0068,17067,160.46
0062_0069,22736,213.98
0062_0070,10367,97.67
0062_0071,1270,11.98
0062_0072,3595,33.94
0063_0010,23544,210.14
0063_0011,404513,3613.32
0063_0012,130749,1168.84
0063_0013,55118,493.13
0063_0014,18556,166.15
0063_0015,1110,9.95
0063_0024,2546,22.98
0063_0040,5355,49.02
0063_0041,1591,14.58
0063_0063,1194,11.17
0063_0064,2057,19.26
0063_0065,3981,37.32
0063_0067,1159,10.89
0063_0068,6263,58.88
0063_0069,1828,17.20
0063_0070,3204,30.18
0063_0071,2966,27.97
0063_0072,1356,12.80
0064_0010,3548,31.67
0064_0011,114236,1020.42
0064_0012,69211,618.72
0064_0013,30815,275.69
0064_0014,3054,27.35
0064_0016,1235,11.08
0064_0018,1579,14.18
0064_0023,2529,22.81
0064_0025,2406,21.74
0064_0056,1290,11.99
0064_0061,7416,69.24
0064_0063,1390,13.00
0064_0068,5721,53.79
0064_0069,9914,93.30
0064_0070,1853,17.46
0064_0071,4998,47.13
0064_0072,1287,12.15
0065_0010,5883,52.51
0065_0011,39800,355.51
0065_0012,11748,105.02
0065_0013,19731,176.53
0065_0014,5695,50.99
0065_0015,1535,13.76
0065_0018,1094,9.83
0065_0023,1078,9.72
0065_0027,1389,12.57
0065_0028,1875,16.98
0065_0029,10354,93.87
0065_0030,8216,74.55
0065_0031,5027,45.65
0065_0032,2722,24.74
0065_0044,1062,9.76
0065_0045,1833,16.86
0065_0046,3223,29.67
0065_0047,1076,9.91
0065_0048,5508,50.79
0065_0049,4640,42.83
0065_0050,2431,22.46
0065_0061,2263,21.13
0065_0063,2509,23.47
0065_0067,3223,30.27
0065_0068,1032,9.70
0065_0069,10399,97.87
0065_0070,1939,18.27
0065_0071,2116,19.96
0065_0072,2530,23.88
0066_0004,5186,46.07
0066_0005,1107,9.84
0066_0007,5839,51.99
0066_0008,5295,47.19
0066_0009,3766,33.59
0066_0010,17820,159.05
0066_0011,14370,128.36
0066_0012,2529,22.61
0066_0013,6856,61.34
0066_0016,1375,12.33
0066_0017,4207,37.76
0066_0018,1912,17.18
0066_0022,2013,18.14
0066_0024,717,6.47
0066_0025,1798,16.25
0066_0027,4630,41.90
0066_0028,5657,51.24
0066_0029,4020,36.45
0066_0030,5386,48.87
0066_0031,6399,58.11
0066_0032,2901,26.37
0066_0042,1630,14.95
0066_0043,1955,17.94
0066_0044,1883,17.30
0066_0045,5483,50.42
0066_0046,1467,13.50
0066_0047,2097,19.32
0066_0048,4233,39.03
0066_0049,3698,34.13
0066_0050,1155,10.67
0066_0051,3036,28.07
0066_0065,1108,10.39
0066_0067,3346,31.43
0066_0068,2032,19.10
0066_0069,3913,36.83
0066_0070,7809,73.57
0066_0071,2326,21.94
0066_0072,3651,34.47
0066_0073,1701,16.07
0067_0003,3532,31.35
0067_0004,10322,91.70
0067_0005,16374,145.58
0067_0006,6633,59.02
0067_0007,15519,138.19
0067_0008,14607,130.17
0067_0009,13152,117.30
0067_0010,25059,223.66
0067_0011,1602,14.31
0067_0012,1900,16.99
0067_0013,5786,51.77
0067_0014,3869,34.64
0067_0015,3824,34.27
0067_0016,2460,22.06
0067_0017,1700,15.26
0067_0018,2114,18.99
0067_0019,2028,18.23
0067_0020,1557,14.01
0067_0027,1378,12.47
0067_0028,3962,35.89
0067_0029,17591,159.48
0067_0030,4818,43.72
0067_0031,1145,10.40
0067_0032,2646,24.05
0067_0033,5086,46.27
0067_0034,3669,33.41
0067_0035,4493,40.95
0067_0036,2578,23.51
0067_0038,1470,13.43
0067_0039,1308,11.96
0067_0040,1460,13.36
0067_0041,4805,44.02
0067_0042,1596,14.64
0067_0043,2470,22.67
0067_0044,2326,21.37
0067_0045,1205,11.08
0067_0046,1513,13.93
0067_0053,2281,21.13
0067_0054,3325,30.83
0067_0056,1436,13.34
0067_0057,6670,62.03
0067_0065,2558,23.98
0067_0067,6296,59.13
0067_0068,1770,16.64
0067_0069,3296,31.02
0067_0070,6332,59.65
0067_0071,2264,21.35
0067_0072,2307,21.78
0067_0073,1100,10.39
0067_0075,1248,11.82
0068_0004,5912,52.52
0068_0005,10491,93.27
0068_0006,6472,57.59
0068_0007,6834,60.85
0068_0008,10075,89.78
0068_0009,7998,71.33
0068_0010,6413,57.24
0068_0011,2222,19.85
0068_0012,1430,12.78
0068_0014,6979,62.49
0068_0015,2200,19.71
0068_0017,1362,12.22
0068_0020,2211,19.89
0068_0021,2026,18.24
0068_0024,2086,18.83
0068_0025,1282,11.58
0068_0026,5388,48.72
0068_0027,7027,63.60
0068_0028,24682,223.58
0068_0029,16628,150.75
0068_0030,9933,90.13
0068_0031,10836,98.41
0068_0032,18372,166.99
0068_0033,27207,247.51
0068_0034,9483,86.35
0068_0035,11544,105.20
0068_0036,5207,47.50
0068_0037,4292,39.18
0068_0038,1039,9.49
0068_0040,1734,15.87
0068_0041,9221,84.49
0068_0042,5158,47.30
0068_0043,3497,32.10
0068_0044,1823,16.75
0068_0046,1190,10.95
0068_0047,1362,12.55
0068_0053,1670,15.47
0068_0054,2117,19.63
0068_0057,7037,65.45
0068_0058,1198,11.15
0068_0064,8719,81.65
0068_0066,3722,34.92
0068_0067,3703,34.78
0068_0068,1400,13.16
0068_0071,10098,95.23
0068_0072,1015,9.58
0068_0073,1324,12.51
0068_0075,2586,24.49
0069_0004,2806,24.93
0069_0005,5367,47.72
0069_0006,7516,66.87
0069_0007,5819,51.82
0069_0008,11150,99.36
0069_0009,8821,78.67
0069_0010,12416,110.82
0069_0011,8519,76.10
0069_0013,1457,13.04
0069_0014,11649,104.30
0069_0015,2122,19.02
0069_0016,9635,86.41
0069_0017,3207,28.78
0069_0019,2538,22.82
0069_0020,1723,15.50
0069_0025,1867,16.87
0069_0026,3417,30.90
0069_0027,9720,87.97
0069_0028,11405,103.31
0069_0029,14456,131.06
0069_0030,53198,482.71
0069_0031,16514,149.97
0069_0032,15395,139.93
0069_0033,9941,90.44
0069_0034,36231,329.90
0069_0035,11522,105.00
0069_0036,11279,102.88
0069_0037,18941,172.92
0069_0038,9597,87.69
0069_0039,6682,61.11
0069_0040,4339,39.72
0069_0041,3195,29.27
0069_0042,5423,49.73
0069_0043,6145,56.40
0069_0044,2248,20.65
0069_0045,1877,17.26
0069_0046,2419,22.26
0069_0047,1504,13.86
0069_0052,1336,12.37
0069_0053,9218,85.40
0069_0054,3493,32.39
0069_0055,5519,51.23
0069_0056,4122,38.30
0069_0057,1794,16.68
0069_0058,3050,28.39
0069_0064,4530,42.42
0069_0065,2112,19.80
0069_0066,1647,15.45
0069_0067,1740,16.34
0069_0068,1206,11.34
0069_0070,1253,11.80
0069_0071,5670,53.47
0069_0072,1701,16.06
0069_0073,3295,31.14
0070_0004,2431,21.60
0070_0005,4677,41.58
0070_0006,6107,54.34
0070_0007,4364,38.86
0070_0008,11808,105.23
0070_0009,9343,83.33
0070_0010,44825,400.08
0070_0011,2077,18.55
0070_0012,1371,12.26
0070_0013,1552,13.89
0070_0014,1726,15.45
0070_0015,1316,11.79
0070_0016,2628,23.57
0070_0017,1499,13.45
0070_0018,1092,9.81
0070_0025,4077,36.84
0070_0026,5188,46.91
0070_0027,18450,166.98
0070_0028,3318,30.06
0070_0029,6822,61.85
0070_0030,9302,84.40
0070_0031,1708,15.51
0070_0032,8884,80.75
0070_0033,19460,177.04
0070_0034,20092,182.95
0070_0035,10637,96.94
0070_0036,20001,182.44
0070_0037,20658,188.60
0070_0038,13915,127.15
0070_0039,9488,86.78
0070_0040,7962,72.88
0070_0041,41043,376.05
0070_0042,7795,71.48
0070_0043,6595,60.53
0070_0044,6663,61.21
0070_0045,3542,32.57
0070_0046,4614,42.47
0070_0047,3665,33.76
0070_0048,1285,11.85
0070_0052,1873,17.34
0070_0053,1786,16.55
0070_0054,3978,36.89
0070_0055,2137,19.84
0070_0056,1360,12.64
0070_0057,2206,20.52
0070_0058,33629,313.06
0070_0059,3002,27.97
0070_0063,4704,44.01
0070_0064,6358,59.54
0070_0066,1103,10.35
0070_0070,2875,27.09
0070_0071,3994,37.67
0071_0005,3234,28.75
0071_0006,14702,130.81
0071_0007,4708,41.92
0071_0008,3919,34.92
0071_0009,7484,66.75
0071_0010,11868,105.93
0071_0011,6334,56.58
0071_0012,3410,30.48
0071_0013,6649,59.49
0071_0014,1590,14.24
0071_0015,3251,29.13
0071_0016,2481,22.25
0071_0024,4013,36.23
0071_0025,3803,34.36
0071_0026,13292,120.20
0071_0027,18709,169.33
0071_0028,19197,173.89
0071_0029,50520,458.01
0071_0030,24844,225.43
0071_0031,21786,197.85
0071_0032,9276,84.31
0071_0033,6567,59.74
0071_0034,21254,193.53
0071_0035,11606,105.77
0071_0036,18495,168.70
0071_0037,18821,171.83
0071_0038,38830,354.81
0071_0039,20103,183.86
0071_0040,9539,87.32
0071_0041,9132,83.67
0071_0042,4575,41.96
0071_0043,11185,102.67
0071_0044,13514,124.16
0071_0045,6406,58.91
0071_0046,7313,67.31
0071_0047,7336,67.58
0071_0052,2314,21.42
0071_0058,3898,36.29
0071_0063,6930,64.83
0071_0064,3669,34.36
0071_0066,5316,49.88
0071_0068,1668,15.68
0071_0070,1022,9.63
0071_0071,3428,32.33
0072_0004,2935,26.07
0072_0005,11996,106.65
0072_0006,6764,60.18
0072_0007,5895,52.49
0072_0008,15990,142.49
0072_0009,9259,82.58
0072_0010,6338,56.57
0072_0011,4134,36.93
0072_0012,7336,65.58
0072_0013,2588,23.15
0072_0014,1762,15.78
0072_0019,1800,16.18
0072_0020,2139,19.25
0072_0021,1111,10.00
0072_0023,7516,67.79
0072_0024,7506,67.76
0072_0025,26388,238.42
0072_0026,20045,181.26
0072_0027,12590,113.95
0072_0028,11923,108.00
0072_0029,11184,101.39
0072_0030,14611,132.58
0072_0031,39213,356.12
0072_0032,30427,276.57
0072_0033,9164,83.37
0072_0034,3701,33.70
0072_0035,12868,117.27
0072_0036,23999,218.90
0072_0037,17775,162.28
0072_0038,20345,185.90
0072_0039,15551,142.23
0072_0040,13978,127.95
0072_0041,8838,80.98
0072_0042,3769,34.56
0072_0043,4350,39.93
0072_0044,19777,181.70
0072_0045,7495,68.92
0072_0046,6959,64.05
0072_0047,9376,86.38
0072_0048,2839,26.18
0072_0049,2175,20.07
0072_0054,1432,13.28
0072_0057,1008,9.37
0072_0058,4846,45.11
0072_0062,2568,24.00
0072_0063,3498,32.72
0072_0065,1656,15.52
0072_0066,4512,42.34
0072_0068,1308,12.30
0072_0069,1314,12.37
0072_0071,6304,59.45
0073_0005,4276,38.02
0073_0006,5455,48.54
0073_0007,4625,41.18
0073_0008,4953,44.14
0073_0009,9053,80.74
0073_0010,12231,109.17
0073_0011,7909,70.65
0073_0012,4785,42.78
0073_0013,4476,40.05
0073_0014,4683,41.93
0073_0015,3413,30.58
0073_0016,5834,52.32
0073_0019,1913,17.20
0073_0020,2158,19.42
0073_0021,4108,36.99
0073_0022,8106,73.06
0073_0023,8639,77.92
0073_0024,18977,171.32
0073_0025,15325,138.46
0073_0026,10932,98.86
0073_0027,8216,74.36
0073_0028,10546,95.53
0073_0029,10707,97.07
0073_0030,17289,156.88
0073_0031,22387,203.31
0073_0032,20640,187.61
0073_0033,36271,329.97
0073_0034,17414,158.56
0073_0035,6016,54.83
0073_0036,9783,89.23
0073_0037,24326,222.08
0073_0038,129792,1185.99
0073_0039,14814,135.49
0073_0040,10857,99.38
0073_0041,10127,92.79
0073_0042,6922,63.48
0073_0043,6609,60.66
0073_0044,5200,47.77
0073_0045,7343,67.52
0073_0046,8324,76.62
0073_0047,9426,86.84
0073_0048,32242,297.31
0073_0049,4356,40.21
0073_0054,3877,35.95
0073_0055,3293,30.57
0073_0060,1161,10.83
0073_0065,3549,33.27
0073_0066,2181,20.46
0073_0067,1081,10.15
0073_0068,1506,14.16
0073_0070,7957,74.96
0073_0071,3253,30.68
0074_0005,4402,39.14
0074_0006,11596,103.18
0074_0007,5730,51.02
0074_0008,5231,46.62
0074_0009,8628,76.95
0074_0010,13337,119.04
0074_0011,11419,102.00
0074_0012,7903,70.65
0074_0013,5860,52.43
0074_0014,8817,78.95
0074_0015,10647,95.41
0074_0016,138514,1242.24
0074_0017,51546,462.66
0074_0018,6671,59.92
0074_0019,6751,60.69
0074_0020,6974,62.75
0074_0021,2197,19.78
0074_0022,3152,28.41
0074_0023,15349,138.45
0074_0024,33174,299.48
0074_0025,13061,118.01
0074_0026,9944,89.92
0074_0027,20033,181.31
0074_0028,15078,136.58
0074_0029,19192,173.99
0074_0030,25298,229.55
0074_0031,21185,192.39
0074_0032,15371,139.71
0074_0033,21161,192.51
0074_0034,25103,228.57
0074_0035,15887,144.78
0074_0036,4090,37.31
0074_0037,7907,72.19
0074_0038,9041,82.61
0074_0039,20150,184.29
0074_0040,31611,289.37
0074_0041,11243,103.01
0074_0042,7146,65.53
0074_0043,6744,61.90
0074_0044,6255,57.47
0074_0045,4385,40.32
0074_0046,11868,109.24
0074_0047,9812,90.39
0074_0048,8493,78.32
0074_0049,3102,28.63
0074_0051,3393,31.38
0074_0052,3714,34.38
0074_0055,1052,9.77
0074_0065,9504,89.09
0074_0067,3023,28.39
0074_0069,5069,47.71
0074_0070,13632,128.43
0075_0005,3569,31.73
0075_0006,2071,18.43
0075_0007,3918,34.89
0075_0008,4954,44.15
0075_0009,6837,60.98
0075_0010,8645,77.16
0075_0011,6013,53.71
0075_0012,10686,95.53
0075_0013,9336,83.53
0075_0014,10651,95.37
0075_0015,9105,81.59
0075_0016,213753,1917.00
0075_0017,64696,580.68
0075_0018,8572,77.00
0075_0019,5123,46.06
0075_0020,12713,114.39
0075_0021,34110,307.16
0075_0022,22699,204.58
0075_0023,21754,196.22
0075_0024,21353,192.77
0075_0025,71985,650.40
0075_0026,14686,132.80
0075_0027,11845,107.20
0075_0028,8688,78.70
0075_0029,7182,65.11
0075_0030,9850,89.38
0075_0031,22531,204.62
0075_0032,18323,166.55
0075_0033,30940,281.47
0075_0034,20443,186.14
0075_0035,28611,260.74
0075_0036,20393,186.01
0075_0037,15108,137.93
0075_0038,2881,26.33
0075_0039,21157,193.50
0075_0040,16524,151.26
0075_0041,8713,79.83
0075_0042,6642,60.91
0075_0043,3761,34.52
0075_0044,8494,78.04
0075_0045,35637,327.71
0075_0046,21755,200.24
0075_0047,8967,82.61
0075_0048,9346,86.18
0075_0049,3490,32.21
0075_0051,1136,10.50
0075_0052,2364,21.88
0075_0064,1753,16.42
0075_0065,2117,19.84
0075_0066,4053,38.03
0075_0067,6254,58.74
0075_0069,9479,89.21
0075_0070,6312,59.46
0075_0071,1452,13.69
0075_0079,1918,18.24
0076_0007,3307,29.45
0076_0008,7595,67.68
0076_0009,17027,151.85
0076_0010,7903,70.54
0076_0011,7901,70.58
0076_0012,10755,96.15
0076_0013,11512,102.99
0076_0014,29999,268.61
0076_0015,16821,150.73
0076_0016,28548,256.03
0076_0017,33764,303.05
0076_0018,21840,196.19
0076_0019,14079,126.57
0076_0020,26823,241.34
0076_0021,22921,206.41
0076_0022,12121,109.24
0076_0023,19176,172.97
0076_0024,14340,129.46
0076_0025,15220,137.52
0076_0026,13702,123.91
0076_0027,13480,122.00
0076_0028,1615,14.63
0076_0030,5291,48.01
0076_0031,13882,126.07
0076_0032,19734,179.37
0076_0033,20989,190.95
0076_0034,23313,212.27
0076_0035,33057,301.26
0076_0036,39173,357.31
0076_0037,15049,137.39
0076_0038,11110,101.52
0076_0039,3200,29.27
0076_0040,14901,136.40
0076_0041,12545,114.94
0076_0042,5640,51.72
0076_0043,7058,64.78
0076_0044,10596,97.35
0076_0045,30015,276.01
0076_0046,3779,34.78
0076_0047,6252,57.60
0076_0048,8072,74.43
0076_0049,2513,23.19
0076_0062,1053,9.84
0076_0063,1016,9.50
0076_0064,5643,52.84
0076_0065,3261,30.57
0076_0066,11379,106.77
0076_0067,8592,80.70
0076_0069,3072,28.91
0076_0070,1358,12.79
0077_0006,2820,25.09
0077_0007,5891,52.46
0077_0008,5883,52.43
0077_0009,11695,104.30
0077_0010,15431,137.73
0077_0011,11935,106.61
0077_0012,12816,114.57
0077_0013,18181,162.66
0077_0014,28372,254.04
0077_0015,18823,168.67
0077_0016,17973,161.19
0077_0017,22476,201.74
0077_0018,24204,217.42
0077_0019,23387,210.26
0077_0020,22166,199.44
0077_0021,17117,154.14
0077_0022,45307,408.33
0077_0023,17531,158.13
0077_0024,19123,172.64
0077_0025,17599,159.01
0077_0026,9354,84.59
0077_0027,6636,60.06
0077_0031,1813,16.46
0077_0032,9020,81.99
0077_0033,30688,279.18
0077_0034,23874,217.38
0077_0035,24249,220.99
0077_0036,25089,228.85
0077_0037,17790,162.41
0077_0038,36570,334.16
0077_0039,8996,82.28
0077_0040,6175,56.53
0077_0041,12350,113.15
0077_0042,41056,376.51
0077_0043,11174,102.56
0077_0044,12102,111.18
0077_0045,5592,51.42
0077_0046,8018,73.80
0077_0047,4976,45.84
0077_0048,7500,69.16
0077_0049,1015,9.37
0077_0063,1097,10.26
0077_0064,29346,274.80
0077_0065,1863,17.46
0077_0066,36242,340.06
0077_0067,1219,11.45
0077_0069,2214,20.84
0077_0073,1406,13.29
0078_0007,2686,23.92
0078_0008,6467,57.63
0078_0009,9663,86.18
0078_0010,7606,67.89
0078_0011,10594,94.63
0078_0012,14593,130.46
0078_0013,28225,252.52
0078_0014,11435,102.39
0078_0015,15177,136.00
0078_0016,17645,158.25
0078_0017,59136,530.78
0078_0018,20811,186.94
0078_0019,20274,182.27
0078_0020,57213,514.78
0078_0021,16262,146.44
0078_0022,17327,156.16
0078_0023,14606,131.75
0078_0024,25454,229.79
0078_0025,10300,93.06
0078_0026,5994,54.20
0078_0033,6026,54.82
0078_0034,13762,125.31
0078_0035,9729,88.66
0078_0036,34772,317.17
0078_0037,17850,162.96
0078_0038,33848,309.29
0078_0039,23038,210.70
0078_0040,6169,56.47
0078_0041,19080,174.82
0078_0042,38154,349.89
0078_0043,9597,88.09
0078_0044,14821,136.16
0078_0045,6521,59.97
0078_0046,7581,69.78
0078_0047,5832,53.73
0078_0048,1883,17.36
0078_0059,1694,15.79
0078_0062,1835,17.15
0078_0063,2899,27.12
0078_0064,1059,9.92
0078_0066,4753,44.60
0078_0067,1451,13.63
0078_0069,2984,28.08
0078_0071,1561,14.72
0079_0006,3468,30.86
0079_0007,8062,71.79
0079_0008,8807,78.48
0079_0009,28128,250.86
0079_0010,12039,107.45
0079_0011,17466,156.02
0079_0012,12095,108.12
0079_0013,12093,108.19
0079_0014,7345,65.77
0079_0015,17845,159.91
0079_0016,17478,156.75
0079_0017,21970,197.19
0079_0018,14259,128.09
0079_0019,11429,102.75
0079_0020,14453,130.04
0079_0021,15009,135.16
0079_0022,20676,186.34
0079_0023,18122,163.46
0079_0024,14403,130.02
0079_0025,5154,46.57
0079_0026,3960,35.81
0079_0036,4998,45.59
0079_0037,24723,225.71
0079_0038,69218,632.49
0079_0039,28344,259.23
0079_0040,39543,361.98
0079_0041,19683,180.34
0079_0042,11373,104.30
0079_0043,13415,123.13
0079_0044,11740,107.86
0079_0045,25409,233.65
0079_0046,5968,54.93
0079_0047,6289,57.94
0079_0066,3791,35.57
0079_0069,2988,28.12
0079_0070,2281,21.49
0079_0071,3756,35.42
0080_0006,4908,43.67
0080_0007,7529,67.04
0080_0008,11384,101.45
0080_0009,28978,258.44
0080_0010,10262,91.59
0080_0011,11573,103.38
0080_0012,13329,119.16
0080_0013,10391,92.97
0080_0014,18856,168.83
0080_0015,15610,139.88
0080_0016,11714,105.05
0080_0017,19729,177.08
0080_0018,12593,113.12
0080_0019,8018,72.08
0080_0020,13180,118.59
0080_0021,10879,97.97
0080_0022,20431,184.14
0080_0023,20450,184.46
0080_0024,10190,91.99
0080_0025,9182,82.96
0080_0026,7945,71.85
0080_0027,5803,52.52
0080_0028,5277,47.80
0080_0029,4015,36.40
0080_0030,3521,31.95
0080_0031,2706,24.57
0080_0032,5509,50.07
0080_0033,2156,19.61
0080_0037,3762,34.35
0080_0038,24151,220.68
0080_0039,97846,894.88
0080_0040,23011,210.64
0080_0041,4501,41.24
0080_0042,7047,64.62
0080_0043,12302,112.92
0080_0044,9299,85.43
0080_0045,12102,111.29
0080_0046,7559,69.57
0080_0047,6168,56.82
0080_0063,4234,39.61
0080_0064,1130,10.58
0080_0066,2197,20.61
0080_0067,2937,27.59
0080_0070,1816,17.11
0080_0071,1731,16.32
0081_0006,4038,35.93
0081_0007,13581,120.93
0081_0008,8984,80.06
0081_0009,12447,111.01
0081_0010,18291,163.26
0081_0011,8027,71.70
0081_0012,9310,83.23
0081_0013,9973,89.23
0081_0014,15392,137.82
0081_0015,11789,105.64
0081_0016,16960,152.10
0081_0017,27432,246.22
0081_0018,64532,579.68
0081_0019,11741,105.55
0081_0020,9288,83.57
0081_0021,11392,102.59
0081_0022,12647,113.98
0081_0023,36594,330.08
0081_0024,11081,100.04
0081_0025,9116,82.37
0081_0026,2056,18.59
0081_0029,2623,23.78
0081_0030,2593,23.53
0081_0031,4127,37.48
0081_0032,6084,55.30
0081_0033,8173,74.35
0081_0034,15114,137.62
0081_0035,12505,113.96
0081_0036,11638,106.15
0081_0037,10075,91.98
0081_0038,6674,60.98
0081_0039,15394,140.79
0081_0040,5710,52.27
0081_0041,4645,42.56
0081_0042,2846,26.10
0081_0043,6393,58.68
0081_0044,9630,88.47
0081_0045,14881,136.84
0081_0046,7090,65.26
0081_0047,4125,38.00
0081_0053,2576,23.87
0081_0061,2367,22.10
0081_0063,1820,17.03
0081_0065,2034,19.07
0081_0066,1574,14.77
0081_0067,3704,34.79
0081_0068,1079,10.14
0081_0071,1166,11.00
0082_0006,4309,38.34
0082_0007,5658,50.38
0082_0008,9099,81.09
0082_0009,11660,103.99
0082_0010,8799,78.54
0082_0011,8502,75.94
0082_0012,10099,90.28
0082_0013,14379,128.64
0082_0014,23495,210.37
0082_0015,19565,175.32
0082_0016,16002,143.51
0082_0017,14222,127.65
0082_0018,20274,182.12
0082_0019,15248,137.08
0082_0020,16365,147.25
0082_0021,15429,138.94
0082_0022,8711,78.51
0082_0023,10613,95.73
0082_0025,1537,13.89
0082_0033,1436,13.06
0082_0034,4383,39.91
0082_0035,6518,59.40
0082_0036,5470,49.89
0082_0037,8722,79.63
0082_0038,16967,155.04
0082_0039,12176,111.36
0082_0040,21047,192.66
0082_0041,47610,436.21
0082_0042,7000,64.19
0082_0043,3967,36.41
0082_0044,22645,208.05
0082_0045,11683,107.43
0082_0046,6327,58.23
0082_0047,2218,20.43
0082_0052,2849,26.37
0082_0053,2973,27.54
0082_0054,6611,61.31
0082_0061,1925,17.97
0082_0063,2997,28.04
0082_0064,1631,15.27
0082_0065,2094,19.63
0082_0067,1205,11.32
0082_0068,2051,19.28
0082_0069,1330,12.52
0082_0071,5673,53.50
0082_0072,1676,15.82
0083_0006,2260,20.11
0083_0007,1546,13.77
0083_0008,5369,47.85
0083_0009,9924,88.51
0083_0010,13414,119.73
0083_0011,7182,64.15
0083_0012,11008,98.41
0083_0013,21249,190.11
0083_0014,14063,125.92
0083_0015,15856,142.09
0083_0016,13920,124.84
0083_0017,17141,153.85
0083_0018,14267,128.16
0083_0019,13160,118.31
0083_0020,13632,122.66
0083_0021,11887,107.04
0083_0022,10682,96.27
0083_0023,8418,75.93
0083_0038,6121,55.93
0083_0039,11674,106.77
0083_0040,14397,131.79
0083_0041,18791,172.17
0083_0042,19702,180.68
0083_0043,4293,39.40
0083_0044,9559,87.82
0083_0045,37935,348.84
0083_0046,9258,85.21
0083_0047,3902,35.95
0083_0049,22589,208.49
0083_0053,8366,77.51
0083_0061,3782,35.31
0083_0062,1612,15.07
0083_0063,2614,24.45
0083_0064,1387,12.99
0083_0065,1301,12.20
0083_0066,1441,13.52
0083_0067,2920,27.43
0083_0069,2649,24.93
0083_0072,1108,10.46
0083_0073,3699,34.96
0084_0006,3846,34.22
0084_0007,3481,31.00
0084_0008,3914,34.88
0084_0009,10107,90.14
0084_0010,7898,70.49
0084_0011,12166,108.67
0084_0012,22104,197.60
0084_0013,9851,88.13
0084_0014,9018,80.75
0084_0015,23793,213.21
0084_0016,13984,125.41
0084_0017,7673,68.87
0084_0018,8378,75.26
0084_0019,12735,114.49
0084_0020,7457,67.10
0084_0021,15314,137.90
0084_0022,14971,134.93
0084_0023,1592,14.36
0084_0039,9995,91.41
0084_0040,11440,104.72
0084_0041,13634,124.92
0084_0042,50381,462.02
0084_0043,24402,223.98
0084_0044,6028,55.38
0084_0045,10805,99.36
0084_0046,9050,83.30
0084_0047,2735,25.20
0084_0054,1426,13.22
0084_0055,1103,10.24
0084_0060,1103,10.29
0084_0061,4972,46.42
0084_0062,3972,37.12
0084_0066,1856,17.41
0084_0067,1782,16.74
0084_0068,1790,16.83
0084_0069,2566,24.15
0084_0071,1115,10.52
0084_0072,2490,23.51
0084_0073,2136,20.19
0084_0074,4904,46.39
0084_0075,1433,13.57
0084_0076,1206,11.43
0084_0077,1112,10.55
0084_0083,1388,13.26
0084_0087,1138,10.91
0084_0088,1974,18.95
0085_0005,1720,15.29
0085_0006,2666,23.72
0085_0007,3323,29.59
0085_0008,2614,23.29
0085_0009,4178,37.26
0085_0010,7781,69.45
0085_0011,18000,160.79
0085_0012,11701,104.60
0085_0013,11006,98.47
0085_0014,7571,67.79
0085_0015,18825,168.69
0085_0016,12229,109.67
0085_0017,9015,80.91
0085_0018,10769,96.74
0085_0019,12736,114.50
0085_0020,19366,174.25
0085_0021,27435,247.05
0085_0022,2915,26.27
0085_0039,1706,15.60
0085_0040,11240,102.89
0085_0041,18119,166.01
0085_0042,19574,179.50
0085_0043,25495,234.02
0085_0044,2972,27.30
0085_0045,9180,84.42
0085_0046,12619,116.15
0085_0047,5454,50.25
0085_0059,1418,13.21
0085_0060,2294,21.40
0085_0062,4838,45.21
0085_0063,3224,30.16
0085_0067,4249,39.91
0085_0069,1496,14.08
0085_0070,3299,31.08
0085_0072,1100,10.38
0085_0073,1845,17.44
0085_0074,2237,21.16
0085_0075,3943,37.34
0085_0076,12537,118.84
0085_0077,1731,16.43
0085_0078,1362,12.94
0085_0083,2997,28.62
0085_0085,9081,86.91
0085_0086,2009,19.25
0085_0088,1097,10.53
0086_0005,1045,9.29
0086_0006,2257,20.08
0086_0007,3429,30.53
0086_0008,3291,29.33
0086_0009,4654,41.51
0086_0010,3902,34.83
0086_0011,8520,76.11
0086_0012,12343,110.34
0086_0013,12504,111.87
0086_0014,13941,124.83
0086_0015,16271,145.81
0086_0016,11391,102.16
0086_0017,14571,130.78
0086_0018,14277,128.25
0086_0019,17159,154.26
0086_0020,17195,154.71
0086_0021,6164,55.51
0086_0039,4765,43.58
0086_0040,8578,78.52
0086_0041,14052,128.75
0086_0042,18860,172.96
0086_0043,14919,136.94
0086_0044,7091,65.15
0086_0045,3451,31.73
0086_0046,11990,110.36
0086_0047,13028,120.02
0086_0056,2102,19.53
0086_0057,5005,46.55
0086_0060,4012,37.42
0086_0061,8814,82.29
0086_0072,1082,10.21
0086_0073,1626,15.37
0086_0074,1448,13.70
0086_0075,1605,15.20
0086_0076,26950,255.47
0086_0077,2142,20.33
0086_0078,1132,10.75
0086_0082,2890,27.57
0086_0085,22279,213.22
0086_0086,9622,92.19
0086_0087,3571,34.25
0086_0088,1362,13.08
0086_0089,1789,17.20
0086_0090,2269,21.83
0086_0092,2427,23.41
0087_0006,2616,23.28
0087_0007,11955,106.45
0087_0008,5410,48.21
0087_0009,4268,38.06
0087_0010,2858,25.51
0087_0011,3854,34.43
0087_0012,3523,31.49
0087_0013,10482,93.78
0087_0014,26426,236.62
0087_0015,17397,155.90
0087_0016,14158,126.97
0087_0017,20614,185.02
0087_0018,9627,86.48
0087_0019,2000,17.98
0087_0021,1178,10.61
0087_0040,11101,101.62
0087_0041,13870,127.08
0087_0042,17454,160.06
0087_0043,36873,338.45
0087_0044,11861,108.97
0087_0045,2683,24.67
0087_0046,8713,80.20
0087_0047,31055,286.10
0087_0056,1068,9.92
0087_0057,6145,57.15
0087_0058,2026,18.86
0087_0060,1219,11.37
0087_0061,4796,44.78
0087_0062,4397,41.09
0087_0071,1052,9.92
0087_0074,1983,18.76
0087_0075,3230,30.59
0087_0076,2770,26.26
0087_0077,1477,14.02
0087_0078,1806,17.16
0087_0083,3291,31.43
0087_0084,2156,20.61
0087_0085,19687,188.41
0087_0086,7760,74.35
0087_0087,6721,64.46
0087_0088,2839,27.26
0087_0089,1477,14.20
0087_0090,1750,16.84
0087_0091,6163,59.37
0087_0092,4562,44.00
0088_0005,1334,11.86
0088_0006,4349,38.70
0088_0007,3217,28.65
0088_0008,6884,61.35
0088_0009,7819,69.73
0088_0010,5013,44.74
0088_0011,4522,40.39
0088_0012,1988,17.77
0088_0013,3355,30.02
0088_0014,7940,71.09
0088_0015,19281,172.78
0088_0016,38957,349.38
0088_0017,16492,148.03
0088_0018,6614,59.41
0088_0040,3199,29.28
0088_0041,12434,113.92
0088_0042,20501,188.01
0088_0043,46462,426.47
0088_0044,23497,215.87
0088_0045,15727,144.62
0088_0046,6583,60.59
0088_0047,14834,136.66
0088_0056,1067,9.91
0088_0060,1660,15.48
0088_0062,3660,34.21
0088_0063,2579,24.13
0088_0064,6433,60.24
0088_0065,1744,16.35
0088_0075,1241,11.75
0088_0076,2090,19.81
0088_0077,2103,19.96
0088_0078,2747,26.09
0088_0079,1424,13.54
0088_0080,1230,11.71
0088_0083,2223,21.23
0088_0084,6708,64.13
0088_0085,1677,16.05
0088_0086,6102,58.46
0088_0087,6307,60.49
0088_0088,4517,43.37
0088_0089,3293,31.65
0088_0091,9516,91.67
0088_0092,4096,39.50
0088_0093,2759,26.64
0089_0005,1095,9.74
0089_0006,2765,24.60
0089_0007,5882,52.38
0089_0008,5937,52.91
0089_0009,7769,69.29
0089_0010,33286,297.09
0089_0011,3496,31.23
0089_0012,4217,37.70
0089_0013,1537,13.75
0089_0014,1065,9.54
0089_0015,2550,22.85
0089_0016,41992,376.60
0089_0017,15193,136.37
0089_0018,20408,183.32
0089_0020,1216,10.94
0089_0041,6198,56.79
0089_0042,10693,98.06
0089_0043,12801,117.50
0089_0044,16987,156.06
0089_0045,16760,154.12
0089_0046,16958,156.08
0089_0047,5032,46.36
0089_0048,5904,54.44
0089_0050,1546,14.28
0089_0062,1615,15.09
0089_0063,2820,26.38
0089_0064,1599,14.97
0089_0067,1801,16.92
0089_0071,4929,46.48
0089_0076,2254,21.37
0089_0077,4779,45.35
0089_0078,2811,26.70
0089_0085,2828,27.07
0089_0086,4132,39.59
0089_0087,4284,41.09
0089_0088,8349,80.16
0089_0089,11258,108.21
0089_0090,3979,38.29
0089_0091,5532,53.29
0089_0092,8123,78.34
0089_0093,1922,18.56
0090_0006,3740,33.28
0090_0007,6526,58.11
0090_0008,6418,57.19
0090_0009,8763,78.15
0090_0010,7498,66.92
0090_0011,3684,32.91
0090_0012,10850,96.99
0090_0013,3327,29.77
0090_0014,2465,22.07
0090_0015,3328,29.82
0090_0016,1304,11.69
0090_0017,1177,10.56
0090_0018,3469,31.16
0090_0019,1778,15.98
0090_0020,1922,17.29
0090_0042,6681,61.27
0090_0043,9683,88.88
0090_0044,13648,125.39
0090_0045,21611,198.73
0090_0046,17508,161.15
0090_0047,15974,147.16
0090_0048,8104,74.73
0090_0049,7594,70.09
0090_0050,7403,68.39
0090_0051,1773,16.40
0090_0057,1193,11.10
0090_0062,1635,15.28
0090_0063,10086,94.35
0090_0064,3346,31.33
0090_0065,4368,40.94
0090_0066,4492,42.15
0090_0067,1084,10.18
0090_0071,3590,33.86
0090_0072,3130,29.55
0090_0073,3126,29.54
0090_0074,1838,17.39
0090_0075,2654,25.13
0090_0076,2881,27.31
0090_0077,2503,23.75
0090_0078,1574,14.95
0090_0079,1032,9.81
0090_0085,4988,47.74
0090_0086,4715,45.17
0090_0087,4306,41.30
0090_0088,5379,51.65
0090_0089,7147,68.70
0090_0090,8735,84.05
0090_0091,4573,44.05
0090_0092,15037,145.02
0090_0093,2676,25.84
0090_0102,2398,23.39
0091_0006,2548,22.67
0091_0007,3923,34.93
0091_0008,4333,38.61
0091_0009,6604,58.90
0091_0010,5549,49.53
0091_0011,4870,43.50
0091_0012,3758,33.60
0091_0013,6999,62.62
0091_0014,5624,50.36
0091_0015,1513,13.56
0091_0016,2731,24.49
0091_0017,1826,16.39
0091_0018,2671,23.99
0091_0019,1278,11.49
0091_0021,1086,9.78
0091_0043,9667,88.73
0091_0044,13588,124.84
0091_0045,30401,279.56
0091_0046,23543,216.69
0091_0047,18520,170.62
0091_0048,11972,110.40
0091_0049,18628,171.93
0091_0050,13242,122.34
0091_0062,10477,97.92
0091_0063,3861,36.12
0091_0064,4279,40.07
0091_0065,5805,54.41
0091_0066,2164,20.30
0091_0067,1031,9.68
0091_0075,1533,14.52
0091_0078,1351,12.83
0091_0080,1342,12.77
0091_0085,1205,11.53
0091_0086,3237,31.01
0091_0087,7265,69.68
0091_0088,6769,64.99
0091_0089,7190,69.11
0091_0090,4598,44.25
0091_0091,3459,33.32
0091_0092,10384,100.14
0091_0093,4875,47.07
0091_0094,1310,12.66
0091_0100,2866,27.89
0091_0101,9853,95.99
0091_0102,6287,61.32
0092_0006,1612,14.34
0092_0007,5814,51.77
0092_0008,4524,40.32
0092_0009,4699,41.91
0092_0010,6356,56.73
0092_0011,3917,34.99
0092_0012,3939,35.21
0092_0013,2822,25.25
0092_0014,3020,27.04
0092_0015,2785,24.96
0092_0016,1845,16.55
0092_0017,1419,12.74
0092_0018,2145,19.27
0092_0019,1395,12.54
0092_0020,1211,10.90
0092_0043,1542,14.15
0092_0044,15577,143.11
0092_0045,74076,681.18
0092_0046,63921,588.34
0092_0047,25488,234.81
0092_0048,22765,209.92
0092_0049,3862,35.65
0092_0050,9641,89.07
0092_0051,8984,83.08
0092_0057,1827,16.99
0092_0058,7388,68.78
0092_0059,1547,14.42
0092_0061,490,4.57
0092_0062,1711,15.99
0092_0064,1033,9.67
0092_0065,1027,9.63
0092_0066,1455,13.65
0092_0067,1170,10.99
0092_0077,2215,21.02
0092_0078,4039,38.37
0092_0079,5507,52.37
0092_0080,4191,39.90
0092_0081,1068,10.18
0092_0083,1273,12.16
0092_0084,5583,53.37
0092_0086,10641,101.95
0092_0087,1631,15.64
0092_0088,1767,16.97
0092_0089,3830,36.81
0092_0090,1625,15.64
0092_0091,8072,77.76
0092_0092,18516,178.57
0092_0093,10375,100.17
0092_0100,3523,34.28
0092_0101,25407,247.53
0092_0102,9940,96.95
0093_0006,2996,26.66
0093_0007,5511,49.07
0093_0008,5580,49.73
0093_0009,16671,148.68
0093_0010,9063,80.89
0093_0011,10523,94.00
0093_0012,5307,47.44
0093_0013,5680,50.82
0093_0014,4874,43.64
0093_0015,2808,25.16
0093_0016,3355,30.09
0093_0017,2790,25.04
0093_0018,5198,46.69
0093_0019,5741,51.61
0093_0043,3362,30.86
0093_0044,18310,168.22
0093_0045,25992,239.01
0093_0046,34780,320.12
0093_0047,38169,351.64
0093_0048,29660,273.50
0093_0049,20624,190.36
0093_0050,4730,43.70
0093_0051,15962,147.60
0093_0052,1467,13.58
0093_0054,3189,29.57
0093_0055,1537,14.27
0093_0057,5301,49.30
0093_0058,9886,92.03
0093_0059,2619,24.40
0093_0060,3018,28.15
0093_0061,3264,30.47
0093_0062,1716,16.04
0093_0064,1350,12.64
0093_0065,2006,18.80
0093_0066,1309,12.28
0093_0067,1543,14.49
0093_0068,1259,11.84
0093_0069,1337,12.58
0093_0070,3135,29.53
0093_0071,3803,35.86
0093_0078,2467,23.43
0093_0080,1854,17.65
0093_0083,4580,43.74
0093_0084,13136,125.58
0093_0085,3379,32.34
0093_0086,1937,18.56
0093_0087,1866,17.90
0093_0088,1386,13.31
0093_0089,1216,11.69
0093_0090,4007,38.56
0093_0091,3333,32.11
0093_0092,25411,245.06
0093_0093,1529,14.76
0093_0100,5033,48.98
0093_0101,10340,100.74
0093_0102,1654,16.13
0094_0006,1906,16.96
0094_0007,4563,40.63
0094_0008,5297,47.20
0094_0009,8144,72.63
0094_0010,7678,68.53
0094_0011,9038,80.73
0094_0012,9602,85.84
0094_0013,6827,61.08
0094_0014,10688,95.70
0094_0015,5037,45.14
0094_0016,5308,47.60
0094_0017,5796,52.02
0094_0018,7394,66.42
0094_0019,5426,48.78
0094_0044,10326,94.87
0094_0045,16409,150.89
0094_0046,62779,577.83
0094_0047,123512,1137.88
0094_0048,33154,305.72
0094_0049,19929,183.94
0094_0050,13472,124.46
0094_0051,7324,67.73
0094_0052,16494,152.67
0094_0053,33268,308.22
0094_0054,17734,164.46
0094_0055,11036,102.44
0094_0056,13396,124.47
0094_0057,4643,43.18
0094_0058,9598,89.35
0094_0059,2954,27.53
0094_0060,2560,23.88
0094_0061,4008,37.42
0094_0062,17414,162.75
0094_0064,1440,13.48
0094_0065,1600,15.00
0094_0066,1285,12.06
0094_0067,5740,53.91
0094_0068,5855,55.05
0094_0069,3447,32.44
0094_0070,6543,61.64
0094_0071,7623,71.89
0094_0072,2216,20.92
0094_0073,2364,22.34
0094_0074,1037,9.81
0094_0079,1674,15.92
0094_0080,9797,93.26
0094_0081,2051,19.54
0094_0082,2118,20.20
0094_0084,18287,174.82
0094_0085,9749,93.30
0094_0086,2175,20.84
0094_0087,1368,13.12
0094_0088,2832,27.19
0094_0090,2323,22.35
0094_0091,5148,49.59
0094_0092,33743,325.42
0094_0093,3745,36.16
0094_0094,1716,16.59
0094_0095,4124,39.91
0094_0098,3950,38.35
0094_0099,12198,118.57
0094_0100,5831,56.74
0094_0101,4188,40.80
0095_0007,7398,65.88
0095_0008,6133,54.65
0095_0009,8331,74.30
0095_0010,8182,73.03
0095_0011,7534,67.30
0095_0012,7145,63.87
0095_0013,4325,38.69
0095_0014,5290,47.37
0095_0015,3549,31.80
0095_0016,3927,35.22
0095_0017,6396,57.41
0095_0018,5312,47.72
0095_0019,2624,23.59
0095_0044,2747,25.24
0095_0045,11761,108.15
0095_0046,39308,361.80
0095_0047,42655,392.97
0095_0048,22011,202.97
0095_0049,23008,212.36
0095_0050,30703,283.65
0095_0051,4744,43.87
0095_0052,25972,240.39
0095_0053,18139,168.05
0095_0054,16214,150.36
0095_0055,12337,114.52
0095_0056,11747,109.14
0095_0057,15234,141.68
0095_0058,24654,229.51
0095_0059,11030,102.78
0095_0060,4392,40.97
0095_0061,2934,27.39
0095_0062,3548,33.16
0095_0063,2427,22.70
0095_0064,1301,12.18
0095_0065,1078,10.10
0095_0067,1591,14.94
0095_0068,4738,44.55
0095_0069,2425,22.82
0095_0070,2835,26.71
0095_0071,1950,18.39
0095_0072,2040,19.26
0095_0073,3327,31.44
0095_0074,2248,21.27
0095_0075,2728,25.83
0095_0076,8061,76.41
0095_0077,7157,67.91
0095_0078,12081,114.76
0095_0079,6294,59.85
0095_0080,5009,47.68
0095_0081,1407,13.41
0095_0082,5366,51.19
0095_0083,6633,63.34
0095_0084,17464,166.96
0095_0085,29284,280.26
0095_0086,4986,47.77
0095_0087,5708,54.75
0095_0088,4470,42.92
0095_0089,2210,21.24
0095_0090,2677,25.76
0095_0091,8672,83.54
0095_0092,2529,24.39
0095_0093,3962,38.25
0095_0094,11467,110.83
0095_0097,4650,45.10
0095_0098,3348,32.51
0095_0099,8299,80.67
0095_0100,9404,91.51
0095_0101,3997,38.94
0096_0007,5328,47.44
0096_0008,7498,66.82
0096_0009,5722,51.03
0096_0010,5183,46.26
0096_0011,8465,75.61
0096_0012,9516,85.07
0096_0013,5778,51.69
0096_0014,4462,39.95
0096_0015,4351,38.99
0096_0016,6963,62.45
0096_0017,6424,57.66
0096_0018,3817,34.29
0096_0019,3134,28.18
0096_0046,12467,114.75
0096_0047,19889,183.23
0096_0048,27141,250.27
0096_0049,23766,219.36
0096_0050,31254,288.74
0096_0051,33550,310.24
0096_0052,4391,40.64
0096_0053,12931,119.80
0096_0054,16432,152.38
0096_0055,29625,274.99
0096_0056,17991,167.16
0096_0057,22729,211.39
0096_0058,22816,212.40
0096_0059,19932,185.73
0096_0060,23856,222.51
0096_0061,30950,288.97
0096_0062,5400,50.47
0096_0063,9091,85.05
0096_0064,2826,26.46
0096_0065,1858,17.42
0096_0066,2100,19.70
0096_0067,1963,18.44
0096_0068,3411,32.07
0096_0069,2397,22.56
0096_0070,11390,107.30
0096_0071,4481,42.26
0096_0072,10051,94.88
0096_0073,6118,57.81
0096_0074,27457,259.73
0096_0075,9006,85.28
0096_0076,7764,73.60
0096_0077,2891,27.43
0096_0078,5962,56.63
0096_0079,4555,43.31
0096_0080,4834,46.02
0096_0081,3049,29.06
0096_0082,12805,122.15
0096_0083,4802,45.86
0096_0084,4880,46.65
0096_0085,12381,118.49
0096_0086,10573,101.30
0096_0087,10804,103.62
0096_0088,3612,34.68
0096_0089,11921,114.59
0096_0090,10951,105.38
0096_0091,24213,233.25
0096_0092,30680,295.88
0096_0093,5137,49.60
0096_0094,2960,28.61
0096_0095,11175,108.13
0096_0096,5398,52.29
0096_0097,1544,14.97
0096_0098,1423,13.82
0096_0099,3364,32.70
0096_0100,6095,59.31
0096_0101,3404,33.16
0097_0005,1677,14.91
0097_0006,3358,29.88
0097_0007,3382,30.12
0097_0008,5431,48.40
0097_0009,3497,31.19
0097_0010,3350,29.90
0097_0011,5483,48.98
0097_0012,7421,66.34
0097_0013,9189,82.21
0097_0014,5262,47.12
0097_0015,9055,81.14
0097_0016,3527,31.63
0097_0017,5288,47.46
0097_0018,5713,51.32
0097_0019,3878,34.86
0097_0046,4470,41.14
0097_0047,15632,144.01
0097_0048,28995,267.37
0097_0049,34211,315.76
0097_0050,28480,263.11
0097_0051,33674,311.39
0097_0052,14101,130.52
0097_0053,3246,30.07
0097_0054,5809,53.87
0097_0055,6819,63.30
0097_0056,15355,142.67
0097_0057,21280,197.91
0097_0058,40174,373.99
0097_0059,75860,706.89
0097_0060,40523,377.97
0097_0061,37914,353.99
0097_0062,33298,311.19
0097_0063,75061,702.19
0097_0064,19035,178.25
0097_0065,4934,46.25
0097_0066,4966,46.60
0097_0067,6802,63.89
0097_0068,6762,63.58
0097_0069,26120,245.83
0097_0070,22256,209.67
0097_0071,7698,72.60
0097_0072,5094,48.09
0097_0073,7458,70.48
0097_0074,8152,77.12
0097_0075,8196,77.61
0097_0076,7843,74.35
0097_0077,4834,45.87
0097_0078,3969,37.70
0097_0079,7233,68.78
0097_0080,4568,43.48
0097_0081,8529,81.28
0097_0082,5184,49.45
0097_0083,4113,39.28
0097_0084,4590,43.88
0097_0085,5211,49.87
0097_0086,9637,92.33
0097_0087,2896,27.78
0097_0088,12043,115.63
0097_0089,16168,155.41
0097_0090,13256,127.56
0097_0091,35166,338.77
0097_0092,113595,1095.51
0097_0093,26236,253.30
0097_0094,1722,16.64
0097_0095,1394,13.49
0097_0096,18182,176.13
0097_0097,5716,55.44
0097_0098,2014,19.55
0097_0099,3155,30.67
0097_0100,4976,48.42
0097_0101,2873,27.99
0098_0005,5580,49.61
0098_0006,6628,58.97
0098_0007,2595,23.11
0098_0008,4067,36.24
0098_0009,4473,39.89
0098_0010,4353,38.85
0098_0011,5038,45.00
0098_0012,5227,46.73
0098_0013,7839,70.13
0098_0014,7546,67.57
0098_0015,7532,67.49
0098_0016,2410,21.61
0098_0017,1043,9.36
0098_0047,7442,68.56
0098_0048,23389,215.68
0098_0049,65776,607.10
0098_0050,21077,194.72
0098_0051,28219,260.95
0098_0052,37304,345.28
0098_0053,12604,116.77
0098_0054,5975,55.41
0098_0055,5533,51.36
0098_0056,6468,60.10
0098_0057,3388,31.51
0098_0058,3742,34.84
0098_0059,9142,85.19
0098_0060,25659,239.33
0098_0061,52455,489.75
0098_0062,52142,487.31
0098_0063,96514,902.89
0098_0064,39343,368.42
0098_0065,38560,361.45
0098_0066,29021,272.30
0098_0067,24871,233.60
0098_0068,23686,222.69
0098_0069,47153,443.77
0098_0070,28542,268.89
0098_0071,19249,181.53
0098_0072,26837,253.35
0098_0073,22975,217.11
0098_0074,17644,166.91
0098_0075,13211,125.10
0098_0076,14924,141.47
0098_0077,8017,76.08
0098_0078,6819,64.78
0098_0079,10791,102.61
0098_0080,6621,63.03
0098_0081,6628,63.16
0098_0082,5148,49.11
0098_0083,5584,53.33
0098_0084,4050,38.72
0098_0085,8695,83.21
0098_0086,14555,139.45
0098_0087,13266,127.24
0098_0088,15375,147.63
0098_0089,10750,103.33
0098_0090,18717,180.11
0098_0091,56656,545.79
0098_0092,77786,750.17
0098_0093,23785,229.64
0098_0094,3796,36.69
0098_0095,3128,30.27
0098_0096,9873,95.64
0098_0097,21155,205.17
0098_0098,1775,17.23
0098_0099,5098,49.55
0098_0100,9012,87.70
0098_0101,9113,88.78
0099_0005,5074,45.11
0099_0006,7207,64.13
0099_0007,5544,49.37
0099_0008,5243,46.72
0099_0009,4197,37.43
0099_0010,4653,41.53
0099_0011,5117,45.71
0099_0012,8776,78.45
0099_0013,4089,36.58
0099_0014,6235,55.83
0099_0015,1400,12.55
0099_0048,3092,28.51
0099_0049,13300,122.76
0099_0050,29454,272.11
0099_0051,26710,246.99
0099_0052,35242,326.20
0099_0053,33804,313.18
0099_0054,15510,143.83
0099_0055,26657,247.44
0099_0056,29579,274.83
0099_0057,33247,309.21
0099_0058,16924,157.55
0099_0059,11629,108.36
0099_0060,6643,61.96
0099_0061,11190,104.48
0099_0062,12721,118.89
0099_0063,15195,142.15
0099_0064,8498,79.58
0099_0065,6083,57.02
0099_0066,7743,72.65
0099_0067,11279,105.94
0099_0068,5959,56.03
0099_0069,2057,19.36
0099_0070,4034,38.00
0099_0071,4669,44.03
0099_0072,5813,54.88
0099_0073,3183,30.08
0099_0074,3396,32.13
0099_0075,2986,28.28
0099_0076,5421,51.39
0099_0077,9152,86.85
0099_0078,19630,186.47
0099_0079,22749,216.33
0099_0080,17471,166.31
0099_0081,18758,178.75
0099_0082,10579,100.92
0099_0083,12016,114.75
0099_0084,11295,107.98
0099_0085,4154,39.76
0099_0086,8764,83.97
0099_0087,9879,94.75
0099_0088,19711,189.26
0099_0089,25924,249.19
0099_0090,42019,404.34
0099_0091,43239,416.54
0099_0092,24917,240.30
0099_0093,35077,338.66
0099_0094,2119,20.48
0099_0095,7682,74.33
0099_0096,10560,102.30
0099_0097,14015,135.92
0099_0098,6907,67.06
0099_0099,4692,45.61
0099_0100,15653,152.33
0099_0101,8495,82.76
0100_0006,3808,33.88
0100_0008,3415,30.43
0100_0009,4159,37.09
0100_0010,3208,28.63
0100_0011,2297,20.52
0100_0012,2785,24.90
0100_0013,4721,42.24
0100_0014,1362,12.20
0100_0048,6074,56.01
0100_0049,7122,65.73
0100_0050,18960,175.16
0100_0051,24521,226.75
0100_0052,38975,360.75
0100_0053,34512,319.74
0100_0054,22767,211.13
0100_0055,21622,200.70
0100_0056,69949,649.92
0100_0057,47863,445.14
0100_0058,40185,374.09
0100_0059,25716,239.63
0100_0060,28957,270.09
0100_0061,23658,220.88
0100_0062,18794,175.64
0100_0063,28099,262.87
0100_0064,30430,284.95
0100_0065,23953,224.53
0100_0066,31346,294.12
0100_0067,29924,281.06
0100_0068,30262,284.52
0100_0069,18443,173.57
0100_0070,37434,352.66
0100_0071,26425,249.20
0100_0072,46059,434.81
0100_0073,19139,180.86
0100_0074,32115,303.80
0100_0075,28919,273.85
0100_0076,19144,181.47
0100_0077,20260,192.25
0100_0078,9059,86.05
0100_0079,2884,27.42
0100_0080,48842,464.94
0100_0081,126321,1203.77
0100_0082,26357,251.43
0100_0083,13613,130.00
0100_0084,5509,52.67
0100_0085,8495,81.30
0100_0086,7130,68.31
0100_0087,12926,123.98
0100_0088,33126,318.06
0100_0089,18225,175.18
0100_0090,13386,128.81
0100_0091,13732,132.29
0100_0092,23603,227.63
0100_0093,19780,190.97
0100_0094,8782,84.88
0100_0095,2317,22.42
0100_0096,5525,53.52
0100_0097,15344,148.81
0100_0098,4274,41.50
0100_0099,4605,44.76
0100_0100,16787,163.36
0100_0101,1864,18.16
0100_0102,3209,31.30
0101_0006,2242,19.95
0101_0007,1094,9.74
0101_0009,2022,18.03
0101_0010,1830,16.33
0101_0011,3537,31.59
0101_0048,2017,18.60
0101_0049,5794,53.48
0101_0050,8941,82.60
0101_0051,14625,135.24
0101_0052,39329,364.03
0101_0053,28911,267.85
0101_0054,33840,313.82
0101_0055,28114,260.96
0101_0056,27654,256.94
0101_0057,25815,240.09
0101_0058,40892,380.67
0101_0059,35626,331.97
0101_0060,34313,320.05
0101_0061,33469,312.48
0101_0062,50280,469.90
0101_0063,55937,523.29
0101_0064,58890,551.46
0101_0065,43951,411.98
0101_0066,53093,498.17
0101_0067,71963,675.90
0101_0068,35271,331.61
0101_0069,29814,280.59
0101_0070,29927,281.94
0101_0071,31551,297.54
0101_0072,75714,714.76
0101_0073,36431,344.27
0101_0074,30355,287.15
0101_0075,38509,364.66
0101_0076,30212,286.39
0101_0077,36487,346.24
0101_0078,33372,317.01
0101_0079,31092,295.66
0101_0080,17817,169.61
0101_0081,7428,70.78
0101_0082,14436,137.71
0101_0083,30739,293.55
0101_0084,17279,165.19
0101_0085,4366,41.78
0101_0086,4490,43.02
0101_0087,13827,132.62
0101_0088,12928,124.13
0101_0089,5920,56.90
0101_0090,11717,112.75
0101_0091,18454,177.77
0101_0092,34497,332.69
0101_0093,33447,322.92
0101_0094,6397,61.83
0101_0095,4174,40.39
0101_0096,7512,72.77
0101_0097,16274,157.83
0101_0098,8824,85.67
0101_0099,3318,32.25
0101_0100,17429,169.61
0101_0101,2246,21.88
0101_0102,10827,105.60
0101_0103,1173,11.45
0102_0006,1047,9.32
0102_0050,1586,14.65
0102_0051,2865,26.49
0102_0052,1566,14.49
0102_0053,6413,59.41
0102_0054,19601,181.77
0102_0055,56370,523.25
0102_0056,27416,254.73
0102_0057,25304,235.33
0102_0058,23403,217.86
0102_0059,24828,231.35
0102_0060,50945,475.18
0102_0061,38604,360.43
0102_0062,32239,301.30
0102_0063,36591,342.31
0102_0064,23266,217.87
0102_0065,14878,139.46
0102_0066,19870,186.44
0102_0067,16741,157.24
0102_0068,21253,199.82
0102_0069,15937,149.99
0102_0070,12867,121.22
0102_0071,21103,199.01
0102_0072,29281,276.42
0102_0073,22502,212.64
0102_0074,21544,203.80
0102_0075,15041,142.43
0102_0076,13399,127.01
0102_0077,16511,156.68
0102_0078,33955,322.55
0102_0079,73040,694.56
0102_0080,57984,551.97
0102_0081,24971,237.96
0102_0082,14199,135.45
0102_0083,9027,86.21
0102_0084,24847,237.54
0102_0085,2987,28.59
0102_0086,7514,71.99
0102_0087,3518,33.74
0102_0088,7729,74.21
0102_0089,3765,36.19
0102_0090,6002,57.76
0102_0091,7056,67.97
0102_0092,16717,161.22
0102_0093,28477,274.94
0102_0094,18021,174.18
0102_0095,11775,113.94
0102_0096,3515,34.05
0102_0097,8686,84.24
0102_0098,38615,374.92
0102_0099,5025,48.84
0102_0100,6841,66.57
0102_0101,4009,39.06
0102_0102,7620,74.32
0102_0103,9429,92.08
0102_0104,4321,42.24
0102_0107,7526,73.84
0102_0108,2826,27.76
0102_0109,1835,18.05
0103_0052,1571,14.54
0103_0053,8110,75.14
0103_0054,27989,259.56
0103_0055,30147,279.84
0103_0056,38171,354.66
0103_0057,31646,294.32
0103_0058,34250,318.84
0103_0059,24087,224.45
0103_0060,19124,178.38
0103_0061,18947,176.90
0103_0062,36246,338.75
0103_0063,98001,916.80
0103_0064,21541,201.72
0103_0065,12593,118.04
0103_0066,11802,110.74
0103_0067,10672,100.24
0103_0068,27383,257.45
0103_0069,14296,134.55
0103_0070,16881,159.03
0103_0071,12225,115.29
0103_0072,40722,384.42
0103_0073,19048,180.00
0103_0074,37493,354.67
0103_0075,19975,189.15
0103_0076,20477,194.11
0103_0077,21371,202.80
0103_0078,27120,257.62
0103_0079,23947,227.72
0103_0080,18393,175.09
0103_0081,17110,163.05
0103_0082,21734,207.33
0103_0083,15614,149.11
0103_0084,4825,46.13
0103_0085,14042,134.39
0103_0086,10306,98.74
0103_0087,3674,35.24
0103_0088,2814,27.02
0103_0089,7252,69.71
0103_0090,8226,79.16
0103_0091,13460,129.66
0103_0092,4987,48.09
0103_0093,9984,96.39
0103_0094,30755,297.26
0103_0095,11281,109.16
0103_0096,6866,66.51
0103_0097,3147,30.52
0103_0098,9180,89.13
0103_0099,6480,62.99
0103_0100,2101,20.45
0103_0101,2794,27.22
0103_0102,3946,38.49
0103_0103,25129,245.39
0103_0104,24402,238.56
0103_0105,8340,81.63
0103_0106,6186,60.62
0103_0107,10531,103.32
0103_0108,6962,68.38
0103_0109,11323,111.35
0104_0050,1603,14.81
0104_0052,7521,69.61
0104_0053,27626,255.95
0104_0054,73601,682.54
0104_0055,31861,295.75
0104_0056,34692,322.33
0104_0057,25134,233.75
0104_0058,17732,165.07
0104_0059,24592,229.16
0104_0060,35600,332.06
0104_0061,76296,712.34
0104_0062,33082,309.18
0104_0063,28961,270.93
0104_0064,22579,211.44
0104_0065,14937,140.01
0104_0066,6673,62.61
0104_0067,4038,37.93
0104_0068,16212,152.42
0104_0069,13344,125.59
0104_0070,14524,136.83
0104_0071,12830,120.99
0104_0072,17706,167.15
0104_0073,16305,154.08
0104_0074,10539,99.70
0104_0075,12506,118.43
0104_0076,9627,91.26
0104_0077,10449,99.15
0104_0078,13647,129.64
0104_0079,9682,92.07
0104_0080,8297,78.98
0104_0081,13857,132.05
0104_0082,11499,109.70
0104_0083,11316,108.07
0104_0084,22785,217.83
0104_0085,6744,64.54
0104_0086,12084,115.77
0104_0087,6300,60.42
0104_0088,5962,57.24
0104_0089,22705,218.24
0104_0090,21489,206.78
0104_0091,16501,158.96
0104_0092,11148,107.51
0104_0093,8429,81.38
0104_0094,32805,317.08
0104_0095,7239,70.05
0104_0096,14174,137.31
0104_0097,6610,64.11
0104_0098,14329,139.12
0104_0099,8421,81.85
0104_0100,2114,20.57
0104_0101,8048,78.41
0104_0102,10284,100.31
0104_0103,9347,91.27
0104_0104,7738,75.65
0104_0105,4137,40.49
0104_0106,7065,69.23
0104_0107,19518,191.49
0104_0108,23276,228.63
0104_0109,19401,190.79
0104_0110,9840,96.88
0104_0111,2659,26.21
0105_0052,6567,60.78
0105_0053,20079,186.03
0105_0054,30746,285.12
0105_0055,44593,413.93
0105_0056,26997,250.84
0105_0057,25785,239.81
0105_0058,19584,182.31
0105_0059,23920,222.89
0105_0060,28351,264.44
0105_0061,26180,244.43
0105_0062,45654,426.67
0105_0063,53394,499.50
0105_0064,124262,1163.62
0105_0065,32735,306.84
0105_0066,7652,71.80
0105_0068,2571,24.17
0105_0069,3974,37.40
0105_0070,8907,83.91
0105_0071,10732,101.21
0105_0072,7609,71.83
0105_0073,5435,51.36
0105_0074,5176,48.96
0105_0075,6096,57.73
0105_0076,8786,83.29
0105_0077,4843,45.96
0105_0078,7475,71.01
0105_0079,8857,84.22
0105_0080,9695,92.29
0105_0081,13465,128.31
0105_0082,5426,51.76
0105_0083,15174,144.91
0105_0084,21114,201.85
0105_0085,40756,390.05
0105_0086,21585,206.80
0105_0087,4009,38.45
0105_0088,1110,10.66
0105_0089,2327,22.37
0105_0090,6068,58.39
0105_0091,29831,287.37
0105_0092,16395,158.11
0105_0093,2602,25.12
0105_0094,9506,91.88
0105_0095,3283,31.77
0105_0096,10267,99.46
0105_0097,20605,199.83
0105_0098,62508,606.91
0105_0099,3296,32.04
0105_0100,1949,18.97
0105_0101,30760,299.68
0105_0102,91237,889.91
0105_0103,64938,634.13
0105_0104,32449,317.24
0105_0105,4812,47.10
0105_0106,22372,219.23
0105_0107,12523,122.86
0105_0108,10434,102.49
0105_0109,14161,139.26
0105_0110,29525,290.69
0105_0111,35249,347.46
0106_0052,9487,87.81
0106_0053,19735,182.84
0106_0054,22109,205.03
0106_0055,42171,391.45
0106_0056,27203,252.75
0106_0057,28194,262.21
0106_0058,30266,281.75
0106_0059,23418,218.22
0106_0060,35287,329.14
0106_0061,33128,309.30
0106_0062,29612,276.75
0106_0063,41137,384.84
0106_0064,330285,3092.87
0106_0065,180918,1695.85
0106_0066,24507,229.95
0106_0067,5868,55.11
0106_0068,7311,68.74
0106_0069,4856,45.70
0106_0070,4073,38.37
0106_0071,5823,54.91
0106_0072,4875,46.02
0106_0073,5944,56.17
0106_0074,3864,36.55
0106_0075,1841,17.43
0106_0076,8109,76.87
0106_0077,5100,48.40
0106_0078,6293,59.78
0106_0079,9072,86.27
0106_0080,3426,32.61
0106_0081,4450,42.41
0106_0082,9355,89.24
0106_0083,8180,78.12
0106_0084,11943,114.18
0106_0085,19949,190.92
0106_0086,26496,253.85
0106_0087,40032,383.95
0106_0088,47476,455.85
0106_0089,15690,150.81
0106_0090,29849,287.23
0106_0091,10681,102.89
0106_0092,28992,279.60
0106_0093,2369,22.87
0106_0094,13933,134.67
0106_0095,16143,156.21
0106_0096,10852,105.13
0106_0097,24482,237.43
0106_0098,95203,924.35
0106_0099,26055,253.26
0106_0100,16889,164.35
0106_0101,51268,499.48
0106_0102,178089,1737.05
0106_0103,131272,1281.88
0106_0104,63646,622.23
0106_0105,19691,192.73
0106_0106,9590,93.98
0106_0107,4681,45.92
0106_0108,12475,122.53
0106_0109,12407,122.01
0106_0110,51399,506.06
0106_0111,30128,296.98
0106_0112,8814,86.99
0106_0122,3161,31.58
0107_0052,5425,50.21
0107_0053,24096,223.24
0107_0054,13289,123.24
0107_0055,20968,194.63
0107_0056,53623,498.23
0107_0057,27428,255.09
0107_0058,71229,663.09
0107_0059,25937,241.69
0107_0060,27753,258.86
0107_0061,26772,249.96
0107_0062,26958,251.94
0107_0063,31814,297.62
0107_0064,57575,539.15
0107_0065,58227,545.80
0107_0066,31524,295.79
0107_0067,15979,150.08
0107_0068,16380,154.00
0107_0069,2981,28.06
0107_0070,1884,17.75
0107_0071,3516,33.16
0107_0072,3069,28.97
0107_0073,3847,36.35
0107_0074,3803,35.98
0107_0075,3682,34.87
0107_0076,4999,47.39
0107_0077,3975,37.72
0107_0078,2751,26.13
0107_0079,4373,41.58
0107_0080,7311,69.60
0107_0081,8713,83.03
0107_0082,4276,40.79
0107_0083,21068,201.20
0107_0084,5383,51.46
0107_0085,17937,171.66
0107_0086,8666,83.03
0107_0087,17687,169.64
0107_0088,48475,465.44
0107_0089,29869,287.11
0107_0090,28027,269.70
0107_0091,26674,256.96
0107_0092,23884,230.34
0107_0093,3895,37.61
0107_0094,13346,129.00
0107_0095,4227,40.90
0107_0096,5723,55.44
0107_0097,18739,181.74
0107_0098,23895,232.00
0107_0099,8461,82.24
0107_0100,45841,446.10
0107_0101,54542,531.38
0107_0102,216715,2113.80
0107_0103,221397,2161.96
0107_0104,64123,626.89
0107_0105,94046,920.51
0107_0106,24337,238.49
0107_0107,5032,49.37
0107_0108,5342,52.47
0107_0109,12000,118.01
0107_0110,32646,321.42
0107_0111,20888,205.90
0107_0112,17094,168.70
0107_0113,2875,28.41
0107_0116,2410,23.90
0107_0122,5320,53.15
0108_0052,2717,25.15
0108_0053,24417,226.22
0108_0054,18103,167.88
0108_0055,20724,192.37
0108_0056,159690,1483.73
0108_0057,56500,525.46
0108_0058,40489,376.92
0108_0059,22725,211.76
0108_0060,26576,247.89
0108_0061,27501,256.76
0108_0062,29860,279.06
0108_0063,36470,341.18
0108_0064,33341,312.21
0108_0065,49892,467.67
0108_0066,27352,256.64
0108_0067,24685,231.85
0108_0068,10471,98.45
0108_0069,17176,161.65
0108_0070,10791,101.66
0108_0071,2958,27.90
0108_0072,2314,21.84
0108_0073,1912,18.07
0108_0074,2523,23.87
0108_0075,3564,33.75
0108_0076,9161,86.84
0108_0077,2918,27.69
0108_0078,1935,18.38
0108_0079,4575,43.50
0108_0080,4961,47.23
0108_0081,4462,42.52
0108_0082,9860,94.06
0108_0083,16393,156.55
0108_0084,9751,93.22
0108_0085,14129,135.22
0108_0086,6188,59.29
0108_0087,30144,289.12
0108_0088,24547,235.69
0108_0089,19558,187.99
0108_0090,1783,17.16
0108_0091,1441,13.88
0108_0092,7622,73.51
0108_0093,3034,29.29
0108_0094,4866,47.03
0108_0097,12784,123.98
0108_0098,8940,86.80
0108_0099,4711,45.79
0108_0100,20682,201.27
0108_0101,30962,301.65
0108_0102,76696,748.08
0108_0103,87310,852.59
0108_0104,67133,656.32
0108_0105,80747,790.34
0108_0106,50119,491.13
0108_0107,12347,121.13
0108_0108,10519,103.32
0108_0109,6730,66.18
0108_0110,24424,240.47
0108_0111,37974,374.32
0108_0112,43213,426.48
0108_0113,6258,61.84
0108_0114,3491,34.54
0108_0116,2158,21.40
0108_0117,1617,16.06
0108_0119,2583,25.71
0108_0120,1276,12.72
0109_0053,11032,102.21
0109_0054,29200,270.79
0109_0055,9666,89.72
0109_0056,21032,195.41
0109_0057,21163,196.82
0109_0058,38077,354.47
0109_0059,22897,213.36
0109_0060,30452,284.04
0109_0061,24627,229.93
0109_0062,29289,273.73
0109_0063,45583,426.43
0109_0064,19949,186.81
0109_0065,30209,283.17
0109_0066,44694,419.36
0109_0067,26675,250.54
0109_0068,17275,162.42
0109_0069,22427,211.07
0109_0070,22940,216.12
0109_0071,12395,116.89
0109_0072,3155,29.78
0109_0073,1906,18.01
0109_0074,2927,27.69
0109_0075,2927,27.72
0109_0076,6069,57.53
0109_0077,3854,36.57
0109_0078,1569,14.90
0109_0079,2166,20.60
0109_0080,5451,51.89
0109_0081,3833,36.53
0109_0082,6346,60.54
0109_0083,19084,182.25
0109_0084,11768,112.50
0109_0085,11496,110.02
0109_0086,21178,202.90
0109_0087,15007,143.93
0109_0088,9932,95.36
0109_0089,12186,117.13
0109_0090,13792,132.72
0109_0091,7807,75.21
0109_0092,1080,10.42
0109_0093,8819,85.15
0109_0094,3300,31.90
0109_0095,2604,25.20
0109_0096,3025,29.30
0109_0097,6379,61.87
0109_0098,3589,34.85
0109_0099,7993,77.69
0109_0100,4283,41.68
0109_0101,24265,236.40
0109_0102,55183,538.24
0109_0103,69114,674.91
0109_0104,101028,987.69
0109_0105,67862,664.22
0109_0106,60298,590.88
0109_0107,26077,255.84
0109_0108,9395,92.28
0109_0109,17936,176.38
0109_0110,26254,258.49
0109_0111,32992,325.22
0109_0112,45869,452.69
0109_0113,20353,201.11
0109_0114,5562,55.02
0109_0115,2088,20.68
0109_0117,2293,22.77
0109_0118,14389,143.04
0109_0119,4474,44.53
0109_0120,11730,116.90
0109_0121,19923,198.79
0109_0122,2415,24.13
0109_0123,3683,36.84
0110_0053,3979,36.86
0110_0054,13561,125.76
0110_0055,5253,48.76
0110_0056,4453,41.37
0110_0057,28727,267.17
0110_0058,33576,312.57
0110_0059,65313,608.61
0110_0060,22045,205.62
0110_0061,25564,238.68
0110_0062,35996,336.41
0110_0063,24417,228.42
0110_0064,24107,225.74
0110_0065,72685,681.32
0110_0066,61685,578.79
0110_0067,37439,351.64
0110_0068,26287,247.15
0110_0069,11722,110.32
0110_0070,10975,103.39
0110_0071,27497,259.31
0110_0072,20796,196.32
0110_0073,3873,36.60
0110_0074,2707,25.61
0110_0075,4802,45.47
0110_0076,4603,43.63
0110_0077,3397,32.24
0110_0078,3866,36.72
0110_0079,4144,39.41
0110_0080,3834,36.50
0110_0081,14866,141.66
0110_0082,8853,84.45
0110_0083,11576,110.55
0110_0084,8680,82.98
0110_0085,8950,85.65
0110_0086,38114,365.16
0110_0087,10486,100.57
0110_0088,4504,43.25
0110_0089,20365,195.75
0110_0090,12870,123.84
0110_0091,11166,107.57
0110_0092,8633,83.26
0110_0093,9404,90.79
0110_0094,8159,78.86
0110_0095,14053,135.98
0110_0096,5240,50.76
0110_0097,5596,54.27
0110_0098,12560,121.95
0110_0099,5025,48.84
0110_0100,1936,18.84
0110_0101,19784,192.75
0110_0102,43651,425.76
0110_0103,53542,522.84
0110_0104,62378,609.83
0110_0105,80421,787.15
0110_0106,86481,847.45
0110_0107,60805,596.54
0110_0108,32458,318.81
0110_0109,27026,265.77
0110_0110,35260,347.16
0110_0111,46960,462.90
0110_0112,24880,245.55
0110_0113,6227,61.53
0110_0114,16315,161.40
0110_0115,6903,68.37
0110_0119,2154,21.44
0110_0122,2474,24.72
0110_0123,1177,11.77
0111_0055,2943,27.32
0111_0057,15028,139.76
0111_0058,19200,178.74
0111_0059,28990,270.14
0111_0060,25716,239.86
0111_0061,28724,268.18
0111_0062,25080,234.39
0111_0063,24469,228.91
0111_0064,15781,147.78
0111_0065,37615,352.59
0111_0066,34332,322.14
0111_0067,25666,241.06
0111_0068,30821,289.77
0111_0069,15811,148.80
0111_0070,23633,222.65
0111_0071,11609,109.48
0111_0072,26796,252.96
0111_0073,27156,256.62
0111_0074,12374,117.05
0111_0075,3400,32.20
0111_0076,1454,13.78
0111_0077,1972,18.71
0111_0078,4768,45.29
0111_0079,3792,36.06
0111_0080,5877,55.94
0111_0081,3474,33.11
0111_0082,8264,78.84
0111_0083,8592,82.05
0111_0084,9529,91.10
0111_0085,10783,103.20
0111_0086,11444,109.64
0111_0087,7189,68.95
0111_0088,8261,79.32
0111_0089,3487,33.52
0111_0090,10122,97.40
0111_0091,14762,142.21
0111_0092,10178,98.16
0111_0093,12010,115.95
0111_0094,8070,78.00
0111_0095,12637,122.28
0111_0096,6456,62.54
0111_0097,24868,241.18
0111_0098,9210,89.42
0111_0099,8190,79.61
0111_0100,9102,88.58
0111_0101,7654,74.57
0111_0102,52803,515.03
0111_0103,85424,834.17
0111_0104,112583,1100.66
0111_0105,86565,847.28
0111_0106,56715,555.77
0111_0107,38786,380.52
0111_0108,21813,214.25
0111_0109,63792,627.33
0111_0110,33960,334.36
0111_0111,31052,306.09
0111_0112,23765,234.54
0111_0113,17950,177.36
0111_0114,15634,154.67
0111_0115,8033,79.57
0111_0116,4016,39.83
0111_0120,1901,18.94
0111_0122,2985,29.82
0111_0123,2932,29.33
0111_0124,2989,29.94
0112_0057,8492,78.98
0112_0058,18472,171.96
0112_0059,27668,257.82
0112_0060,32221,300.54
0112_0061,26191,244.53
0112_0062,25569,238.96
0112_0063,36575,342.16
0112_0064,20422,191.24
0112_0065,17860,167.41
0112_0066,19024,178.50
0112_0067,36198,339.99
0112_0068,46030,432.77
0112_0069,11939,112.36
0112_0070,25179,237.21
0112_0071,38566,363.70
0112_0072,16353,154.38
0112_0073,16380,154.79
0112_0074,26848,253.97
0112_0075,19191,181.73
0112_0076,17713,167.91
0112_0077,14230,135.03
0112_0078,9641,91.58
0112_0079,8004,76.11
0112_0080,6815,64.87
0112_0081,7107,67.73
0112_0082,5801,55.34
0112_0083,10426,99.57
0112_0084,3082,29.46
0112_0085,25815,247.06
0112_0086,12446,119.24
0112_0087,3615,34.67
0112_0088,17700,169.95
0112_0089,2226,21.40
0112_0090,8011,77.09
0112_0091,15907,153.24
0112_0092,15260,147.17
0112_0093,8455,81.63
0112_0094,7671,74.14
0112_0095,8383,81.12
0112_0096,5098,49.39
0112_0097,11173,108.36
0112_0098,11370,110.39
0112_0099,9477,92.12
0112_0100,6625,64.47
0112_0101,14614,142.38
0112_0102,53316,520.03
0112_0103,51821,506.04
0112_0104,126172,1233.51
0112_0105,80548,788.39
0112_0106,60476,592.62
0112_0107,34180,335.33
0112_0108,16091,158.05
0112_0109,49344,485.25
0112_0110,31581,310.94
0112_0111,9174,90.43
0112_0112,18477,182.35
0112_0113,16453,162.57
0112_0114,9619,95.16
0112_0115,1523,15.09
0112_0116,6257,62.05
0112_0117,1336,13.27
0112_0124,5804,58.13
0112_0125,1542,15.46
0113_0058,25986,241.91
0113_0059,20602,191.98
0113_0060,50637,472.31
0113_0061,31846,297.33
0113_0062,20347,190.16
0113_0063,26579,248.65
0113_0064,29808,279.13
0113_0065,21864,204.94
0113_0066,30390,285.15
0113_0067,25703,241.41
0113_0068,28945,272.14
0113_0069,11934,112.32
0113_0070,13522,127.39
0113_0071,18985,179.04
0113_0072,18814,177.61
0113_0073,19422,183.54
0113_0074,17986,170.14
0113_0075,11242,106.46
0113_0076,16054,152.18
0113_0077,16798,159.40
0113_0078,14374,136.54
0113_0079,12491,118.78
0113_0080,11513,109.60
0113_0081,8650,82.43
0113_0082,6790,64.77
0113_0083,7899,75.43
0113_0084,7347,70.24
0113_0085,26428,252.93
0113_0086,8646,82.84
0113_0087,5765,55.29
0113_0088,19930,191.36
0113_0089,6803,65.39
0113_0090,5863,56.42
0113_0091,14721,141.81
0113_0092,11005,106.13
0113_0093,7211,69.62
0113_0094,6049,58.47
0113_0095,12717,123.05
0113_0096,9959,96.48
0113_0097,12043,116.80
0113_0098,19845,192.68
0113_0099,2222,21.60
0113_0100,10089,98.18
0113_0101,23221,226.23
0113_0102,61793,602.72
0113_0103,22890,223.52
0113_0104,55567,543.25
0113_0105,71421,699.06
0113_0106,28498,279.26
0113_0107,13780,135.19
0113_0108,6961,68.37
0113_0109,35004,344.23
0113_0110,15206,149.71
0113_0111,21334,210.30
0113_0112,15375,151.74
0113_0113,4726,46.70
0113_0114,4767,47.16
0113_0116,2168,21.50
0113_0117,3625,35.99
0113_0125,11730,117.63
0113_0126,2511,25.21
0114_0053,1647,15.26
0114_0054,8441,78.28
0114_0055,2340,21.72
0114_0058,14467,134.68
0114_0059,27346,254.82
0114_0060,12914,120.45
0114_0061,23244,217.02
0114_0062,28005,261.73
0114_0063,45849,428.92
0114_0064,25093,234.98
0114_0065,24394,228.66
0114_0066,26234,246.15
0114_0067,33533,314.95
0114_0068,19704,185.25
0114_0069,21512,202.46
0114_0070,33581,316.36
0114_0071,16545,156.03
0114_0072,19547,184.53
0114_0073,16496,155.89
0114_0074,25667,242.80
0114_0075,120225,1138.47
0114_0076,16204,153.60
0114_0077,16215,153.87
0114_0078,28003,266.01
0114_0079,19939,189.60
0114_0080,15528,147.82
0114_0081,23809,226.89
0114_0082,30604,291.95
0114_0083,18884,180.34
0114_0084,12664,121.07
0114_0085,63471,607.44
0114_0086,18333,175.64
0114_0087,9170,87.95
0114_0088,6104,58.61
0114_0089,3723,35.79
0114_0090,12848,123.63
0114_0091,10811,104.15
0114_0092,18358,177.05
0114_0093,9467,91.40
0114_0094,7477,72.27
0114_0095,33689,325.99
0114_0096,11286,109.33
0114_0097,14551,141.12
0114_0098,14458,140.38
0114_0099,3573,34.73
0114_0100,29643,288.47
0114_0101,24999,243.56
0114_0102,36070,351.82
0114_0103,39477,385.50
0114_0104,74245,725.85
0114_0105,52948,518.25
0114_0106,30105,295.01
0114_0107,6586,64.61
0114_0108,13696,134.53
0114_0109,11344,111.56
0114_0110,70601,695.11
0114_0111,34151,336.64
0114_0112,24726,244.03
0114_0113,21727,214.69
0114_0114,1829,18.09
0114_0117,2542,25.24
0114_0125,6514,65.32
0114_0126,2265,22.74
0115_0054,13224,122.63
0115_0055,17329,160.85
0115_0059,22363,208.39
0115_0060,21398,199.59
0115_0061,19510,182.16
0115_0062,19422,181.51
0115_0063,63706,595.97
0115_0064,23215,217.39
0115_0065,18625,174.58
0115_0066,25035,234.90
0115_0067,58389,548.41
0115_0068,18983,178.48
0115_0069,33371,314.07
0115_0070,47384,446.40
0115_0071,24628,232.26
0115_0072,24123,227.73
0115_0073,21215,200.48
0115_0074,25993,245.89
0115_0075,53082,502.66
0115_0076,22698,215.16
0115_0077,9685,91.90
0115_0078,14281,135.66
0115_0079,12044,114.53
0115_0080,14534,138.35
0115_0081,25563,243.60
0115_0082,21671,206.73
0115_0083,27982,267.22
0115_0084,23791,227.44
0115_0085,49178,470.65
0115_0086,15736,150.76
0115_0087,11041,105.90
0115_0088,4881,46.87
0115_0089,7014,67.42
0115_0090,13139,126.43
0115_0091,14880,143.34
0115_0092,58309,562.33
0115_0093,9048,87.36
0115_0094,7484,72.34
0115_0095,8753,84.70
0115_0096,6935,67.18
0115_0097,11665,113.13
0115_0098,7687,74.63
0115_0099,6998,68.02
0115_0100,68087,662.58
0115_0101,44266,431.27
0115_0102,42049,410.14
0115_0103,44569,435.22
0115_0104,60592,592.37
0115_0105,50265,491.99
0115_0106,9502,93.11
0115_0107,18839,184.83
0115_0108,19555,192.08
0115_0109,12957,127.42
0115_0110,99923,983.81
0115_0111,41536,409.44
0115_0112,50503,498.42
0115_0113,24455,241.64
0115_0114,2930,28.99
0115_0118,2138,21.25
0115_0125,3968,39.79
0115_0126,4113,41.30
0115_0127,4695,47.20
0116_0054,4417,40.96
0116_0055,9821,91.16
0116_0057,1575,14.65
0116_0058,2862,26.64
0116_0059,27234,253.77
0116_0060,26086,243.31
0116_0061,18210,170.02
0116_0062,23249,217.28
0116_0063,38523,360.38
0116_0064,27097,253.74
0116_0065,19788,185.48
0116_0066,27665,259.58
0116_0067,33895,318.35
0116_0068,24781,232.99
0116_0069,28162,265.04
0116_0070,35361,333.13
0116_0071,29445,277.68
0116_0072,73519,694.04
0116_0073,25432,240.33
0116_0074,20613,194.99
0116_0075,18980,179.73
0116_0076,23036,218.37
0116_0077,19803,187.92
0116_0078,8235,78.23
0116_0079,17446,165.90
0116_0080,20497,195.12
0116_0081,28232,269.03
0116_0082,16121,153.79
0116_0083,19346,184.75
0116_0084,19872,189.98
0116_0085,27950,267.49
0116_0086,11068,106.04
0116_0087,8088,77.57
0116_0088,8574,82.32
0116_0089,15614,150.08
0116_0090,5140,49.46
0116_0091,7041,67.83
0116_0092,10606,102.28
0116_0093,9140,88.24
0116_0094,5445,52.63
0116_0095,12753,123.40
0116_0096,8671,84.00
0116_0097,16507,160.09
0116_0098,12898,125.23
0116_0099,11907,115.74
0116_0100,16639,161.92
0116_0101,45158,439.96
0116_0102,56315,549.29
0116_0103,77717,758.91
0116_0104,64570,631.26
0116_0105,14347,140.43
0116_0106,24686,241.91
0116_0107,33153,325.26
0116_0108,28420,279.15
0116_0109,13770,135.41
0116_0110,13923,137.08
0116_0111,26148,257.75
0116_0112,44766,441.80
0116_0113,35780,353.54
0116_0114,13368,132.25
0116_0115,1168,11.57
0116_0117,2341,23.24
0116_0123,3122,31.23
0116_0124,2203,22.06
0116_0125,2828,28.36
0116_0127,4443,44.67
0116_0128,1628,16.39
0117_0054,5841,54.17
0117_0055,12678,117.68
0117_0057,9420,87.61
0117_0058,11621,108.18
0117_0059,42349,394.62
0117_0060,35309,329.34
0117_0061,27406,255.88
0117_0062,23043,215.35
0117_0063,24850,232.47
0117_0064,36628,342.99
0117_0065,27093,253.96
0117_0066,25649,240.66
0117_0067,24781,232.75
0117_0068,20721,194.82
0117_0069,30170,283.94
0117_0070,46522,438.28
0117_0071,38067,358.99
0117_0072,26523,250.38
0117_0073,29751,281.15
0117_0074,26376,249.51
0117_0075,24861,235.42
0117_0076,22479,213.09
0117_0077,22783,216.19
0117_0078,20461,194.36
0117_0079,12459,118.48
0117_0080,16491,156.98
0117_0081,32601,310.67
0117_0082,26698,254.69
0117_0083,26843,256.35
0117_0084,31140,297.70
0117_0085,13627,130.42
0117_0086,27332,261.86
0117_0087,4241,40.68
0117_0088,3867,37.13
0117_0089,16957,162.99
0117_0090,8849,85.15
0117_0091,8392,80.84
0117_0092,11620,112.06
0117_0093,11666,112.63
0117_0094,8938,86.39
0117_0095,10783,104.34
0117_0096,14072,136.32
0117_0097,16533,160.34
0117_0098,26477,257.07
0117_0099,18264,177.53
0117_0100,12860,125.15
0117_0101,19348,188.50
0117_0102,34496,336.47
0117_0103,67698,661.08
0117_0104,28640,280.00
0117_0105,12092,118.35
0117_0106,19856,194.57
0117_0107,27481,269.61
0117_0108,12297,120.79
0117_0109,13981,137.49
0117_0110,7710,75.91
0117_0111,16767,165.28
0117_0112,14490,143.00
0117_0113,4264,42.13
0117_0114,8157,80.70
0117_0115,4497,44.54
0117_0116,1753,17.38
0117_0117,7703,76.48
0117_0126,3407,34.21
0117_0129,1166,11.75
0118_0054,3837,35.58
0118_0055,10754,99.82
0118_0057,14799,137.63
0118_0058,18050,168.03
0118_0059,12362,115.19
0118_0060,24321,226.85
0118_0061,12449,116.23
0118_0062,22529,210.55
0118_0063,25687,240.30
0118_0064,98862,925.77
0118_0065,28354,265.78
0118_0066,21054,197.55
0118_0067,29574,277.77
0118_0068,60447,568.31
0118_0069,34889,328.35
0118_0070,64906,611.48
0118_0071,30262,285.39
0118_0072,28729,271.21
0118_0073,32144,303.76
0118_0074,86793,821.04
0118_0075,23948,226.78
0118_0076,25021,237.18
0118_0077,26619,252.60
0118_0078,34221,325.07
0118_0079,11331,107.75
0118_0080,18580,176.87
0118_0081,22945,218.65
0118_0082,27352,260.93
0118_0083,164275,1568.79
0118_0084,33359,318.91
0118_0085,17639,168.81
0118_0086,19757,189.29
0118_0087,2745,26.33
0118_0088,9756,93.67
0118_0089,16402,157.66
0118_0090,14891,143.29
0118_0091,5325,51.30
0118_0092,15900,153.34
0118_0093,7695,74.29
0118_0094,10172,98.32
0118_0095,8659,83.79
0118_0096,4428,42.90
0118_0097,14440,140.04
0118_0098,27901,270.90
0118_0099,25938,252.13
0118_0100,74558,725.56
0118_0101,44339,431.98
0118_0102,16758,163.45
0118_0103,32606,318.40
0118_0104,23414,228.91
0118_0105,17797,174.19
0118_0106,14033,137.51
0118_0107,11544,113.26
0118_0108,12203,119.86
0118_0109,23551,231.60
0118_0110,26480,260.71
0118_0111,15417,151.97
0118_0112,10669,105.29
0118_0113,2689,26.57
0118_0118,2030,20.18
0118_0127,2884,28.99
0119_0054,2678,24.83
0119_0055,15755,146.24
0119_0056,6480,60.21
0119_0057,10337,96.14
0119_0058,21213,197.48
0119_0059,20582,191.79
0119_0060,29746,277.45
0119_0061,26080,243.50
0119_0062,12607,117.82
0119_0063,32997,308.69
0119_0064,40688,381.01
0119_0065,34453,322.95
0119_0066,25992,243.88
0119_0067,24700,231.99
0119_0068,24945,234.53
0119_0069,16113,151.65
0119_0070,22123,208.42
0119_0071,40895,385.66
0119_0072,25957,245.04
0119_0073,27741,262.15
0119_0074,25277,239.11
0119_0075,31770,300.85
0119_0076,33507,317.63
0119_0077,30850,292.74
0119_0078,19166,182.06
0119_0079,12876,122.44
0119_0080,17731,168.79
0119_0081,43098,410.70
0119_0082,18510,176.58
0119_0083,23902,228.26
0119_0084,18406,175.96
0119_0085,20252,193.82
0119_0086,19996,191.58
0119_0087,12172,116.74
0119_0088,18150,174.27
0119_0089,5232,50.29
0119_0090,9642,92.78
0119_0091,18947,182.52
0119_0092,28543,275.27
0119_0093,9708,93.73
0119_0094,8784,84.90
0119_0095,13472,130.36
0119_0096,11892,115.20
0119_0097,5536,53.69
0119_0098,22203,215.57
0119_0099,26912,261.59
0119_0100,132938,1293.68
0119_0101,46983,457.74
0119_0102,33114,322.99
0119_0103,18267,178.38
0119_0104,2012,19.67
0119_0105,11870,116.18
0119_0106,11756,115.20
0119_0107,8460,83.00
0119_0108,11680,114.73
0119_0109,15650,153.90
0119_0110,16272,160.21
0119_0111,12740,125.58
0119_0112,13714,135.35
0119_0113,4985,49.26
0119_0124,2707,27.11
0119_0128,2426,24.42
0120_0054,27436,254.43
0120_0055,17499,162.43
0120_0056,15529,144.28
0120_0057,16079,149.54
0120_0058,26101,242.98
0120_0059,21643,201.68
0120_0060,52635,490.95
0120_0061,26122,243.89
0120_0062,16576,154.91
0120_0063,29990,280.56
0120_0064,26942,252.29
0120_0065,26862,251.79
0120_0066,25478,239.06
0120_0067,21627,203.13
0120_0068,30507,286.82
0120_0069,34599,325.62
0120_0070,17911,168.74
0120_0071,30948,291.86
0120_0072,33883,319.86
0120_0073,32010,302.49
0120_0074,23324,220.64
0120_0075,20934,198.23
0120_0076,49465,468.90
0120_0077,33988,322.52
0120_0078,21655,205.71
0120_0079,18552,176.42
0120_0080,42375,403.38
0120_0081,20374,194.15
0120_0082,24060,229.52
0120_0083,29649,283.14
0120_0084,20662,197.53
0120_0085,59414,568.61
0120_0086,20542,196.81
0120_0087,35542,340.89
0120_0088,7847,75.34
0120_0089,5056,48.60
0120_0090,17452,167.94
0120_0091,19722,189.99
0120_0092,58537,564.53
0120_0093,13636,131.65
0120_0094,10897,105.33
0120_0095,22772,220.35
0120_0096,15498,150.13
0120_0097,11505,111.58
0120_0098,25360,246.23
0120_0099,82430,801.24
0120_0100,28523,277.57
0120_0101,37427,364.64
0120_0102,89740,875.31
0120_0103,40547,395.95
0120_0104,10591,103.54
0120_0105,10428,102.07
0120_0106,18903,185.24
0120_0107,13804,135.43
0120_0108,4998,49.09
0120_0109,7127,70.09
0120_0110,11993,118.08
0120_0111,8900,87.73
0120_0112,8889,87.73
0120_0113,5647,55.80
0120_0114,1735,17.16
0120_0124,1973,19.76
0120_0128,1136,11.44
0121_0054,5933,55.02
0121_0055,14017,130.11
0121_0056,21015,195.26
0121_0057,25606,238.14
0121_0058,17595,163.80
0121_0059,19221,179.11
0121_0060,20458,190.82
0121_0061,19599,182.99
0121_0062,16586,155.01
0121_0063,21878,204.67
0121_0064,29546,276.68
0121_0065,33155,310.78
0121_0066,37741,354.12
0121_0067,24409,229.26
0121_0068,28731,270.12
0121_0069,28606,269.22
0121_0070,18653,175.73
0121_0071,28330,267.17
0121_0072,34081,321.73
0121_0073,55952,528.74
0121_0074,25276,239.10
0121_0075,45841,434.09
0121_0076,80426,762.39
0121_0077,103400,981.19
0121_0078,29309,278.41
0121_0079,36144,343.70
0121_0080,70308,669.28
0121_0081,14146,134.80
0121_0082,15432,147.21
0121_0083,19768,188.78
0121_0084,33792,323.05
0121_0085,22284,213.27
0121_0086,25967,248.78
0121_0087,19372,185.80
0121_0088,16029,153.90
0121_0089,26386,253.63
0121_0090,17441,167.83
0121_0091,17639,169.92
0121_0092,21487,207.22
0121_0093,22880,220.90
0121_0094,15061,145.57
0121_0095,12354,119.54
0121_0096,13117,127.07
0121_0097,18067,175.22
0121_0098,176454,1713.24
0121_0099,159056,1546.07
0121_0100,20221,196.78
0121_0101,12778,124.49
0121_0102,50450,492.08
0121_0103,38308,374.08
0121_0104,13423,131.23
0121_0105,18379,179.89
0121_0106,14594,143.01
0121_0107,35366,346.97
0121_0108,23539,231.21
0121_0109,29567,290.76
0121_0110,15883,156.38
0121_0111,19494,192.16
0121_0112,2991,29.52
0121_0113,5684,56.16
0121_0114,5325,52.68
0121_0117,1032,10.25
0121_0124,1800,18.03
0122_0055,8513,79.02
0122_0056,12665,117.67
0122_0057,21155,196.75
0122_0058,27555,256.52
0122_0059,25303,235.78
0122_0060,17921,167.16
0122_0061,21892,204.40
0122_0062,16002,149.55
0122_0063,14915,139.53
0122_0064,44965,421.06
0122_0065,67863,636.12
0122_0066,29112,273.16
0122_0067,28330,266.09
0122_0068,28771,270.50
0122_0069,125594,1182.01
0122_0070,27712,261.07
0122_0071,20458,192.93
0122_0072,26460,249.79
0122_0073,41372,390.96
0122_0074,20852,197.25
0122_0075,26183,247.94
0122_0076,232622,2205.11
0122_0077,335161,3180.44
0122_0078,44182,419.70
0122_0079,30479,289.83
0122_0080,19413,184.80
0122_0081,6848,65.26
0122_0082,22350,213.21
0122_0083,14311,136.67
0122_0084,17514,167.43
0122_0085,20126,192.61
0122_0086,26655,255.37
0122_0087,16495,158.21
0122_0088,30276,290.70
0122_0089,11522,110.75
0122_0090,17893,172.18
0122_0091,9085,87.52
0122_0092,16044,154.73
0122_0093,20161,194.65
0122_0094,28094,271.54
0122_0095,19525,188.93
0122_0096,17328,167.86
0122_0097,34361,333.24
0122_0098,211610,2054.57
0122_0099,230663,2242.12
0122_0100,53819,523.74
0122_0101,11010,107.27
0122_0102,30273,295.28
0122_0103,42395,413.99
0122_0104,29555,288.94
0122_0105,23290,227.96
0122_0106,31759,311.22
0122_0107,24476,240.13
0122_0108,20923,205.51
0122_0109,27004,265.56
0122_0110,7105,69.95
0122_0111,15973,157.45
0122_0112,2184,21.55
0122_0113,1404,13.87
0122_0115,1323,13.10
0122_0116,1110,11.01
0122_0117,1484,14.73
0123_0056,1351,12.55
0123_0057,8756,81.43
0123_0058,23530,219.05
0123_0059,21271,198.21
0123_0060,15418,143.81
0123_0061,14382,134.28
0123_0062,21907,204.74
0123_0063,18756,175.46
0123_0064,14290,133.82
0123_0065,26594,249.28
0123_0066,26729,250.80
0123_0067,24343,228.64
0123_0068,25261,237.50
0123_0069,35316,332.37
0123_0070,31368,295.52
0123_0071,20912,197.21
0123_0072,23389,220.80
0123_0073,32682,308.84
0123_0074,31561,298.56
0123_0075,29171,276.24
0123_0076,73548,697.19
0123_0077,85793,814.11
0123_0078,49404,469.30
0123_0079,26224,249.37
0123_0080,18786,178.83
0123_0081,15144,144.31
0123_0082,12452,118.79
0123_0083,14594,139.37
0123_0084,17806,170.23
0123_0085,20232,193.63
0123_0086,26757,256.35
0123_0087,18932,181.58
0123_0088,40426,388.16
0123_0089,21732,208.89
0123_0090,11216,107.93
0123_0091,6498,62.60
0123_0092,13233,127.62
0123_0093,22359,215.87
0123_0094,26402,255.19
0123_0095,24114,233.34
0123_0096,31560,305.73
0123_0097,48919,474.43
0123_0098,68080,661.01
0123_0099,94453,918.11
0123_0100,58173,566.11
0123_0101,18904,184.17
0123_0102,18712,182.51
0123_0103,55704,543.96
0123_0104,94134,920.30
0123_0105,58707,574.61
0123_0106,117810,1154.45
0123_0107,45149,442.95
0123_0108,18021,177.01
0123_0109,14178,139.43
0123_0110,1390,13.69
0123_0111,4335,42.73
0123_0115,5747,56.92
0123_0116,1885,18.69
0124_0058,3004,27.96
0124_0059,7494,69.83
0124_0060,16425,153.20
0124_0061,15962,149.03
0124_0062,52817,493.61
0124_0063,29299,274.09
0124_0064,11499,107.68
0124_0065,20395,191.17
0124_0066,24694,231.70
0124_0067,31261,293.62
0124_0068,26214,246.46
0124_0069,27996,263.48
0124_0070,36485,343.72
0124_0071,25208,237.73
0124_0072,22514,212.54
0124_0073,22976,217.12
0124_0074,27905,263.97
0124_0075,23730,224.71
0124_0076,36534,346.32
0124_0077,52265,495.96
0124_0078,24594,233.62
0124_0079,24403,232.05
0124_0080,15209,144.78
0124_0081,33298,317.31
0124_0082,17285,164.89
0124_0083,10076,96.22
0124_0084,12742,121.81
0124_0085,16537,158.27
0124_0086,28411,272.20
0124_0087,27359,262.40
0124_0088,23941,229.87
0124_0089,32784,315.12
0124_0090,2065,19.87
0124_0091,6527,62.88
0124_0092,10051,96.93
0124_0093,13524,130.57
0124_0094,28400,274.50
0124_0095,57753,558.84
0124_0096,27662,267.97
0124_0097,36974,358.58
0124_0098,30868,299.71
0124_0099,29732,289.00
0124_0100,21822,212.36
0124_0101,30179,294.02
0124_0102,25574,249.44
0124_0103,27550,269.03
0124_0104,71348,697.53
0124_0105,30241,295.99
0124_0106,42960,420.98
0124_0107,50292,493.40
0124_0108,16736,164.39
0124_0109,5885,57.87
0124_0126,3252,32.65
0124_0127,2237,22.49
0125_0061,3431,32.03
0125_0062,9135,85.37
0125_0063,17154,160.48
0125_0064,18111,169.60
0125_0065,18338,171.89
0125_0066,80702,757.22
0125_0067,26218,246.25
0125_0068,24477,230.13
0125_0069,24576,231.29
0125_0070,31563,297.35
0125_0071,41944,395.56
0125_0072,24855,234.64
0125_0073,12994,122.79
0125_0074,20013,189.32
0125_0075,31943,302.48
0125_0076,86033,815.54
0125_0077,30031,284.97
0125_0078,34509,327.81
0125_0079,26628,253.21
0125_0080,37115,353.31
0125_0081,14905,142.04
0125_0082,17501,166.95
0125_0083,24467,233.65
0125_0084,9370,89.58
0125_0085,15182,145.30
0125_0086,20028,191.88
0125_0087,31022,297.54
0125_0088,28561,274.23
0125_0089,17523,168.43
0125_0090,6938,66.76
0125_0091,10197,98.23
0125_0092,14689,141.66
0125_0093,12347,119.21
0125_0094,25303,244.57
0125_0095,25541,247.14
0125_0096,28009,271.33
0125_0097,32223,312.51
0125_0098,43334,420.74
0125_0099,14959,145.41
0125_0100,17930,174.48
0125_0101,30047,292.74
0125_0102,27128,264.60
0125_0103,15139,147.83
0125_0104,9444,92.33
0125_0105,14458,141.51
0125_0106,35046,343.43
0125_0107,28909,283.62
0125_0108,25446,249.94
0125_0109,5909,58.11
0125_0119,1467,14.60
0125_0120,1626,16.20
0125_0125,3783,37.94
0125_0126,3666,36.81
0125_0127,5017,50.44
0125_0128,1721,17.32
0126_0062,2761,25.80
0126_0063,13239,123.85
0126_0064,21622,202.47
0126_0065,13344,125.08
0126_0066,23237,218.03
0126_0067,29993,281.71
0126_0068,22845,214.79
0126_0069,21688,204.11
0126_0070,67447,635.41
0126_0071,54838,517.15
0126_0072,30528,288.19
0126_0073,23580,222.83
0126_0074,24310,229.97
0126_0075,24988,236.62
0126_0076,29273,277.49
0126_0077,25514,242.11
0126_0078,49454,469.78
0126_0079,23665,225.04
0126_0080,19603,186.61
0126_0081,25968,247.46
0126_0082,17000,162.17
0126_0083,16600,158.53
0126_0084,11676,111.62
0126_0085,14352,137.35
0126_0086,23989,229.83
0126_0087,24630,236.23
0126_0088,90071,864.83
0126_0089,21716,208.74
0126_0090,14371,138.29
0126_0091,6605,63.63
0126_0092,14727,142.03
0126_0093,8178,78.96
0126_0094,10692,103.34
0126_0095,16852,163.07
0126_0096,32946,319.16
0126_0097,26553,257.52
0126_0098,27074,262.87
0126_0099,13423,130.48
0126_0100,19635,191.08
0126_0101,24565,239.33
0126_0102,29742,290.10
0126_0103,24080,235.14
0126_0104,20652,201.90
0126_0105,23742,232.38
0126_0106,79478,778.83
0126_0107,22740,223.10
0126_0108,4031,39.59
0126_0109,7914,77.83
0126_0110,3376,33.24
0126_0118,1520,15.11
0126_0119,2498,24.86
0126_0125,3277,32.86
0127_0063,6939,64.91
0127_0064,34062,318.97
0127_0065,14658,137.40
0127_0066,18851,176.88
0127_0067,21286,199.93
0127_0068,18232,171.41
0127_0069,28799,271.04
0127_0070,24518,230.98
0127_0071,43544,410.64
0127_0072,26560,250.73
0127_0073,27231,257.33
0127_0074,14436,136.56
0127_0075,22333,211.48
0127_0076,27779,263.33
0127_0077,30711,291.43
0127_0078,27001,256.49
0127_0079,24772,235.56
0127_0080,25911,246.65
0127_0081,26178,249.46
0127_0082,19963,190.44
0127_0083,17208,164.33
0127_0084,19114,182.73
0127_0085,12189,116.65
0127_0086,14260,136.62
0127_0087,37242,357.19
0127_0088,25250,242.44
0127_0089,28119,270.28
0127_0090,11347,109.19
0127_0091,22901,220.61
0127_0092,18282,176.31
0127_0093,49328,476.25
0127_0094,12114,117.09
0127_0095,10864,105.12
0127_0096,11129,107.81
0127_0097,11841,114.84
0127_0098,12756,123.85
0127_0099,8284,80.52
0127_0100,12856,125.11
0127_0101,15799,153.92
0127_0102,20966,204.50
0127_0103,26501,258.78
0127_0104,17402,170.13
0127_0105,26388,258.28
0127_0106,7834,76.77
0127_0107,15845,155.45
0127_0108,6764,66.44
0127_0109,5268,51.81
0127_0110,3122,30.74
0127_0111,1184,11.67
0127_0117,1331,13.22
0127_0118,3366,33.46
0127_0119,5968,59.40
0127_0120,1051,10.47
0127_0125,1399,14.03
0128_0063,3277,30.66
0128_0064,16686,156.25
0128_0065,23392,219.27
0128_0066,11770,110.44
0128_0067,43482,408.40
0128_0068,18138,170.53
0128_0069,42362,398.68
0128_0070,15548,146.48
0128_0071,20725,195.45
0128_0072,30148,284.60
0128_0073,22854,215.97
0128_0074,14515,137.31
0128_0075,22529,213.34
0128_0076,23164,219.58
0128_0077,44399,421.31
0128_0078,45651,433.65
0128_0079,23022,218.92
0128_0080,21170,201.52
0128_0081,13411,127.80
0128_0082,22587,215.47
0128_0083,90403,863.33
0128_0084,12996,124.24
0128_0085,15707,150.32
0128_0086,13526,129.59
0128_0087,26924,258.23
0128_0088,20591,197.71
0128_0089,43431,417.47
0128_0090,13495,129.86
0128_0091,25250,243.24
0128_0092,102249,986.09
0128_0093,40179,387.92
0128_0094,30061,290.56
0128_0095,8630,83.51
0128_0096,29471,285.49
0128_0097,12808,124.22
0128_0098,19063,185.09
0128_0099,24045,233.72
0128_0100,21421,208.46
0128_0101,28793,280.52
0128_0102,31513,307.37
0128_0103,18016,175.93
0128_0104,20674,202.12
0128_0105,10812,105.83
0128_0106,6668,65.34
0128_0107,11021,108.12
0128_0111,1365,13.46
0128_0118,1129,11.22
0128_0120,2117,21.10
0128_0124,1803,18.06
0128_0125,1269,12.73
0129_0063,1754,16.41
0129_0064,8258,77.33
0129_0065,15282,143.25
0129_0066,13175,123.62
0129_0067,19208,180.41
0129_0068,31036,291.80
0129_0069,21093,198.51
0129_0070,41810,393.89
0129_0071,12039,113.53
0129_0072,35451,334.67
0129_0073,42914,405.53
0129_0074,22750,215.21
0129_0075,14837,140.50
0129_0076,33910,321.45
0129_0077,15601,148.04
0129_0078,41886,397.89
0129_0079,18484,175.77
0129_0080,47996,456.89
0129_0081,17728,168.94
0129_0082,19830,189.17
0129_0083,25242,241.06
0129_0084,18604,177.86
0129_0085,31673,303.12
0129_0086,13931,133.47
0129_0087,26475,253.93
0129_0088,19069,183.09
0129_0089,26829,257.88
0129_0090,37558,361.41
0129_0091,29719,286.29
0129_0092,42034,405.38
0129_0093,34588,333.94
0129_0094,46161,446.17
0129_0095,24814,240.11
0129_0096,13905,134.70
0129_0097,16109,156.23
0129_0098,21708,210.77
0129_0099,27734,269.58
0129_0100,25529,248.43
0129_0101,43174,420.63
0129_0102,38718,377.65
0129_0103,17362,169.54
0129_0104,19286,188.55
0129_0105,6997,68.49
0129_0106,4443,43.54
0129_0107,10293,100.98
0129_0108,7153,70.26
0129_0109,1388,13.65
0129_0112,1573,15.52
0129_0116,1939,19.23
0129_0117,1669,16.57
0129_0124,7897,79.09
0129_0125,4144,41.56
0129_0126,3101,31.14
0129_0128,1954,19.67
0130_0064,3702,34.67
0130_0065,8430,79.02
0130_0066,12476,117.06
0130_0067,10579,99.36
0130_0068,26553,249.65
0130_0069,17646,166.07
0130_0070,20837,196.30
0130_0071,22940,216.34
0130_0072,25708,242.69
0130_0073,51709,488.65
0130_0074,44921,424.94
0130_0075,13246,125.43
0130_0076,16798,159.23
0130_0077,11070,105.05
0130_0078,22143,210.34
0130_0079,32503,309.08
0130_0080,32860,312.80
0130_0081,28485,271.45
0130_0082,19661,187.56
0130_0083,24751,236.37
0130_0084,25078,239.75
0130_0085,19778,189.28
0130_0086,12054,115.49
0130_0087,27171,260.60
0130_0088,29359,281.89
0130_0089,33977,326.59
0130_0090,55389,532.99
0130_0091,35423,341.24
0130_0092,25285,243.85
0130_0093,24041,232.11
0130_0094,13920,134.54
0130_0095,12329,119.30
0130_0096,16783,162.58
0130_0097,26511,257.11
0130_0098,28715,278.80
0130_0099,19438,188.94
0130_0100,33822,329.14
0130_0101,19027,185.37
0130_0102,18194,177.46
0130_0103,7080,69.14
0130_0104,16342,159.77
0130_0105,4620,45.22
0130_0106,1901,18.63
0130_0108,8166,80.21
0130_0109,3419,33.62
0130_0117,1082,10.74
0130_0124,3932,39.38
0130_0126,3666,36.81
0130_0127,2408,24.21
0130_0128,1452,14.62
0131_0067,1406,13.21
0131_0068,11506,108.18
0131_0069,24667,232.15
0131_0070,18978,178.79
0131_0071,29201,275.38
0131_0072,38718,365.51
0131_0073,27253,257.54
0131_0074,42442,401.49
0131_0075,42859,405.85
0131_0076,14663,139.00
0131_0077,20650,195.95
0131_0078,14754,140.15
0131_0079,86244,820.12
0131_0080,83987,799.50
0131_0081,15254,145.36
0131_0082,33601,320.54
0131_0083,19276,184.08
0131_0084,41494,396.69
0131_0085,25175,240.93
0131_0086,27578,264.22
0131_0087,20467,196.30
0131_0088,49704,477.24
0131_0089,54686,525.65
0131_0090,44334,426.61
0131_0091,33785,325.46
0131_0092,21913,211.33
0131_0093,8432,81.41
0131_0094,12316,119.04
0131_0095,11678,113.00
0131_0096,26159,253.41
0131_0097,27503,266.73
0131_0098,29187,283.38
0131_0099,13919,135.30
0131_0100,20364,198.17
0131_0101,22134,215.64
0131_0102,4283,41.78
0131_0109,3266,32.12
0131_0110,2386,23.49
0131_0117,1259,12.50
0131_0123,2118,21.19
0132_0068,2708,25.46
0132_0069,11589,109.07
0132_0070,32892,309.87
0132_0071,46761,440.98
0132_0072,16298,153.86
0132_0073,18981,179.37
0132_0074,45890,434.11
0132_0075,48190,456.34
0132_0076,30958,293.46
0132_0077,34249,325.00
0132_0078,13672,129.87
0132_0079,35301,335.69
0132_0080,21615,205.76
0132_0081,14587,139.01
0132_0082,30710,292.96
0132_0083,24733,236.20
0132_0084,61301,586.04
0132_0085,29346,280.85
0132_0086,33760,323.45
0132_0087,52138,500.06
0132_0088,146152,1403.30
0132_0089,44951,432.08
0132_0090,33075,318.27
0132_0091,44804,431.61
0132_0092,27328,263.55
0132_0093,17428,168.26
0132_0094,11980,115.79
0132_0095,6528,63.17
0132_0096,27331,264.76
0132_0097,21354,207.10
0132_0098,17548,170.38
0132_0101,18898,184.12
0132_0102,6010,58.62
0132_0103,1437,14.03
0132_0110,2951,29.05
0132_0115,1192,11.81
0132_0116,2911,28.87
0132_0117,6525,64.79
0132_0123,5513,55.15
0133_0069,1882,17.71
0133_0070,14266,134.40
0133_0071,26460,249.53
0133_0072,26675,251.82
0133_0073,13427,126.88
0133_0074,36172,342.18
0133_0075,75184,711.96
0133_0076,84355,799.63
0133_0077,88653,841.25
0133_0078,38801,368.58
0133_0079,60126,571.75
0133_0080,19218,182.94
0133_0081,22984,219.02
0133_0082,70189,669.57
0133_0083,84267,804.73
0133_0084,322319,3081.39
0133_0085,81547,780.44
0133_0086,31558,302.35
0133_0087,28645,274.74
0133_0088,21373,205.22
0133_0089,56566,543.72
0133_0090,29369,282.61
0133_0091,26034,250.79
0133_0092,9430,90.94
0133_0093,9931,95.88
0133_0096,4255,41.22
0133_0097,9515,92.28
0133_0101,4100,39.94
0133_0102,5504,53.69
0133_0110,3664,36.07
0133_0111,1982,19.54
0133_0118,1486,14.77
0133_0122,1868,18.66
0133_0123,1650,16.50
0133_0124,2343,23.47
0134_0070,1403,13.22
0134_0071,13195,124.44
0134_0072,30259,285.65
0134_0073,16789,158.65
0134_0074,24799,234.59
0134_0075,33164,314.05
0134_0076,66337,628.83
0134_0077,293139,2781.68
0134_0078,411671,3910.56
0134_0079,174353,1657.97
0134_0080,59681,568.12
0134_0081,34456,328.35
0134_0082,21248,202.70
0134_0083,26434,252.44
0134_0084,34449,329.33
0134_0085,38059,364.24
0134_0086,34485,330.39
0134_0087,34812,333.89
0134_0088,17301,166.12
0134_0089,31038,298.34
0134_0090,33250,319.96
0134_0091,29492,284.11
0134_0092,4838,46.66
0134_0111,2049,20.20
0134_0116,1665,16.51
0134_0117,1437,14.27
0134_0122,24580,245.56
0134_0123,7397,73.99
0134_0124,1836,18.39
0134_0125,3724,37.34
0135_0071,1188,11.20
0135_0072,16560,156.33
0135_0073,39475,373.04
0135_0074,53840,509.31
0135_0075,40694,385.35
0135_0076,112852,1069.77
0135_0077,321984,3055.40
0135_0078,417984,3970.53
0135_0079,33427,317.87
0135_0080,13197,125.63
0135_0081,8164,77.80
0135_0082,10349,98.73
0135_0083,19409,185.35
0135_0084,33201,317.40
0135_0085,35703,341.69
0135_0086,103268,989.38
0135_0087,80585,772.90
0135_0088,30969,297.35
0135_0089,25557,245.66
0135_0090,21900,210.74
0135_0091,10872,104.73
0135_0111,3541,34.91
0135_0116,1870,18.54
0135_0121,22208,221.59
0135_0122,20011,199.92
0135_0125,4646,46.59
0136_0072,4149,39.17
0136_0073,43476,410.85
0136_0074,86603,819.24
0136_0075,24081,228.04
0136_0076,36194,343.10
0136_0077,60663,575.65
0136_0078,103591,984.04
0136_0079,25486,242.35
0136_0080,8226,78.31
0136_0081,30044,286.30
0136_0082,20206,192.76
0136_0083,14600,139.43
0136_0084,25486,243.65
0136_0085,27810,266.15
0136_0086,41597,398.53
0136_0087,167059,1602.29
0136_0088,88313,847.95
0136_0089,28827,277.09
0136_0090,6706,64.53
0136_0118,2644,26.28
0136_0121,11496,114.71
0136_0122,1096,10.95
0136_0125,5213,52.28
0137_0073,8197,77.46
0137_0074,2735,25.87
0137_0076,3438,32.59
0137_0077,22717,215.57
0137_0078,16542,157.14
0137_0081,3791,36.13
0137_0082,11786,112.43
0137_0083,20478,195.56
0137_0084,19567,187.06
0137_0085,26230,251.03
0137_0086,28554,273.57
0137_0087,103459,992.29
0137_0088,75329,723.28
0137_0089,30060,288.94
0137_0090,13987,134.59
0137_0110,2334,22.98
0137_0119,8422,83.83
0137_0120,2644,26.35
0137_0121,1758,17.54
0137_0123,1380,13.80
0137_0125,7705,77.27
0137_0126,2263,22.72
0138_0073,1828,17.27
0138_0082,13666,130.37
0138_0083,22767,217.42
0138_0084,24356,232.84
0138_0085,46887,448.73
0138_0086,38599,369.81
0138_0087,29353,281.53
0138_0088,7654,73.49
0138_0089,2739,26.33
0138_0090,5397,51.93
0138_0091,1093,10.53
0138_0110,1938,19.08
0138_0115,1275,12.63
0138_0125,3381,33.90
0138_0126,6121,61.46
0139_0082,5643,53.83
0139_0083,30090,287.35
0139_0084,36446,348.43
0139_0085,33227,317.99
0139_0086,31484,301.64
0139_0087,27656,265.25
0139_0113,1241,12.26
0139_0114,1905,18.85
0139_0115,2756,27.30
0139_0117,2300,22.84
0139_0125,2684,26.92
0139_0129,1816,18.30
0140_0083,44931,429.08
0140_0084,46923,448.59
0140_0085,40620,388.75
0140_0086,36109,345.95
0140_0087,25564,245.19
0140_0115,3795,37.59
0140_0116,7674,76.10
0140_0126,3738,37.53
0140_0127,1896,19.06
0140_0129,1288,12.98
0141_0083,11011,105.15
0141_0084,32339,309.16
0141_0085,38323,366.77
0141_0086,37741,361.59
0141_0087,13541,129.87
0141_0110,1620,15.95
0141_0116,1546,15.33
0141_0119,1848,18.39
0142_0084,33874,323.84
0142_0085,36016,344.69
0142_0086,30822,295.30
0142_0087,10490,100.61
0142_0118,3763,37.41
0143_0084,15861,151.63
0143_0085,52856,505.85
0143_0086,34164,327.32
0143_0118,2882,28.65
0143_0119,1027,10.22
0144_0084,7735,73.95
0144_0085,22358,213.97
0144_0086,10824,103.70
0144_0119,1564,15.57
0145_0085,3665,35.08
0145_0117,1086,10.78
0145_0131,40,0.40
0146_0116,4189,41.54
0146_0117,2956,29.35
0146_0119,1144,11.39
0147_0115,22449,222.36
0147_0116,5910,58.61
0147_0118,2841,28.24
0148_0115,9168,90.81
0148_0117,4820,47.86
0149_0116,1102,10.93
0150_0114,1339,13.25
0150_0115,1667,16.51
0151_0113,1030,10.18
0151_0114,1519,15.03
0151_0115,1353,13.40
0152_0113,1595,15.76
0152_0114,2970,29.38
0153_0111,1247,12.29
0153_0112,1304,12.87
0153_0115,2193,21.72
0154_0114,3684,36.45
0155_0114,4008,39.65
0155_0115,2041,20.22
0156_0112,1047,10.33
0156_0114,1403,13.88
0157_0112,1390,13.72
0158_0112,1132,11.17
