ags,credited_m2,all_roof_m2,truth_kw,pred_kw_credited_m2,pred_kw_all_roof_m2
05370024,29895.24380774338,1080557.9599,11586.668,8349.442643064647,9541.326785917
05334002,374327.9090981229,11447782.227200001,58074.384,104546.04173201474,101083.917066176
05334016,57551.56943721177,2614380.4997,18831.908,16073.577828118874,23084.979812350997
05370016,142943.5155011001,4591976.918500001,39529.692,39922.694444302244,40547.156190355
05370032,31923.22454536303,1183359.2001999998,11436.153,8915.83738327444,10449.061737765998
05154016,111228.85988226885,3762387.1655,34787.703,31065.108276518866,33221.878671365
05154036,122868.87661668556,4061321.6504999995,27884.228,34316.04855027411,35861.47017391499
07232001,180.66887702647628,7785.3068,10.27,50.45901066472456,68.744259044
07232041,207.81805251251916,12698.312399999999,24.15,58.04150388622147,112.12609849199998
07232127,209.76493726918403,10871.873,13.59,58.585249329910404,95.99863858999998
07232213,2789.5419550341435,130167.4919,1172.475,779.0911726214858,1149.3789534769999
07232214,458.61000400514445,25564.1578,103.035,128.0851880185968,225.731513374
07232294,728.9763657189393,34816.2973,194.665,203.59580918164255,307.427905159
05334004,85345.16096169312,2883068.8621,17461.326,23836.05000499127,25457.498052343
05334036,57088.65601199278,2112763.0998000004,14890.286,15944.290737589463,18655.698171234002
05334008,51250.176992155626,1726858.7277000002,15705.486,14313.661932139144,15248.162565591001
05370020,106141.61942563299,3333704.5424,21938.375,29644.292889385037,29436.611109392
05370036,32258.999144410027,1663710.1736,16834.675,9009.615871042275,14690.560832887999
05370040,64191.49704405309,2760243.2013000003,26385.521,17928.043209433585,24372.947467479
05166020,31483.710532580855,1648636.3479999998,12044.815,8793.085514644506,14557.458952839997
05154064,42668.98416647346,1388881.6291,13829.261,11917.020587854373,12263.824784953
05154004,38659.93891436465,1517533.6195999999,15455.672,10797.334339392903,13399.821861067998
07232004,390.83176576181626,14888.9629,145.26,109.15540385961765,131.469542407
07232008,998.8668248541269,34701.53,356.02,278.9735155135091,306.4145099
07232012,1209.5185576530212,30848.3071,597.87,337.80643796691226,272.390551693
07232040,3329.9533614864017,90987.33540000001,822.96,930.022674329537,803.418171582
07232042,143.56132030052376,8284.488199999998,80.565,40.09524114673328,73.15203080599997
07232066,150.85905810682348,6021.3946,12.905,42.13342633865473,53.16891431799999
07232067,3837.6114106965947,184156.6486,1944.24,1071.8064908934518,1626.1032071379998
07232112,471.070674673107,26493.1534,323.935,131.56532872945206,233.93454452199998
07232130,49.15740272303059,2153.5765,71.5,13.729171006515214,19.016080495
07232005,927.9971230641673,37001.8918,645.585,259.1803165005913,326.72670459399995
07232025,525.8999698505208,18210.949699999997,320.32,146.87860257955197,160.80268585099998
07232031,265.51761730594905,13807.335399999996,100.705,74.1564153373785,121.91877158199996
07232056,323.15572090021345,14966.045999999998,133.96,90.25416129022061,132.15018617999996
07232064,1373.6774898468943,60901.04550000001,406.75,383.65438613933907,537.756231765
07232068,760.8794370861299,23467.7397,458.365,212.5060179837852,207.22014155099995
07232073,358.77310934912833,18170.3493,46.95,100.20174171011804,160.44418431900002
07232085,497.47939412232836,16574.929100000005,319.01,138.94101998442508,146.35662395300002
07232088,3989.240496651781,144016.49499999997,585.47,1114.1549783098758,1271.6656508499996
07232110,923.4258697274647,39155.4546,505.136,257.9036111561836,345.74266411799994
07232116,610.3089394392671,19476.010599999998,352.21,170.4531836959929,171.97317359799996
07232121,185.56473265289162,8411.398200000001,86.13,51.8263741826261,74.27264610600001
07232138,326.4944277104391,13536.937899999997,151.05,91.18662871524853,119.53116165699997
07232201,4889.446203800731,211072.8871,2803.545,1365.5734302595063,1863.7735930929998
07232246,785.2222936018647,34319.3334,428.335,219.3047343800648,303.039713922
07232248,355.59840984243675,14658.1269,156.8,99.31507988489416,129.43126052699998
07232287,889.7178987905993,35480.7313,451.57,248.48931195322646,313.29485737899995
07232220,1104.6680694362572,43798.403399999996,599.355,308.52274511285225,386.7399020219999
07232229,1082.293259399874,41569.3004,506.365,302.2736844177908,367.056922532
07232231,2526.202356552574,108983.70159999999,1324.735,705.5430561615684,962.3260851279998
07232236,1344.5372076816764,47588.759399999995,635.33,375.51579673341536,420.20874550199994
07232240,355.3523533131565,13622.8198,216.08,99.24635875683148,120.28949883399999
07232245,876.3741951857285,39394.2089,372.375,244.7625489734221,347.85086458699993
07232247,462.70188945807143,20083.1416,194.808,129.22801070674475,177.334140328
07232259,987.8528393077372,41333.488,444.82,275.8974194902579,364.97469903999996
07232297,865.1460025784595,26709.963500000005,285.6,241.62662706013793,235.84897770500004
07232298,451.70069327096047,20941.4477,40.32,126.15548662364654,184.912983191
07232333,3232.4867263985857,105722.3315,1694.95,902.8012178158609,933.528187145
07232230,659.2665623914238,30417.277100000007,149.25,184.12655821030074,268.58455679300005
07232271,915.9169394317898,35777.045099999996,329.655,255.80644201390456,315.91130823299994
07232328,1086.855720712877,43574.829300000005,380.69,303.54793423789937,384.765742719
07232329,3882.5645792539217,167341.1522,1389.183,1084.3614613398277,1477.622373926
05334020,13894.93292763811,653087.4765,13510.955,3880.715817360048,5766.762417495
05334024,10816.945900209477,594658.0131000001,7992.845,3021.064820469505,5250.8302556730005
05334028,17606.204788005663,1655428.7098,16186.18,4917.236935242101,14617.435507533999
05334032,85363.43577399591,3416818.3428999996,19556.442,23841.153977319314,30170.505967806996
05334012,95343.77671837999,3696276.3871,22256.493,26628.563399676346,32638.120498092998
05358004,29462.885133712316,1106891.0265,8546.941,8228.689188994513,9773.847763994998
05358036,35959.07083333361,1448546.2623,12633.964,10043.008893041742,12790.663496109
05370004,101062.7728189913,4122782.8586,41574.193,28225.82182061608,36404.172641437995
05166016,119226.75376630256,3975049.3756999997,35652.836,33298.84005939064,35099.685987430996
05166024,40216.04989299196,1731897.6688999997,17140.583,11231.940574613725,15292.656416386995
05166032,180631.62969607822,6003321.5212,38261.402,50448.60785781768,53009.329032196
05154052,179969.92129409188,3860720.737299999,27477.008,50263.79931822692,34090.164110358994
05154012,169514.9646139592,4524176.521899999,37757.598,47343.83446703266,39948.47868837699
05154032,123199.29931940304,3472896.5253,36195.364,34408.332306916076,30665.676318398997
05154056,38125.72861407954,1177836.5768,18275.362,10648.134744626273,10400.296973143999
05154024,54720.90601333232,1836861.1859,20040.975,15283.001840463583,16219.484271496998
07232016,1270.8296872819233,50978.954399999995,525.99,354.93002336096833,450.1441673519999
07232022,283.65320550387855,10324.490300000001,168.59,79.22150376517824,91.165249349
07232032,235.62712755385218,11023.118299999998,185.43,65.80830045451538,97.33413458899997
07232054,305.0945449336096,12969.9269,124.2,85.20985545450782,114.52445452699999
07232059,479.1842870916062,24092.3791,367.2,133.8313795418147,212.73570745299997
07232069,1592.4980386104712,73411.209,587.275,444.7687772035185,648.22097547
07232072,1012.891203460458,40464.2138,331.75,282.8903842144713,357.29900785399997
07232080,4082.197906552778,161684.0129,1827.625,1140.1170533211252,1427.6698339069999
07232094,735.7624287154392,24423.2411,376.027,205.491088715935,215.65721891299998
07232095,2649.6284214595216,107150.9862,1388.45,740.0147218294297,946.1432081459999
07232122,692.13076728799,42534.985400000005,307.78499999999997,193.30520199586272,375.583921082
07232502,1089.0532175548517,34870.4569,398.93,304.1616731308945,307.9061344269999
07232011,562.1805636760595,23154.9351,389.305,157.01140962908664,204.45807693299997
07232038,285.0581565092985,14886.148100000002,21.380000000000003,79.61389253148197,131.44468772300002
07232047,1122.053452147581,40208.11549999999,386.055,313.3783086502979,355.0376598649999
07232084,372.2708765068699,10971.6662,215.895,103.97153309960369,96.87981254599998
07232090,272.88308421155267,12793.6081,79.055,76.21351658944454,112.96755952299999
07232102,1257.5934412189617,64474.86720000001,598.13,351.2332721980438,569.313077376
07232106,482.79701287875463,17675.3282,327.03,134.84037772690738,156.073148006
07232117,587.8205253312154,20333.877499999995,137.735,164.17239451975516,179.54813832499994
07232128,372.5871114948858,15925.6047,225.06,104.05985436940665,140.62308950099998
07232132,992.8538387917538,40054.759999999995,685.63,277.2941486361489,353.6835307999999
07232253,1241.4097862431072,48053.193100000004,539.14,346.7133391998374,424.309695073
07232285,1262.8635934780007,54985.5957,386.875,352.7051730224708,485.52281003099995
07232221,707.9667319466732,28214.1843,371.49,197.72802856538635,249.131247369
07232249,181.17356132769646,9104.0773,35.68,50.599963943212344,80.389002559
07232258,1042.876174201437,35876.467699999994,395.725,291.2648866927193,316.7892097909999
07232260,2561.2543190975625,86503.83739999999,1100.16,715.3327187807582,763.8288842419998
07232261,236.65641363005582,7919.7721,295.85499999999996,66.09576976273829,69.931587643
07232262,2077.612274569621,86097.77219999999,745.09,580.2563321645495,760.2433285259999
07232264,394.17558869831817,17579.535600000003,209.106,110.08930016755328,155.227299348
07232265,783.3341166563088,26816.828599999997,411.805,218.77738544094046,236.79259653799997
07232270,290.3956748726234,11888.188900000003,108.355,81.10460803517498,104.97270798700002
07232291,330.89957330846244,10828.032200000001,217.82,92.41694182932046,95.61152432600001
07232292,1476.1723898284813,49783.767100000005,362.44,412.2801867551965,439.590663493
07232295,2446.0436949855075,120101.3902,1232.805,683.1555435725023,1060.4952754659998
07232315,1267.197477021073,18162.064300000002,587.92,353.91558335721544,160.371027769
07232322,1525.9896639365757,78352.6493,947.591,426.1936532408462,691.853893319
07232202,3882.305102798966,151535.43260000003,1993.31,1084.2889921607232,1338.0578698580002
07232206,4393.9126966893355,172019.6201,2100.775,1227.1758770583644,1518.9332454829998
07232207,2382.183770966818,81353.6899,975.25,665.3201053933226,718.353081817
07232208,996.9536770789002,49548.5064,367.595,278.439192471366,437.513311512
07232283,1024.7310923573368,40580.7592,578.835,286.1971467844806,358.328103736
07232296,256.95214835544897,9658.5519,5085.914,71.76416551419334,85.28501327699999
07232308,1735.9532646747284,65535.8237,982.35,484.8343872910049,578.681323271
07232320,639.771433477732,34500.4407,578.165,178.68176365599575,304.63889138099995
07232302,2182.1171712337823,83625.22589999999,1042.423,609.4435047538831,738.4107446969998
05366036,6965.8998522211905,323896.9892,14165.542,1945.5061697268561,2860.010414636
05358016,17773.048673464364,952668.4171000001,8666.789,4963.834764011862,8412.062122993
05358032,23117.95930326735,1130374.9533999998,12175.927,6456.614853809538,9981.210838521996
05358020,22371.453491345266,748131.2841999999,6203.849,6248.123245597819,6605.999239485998
05358024,98160.23025657285,3134343.534,22906.268,27415.17070835823,27676.25340522
05358056,5314.0990817475995,258371.53449999998,9333.381,1484.1747325412869,2281.420649635
05116000,306114.1655797067,16022894.310099998,77209.251,85494.62530475628,141482.15675818297
05154060,30714.17543010582,1139217.2936,13199.337,8578.162055874254,10059.288702487998
05166008,42069.1075116603,1529814.0158,14287.279,11749.481036931606,13508.257759514
05154028,43885.74393628039,1511643.1761,16512.078,12256.84942396375,13347.809244962998
05166012,91257.35429259615,3072286.4185,27295.514,25487.266480379178,27128.289075355
05170040,38707.102351131354,1255858.1373,14886.856,10810.506615647475,11089.227352359
05154044,68144.84879508399,2363753.6777,28326.056,19032.174819979005,20871.944974091
05170052,45201.56785084884,2008396.9078000002,20111.727,12624.345885063572,17734.144695874
10042115,23004.204175922645,1020047.2485,8210.261,6424.844184293435,9007.017204254998
07235062,2919.1179499764667,131650.9072,1124.611,815.2804522489273,1162.4775105759998
07235154,129.31425406801543,6658.018500000001,946.875,36.11617801865603,58.790303355000006
07232028,1803.5099355339567,91550.0667,562.97,503.70228989527874,808.3870889609999
07232033,1810.684719407931,83521.3858,524.95,505.70613528344103,737.493836614
07232037,1964.818645083904,109535.6644,944.97,548.7541993854835,967.1999166519998
07232063,3687.4630673847428,173458.4312,1618.2450000000001,1029.8715600898847,1531.6379474959997
07232078,419.9992496652031,24268.262600000005,107.055,117.30159043899457,214.28875875800003
07232082,2573.9530197772046,45466.499899999995,405.655,718.8793388935754,401.4691941169999
07232093,1271.2499905918366,54776.388,481.04,355.04740987239404,483.67550603999996
07232108,941.3180395179438,55290.8518,482.854,262.9007152569665,488.21822139399995
07232002,939.4747739635419,51613.6125,946.7529999999999,262.38590962027763,455.748198375
07232013,2506.5043677391886,116324.7064,1505.817,700.041604865878,1027.147157512
07232026,1186.8044678064011,46961.996699999996,562.185,331.4626198136498,414.6744308609999
07232045,355.08616606446594,18336.0537,351.594,99.17201532014468,161.90735417099998
07232053,1690.0196704015325,81254.1015,971.5,472.005593746444,717.473716245
07232062,891.805321668437,38634.4251,551.372,249.07230828877778,341.14197363299996
07232083,404.50398274143333,16691.8171,68.7,112.9739173398549,147.388744993
07232099,1511.0134445926888,76540.4601,905.765,422.010944940292,675.8522626829999
07232100,484.3301543663189,22461.350600000005,252.65,135.2685688129692,198.33372579800002
07232103,939.8169798756708,40758.9737,521.99,262.48148430947606,359.901737771
07232114,1230.9169302376533,43301.83960000001,668.36,343.78278944607416,382.355243668
07232124,839.9507993192965,30388.9676,372.40999999999997,234.5898587418863,268.33458390799996
07232133,307.9566885070498,13723.354399999998,91.28999999999999,86.00922353313393,121.17721935199998
07232137,2459.2021358874536,129339.0183,1334.848,686.8305645320069,1142.063531589
07232003,416.52162959508325,22799.970299999997,118.96000000000001,116.3303259296108,201.32373774899995
07232009,1023.9037693766445,56904.056200000006,400.65999999999997,285.96608374920305,502.462816246
07232015,1374.3935123453548,70735.5729,526.005,383.8543640629341,624.5951087069999
07232018,56489.411935097654,1888408.6500000001,11691.006,15776.927859353424,16674.6483795
07232020,930.6810684284002,33520.60799999999,378.3,259.9299156013679,295.98696863999993
07232029,319.6209456748688,15676.1467,184.61,89.26693391753409,138.42037536099997
07232030,1143.94109433477,60931.47440000001,712.59,319.4913082367579,538.024918952
07232036,226.54609407335607,11085.8203,12.5,63.27205861374761,97.88779324899998
07232048,611.1438434837241,29115.913,208.29,170.6863640465693,257.09351179
07232057,529.1938309837424,26720.7683,247.865,147.7985450554494,235.94438408899998
07232092,961.7953353583235,27316.4492,600.4399999999999,268.61981921222616,241.20424643599998
07232098,557.5716545494757,28170.792899999997,372.38,155.72418739912308,248.74810130699996
07232134,1025.296392089453,46208.9736,721.96,286.35502934666334,408.02523688799994
07232267,16.52158520322483,891.8706000000001,441.445,4.614313531408663,7.875217398
07232293,6.950900175313892,480.9804,725.536,1.9413169099634169,4.247056932
07232501,2837.1437110142574,116865.74449999999,1356.36,792.3858670491719,1031.9245239349998
05366012,1955.5208902335864,99108.0437,5733.046,546.1574294333383,875.1240258709998
07232227,28.177938858893317,1107.7170999999998,440.808,7.869816543900314,9.781141992999999
07232272,659.0042247100235,21675.242299999998,169.47,184.05328991926245,191.39238950899997
07232288,1506.4280021114992,69268.87849999999,1336.94,420.73027670972056,611.6441971549999
07233214,3094.3081917701397,109383.6257,717.587,864.2093348794823,965.857414931
07233232,1920.3299086467707,76798.3197,779.31,536.3289401859565,678.1291629509999
07233237,770.8764533936633,31183.358599999996,260.3,215.2980846683162,275.34905643799993
05358012,8751.670364444359,538007.6643,4404.451,2444.2540160856647,4750.607675768999
05358044,18382.301490018064,1063367.2467,12102.667,5133.9929831471445,9389.532788360999
05358008,193688.2410679615,6439299.4966,30435.739,54095.188847870966,56859.014554978
05358028,37774.81712046155,1550645.8092999998,13964.488,10550.128673573705,13692.202496118998
05358048,33214.07691688778,1395549.0648999999,11000.396,9276.359542117589,12322.698243066998
05162012,32397.153813217577,1934502.3595,17057.479,9048.201088493537,17081.655834384997
05166036,43953.4086947799,3297531.5935999993,43258.387,12275.747514365077,29117.20397148799
05166028,30681.253780352094,876642.8787,20708.238,8568.967368314536,7740.756618920999
05154020,35516.62225415138,1381276.0104,15701.594,9919.437429361938,12196.667171832
05154048,18552.70756856263,729053.2692,8114.831,5181.585696823857,6437.540367035999
05170004,39734.036407833126,1474004.1528999999,17483.431,11097.319028343712,13015.456670106998
05170020,85893.49261269438,2679140.6738000005,15903.515,23989.19355179941,23656.812149654
05554032,45323.924759031404,1347090.5230999999,13893.34,12658.51894594988,11894.809318972997
10042113,65693.30997761316,2573472.3954000003,19076.122,18347.484543647577,22723.761251382002
10042114,12993.199301211751,725663.5819999999,8403.542,3628.8706328354297,6407.609429059999
10044114,22339.720811473475,1197267.7388,13295.32,6239.260625436426,10571.874133603998
07235028,3107.113803680434,170121.67330000002,1445.07,867.7858142299084,1502.174375239
07235057,819.8132471527758,44609.6196,269.40500000000003,228.96564179729876,393.90294106799996
07235136,5.89326416286218,372.3582,733.901,1.6459297480457782,3.287922906
07232061,1793.6388154664676,75507.5164,1188.79,500.9453847716297,666.7313698119999
07232218,1302.654747469536,62160.669,538.33,363.8184444207667,548.87870727
07232225,1400.8471629614214,63788.96489999999,639.98,391.2426041434954,563.2565600669999
07235094,5270.0923414748295,263576.9683,3267.722,1471.884090050505,2327.384630089
07235111,4265.726071681107,226272.39460000003,2676.685,1191.3746345598163,1997.985244318
07235137,12179.51425866683,183998.308,4661.312,3401.6165373030585,1624.7050596399997
07235501,7258.823975667409,313476.0087,3028.2419999999997,2027.3169481641505,2767.993156821
07232017,358.5358248235659,15990.9838,69.914,100.13547051497372,141.20038695399998
07232034,760.3875900238453,31710.514399999996,308.45,212.36865001775973,280.00384215199995
07232060,1397.2687876954774,66095.4837,700.08,390.24319971546987,583.6231210709999
07232065,494.7978109780245,18167.1413,247.75,138.19208062805245,160.41585767899997
07232077,1556.2573009921966,73302.5852,1038.253,434.64710159411055,647.261827316
07232079,1304.2343440192456,73118.47880000001,775.595,364.25960994113507,645.636167804
07232091,824.8851987446382,46065.760599999994,302.065,230.38218715738998,406.76066609799994
07232097,801.9831412439206,31054.211100000004,439.72,223.98587151801456,274.20868401300004
07232115,764.1059787060462,32244.364399999995,271.23,213.40715879281163,284.7177376519999
07232125,1086.201033580441,57351.1056,501.555,303.36508666868133,506.41026244799997
07232014,1133.0301519188324,62275.29839999999,727.37,316.4439911294107,549.8908848719999
07232039,2470.721320250047,104375.2654,1399.715,690.0477575326356,921.6335934819999
07232074,684.2367896813364,22524.729999999996,485.09,191.10049299010043,198.89336589999994
07232076,1560.802068777571,66930.94900000001,661.755,435.9164097888878,591.00027967
07232086,2143.2787832616514,91909.42910000001,1212.0140000000001,598.5963313771466,811.560258953
07232109,3303.0486798991033,160691.0852,1630.898,922.5084658090205,1418.9022823159999
07232118,1542.211401102124,73246.06019999999,800.51,430.7242222138122,646.7627115659999
07232119,568.3950899911292,34147.9098,99.82,158.74706468362248,301.526043534
07232120,1606.8566682646704,64338.67370000001,304.595,448.77899887963974,568.1104887710001
07232135,3.021134886870426,138.1901,356.71,0.8437727625540412,1.2202185829999999
07232087,1905.9545396375872,106121.0143,1011.1899999999999,532.3140433753817,937.0485562689998
07232203,418.12157282864837,20898.968899999996,78.705,116.7771740753132,184.53789538699996
07232210,2014.938638566897,106306.4224,572.655,562.7522123653487,938.6857097919999
07232222,74.14541679408902,3315.917,616.8100000000001,20.70807345642112,29.279547109999996
07232256,460.88546929906175,24236.854,330.875,128.72070272053494,214.01142081999998
07232273,611.0867905862482,36686.8534,370.74,170.67042974283325,323.944915522
07232279,783.0614380798065,39998.9843,251.0,218.70122904130915,353.1910313689999
07232304,2635.699622884615,102843.8175,2507.65,736.1245476754441,908.110908525
07232307,751.4210547915761,30844.8171,498.836,209.86438639273928,272.35973499299996
07232318,2270.451677223339,113925.6943,1095.386,634.1144489317063,1005.963880669
07232321,1410.4100476867939,50203.36319999999,505.445,393.9134222184446,443.2956970559999
07232332,1972.4033886883258,83912.02040000001,1199.8,550.8725424267625,740.943140132
07233227,1611.1802992960581,84764.6575,520.1,449.98654579039606,748.471925725
07232209,1450.715844785696,79203.3397,1067.58,405.170428290197,699.3654895509999
07232223,1954.9379274622124,75405.7096,1336.1680000000001,545.9946137609213,665.8324157679999
07232224,0.44517178784943595,42.3597,454.96,0.12433202862846895,0.37403615099999993
07232226,14461.322348415455,290225.2219,3206.302,4038.902718688952,2562.6887093769997
07232250,273.97445909348556,10086.667499999998,539.483,76.51832668021957,89.06527402499998
07232300,0.7260465596591799,74.9307,1772.57,0.20277754364721232,0.661638081
07232305,1366.818571256536,64216.3777,791.49,381.7387587662379,567.030615091
07233211,682.3515684162153,36360.1862,572.415,190.57396954296476,321.06044414599995
07233223,15.50096011476828,813.3257000000001,435.57,4.329263150453633,7.181665931
05366028,34311.3666186016,1381827.0577,32957.254,9582.82158290924,12201.532919491
05358052,23079.104122454097,1068090.686,10417.145,6445.762990360205,9431.24075738
05358060,22535.45080871446,1008142.1557,12227.484,6293.926056365861,8901.895234831
05358040,26835.780122006196,898013.4694999999,6280.9039999999995,7494.96503027511,7929.458935684998
05362032,49039.96869688122,1942525.4963,31406.377,13696.372857351955,17152.500132328998
05362016,36199.49211222715,1738824.0611999999,13742.88,10110.15615202392,15353.816460395998
05162008,126185.18084091251,4882831.3514,31356.276,35242.259157058455,43115.400832862
05362004,55748.99238525712,1968643.6937000002,17072.726,15570.136083278461,17383.123815371
05162020,34749.19951166709,2735248.1706,25106.912,9705.103931613501,24152.241346397997
05162016,59871.012848880426,2604725.0048,21621.241,16721.375178563812,22999.721792384
05114000,260415.6124516445,9012082.6951,62688.054,72731.47640161979,79576.690197733
05170024,140801.6032056244,5945831.078500001,37682.096,39324.47975929883,52501.688423155
05170028,44306.10650947541,1917291.5763,17123.749,12374.252487031386,16929.684618729
05170032,132030.24332802862,2479076.4725,22555.253,36874.726659085114,21890.245252175
05170048,164821.61351896584,4872839.6057,37931.433,46033.02843971197,43027.173718330996
05170012,99664.37444876423,3481819.4971,47599.432,27835.26313979536,30744.466159392996
10044121,7588.175629498621,382448.8175,6168.383,2119.30157156267,3377.0230585249997
07211000,5093.834650322423,147020.9843,31687.929,1422.6570794885495,1298.195291369
07235001,4832.9244333257375,130775.80430000002,630.54,1349.787464983545,1154.7503519690001
07235069,3532.2446705066286,158524.38900000002,999.99,986.5206140257962,1399.7703548700001
07235151,6091.9597354025445,298151.0128,2164.04,1701.4234345005766,2632.673443024
07232006,237.61714480882287,12784.880900000002,35.0,66.36409237365613,112.890498347
07232010,1075.0762274016429,54653.4673,584.445,300.2580395510048,482.59011625899996
07232024,384.46515816398926,25924.5512,255.525,107.37727402362056,228.913787096
07232027,347.17172961472727,14998.129799999999,1399.965,96.96159236409717,132.433486134
07232044,1016.2076005030825,44088.145000000004,214.675,283.8166207445059,389.29832035
07232055,462.74163175529793,24895.281200000005,142.65,129.23911033293714,219.82533299600001
07232058,500.593361297211,28963.239800000003,331.945,139.81071987669804,255.74540743400001
07232104,148.75529117027372,11261.0376,8.7,41.54586527094575,99.43496200799999
07232107,1884.3155645908193,91689.32800000001,1020.518,526.2704940345699,809.6167662400001
07232111,1472.1888669548266,67420.81539999999,800.94,411.1676286518135,595.3257999819999
07232123,10198.096612551199,389894.58879999997,4082.315,2848.226402919424,3442.7692191039996
07232126,669.8989261869849,36763.1648,191.255,187.096071094763,324.618745184
07232289,2897.5414831341695,136811.275,1345.315,809.2543608245421,1208.04355825
07232113,736.2370878393651,15088.6556,346.12,205.62365626265628,133.232828948
07232129,241.65030937055448,12298.899999999998,71.675,67.49051490410216,108.59928699999998
07232306,270.88878264547486,6385.503800000001,638.192,75.65652810505468,56.38399855400001
07232313,756.4280687564503,22663.910900000003,1513.93,211.262795322989,200.122333247
07232331,299.26029067131077,17149.2681,72.38,83.58040658159038,151.428037323
07233060,995.3189414362545,53997.3721,329.34499999999997,277.98262715373147,476.79679564299994
07233081,869.9241934223351,48073.7567,339.63,242.96112798092395,424.4912716609999
07233204,201.86890041879732,8292.423700000001,689.8149999999999,56.3799651979659,73.222101271
07233209,2250.8077211207833,84661.529,722.315,628.6280884318236,747.5613010699999
05366008,25401.62865348172,1150980.9798,11717.326,7094.420866630909,10163.162051634
07233002,288.17163188852516,15174.8465,417.82,80.48345507014619,133.993894595
07233007,2104.320130238202,80645.709,1030.01,587.7155691742274,712.10161047
07233022,1300.8155676597241,69947.0299,690.145,363.30477989168435,617.6322740169999
07233023,1023.1803088008951,72326.5018,591.185,285.764028445002,638.643010894
07233028,2304.6713615102103,68491.74160000001,563.455,643.6716645561866,604.782078328
07233029,2602.5974534998604,113524.5064,3518.288,726.879442787976,1002.4213915119999
07233035,3735.0722699725998,176368.15980000002,1554.14,1043.1683342806473,1557.330851034
07233036,295.07543942672623,11965.884399999999,811.51,82.41161947749036,105.65875925199998
07233041,3365.3273441827787,146030.4759,1365.518,939.9022739568082,1289.4491021969998
07233053,1136.8080405233572,70519.4289,783.495,317.49911763776845,622.686557187
07233083,675.6117478641895,18413.457099999992,1524.155,188.69160506098947,162.5908261929999
07233239,591.4035466471538,37311.615999999995,233.18,165.17309654308357,329.46156927999994
07233241,1254.689546783713,80806.38,1004.845,350.4222435212232,713.5203354
05366032,19885.716496670673,981356.2124,11735.26,5553.8817603551515,8665.375355491999
05366024,19238.431520598377,517318.7863,12901.065,5373.101539387921,4567.924883029
05366044,35595.080040355904,1732939.5499999998,23487.445,9941.349904471,15301.856226499996
05362008,76897.66485765952,3158683.2229,27610.935,21476.748818095726,27891.172858206995
05162028,26348.098838006707,1281892.1498,14302.454,7358.760524466893,11319.107682733998
05162024,131189.76420058246,8752568.081299998,49766.005,36639.989243580676,77285.17615787897
05162022,47590.89360524411,3418181.4379000003,25366.99,13291.660675008627,30182.542096657
05112000,468369.41853795835,17752828.9455,70881.869,130810.89490346638,156757.479588765
05170044,77820.48825281792,2665490.3897,17590.017,21734.484164129513,23536.280141051
05554048,67193.65704662818,2115759.6474,33451.705,18766.516476552784,18682.157686542
10041519,25625.183572499263,910276.8435,14560.753,7156.857519963319,8037.744528104999
10044115,63974.20150703634,856397.3606,14809.013,17867.35473890018,7561.9886940979995
10044119,167818.1520739089,875542.8052000001,10361.443,46869.93169272201,7731.0429699159995
10044120,2400.5191875439377,97139.1269,8401.299,670.4410038891464,857.738490527
10042111,25850.5449437829,1426184.2418999998,11865.072,7219.798697349126,12593.206855976998
10042112,38165.64199947478,1776576.5194,14627.678,10659.28215403331,15687.170666302
10044111,9973.232243775525,369793.7542,8643.934,2785.424033364066,3265.278849586
10044113,12393.255449622504,772166.9687,5998.153,3461.312314525069,6818.234333620999
07235033,1597.866544929459,97486.2743,613.605,446.26814733334857,860.803802069
07235003,568.9425400675087,28863.674,465.465,158.8999620154545,254.86624141999997
07235040,1030.924008265013,34677.618200000004,259.55,287.9267662683355,306.203368706
07235043,735.3107706302712,39605.115099999995,349.165,205.36494512932845,349.71316633299995
07235046,184.47142245142018,10670.061499999998,101.75999999999999,51.52102357645714,94.21664304499997
07235072,1362.5997490152538,64989.8182,578.102,380.5604839024702,573.8600947059999
07235081,2679.2235996669506,99025.5759,878.84,748.2803591509826,874.3958351969999
07235100,99.88455373570083,4578.557499999999,256.65500000000003,27.896757012843885,40.42866272499999
07235105,475.5302287838289,25987.979399999997,280.23,132.81083759703557,229.47385810199995
07235106,46.955461978393274,1375.8432,1212.685,13.114190975945457,12.148695455999999
07235119,3034.494895767047,134465.24049999999,1240.063,847.5040794387786,1187.3280736149998
07235123,325.7577670221227,19173.331199999997,155.145,90.98088675160865,169.30051449599995
07235124,0.9463881552706915,161.4042,492.256,0.26431674788555143,1.425199086
07235140,182.46821950019643,5937.2188,634.25,50.96154902420986,52.42564200399999
07235152,3848.934467658775,171757.3014,1393.631,1074.9689074724192,1516.616971362
07231003,1315.3796101616708,59080.700399999994,596.05,367.372371322053,521.682584532
07231010,4527.937797965832,190218.416,1349.94,1264.607747593877,1679.6286132799999
07231022,329.56609952192554,18430.1637,161.13,92.04451593547857,162.738345471
07231037,797.3237964468774,43651.8261,219.075,222.68456310964837,385.44562446299994
07231051,1110.0042094745286,51733.0598,388.36,310.01307566414107,456.802918034
07231503,7232.890325758874,320829.7861,2045.92,2020.0739390811957,2832.927011263
07231504,2103.4281599577844,98825.5779,846.26,587.4664507946096,872.629852857
07232050,2643.2394279091113,128138.7468,1419.305,738.2303398207357,1131.465134244
07232311,10652.083452378316,444353.70810000005,835.84,2975.0203874147396,3923.643242523
07235091,564.1693196715951,33958.250499999995,249.862,157.5668492910798,299.85135191499995
07235125,596.7785836665058,21917.0972,6694.367,166.6742906322184,193.527968276
07231009,2044.2893378258975,101838.9393,1039.925,570.9495691613948,899.2378340189999
07231026,1057.6905614316208,49933.3049,354.02,295.40239690223734,440.911082267
07231046,3740.746567706572,159855.38440000004,1416.715,1044.7531088947685,1411.5230442520003
07231065,749.3686020311125,36701.467899999996,216.985,209.2911568612694,324.07396155699996
07231116,207.17078201753608,11312.575799999999,67.32000000000001,57.86072770967765,99.89004431399998
07232105,2.905623907781143,275.0304,716.301,0.8115117012041954,2.4285184319999997
07232228,1220.5661758438578,59204.037599999996,915.865,340.891927251431,522.7716520079999
07232282,2042.747975064974,104352.90030000001,686.915,570.5190819558966,921.436109649
07231082,603.381363220744,35046.505900000004,294.735,168.51838093392158,309.460647097
07233008,749.5958449830284,45533.16070000001,345.055,209.35462354531,402.05780898100005
07233017,1109.2073485944934,55969.8125,475.6,309.79052038895605,494.21344437499994
07233026,0.5447721593978546,50.5692,5806.265,0.1521494163982268,0.44652603599999996
07233043,946.8292572666969,45401.2444,365.2,264.4399432620158,400.892988052
07233052,1293.1886446406775,65614.3019,383.55,361.1746565616948,579.374285777
07233065,499.2958079524617,26731.856799999998,188.35,139.44832620304302,236.04229554399996
07233079,897.6770839809016,51506.1599,413.903,250.71223278502598,454.799391917
07131033,498.16964561202366,29093.8734,649.085,139.13380032298207,256.898902122
07131062,61.82475032299161,2547.2214999999997,174.005,17.267034517708325,22.491965844999996
05366004,36825.857152709475,1870102.2066000002,16597.665,10285.09364418023,16513.002484278
05366016,173501.24975432208,4871914.8973,43510.55,48457.16404388461,43019.008543159
05362020,31579.51445230118,1455858.7437,34383.703,8819.842591383196,12855.232706870998
05162004,21140.838473334723,962797.2243,30640.559,5904.424777217654,8501.499490569
05362036,90284.35832935358,2895203.9038,28985.798,25215.51843780516,25564.650470554
05111000,621576.9628918853,23743360.3656,78199.498,173600.22996607464,209653.872028248
05170008,38227.414228371796,1773393.3476,21254.541,10676.534519841958,15659.063259307999
05170016,48724.13049920056,1529126.0842000002,14458.33,13608.162407121723,13502.183323486
05170036,36413.43320822775,1668441.3646,17381.992,10169.907760725926,14732.337249417998
05554012,145645.7141297612,4775519.5072,67980.768,40677.391499301004,42167.837248576
05554040,34394.50515957364,1365130.1949,24353.579,9606.04134601732,12054.099620967
05554060,55350.75451616863,1455372.3397,19047.282,15458.912228820735,12850.937759550998
10041512,1415.8840183716225,82731.4985,4082.033,395.4422474910104,730.519131755
10041515,334.22140353865836,10915.459900000002,12705.981,93.34469579431189,96.38351091700001
10044116,24212.1851310471,1191255.7109,12309.073,6762.221185250144,10518.787927247
10044118,28629.430703803868,1404294.9366000001,10767.576,7995.913701265382,12399.924290178
10044122,21087.669607773518,592558.5547,2973.096,5889.575244755066,5232.292038000999
10044123,12636.232343670732,604988.0368,3349.695,3529.1733312637984,5342.044364943999
10044112,34210.80609792633,1616698.3725,15953.578,9554.736035089845,14275.446629175
10044117,34524.6372670111,1586059.1760999998,14667.868,9642.38594230353,14004.902524962998
10042116,36924.5767159122,1575600.1989000002,15648.016,10312.665030987117,13912.549756287
10042117,13309.257107309953,685902.7651,5594.403,3717.142417500597,6056.521415832999
07235058,8275.26865636975,258677.86229999998,1942.999,2311.199783037507,2284.125524109
07235103,1.537192878087195,158.0285,2268.408,0.4293225989209727,1.395391655
07235114,4760.851399437795,213495.70309999998,2488.157,1329.6581873489818,1885.1670583729997
07235142,1502.4923641907185,83688.9339,644.11,419.6310923948257,738.973286337
07231053,21323.020437829076,399043.96109999996,3510.247,5955.306378081283,3523.558176512999
07231111,1634.6278896461001,86588.1094,763.8199999999999,456.53522329925926,764.5730060019999
07235004,1783.5847826326994,88438.0387,1406.953,498.1373939414866,780.907881721
07235015,1556.7105731870174,68596.2039,734.13,434.77369598540207,605.7044804369999
07235019,1202.9835068930324,51601.0364,406.765,335.981263640155,455.6371514119999
07235022,3045.086247908823,148641.2878,1377.52,850.4621381784552,1312.5025712739998
07235026,13769.758008491914,249908.9107,4940.62,3845.7557141917064,2206.695681481
07235063,2972.4155399040606,120057.64510000001,831.03,830.165936139805,1060.109006233
07235067,953.8182216684615,45221.123400000004,372.04,266.3918911297846,399.302519622
07235074,5482.261157922988,230485.5578,1837.275,1531.1407187963111,2035.1874753739999
07235077,144.02606427561167,8378.7989,42.32,40.22503949153558,73.98479428699999
07235078,3483.3169916717143,105406.12030000001,1699.338,972.855602603993,930.736042249
07235083,4272.623926841787,195154.9248,1918.187,1193.3011365276425,1723.2179859839998
07235108,1032.6493036347524,47540.8911,284.07,288.40862401214997,419.78606841299995
07235115,2011.2346965349825,112801.64520000001,866.365,561.7177383952552,996.0385271160001
07235120,435.7682695494613,21636.335100000004,166.315,121.70572000246904,191.048838933
07235134,872.3910578335909,35531.574199999995,384.09,243.65009854234358,313.74380018599993
07231007,2016.7402861114952,103743.7101,891.36,563.2553945080795,916.0569601829999
07231013,1101.6379965104502,52552.3474,563.8050000000001,307.6764760454036,464.0372275419999
07231023,445.4508204359265,19682.2592,167.755,124.40995963954991,173.794348736
07231024,2764.246748210303,143252.0309,1260.38,772.0264743076555,1264.915432847
07231031,1110.9144023949007,53810.0017,716.15,310.2672834448718,475.142315011
07231050,349.1120048431152,17599.864100000003,230.05,97.50349183263363,155.406800003
07231069,2453.82440612954,137631.97530000002,1114.12,685.3286183879192,1215.2903418990002
07231113,9019.644958330739,279194.5714,2714.625,2519.096640412192,2465.288065462
07231117,3222.1847717659157,135154.224,860.701,899.9239849065025,1193.4117979199998
07231134,86410.47569903129,1908664.6264999998,15170.514,24133.581757982447,16853.508651995
07231036,492.4119750497801,27341.173199999997,245.835,137.52574051165308,241.42255935599997
07231062,1603.1983539444107,70884.9621,1331.538,447.7572682731344,625.914215343
07231080,4004.7532658312743,171879.9617,1817.725,1118.4875396140164,1517.700061811
07231085,1359.1460246864658,73459.7144,788.36,379.595893234683,648.649278152
07231091,597.6667825844426,21727.3501,166.86,166.92235570800895,191.85250138299998
07231100,764.3664715294342,42446.3349,499.856,213.47991183345567,374.801137167
07231108,1404.0406487177236,73065.3717,673.305,392.134512780373,645.167232111
07231114,645.6887579234144,27870.245999999996,418.0,180.3344132004304,246.09427217999993
07231025,1168.4755857173311,56799.605,714.225,326.3435463349934,501.54051215
07231074,1869.6629347657781,91220.68760000002,744.49,522.1781610507342,805.4786715080002
07231104,729.1149048137398,39123.19530000001,431.065,203.63450176542938,345.45781449900005
07231127,13307.758793282323,105398.52939999998,1234.837,3716.7239533758197,930.6690146019998
07233011,555.4381380408843,26879.5508,163.115,155.12831757343855,237.346433564
07233063,1469.1671679886667,73420.69769999999,967.985,410.3236983475547,648.3047606909998
07233074,599.0824237365485,35086.151,370.905,167.31773012538062,309.81071332999994
07233075,2255.9797628246915,130789.3187,1220.045,630.0725879593081,1154.8696841209999
07233501,20644.21122856996,829554.465,6913.632,5765.721754027303,7324.9659259499995
07233006,0.4900054589869942,49.536500000000004,160.507,0.1368536246404776,0.437407295
07233018,2708.3461665656414,87957.0149,933.355,756.414000860118,776.6604415669999
07233020,6424.419099782588,172132.46850000002,2070.859,1794.276010378279,1519.929696855
07233030,2.6071502446021295,174.4933,304.145,0.7281509918149287,1.540775839
07233031,740.0807202278514,29286.596700000002,376.455,206.69714435243662,258.600648861
07233040,495.54717571431866,23979.7427,289.69,138.40137070525205,211.74112804099997
07233042,8966.800311838719,244079.69030000002,1681.632,2504.3376590934354,2155.223665349
07233048,429.7518204402723,22754.222200000004,273.08,120.02538593076365,200.919782026
07233049,3954.482187833057,72333.519,857.885,1104.4473302398944,638.7049727699999
07233055,802.1001244440074,49174.754,627.895,224.01854375596682,434.21307781999997
07131008,811.3418301566633,31165.856699999997,620.25,226.59965974445447,275.19451466099997
07131009,0.9146159329273235,77.9077,324.07,0.25544308390727216,0.687924991
07131015,207.04480468545415,11900.0847,111.095,57.82554350060049,105.07774790099998
07131030,88.7343607320335,5639.1968,265.6,24.782619608849632,49.794107743999994
07131065,718.4065663368532,31367.8681,133.655,200.6437699122197,276.978275323
07131075,431.9651314642489,18329.8423,216.32,120.64354156665006,161.852507509
07131079,503.9566500856331,21427.161,290.82,140.75005280241646,189.20183163
07131086,6.489937520069671,408.20169999999996,84.16499999999999,1.8125746499802584,3.6044210109999995
07233010,11.506469736575706,578.1304,363.895,3.213641932728229,5.104891432
07233054,399.6648567595396,24700.1534,322.94,111.6223978443718,218.10235452199998
07233076,1534.0405467440896,70485.506,2306.691,428.4421843001568,622.3870179799999
07233205,565.0666333779383,35269.068799999994,259.845,157.81746003612437,311.4258775039999
07233206,830.2787988400314,40159.3418,435.305,231.88856572803235,354.606988094
07233207,400.69274329641723,21137.866599999998,91.125,111.90947627525637,186.64736207799996
07233212,399.9538970123478,15542.952700000002,389.125,111.7031238965786,137.244272341
07233229,1852.0229493283118,81936.3813,893.63,517.2514895179041,723.4982468789999
05366040,37614.838889481514,1463390.086,16006.342,10505.448353443291,12921.734459379999
05382064,51360.50584188212,1649372.7598,16119.167,14344.475676579257,14563.961469034
05315000,418924.8321814946,8605817.2626,156520.048,117001.51637996963,75989.36642875799
05117000,75524.21571864714,3116799.4414999997,34651.856999999996,21093.15820806096,27521.339068444995
05158028,122569.77730018662,4981520.8374,28540.461,34232.51310216912,43986.828994241994
05119000,238805.1485907007,9965175.595600002,32798.87,66695.8899498968,87992.50050914801
05512000,153306.95337505292,6820408.2323,43221.998,42817.09900811853,60224.204691209
05554056,76515.97203311931,2366134.0686,38558.413,21370.14582912989,20892.963825737996
10041100,72838.58585712676,3251714.6772,47225.204,20343.088644036932,28712.640599675997
10041513,9964.304128370513,584853.9088999999,13531.992,2782.9305000126005,5164.260015586999
10043111,9781.89479366189,491036.12119999994,13270.369,2731.985396921829,4335.848950195999
10046115,20237.610428221626,827010.63,7046.224,5652.162216498017,7302.503862899999
10046118,21577.845238677393,1106849.7894,11789.841,6026.476396710209,9773.483640401999
07231017,342.9606163201802,17296.2394,184.54000000000002,95.78547053206312,152.72579390199996
07231078,274.88888659208044,13524.6227,87.36,76.77371713630214,119.42241844099999
07231093,43.62528473847158,2477.5301000000004,251.38,12.184105774607726,21.876590783
07231115,644.5611323795671,30818.281799999997,221.044,180.0194786622893,272.12542829399996
07231122,544.2231619837823,29067.215099999998,252.81,151.99608691045057,256.663509333
07231202,702.2332399423617,33641.9977,435.33,196.1267215835022,297.058839691
07235005,967.0596732955833,50263.0911,411.745,270.0900961547234,443.8230944129999
07235008,2406.6942222953476,115782.5201,1165.7,672.1656293448676,1022.3596524829999
07235030,752.9933189899039,46061.3807,446.045,210.30350406069024,406.721991581
07235045,5900.867130895182,124879.5791,6173.717,1648.0531809877152,1102.686683453
07235047,937.1435469820505,46006.658200000005,266.71299999999997,261.7348212366169,406.238791906
07235092,738.3519505169078,28885.7317,340.174,206.21431625986716,255.06101091099998
07235112,959.6964871684336,55327.363999999994,566.385,268.0336319012718,488.5406241199999
07231006,1007.7550459094186,53084.963,520.225,281.4559067720415,468.74022329
07231058,1602.2585990738487,52086.7633,176.74,447.4948041353352,459.92611993899993
07231086,1151.0801738609653,53680.929299999996,562.77,321.485181757629,474.0026057189999
07231092,5363.7321756524525,237767.7922,1832.971,1498.0367593379733,2099.489605126
07231105,5170.148190746833,238620.14440000002,2895.768,1443.970688193683,2107.015875052
07231133,934.0116880374426,47420.7036,1278.855,260.86012435197733,418.72481278799995
07231203,522.9939181693991,24267.4282,145.85,146.06697140553146,214.28139100599998
07231204,1709.6167676470504,80548.2271,515.535,477.47886703614466,711.240845293
07235207,3120.1436195582974,132539.01929999999,1046.325,871.4249115064368,1170.3195404189998
07231001,3793.881663731909,171259.3167,2214.83,1059.593209863685,1512.2197664609998
07231066,724.5765208799277,36089.7656,179.14000000000001,202.36697651655498,318.67263024799996
07231081,2.0535360989867897,120.5979,1328.098,0.5735320970860205,1.064879457
07231103,4711.853760510016,212289.7171,2237.791,1315.9736367728424,1874.5182019929998
07231107,2578.250105885152,103915.65269999999,977.5,720.0794720726641,917.5752133409999
07231004,3.2560639758114904,425.4215,1370.571,0.9093861078043911,3.7564718449999996
07231020,142.90159097348047,9749.366800000002,141.045,39.91098534298336,86.086908844
07231033,662.4796695483528,40526.0331,551.335,185.02394690815945,357.84487227299996
07231044,874.7260799104522,29716.199099999998,309.0,244.3022468581902,262.394038053
07231049,1036.7549670895346,61561.846600000004,788.78,289.5552947584361,543.591105478
07231057,4.212789988750584,386.6023,855.435,1.1765901159581507,3.413698309
07231095,1155.0864242592684,62367.21140000001,649.775,322.60408743137106,550.702476662
07231096,878.5180295436866,43422.7363,558.86,245.36130047125621,383.42276152899996
07231101,822.6767143188877,34214.0558,326.505,229.76537954212213,302.11011271399997
07231132,273.4603262942129,12884.2016,174.47,76.37473453071071,113.767500128
07231136,9.013865889313415,315.7663,1643.925,2.5174826042263434,2.7882164289999998
07135091,0.13163861251691075,19.5,283.85,0.036765348089848,0.17218499999999998
07233016,894.0031135021771,45087.857800000005,399.336,249.68612957002304,398.12578437400003
07233021,855.1519150788704,42965.079,749.375,238.8353783623777,379.3816475699999
07233027,4269.749018082875,190931.4525,2595.347,1192.4982032603662,1685.924725575
07233034,510.68238434995953,30207.461999999996,394.746,142.6284831251002,266.73188945999993
07233046,686.2292434260298,34657.707299999995,353.255,191.65696539645586,306.0275554589999
07233062,675.1661539853925,21973.305399999997,476.28499999999997,188.56715514658026,194.02428668199997
07233070,1325.714883760103,74461.5934,752.076,370.2589098853592,657.495869722
07233071,555.8187581306968,28986.457499999997,746.445,155.2346209583223,255.95041972499996
07233084,526.3877748673284,26003.7598,190.11,147.01484164269615,229.613199034
07135083,1898.7736425886305,63444.583199999994,4367.008,530.3084906385786,560.2156696559999
07233003,281.8419346009093,13156.0021,111.175,78.71563391468796,116.167498543
07233014,2342.9923832854283,85598.75520000001,1900.429,654.3743427277873,755.8370084160001
07233025,222.9588870045335,11789.3895,160.87,62.27018755149616,104.10030928499998
07233032,391.69889141573793,20366.403000000002,237.1,109.39758338350144,179.83533849
07233037,573.8990659507417,26990.5805,97.61,160.28427012938263,238.32682581499998
07233061,602.9623718906915,31331.8348,415.695,168.40136084535123,276.660101284
07233064,713.3881434229584,34816.2546,424.11,199.24217457659802,307.427528118
07233067,581.9893006416687,24903.7853,383.22,162.54379177621163,219.90042419899999
07233068,991.6806891241255,34517.350600000005,667.513,276.966499665477,304.78820579800004
07233077,962.9026116942085,37951.1341,294.555,268.9290704200755,335.108514103
07233203,361.37451421238603,20327.7653,119.14,100.92828807437729,179.49416759899998
07233216,382.91392051768787,18697.689799999996,314.8,106.94402886138504,165.10060093399994
07233222,300.8625260995582,15351.844600000002,83.99000000000001,84.0278949143456,135.556787818
07233226,465.0608456889358,24990.953200000004,259.255,129.88684359246287,220.67011675600003
07233236,340.28394974402033,11852.829099999999,183.015,95.03790432400743,104.66048095299999
07233243,156.637431458372,7140.9385999999995,109.4,43.747268232008715,63.05448783799999
05382048,54110.53764226358,2159985.4716,19581.548,15112.532058107794,19072.671714227996
07131003,5.948193674757204,376.9513,1262.951,1.6612710114229394,3.328479979
07131011,2311.8816612855917,145036.34590000001,1086.33,645.6854291804528,1280.670934297
07131040,813.5347867094827,51705.9494,246.405,227.2121305800914,456.5635332019999
07131047,1052.4500031039315,68412.31150000001,557.79,293.93876136689704,604.0807105450001
05382012,14206.347566769526,2097792.1191,29065.07,3967.6908119230607,18523.504411652997
05158020,133948.3190228765,4104506.323,25021.596,37410.426019899176,36242.790832089995
05158026,62885.615026865424,2040717.8455,14170.412,17563.323420853245,18019.538575765
05316000,44771.32778227572,1837517.612,44931.663,12504.184136311786,16225.280513959999
05122000,49863.09555238362,2062926.273,42552.812,13926.26395682522,18215.63899059
05158016,104009.15291293398,3136003.3483,15335.565,29048.716317053328,27690.909565489
05158004,54807.98084175933,1803753.8826,14301.862,15307.320969294962,15927.146783357997
05158008,79.30570289909483,5685.785699999999,12733.94,22.14928976268819,50.20548773099999
05158024,17905.78728900905,835788.0369,17343.674,5000.907331947337,7380.008365826999
05113000,164612.29649835083,6554770.550799999,81467.582,45974.5682890244,57878.62396356399
05158012,19938.428987465915,845741.7361,10473.925,5568.603831909355,7467.899529762999
05562014,81684.43120374525,3657555.7709000004,17947.088,22813.64479089401,32296.217457047
05554028,24881.358740466014,1055196.8241,19502.296,6949.114682624752,9317.387956803
05554064,35959.68593073958,1611636.1448,28830.065,10043.180683596256,14230.747158583998
05554016,52417.801523719085,1596677.5517,30661.229,14639.767787559502,14098.662781510999
03456004,2051.424404051292,121933.6034,1836.825,572.9423218074853,1076.673718022
03456009,7360.300734898864,373366.0023,6851.064,2055.6583922499035,3296.8218003089996
03456014,45698.55793037642,1225656.2484999998,11834.054,12763.150244374829,10822.544674254998
03456019,16860.99255267547,295480.2922,4748.825,4709.106610036732,2609.090980126
10041514,23168.364995346466,1017747.6440999999,8120.446,6470.692659550315,8986.711697402998
10041511,4.500679354563303,214.4695,3720.933,1.2569947369359848,1.893765685
10041516,16105.87805090222,969486.4325,6596.511,4498.210680836481,8560.565198974999
10041518,10351.127565009821,553037.7164,5853.702,2890.966417631593,4883.323035812
10043112,6562.009090891708,258238.34130000003,12475.61,1832.703518995145,2280.244553679
10043113,6353.639881739831,366575.2173,6113.329,1774.5080825711173,3236.859168759
10046112,1903.907131452473,119817.4717,7533.512,531.7422227433611,1057.988275111
10046114,26787.668135146407,1200134.4799999997,8179.235,7481.527833465039,10597.187458399996
10046116,10228.602301851446,567722.6444000001,4566.051,2856.7463368840904,5012.990950052001
07134002,961.7068696220086,49722.8694,228.735,268.5951116167308,439.052936802
07235014,982.8700110845621,61596.2609,422.85,274.5057653958073,543.894983747
07235093,1748.081131461046,76518.88100000001,421.25,488.2215792057555,675.66171923
07235153,1124.7733668468013,68647.9808,417.375,314.13795362664314,606.1616704639999
07134011,2.1943211780519425,163.5582,216.44,0.612851961818127,1.444218906
07231018,1627.3660845928475,51792.7948,143.78,454.50707376593635,457.330378084
07231019,537.9645639382653,14568.0117,164.25,150.24812306231811,128.635543311
07231035,443.73109122340946,20573.3433,90.22,123.92965646778602,181.662621339
07231054,1066.7888602930107,45609.96029999999,483.29,297.94346079123494,402.7359494489999
07231064,402.562150602523,20549.382100000003,73.22999999999999,112.43158304177864,181.451043943
07231079,2838.1773919556636,150728.1881,993.322,792.6745637992972,1330.9299009229999
07231112,233.7390392826184,12059.9897,47.34,65.28097628124249,106.48970905099999
07231123,21725.708079664473,274353.0006,1833.305,6067.773009569491,2422.536995298
07231502,5256.422678650379,180023.7032,9314.699,1468.0662899202641,1589.6092992559998
07231012,180.41835524473666,9232.361200000001,1382.7549999999999,50.389042436302496,81.521749396
07231016,15.750649764777991,966.9898,760.21,4.398998972804845,8.538519933999998
07231032,307.3308455367149,13961.471300000001,130.705,85.8344318499491,123.279791579
07231040,656.1748523533148,33310.3626,131.625,183.2630745137573,294.130501758
07231042,289.26791896665327,13335.5462,87.98,80.78963708819659,117.752872946
07231083,184.56124018512466,7471.111500000001,38.47,51.546108771303466,65.96991454500001
07231126,53.026599266280655,2847.3323,738.1,14.809798909079523,25.141944209
07131050,2470.2367775024186,65071.1088,1145.315,689.9124295886504,574.577890704
07137014,2143.087651417307,92047.3901,1025.45,598.5429501643396,812.778454583
07137019,364.33441433824845,21813.719200000003,261.375,101.7549585805294,192.615140536
07137063,247.9524201468625,11614.6158,42.54,69.25063142281722,102.557057514
07137077,928.4850964044886,42312.903099999996,222.955,259.3166025748096,373.6229343729999
07137079,1592.7219836937345,71202.8542,1052.68,444.83132282582307,628.721202586
07233201,355.696617730043,18523.7029,58.22,99.3425083658237,163.564296607
07233202,414.5454604618784,20587.420400000003,243.485,115.77840165239802,181.786922132
07233208,463.02075437005624,17416.1851,603.208,129.317066488013,153.78491443299998
07233210,736.6239433910728,40352.7261,343.375,205.7317011496927,356.314571463
07233220,373.16984792023146,16733.256599999997,188.29500000000002,104.22260682564144,147.75465577799997
07233225,934.5248159115849,44737.65239999999,288.575,261.00343583594656,395.0334706919999
07233228,425.48738917588673,13363.814,211.41,118.8343729229334,118.00247762
07233230,10.569477843228544,575.6564,170.97,2.9519494668352997,5.083046012
07233234,836.3753723626494,42459.2569,331.075,233.59127774716433,374.91523842699996
07233244,240.87139397951694,8091.9301,145.515,67.27297162453928,71.45174278299999
05314000,6280.716849669502,2719041.5697,63579.92,1754.141408944195,24009.137060450998
05382004,196.542478497157,1498414.1373,12674.853,54.892348819470975,13230.996832359
05382032,56475.80838963225,1994091.0689,15842.338,15773.12852514039,17607.824138387
05382072,30170.299559575153,1423046.9233000001,17140.123,8426.262963993744,12565.504332739
07131090,21747.38484423311,776899.2811,12063.07,6073.827113145865,6860.020652112999
05378008,567.7266775881312,12162.040200000001,9727.232,158.56038378358917,107.39081496600001
05378016,27478.054526298856,1265966.5864,15264.218,7674.345848650007,11178.484957911998
05513000,37430.36578184676,1602878.1861,35700.208,10453.92685921198,14153.414383263
05554044,2050.668667840731,127037.62400000001,25760.945,572.7312522412377,1121.74221992
05554036,39788.24933577795,1195397.7364999999,16094.667,11112.460156989424,10555.362013294998
05558040,39414.75923353432,1687486.8109,25118.58,11008.1481063338,14900.508540246998
05554024,33737.75336375416,1329099.5716000001,24574.105,9422.617136962897,11735.949217228
03456015,137604.56814687198,5410388.299000001,50554.771,38431.579837739875,47773.72868017
03456005,10370.401545917988,211204.7594,2370.418,2896.349447759435,1864.9380255019998
03456017,8770.507858544684,377860.10250000004,3585.7400000000002,2449.5151398129447,3336.504705075
10045113,13755.460075099285,721390.7738,5789.517,3841.762444374479,6369.880532654
10045116,19533.768498289057,1062230.4475999998,10038.048999999999,5455.58620388715,9379.494852307998
10045117,30549.758744436163,1057488.1607000001,18373.977,8532.242119733575,9337.620458981
10046113,13538.804677541662,650757.2590000001,4675.659,3781.252758390611,5746.18659697
10046117,33484.43681591576,1714767.6741,18504.339,9351.868358317111,15141.398562302998
07134001,1175.0158250083473,56203.1978,284.82,328.1701697665813,496.274236574
07134010,14230.731601821624,603152.2601000001,4132.516,3974.5010290727614,5325.834456683
07134015,4157.449043900266,146992.4677,1017.48,1161.133943470905,1297.943489791
07134016,1131.7021011046802,61643.855599999995,528.426,316.0730798175261,544.3152449479999
07134018,443.92304139500123,23372.113800000003,109.23,123.98326623120988,206.375764854
07134023,333.29694956333174,16609.4055,146.545,93.08650504354291,146.66105056499998
07134024,720.4198806510135,36317.8796,249.68,201.20606846702154,320.68687686799996
07134031,37.34735576286751,1499.1453,103.19,10.430742991011266,13.237452998999998
07134042,11322.040415722293,349733.2327,2893.117,3162.132667707079,3088.144444741
07134053,375.0381061143539,19604.5112,182.659,104.7443926566779,173.107833896
07134071,15.014905900217949,900.7900999999999,320.95,4.19351306887187,7.953976582999998
07131007,31.891270061471303,2214.8922,13841.448,8.90691281546832,19.557498125999995
07131070,1208.8620272265284,75382.81289999999,10981.498,337.6230755840971,665.6302379069998
05158032,4269.133919303698,130689.96479999999,23069.775,1192.3264123223298,1153.9923891839999
05954016,45669.80291939932,1656516.571,14591.819,12755.119257359036,14627.041321929999
05554052,28379.71495816108,1210390.0803,16704.765,7926.170590664808,10687.744409048999
05558012,809.0750867722321,28722.282900000002,41958.121,225.96658098461668,253.617758007
05566052,18591.018164462545,869127.3472,12835.22,5192.285463152743,7674.394475775999
05566068,67038.8902980137,2646712.6534,33876.534,18723.29167133225,23370.472729522
03456010,3557.045988595866,188223.21869999994,1635.685,993.4473741549394,1662.0110211209994
03456018,2164.020577642846,118418.82759999999,1420.2450000000001,604.3893071298704,1045.6382477079999
03456003,3525.227311418175,177865.7867,2086.042,984.560735805982,1570.5548965609999
03456025,49015.134439550675,1936499.7197000002,27573.383,13689.436897622107,17099.292524951
03454014,69300.37756811657,2084679.6961999997,23510.698,19354.902450999278,18407.721717445995
03454018,163494.56056675152,3874394.2491,45156.012,45662.39582068803,34210.901219553
03454035,134685.3711552199,4715060.393199999,46467.442,37616.27730994137,41633.983271955985
03454039,24863.62185190459,409185.6987,5083.945,6944.160947018433,3613.109719521
03454040,2629.4113599456728,188159.4556,2806.871,734.3682987192269,1661.4479929479999
03454052,9366.676419581694,387088.4434,6600.405,2616.019057224971,3417.9909552219997
03454056,10713.869353854552,464351.9859,7444.56,2992.276571838038,4100.228035497
03452011,13905.072372976476,798749.0398,5458.54,3883.5476630485996,7052.9540214339995
03452019,69672.33752480331,2950004.8138000006,17912.372,19458.787147302315,26048.542505854002
10045112,43324.15898003764,2013596.5246,16840.665,12100.004361534711,17780.057312218
10045115,15091.967942270803,529334.0151999999,8831.829,4215.035726596812,4674.019354215999
10043114,100176.08364337203,3323622.7880000006,17034.104,27978.17840075737,29347.589218040004
10043117,480.29616970332364,12025.8879,5333.9220000000005,134.14191723644126,106.188590157
10045111,24452.874513145394,1110849.2102,12329.921,6829.443322776377,9808.798526066
07336010,1189.454057668814,61026.043399999995,1703.6,332.20262376632303,538.8599632219999
10043115,11347.532742433716,613394.1716,8815.378,3169.2524196343124,5416.270535228
10046111,21025.448476256555,873379.5913000001,7334.407,5872.197504933693,7711.941791179001
07134007,994.6900778737754,51771.5183,415.775,277.80699184936674,457.142506589
07134020,763.8490517565292,40971.4527,169.58,213.33540166508104,361.777927341
07134022,222.9813098733889,12322.847999999998,99.67999999999999,62.27645003453878,108.81074783999998
07134029,962.2588121378151,50230.6723,477.455,268.74926364197034,443.53683640899993
07134033,357.82900599883016,22454.2237,171.745,99.93806308541326,198.27079527099997
07134036,1680.6917363592843,91961.8765,581.685,469.40039504778446,812.0233694949999
07134048,564.0889224736495,35412.3051,44.85,157.54439515766558,312.69065403299993
07134051,226.73006056138917,11668.879699999998,84.7,63.32343861419038,103.03620775099998
07134057,1082.6198818605221,58449.741500000004,325.485,302.3649068048252,516.111217445
07134058,943.7176628741502,49502.235199999996,473.56,263.5709060641214,437.1047368159999
07134061,671.5068848551477,37566.123700000004,288.44,187.5451578711942,331.708872271
07134068,1662.3518787665455,84362.83890000002,570.675,464.27825622070844,744.923867487
07134070,461.2727468729088,23181.671599999998,230.635,128.8288654741347,204.69416022799996
07134073,399.4588807178257,23382.2056,219.72,111.56487079568153,206.464875448
07134074,830.9634040145006,44673.2548,364.605,232.07976910720987,394.464839884
07134078,323.2003775336459,19873.3634,134.255,90.26663344137197,175.48179882199997
07134003,776.4600841350881,45537.1042,589.47,216.85753689808874,402.092630086
07134034,284.2219432986404,8147.3006000000005,326.145,79.38034654387727,71.940664298
07134040,1192.4712134806139,73413.0677,379.74,333.0452852130006,648.237387791
07134045,21380.683789095605,741731.8015000001,10772.806,5971.411175456511,6549.491807245
07134046,2703.3941734753525,103793.3182,532.205,755.0309587099312,916.4949997059999
07134047,2456.391198044438,118021.87,851.16,686.0454977018311,1042.1331120999998
07134050,1026.6560211372075,62494.879400000005,296.985,286.73476014341065,551.829785102
07134052,592.1265883503004,36394.2075,370.94,165.37503486035538,321.360852225
07134062,698.197194887686,44218.831999999995,331.29,194.9994945601818,390.45228655999995
07134063,115.73079341116107,5564.877100000001,303.9,32.32245329180317,49.137864793
07134072,792.2328638244708,45745.9304,293.226,221.26271653753642,403.93656543199995
07134080,1281.4393698956346,60519.6687,634.538,357.89320161815175,534.388674621
07134081,1291.6428618720997,62373.393000000004,248.12,360.7429348922587,550.75706019
07134084,754.4487342423538,44876.110499999995,256.19,210.70998698654697,396.25605571499995
07134085,167.0747196343097,10050.6094,301.78,46.662298446666355,88.74688100199998
07134094,820.472807109149,43674.478800000004,288.698,229.1498502975142,385.645647804
07134095,680.2100586241976,37747.0751,109.24,189.97586727315212,333.306673133
07134004,4.018250361148232,245.72340000000003,66.05,1.1222571433650896,2.169737622
07134014,2010.4483340454922,72690.5804,453.682,561.4981152155655,641.857824932
07134037,132.9172064883435,7473.170199999999,173.34,37.12244660012946,65.98809286599999
07134044,2.6969133707807638,170.4781,609.66,0.7532209353253595,1.505321623
07134056,26.245000874156126,2040.4204,564.795,7.329966294143064,18.016912131999998
07134076,1442.8440635153665,60263.053100000005,325.835,402.9719184992067,532.122758873
07134087,0.34602536472385836,46.4724,422.855,0.09664142411372639,0.410351292
07134089,1.706084379119038,145.9015,662.37,0.4764923062441561,1.288310245
07134092,17.946786832199884,757.0729,165.31,5.012358094365105,6.684953706999999
07134502,488.04079238250927,26792.4006,64.06,136.304912904511,236.57689729799998
07231056,2834.1629874066516,64837.1469,484.167,791.5533807528037,572.512007127
07134043,1019.6326077282639,47169.7531,385.81,284.7731910124268,416.50891987299997
07134049,22.745077528667224,946.6523,109.1,6.352472702981468,8.358939808999999
07135013,198.9430891177412,6867.0158,1552.742,55.562815359693936,60.635749514
07140024,1284.8061660796395,45475.7466,1802.87,358.8335141243825,401.55084247799994
07140044,2.4607064636731586,193.3098,699.335,0.6872507082392765,1.7069255339999998
07140053,2601.9199921808645,57048.6673,515.52,726.6902346161936,503.739732259
07140082,0.30639133205397223,35.4415,615.77,0.0855720351293539,0.31294844499999996
07140109,1.5989941408358697,212.1266,662.61,0.44658307359405003,1.873077878
07140120,644.3890794735564,31387.6395,302.375,179.97142600616957,277.152856785
07140159,550.4316034993824,24466.6076,376.939,153.7300425413425,216.040145108
07231029,191.26795719777712,9088.1303,939.139,53.41922776576717,80.248190549
07231070,2455.096798956717,97733.43039999998,919.825,685.6839849806215,862.9861904319998
07231206,1133.9038025045152,57532.2537,424.539,316.687993001486,508.009800171
07231501,2711.8355020715476,114441.4071,884.455,757.3885373735625,1010.5176246929999
05374020,68.56847411298419,3431.0447,16675.524,19.150489135015352,30.296124700999997
05378004,11172.00107300699,519787.67459999997,40133.553,3120.228179680122,4589.725166717999
05378012,9835.552339013502,543266.6191,15431.704,2746.971412763081,4797.044246652999
05378020,3328.757859959187,184791.0673,12110.196,929.6887827080013,1631.7051242589998
05378024,33703.78171440912,1336365.2902000002,18117.372,9413.129195017322,11800.105512466
05954028,5511.054437919564,222637.5868,13071.37,1539.182393966555,1965.8898914439997
05954036,153132.9151982095,5066696.4356,24376.602,42768.491885707925,44738.929526348
05558008,35162.49521262989,1363839.9956,25647.021,9820.533287935401,12042.707161147999
05566024,18450.263785178555,820546.0977,11285.267,5152.974172562518,7245.422042691
03456016,1541.278489370711,96728.09379999999,1370.395,430.46366929634587,854.1090682539998
03456020,5171.657613657444,210591.2779,1655.735,1444.3922549183874,1859.5209838569997
05566096,2553.0234286118657,132044.4862,19305.254,713.0339133770079,1165.952813146
03454010,52537.4423864301,1789125.6979999999,17754.773,14673.182284106062,15797.979913339997
03456027,73903.96015478077,1522782.4341,11089.886,20640.63703162872,13446.168893102998
03454032,166845.88556654943,6088463.0817,45584.181,46598.38737988159,53761.129011410994
03454029,71838.47340648838,895217.1892,8917.942000000001,20063.76723769814,7904.767780636
03454007,12221.230010604897,424694.61879999994,6615.645,3413.2673296618414,3750.053484003999
03454020,4626.491847515498,462873.91490000003,4941.525,1292.1329080926034,4087.176668567
03454044,19754.132386766934,956396.3985000001,13432.674,5517.131634300137,8444.980198755
03457021,55538.32488870283,2148341.5483,12784.192,15511.298758165813,18969.855871489
03457024,26487.320488969814,1195229.1555,8584.168,7397.643739364379,10553.873443065
03457012,90618.68337546875,698235.5948,3726.846,25308.892079934667,6165.420302084
03452023,47836.791176040744,2421442.0004,12794.9,13360.337407556419,21381.332863531996
03452026,2856.666899474479,159579.31459999998,924.875,797.8384983542272,1409.0853479179998
03452010,1783.9628094015384,115950.6765,551.902,498.24297303775563,1023.844473495
03452017,3889.599289313272,239274.2757,1246.833,1086.3261855123037,2112.7918544309996
03452021,4363.865411933225,266861.27530000004,1888.465,1218.7839708988304,2356.385060899
03452024,8888.794172714686,463809.76249999995,3730.833,2482.5513244974845,4095.440202874999
03452016,2203.909046734492,116536.98749999999,750.47,615.5297576624763,1029.021599625
07340211,4414.031213099278,180593.8009,1591.44,1232.7947775064972,1594.643261947
07320000,98466.92007126287,3086725.5119,22528.957,27500.826106703003,27255.786270076995
07340201,1988.3141816116752,83616.6392,667.655,555.3162677823248,738.334924136
10045114,9119.284751785439,443031.6845,22742.221,2546.925038326155,3911.9697741349996
07134008,1129.520034494293,59487.068900000006,469.17,315.4636504339111,525.270818387
07134021,452.89012001098394,24891.8419,194.522,126.4876816178677,219.79496397699998
07336002,1129.2637139509666,40468.287,336.442,315.39206266936543,357.3349742099999
07336018,775.0654016002954,38358.9274,231.45,216.4680160129465,338.70932894199996
07336039,918.6120587973312,48617.6667,594.13,256.5591619015066,429.293996961
07336041,1814.050166013345,109474.4791,925.7,506.6460708658671,966.6596504529999
07336051,798.073839409264,43424.2471,437.995,222.89404260861332,383.436101893
07336052,3058.7495536783463,126573.133,1095.165,854.2781628468252,1117.64076439
07336054,54.373568270401016,2873.8010999999997,553.225,15.185993882240298,25.375663712999994
07336055,11077.331744591856,481043.3929,3558.205,3093.7879829470594,4247.6131593069995
07336056,1075.8226110985208,56239.776699999995,485.55,300.4664970537059,496.59722826099994
07336077,2017.1540648731254,110473.94009999999,953.64,563.3709587784151,975.4848910829999
07336084,1423.4409469985826,67798.64689999999,542.152,397.5528220872341,598.6620521269999
07336088,972.0963480052906,46871.8914,366.463,271.4967890343976,413.878801062
07336094,644.1525523290788,38263.4638,320.915,179.90536633998843,337.86638535399993
07336097,1059.8179132108091,60623.8219,496.495,295.9965449806469,535.308347377
07336101,1137.5050491873124,67592.4668,826.893,317.69378518752444,596.8414818439999
07134005,19663.899939076364,796534.9691,2103.884,5491.930613984638,7033.403777152999
07134026,779.4458196176081,40591.4679,278.795,217.69142296100176,358.422661557
07134027,331.5009669395865,14105.4207,155.7,92.5849050565571,124.550864781
07134054,620.2572028621274,33628.885800000004,219.81,173.23163418736357,296.943061614
07134075,1702.529254903539,86311.6432,677.43,475.4993956020094,762.131809456
07135004,1649.5440754443002,59538.684,186.3,460.7011648308386,525.72657972
07135017,2.6586682366695586,98.0911,893.013,0.742539451819441,0.8661444129999999
07135032,329.8236181110667,16197.646,121.115,92.11643830223981,143.02521418
07135053,3301.864355908256,67775.2031,1047.83,922.1776959616168,598.455043373
07135054,404.4655267965674,18399.1199,246.088,112.96317697901331,162.464228717
07135056,548.6470540235139,29620.1988,303.045,153.23163571822718,261.54635540399994
07135061,1155.6385268930696,57141.0892,577.155,322.7582841759654,504.555817636
07135066,10.16726595332447,540.4729,395.349,2.839615708103991,4.772375706999999
07135072,550.2304544113197,23542.2071,253.59,153.67386361253747,207.87768869299998
07135080,468.4753536846614,25730.8816,205.205,130.84048153058907,227.203684528
07135082,2375.437623458789,73942.8436,1585.928,663.4359738558052,652.9153089879999
07140021,2581.7419607997026,121239.703,1559.906,721.0547122317489,1070.54657749
07140204,27.907154483598948,1361.3803,1112.469,7.79418917572435,12.020988049
07140502,614.4513190169132,26101.159699999997,561.986,171.61010888823367,230.47324015099994
07140503,1984.335320370215,97779.87079999999,734.455,554.2050116261973,863.3962591639998
07137023,836.3562043889586,31027.7256,537.125,233.58592432379226,273.974817048
07137027,834.970488854314,41118.8774,460.195,233.19890783212134,363.07968744199997
07137029,65.58567293887323,2745.6953000000003,811.105,18.317422595097902,24.244489499
07137048,1226.508032099446,61816.179800000005,1057.505,342.5514282850542,545.836867634
07137053,14.777672107745481,633.2965,871.31,4.127256042972235,5.592008095
07137055,8.065087819260437,582.1951,2865.694,2.2524983770412472,5.140782733
07137057,195.331565176662,5385.0194,2771.674,54.55415283818993,47.549721301999995
07137068,2608.1349147051124,138392.6715,11208.876,728.4260003279908,1222.007289345
07137069,5529.714141702158,245991.5442,6975.985,1544.3938626359954,2172.105335286
07137070,1284.6365390605022,68738.1798,1629.595,358.78613899420765,606.9581276339999
07137086,11821.028410173749,536776.6348,4716.074,3301.495024677426,4739.737685284
07137089,28271.404465112933,825521.1323,9000.097,7895.920553061391,7289.351598209
07137095,2043.5282614143619,101557.931,926.985,570.737008130417,896.7565307299999
07137101,5051.792235988846,173838.0401,2397.985,1410.9150535893248,1534.989894083
07137102,1205.3645813656876,64546.3686,783.61,336.64627392962285,569.9444347379999
07137112,2045.9666090505664,99403.2739,1114.65,571.4180142417326,877.7309085369999
07137501,4441.195210738855,189841.065,4622.517,1240.3814104072549,1676.29660395
05382008,14967.306213066142,594121.1868,11810.615,4180.218952247243,5246.0900794439995
07138009,77.34940412599443,4888.5388,1483.297,21.602915078348982,43.165797604
07138019,47.06656826362367,3389.8555999999994,1680.787,13.145221850347454,29.932424947999994
07138041,4185.763560485162,202338.2869,2564.07,1169.041904807901,1786.6470733269998
07138055,919.5908373492491,55847.5949,718.185,256.8325249632718,493.1342629669999
07138062,95.74657805395476,3342.7641,2796.565,26.741061784689023,29.516607002999997
07138068,6591.790579060067,312833.9018,2920.564,1841.021190825686,2762.3233528939995
07138073,0.4784243165716073,33.4359,2579.448,0.1336191273752842,0.29523899699999995
07138075,9001.719651256255,361331.0292,3226.031,2514.0902813993594,3190.552987836
07138077,24708.529016999335,512728.21259999997,4471.902,6900.845069157744,4527.390117257999
07138501,1287.353988654765,72592.7084,1274.14,359.5450954913893,640.993615172
05382020,35231.59490184514,1383949.4553999999,31830.64,9839.83214013633,12220.273691181997
05382028,9693.420347650008,566024.4249,21901.134000000002,2707.2753688951707,4997.995671866999
05382040,29476.394530137535,1511267.5381999998,16931.846,8232.462228322112,13344.492362305997
05382052,8029.311181609167,381682.5018,7994.114,2242.506319911624,3370.256490894
05382060,4226.467565249663,205026.90769999998,13203.873,1180.4101262985782,1810.3875949909998
05374008,4976.197429601529,278465.7744,11970.54,1389.802180113411,2458.8527879519997
05382036,27079.410485775225,1367404.0672,12782.834,7563.008554572162,12074.177913376
05911000,77008.18391015321,2637801.6196999997,66568.323,21507.61568426669,23291.788301950994
05954020,27123.84903950924,1279091.5732,6782.042,7575.419798244536,11294.378591355999
05954032,37780.48658594744,1317195.0956000001,10038.782,10551.71209858926,11630.832694148
05913000,807421.4051309047,26732260.440199997,119762.437,225504.72423901036,236045.85968696597
05916000,2339.549469534757,130616.52299999999,21991.688,653.4127713463622,1153.3438980899998
05562008,56202.37936828827,2428675.2968,13816.802,15696.76253376923,21445.202870744
05562036,39699.4475766131,1936964.3605,15158.139,11087.658713672272,17103.395303215
05558024,62003.03755904211,2727757.1085000006,34512.457,17316.82835986487,24086.095268055004
05558036,24056.20731218914,1256667.8251,14066.774,6718.658140221305,11096.376895632999
05558016,76025.38186980043,2679741.8911,49332.7,21233.12890241656,23662.120898413
05558032,45291.50632538463,2013148.6945000002,26409.484,12649.464801616672,17776.102972435
05566036,17318.7915061396,787400.1135,11579.651,4836.965279749729,6952.743002204999
05566084,70466.41901215975,3267256.7724000006,40380.611,19680.566165906093,28849.877300292002
03454045,31049.945713116293,1166909.0339,11194.662,8671.939338216249,10303.806769336998
05566060,36164.17285438978,1251199.2928000002,21681.832,10100.29183650252,11048.089755424
03454019,58124.592468265175,2274081.2665,28627.544,16233.61743046178,20080.137583195
03454050,4550.8459150150065,245551.5692,3290.159,1271.005755604541,2168.220356036
03454008,18194.968359158014,935679.02,11712.089,5081.672713029241,8262.045746599999
03454013,4653.517148999957,220424.03110000002,2372.805,1299.6808045441978,1946.3441946130001
03454025,7934.581589094838,333977.179,4037.3450000000003,2216.0492920182974,2949.01849057
03454043,3397.147446997471,154047.8886,3065.08,948.7893104719236,1360.242856338
03454030,1862.6373094328073,229651.55349999998,2694.996,520.2159741514887,2027.8232174049997
03454041,158011.10568008258,4992330.329599999,39299.728,44130.92170539026,44082.276810367985
03457022,58117.26231337936,2584116.3788,20474.799,16231.57019150372,22817.747624804
03452012,85706.25052525385,1917690.3912000002,14948.636,23936.898709198147,16933.206154296
03457014,520816.535827334,2680426.1572,18051.242,145458.8502912161,23668.162968075998
03452007,21268.089196887257,1199179.6516999998,7417.047,5939.964631798642,10588.756324510998
03452015,4176.096783243514,254945.17460000003,1872.305,1166.342070592081,2251.1658917180002
03452022,4283.356831551544,253164.5993,1458.087,1196.2987294840307,2235.4434118189997
03452003,4307.168162270351,283539.57680000004,1460.142,1202.9489960404862,2503.654463144
03452008,11494.685118447478,681287.7453000001,3913.64,3210.350606731196,6015.770790999
07340202,1485.413135081149,82759.3275,691.425,414.86103449681406,730.7648618249999
07340206,11487.211709552883,469632.9872,4581.422,3208.2633583610245,4146.859276976
07340207,2405.9908796719337,131674.06900000002,1524.73,671.9691927835744,1162.6820292700002
07340208,1677.2407536421445,69735.9087,795.735,468.4365700847145,615.7680738209999
07340210,1408.1292899896314,74140.4418,720.03,393.2764294012041,654.660101094
07340214,845.1881788125761,49002.15479999999,767.745,236.05260646056436,432.6890268839999
07340218,759.9953145006123,43411.859500000006,500.25,212.25909138687598,383.32671938500005
07340226,759.5331895674433,44548.3941,372.045,212.13002451429122,393.36231990299996
07335201,1819.9945032152164,84356.53850000001,1069.545,508.30626480297775,744.868234955
07335203,2986.6045658664775,165040.1987,1986.859,834.1287892008485,1457.304954521
07340203,2760.4606331684417,185609.0796,1622.603,770.969050237614,1638.9281728679998
07340209,768.6618702641999,50799.7852,362.445,214.67957374608838,448.56210331599993
07340212,1180.4343202839118,75852.5833,1317.54,329.6835013120937,669.7783105389999
07340213,1019.6001982900289,57193.8009,476.22,284.76413938042214,505.02126194699997
07340216,695.8866532926306,36065.3367,322.075,194.3541833980988,318.456923061
07340223,686.5966980762857,42782.2335,497.137,191.75959180572585,377.767121805
07340227,790.69276990003,50264.8061,271.26,220.83258370537936,443.83823786299996
07340228,1208.0362322280366,63235.3129,835.92,337.3924392989683,558.3678129069999
07335003,20876.964531133228,873502.9125000001,7222.036,5830.727423900199,7713.030717375
07335016,8575.771463475232,476895.9164,3038.999,2395.1272120339972,4210.990941812
07335030,3327.4398699611875,181174.4872,1779.615,929.32068128146,1599.770721976
07336008,859.0393416287229,49687.2101,487.465,239.921097723486,438.73806518299995
07336011,530.5009120854645,30274.761199999997,1604.898,148.16359973634937,267.32614139599997
07336031,2383.2022243437505,131073.4345,1214.61,665.604549236966,1157.3784266349999
07336032,1774.9858317629844,101495.29009999998,1216.38,495.7357929530839,896.2034115829998
07336037,950.2906430217217,46419.1541,606.27,265.40667368953666,409.88113070299994
07336064,2203.037204629046,124854.1462,1002.195,615.2862608808462,1102.462110946
07336092,6863.585668665732,362474.3344,5524.748,1916.930841401652,3200.648372752
07336096,1787.2265796562276,99465.5976,1224.675,499.1545114321878,878.2812268079999
07336102,324.4826031587947,14091.5551,4883.999,90.62474623621976,124.42843153299998
07336003,5663.020984621006,289199.0819,2733.585,1581.6251307948007,2553.627893177
07336006,805.9049595746314,45514.8098,188.24,225.0811961595988,401.895770534
07336022,802.9441096979541,51649.289600000004,345.63,224.2542603975416,456.06322716799997
07336024,1128.936850966414,63163.0264,667.77,315.3007731064098,557.7295231119999
07336034,983.6303678170078,60540.4644,653.43,274.7181254276121,534.572300652
07336047,995.8125880767116,54954.2996,676.46,278.12049772394477,485.24646546799994
07336070,477.9911392674192,31883.8293,218.89,133.4981452859975,281.534212719
07336079,2379.121912046361,131924.4164,1020.304,664.4649588154282,1164.8925968119997
07336082,1587.4888690208322,59141.2485,607.268,443.3697662288282,522.217224255
07336089,457.08012342238925,29108.7651,164.515,127.65790767063909,257.030395833
07336091,831.7544959900456,47706.2157,485.74,232.30071318505983,421.24588463099997
07336098,1190.4470122748849,72448.0537,589.455,332.47994605825255,639.716314171
07336106,1172.1671228997272,76456.6851,738.895,327.3745557546648,675.112529433
07336107,2864.191799777507,95437.25610000001,971.1800000000001,799.9401277598599,842.710971363
07336501,1213.179299082133,65635.9332,428.18,338.8288464406489,579.565290156
07336015,756.8814455561624,45793.2281,389.495,211.38941892938058,404.354204123
07336044,546.2993449734541,33258.225,178.045,152.575944057636,293.67012674999995
07336067,788.0579805116412,43427.1106,228.76,220.09671337709625,383.461386598
07336081,386.9171668721987,21121.4992,93.21000000000001,108.06209553573638,186.50283793599996
07336095,2350.934570237665,126138.78970000001,1006.355,656.5925161216774,1113.805513051
07336099,1502.7929257645396,77442.4237,921.425,419.71503623677825,683.816601271
07336100,271.07786640172566,16314.3509,50.855000000000004,75.70933730733796,144.05571844699998
07133008,1005.1199222186048,53715.5683,595.59,280.7199430764341,474.308468089
07133052,21819.05102141029,734375.3439000001,3057.585,6093.84275976968,6484.534286637
07134009,1055.9835183061284,46067.074700000005,329.715,294.92563682771856,406.772269601
07134019,847.9228217657096,46939.0042,478.835,236.816364890945,414.471407086
07134025,1355.1890162766508,79029.03960000002,475.68,378.49074035590576,697.8264196680001
07134055,1315.7506676488708,71538.22469999999,561.05,367.4760039676531,631.6825241009999
07134066,1558.793589269281,76771.181,681.24,435.35546154701746,677.8895282299999
07134077,1213.1066817273638,52686.7438,304.635,338.80856513963545,465.22394775399994
07134083,447.4019875528274,25817.669300000005,169.175,124.95490110362915,227.97001991900004
07133038,1100.843650344038,51401.2464,337.265,307.45462310458635,453.873005712
07133042,203.82092895749065,7529.715899999999,84.11,56.92514724853756,66.48739139699998
07133043,3664.949379162856,147588.6142,1296.013,1023.583712106394,1303.207463386
07133073,2059.3139977897044,89995.20379999999,832.735,575.1458064426865,794.6576495539998
07133201,705.4165924158056,34720.647600000004,199.49,197.01580009581033,306.583318308
07133204,722.7735956801666,32566.5564,294.64,201.86343753751373,287.562693012
07134006,1183.6614830618057,61581.1915,547.34,330.5848156043317,543.7619209449999
07134017,2277.295080230341,101594.1617,749.8100000000001,636.0257429575319,897.0764478109999
07134032,686.6871938799075,28402.6801,244.655,191.78486637871933,250.795665283
07134035,597.6321335447815,27723.403000000002,203.44,166.912678577722,244.79764849
07134059,362.3215856340461,12713.4774,224.385,101.19279565173272,112.260005442
07134086,355.904188448609,16403.0507,59.260000000000005,99.400480791812,144.83893768099998
07134093,7.733274988665091,391.2043,124.025,2.159826371584273,3.4543339689999994
07140135,1319.8622519706025,37465.6889,404.15,368.62432835286955,330.822032987
07140164,1094.2425478439322,44372.945900000006,512.265,305.6110011873318,391.81311229700003
07134065,626.344669135176,33839.468,158.57,174.9318026427633,298.80250243999996
07140028,1970.2465741918309,85198.89129999999,1353.123,550.2701657060364,752.3062101789999
07140030,1019.7438553391897,58988.8652,586.265,284.80426135768226,520.871679716
07140040,603.2868515110101,29669.8594,294.065,168.49198475851,261.984858502
07140041,2837.0063074439513,139013.2684,864.815,792.3474916060211,1227.487159972
07140048,529.5705018386747,23097.0285,259.68,147.90374545852345,203.946761655
07140067,15405.378472090419,506433.2622,6258.014,4302.5681534701325,4471.805705225999
07140086,785.9501178747629,29956.6928,466.62,219.50800842124252,264.517597424
07140090,599.2005381167078,24301.649400000002,129.515,167.3507182906153,214.583564202
07140094,12.887913767933464,748.868,295.58,3.599465436246137,6.61250444
07140100,1437.3905231530612,70576.88130000001,913.624,401.4487992114184,623.193861879
07140105,352.7718955484177,16303.587800000001,816.125,98.52566270771757,143.960680274
07140111,2.9616952434627013,228.6336,979.404,0.8271718645466978,2.0188346879999997
07140115,379.5706760491064,17288.8374,195.765,106.01029411375492,152.66043424199998
07140119,931.9044747363239,41949.6341,462.47,260.2716007491079,370.415269103
07140129,423.08556679465335,20438.009299999998,261.15999999999997,118.16356795007873,180.46762211899997
07140130,660.2027370708436,33162.144199999995,286.02,184.38802243651588,292.8217332859999
07140146,68.80266523888956,3465.1878,163.9,19.215896374569464,30.597608274
07140154,1553.0834705665711,62808.5267,925.105,433.7606824945376,554.599290761
07140163,814.7437538181135,37893.9862,314.96500000000003,227.5497830038609,334.60389814599995
07140001,1515.1546606566546,69027.38279999999,659.242,423.16754517479706,609.5117901239998
07140009,3682.968714895176,185639.8245,2709.939,1028.6163323830738,1639.1996503349997
07140015,907.5196460008627,43999.0588,568.841,253.46116193158093,388.51168920399994
07140039,815.9918167124697,34916.6486,838.855,227.89835448962566,308.31400713799997
07140046,1039.007571363888,41380.3437,330.11,290.18442460622026,365.38843487099996
07140049,1279.9302161464946,53419.52059999999,1009.53,357.47171006755445,471.6943668979999
07140062,25.59506954522993,1002.8141999999998,929.925,7.148446973287267,8.854849385999998
07140064,16928.853423451492,535730.7603,5182.141,4728.059472635767,4730.502613448999
07140071,353.0197155277581,17829.4374,260.378,98.59487634974755,157.43393224199997
07140076,1041.772468938731,53183.5483,774.146,290.95663284989814,469.610731489
07140095,281.6089352623322,15902.612800000004,347.13,78.65055952941675,140.42007102400004
07140122,1607.6600080032715,62189.8152,1091.008,449.00336363523365,549.1360682159999
07140123,1247.7380373932297,57277.40149999999,1118.945,348.4807564635551,505.7594552449999
07140147,637.681704500741,30918.143800000005,607.447,178.09812325001195,273.00720975400003
07140166,1380.4921143649503,49124.5272,578.584,385.55764262098694,433.76957517599993
07137215,1144.2841401773792,49632.6888,640.27,319.5871175101402,438.256642104
07140010,6150.917997345085,256965.085,2290.255,1717.8898874785086,2269.00170055
07140043,2834.2878173948784,133666.53480000002,970.0550000000001,791.5882445202155,1180.2755022840001
07140073,365.03878471775425,16436.8899,47.1,101.95168218382157,145.137737817
07140131,1059.4759487616996,41481.497599999995,650.105,295.90103772965506,366.28162380799995
07140153,929.1555143861709,44044.8294,561.13,259.50384361291367,388.915843602
07140201,1706.3318734062582,72361.87200000002,579.215,476.5614289236338,638.9553297600002
07140202,4427.349218660034,172251.0416,1806.795,1236.514363279561,1520.9766973279998
07140504,1281.3797745934144,54730.345700000005,564.17,357.8765572461947,483.268952531
07135065,704.5217197916655,33373.643800000005,302.67,196.76587112061426,294.689274754
07137041,1109.993823774797,58081.5095,637.02,310.010175042063,512.859728885
07137201,1421.7676931914928,64447.2197,453.91999999999996,397.085499031452,569.0689499509999
07137205,1459.706594420246,66302.5424,300.03499999999997,407.68145475563045,585.451449392
07137206,1320.3988029404459,70116.1655,435.899,368.7741816732371,619.125741365
07137208,1295.8804201845242,62302.9122,254.31,361.92644255333573,550.134714726
07137214,2549.728589036664,129009.556,1042.955,712.1136976320498,1139.15437948
07137219,1371.7234406523166,73566.2664,1059.795,383.1086397397855,649.5901323119999
07137220,1330.082219579391,70997.8414,458.66,371.4786631063281,626.910939562
07137504,2915.0694501295475,135695.814,1363.281,814.1497467266813,1198.19403762
07140205,950.4126369745201,45378.994000000006,411.58,265.4407453806137,400.69651702000004
07137065,2717.1867810880626,129915.99119999999,1624.85,758.8830960900849,1147.158202296
07137088,16.867811338271828,1210.9260000000002,4498.499,4.711011028665938,10.692476580000001
07137096,6.807255773021285,388.4651,1699.76,1.9011984648471145,3.430146833
07137202,13217.467048243816,294019.3966,2447.375,3691.506371904015,2596.191271978
07137207,4166.3656524178205,207947.89079999996,1945.14,1163.624263063773,1836.1798757639995
07137212,24854.21994095336,453606.19149999996,2144.686,6941.535087308864,4005.342670944999
07137217,1400.349206568541,68653.26370000001,305.994,391.1035299025278,606.2083184710001
07137231,2088.8121020755016,95055.5685,1480.398,583.3843319886668,839.3406698549999
05374032,27748.576721837053,1386357.5192999998,14467.304,7749.89999264187,12241.536895418998
05374048,34217.11205708644,1479252.6180999998,15103.58,9556.497226423671,13061.800617822997
05374016,483.72975567562395,23576.0468,12697.998,135.10088346264502,208.17649324399997
05374036,26401.376652313687,631025.9501,10772.339,7373.64048522469,5571.959139383
05374052,3974.9330500873766,181128.58390000003,20868.404,1110.1590515589035,1599.365395837
05954004,8417.250417564434,283440.01649999997,6247.678,2350.8538691215704,2502.7753456949995
05954008,1709.6537435863572,104512.8665,10099.459,477.4891940462337,922.848611195
05962012,9237.942647534877,318615.87950000004,10660.677,2580.065002030016,2813.378215985
05914000,62619.25279725128,1949809.9595,39292.23,17488.93111374431,17216.821942385
05978024,103554.61246529796,4804394.64,27478.536,28921.767715433067,42422.80467119999
05978032,46434.93394604857,2122100.0585,20097.718,12968.812701791905,18738.143516554996
05558044,54241.88589725212,2260451.3062000005,30119.495,15149.216312243543,19959.785033746004
05558020,17920.187305485208,980419.4629,15133.247,5004.9291125489635,8657.103857406999
05566004,32615.47857245242,1297124.5125,16937.493,9109.177010500236,11453.609445375
05566064,29011.097908832962,1243183.9893,14610.22,8102.509534957958,10977.314625518999
05566008,112303.78883439612,3774340.3646,37351.619,31365.325183558492,33327.425419417996
05566076,201952.55523849602,6929584.492799999,64359.719,56403.32915255955,61188.23107142399
03454049,66607.09569997054,1304644.3636,13506.213,18602.69575804477,11520.009730587999
03454003,15234.859820999256,420310.8988999999,5207.546,4254.943999406882,3711.345237286999
03454034,8685.24665793789,380767.4714,5650.835,2425.702539095473,3362.1767724619995
03454036,7507.130555434701,279594.6845,4002.229,2096.6664928273576,2468.8210641349997
03454002,10683.503520923166,490445.44230000005,6343.53,2983.795698358631,4330.633255509
03454028,8053.710200197377,351249.11169999995,5319.975,2249.320721813125,3101.529656310999
03454015,8669.142384519826,324900.14650000003,4370.806,2421.204776572542,2868.868293595
03454024,7270.905397150636,259122.9926,5876.746,2030.691168370201,2288.056024658
03454016,5448.270920614932,239620.2964,4352.316,1521.6475854185442,2115.8472172119996
03454047,21901.731597762446,1031599.8156,10970.92,6116.934617939073,9109.026371748
03454005,36308.78294765296,554672.5125999999,11379.288,10140.679989449995,4897.758286257998
03454037,4215.64421234364,273119.09630000003,4183.958,1177.3872720654551,2411.641620329
03454058,5682.96079906671,246179.766,4992.736,1587.1941215713414,2173.7673337799997
03454060,4464.361972432309,236322.73249999998,3478.811,1246.8516552806195,2086.7297279749996
03454038,5025.255005568067,217909.32649999997,3141.465,1403.5034705051053,1924.1393529949996
03454051,22352.083692207216,855300.3442,11943.537,6242.713454396553,7552.302039286
03457013,57832.715236226926,1957077.0137000002,18089.133,16152.099038325818,17280.990030971
03452001,114448.15147845537,5132741.5267,33104.261,31964.2242264178,45322.107680761
03462004,2410.753330424859,140234.0678,681.1899999999999,673.2992976543588,1238.2668186739998
03462018,10127.240598579592,398050.8974,4318.621,2828.4370267772942,3514.789424042
03462009,1854.793910332775,111449.4541,654.504,518.0253912168407,984.0986797029999
03462013,1564.5673061832204,90129.19549999999,622.985,436.9680029439116,795.8407962649998
07340008,1173.56370873558,65670.6903,832.9,327.7646082127601,579.872195349
07340019,760.7052739887873,44923.4896,226.43,212.4573759723284,396.674413168
07340026,1836.3003388278948,94615.6006,758.355,512.8603216312428,835.455753298
07340048,839.7641712352854,44604.926699999996,267.15999999999997,234.53773538430283,393.86150276099994
07340052,1943.1489696556412,93502.957,651.7429999999999,542.702075735124,825.6311103099999
07340053,4291.005766313636,190566.89870000002,1704.0,1198.4350004737353,1682.705715521
07317000,12675.580852159155,3277611.2851,19533.074,3540.1629761995305,28941.307647432997
07340023,1938.41150000166,108439.21410000001,989.35,541.3789478354636,957.5182605030001
07340024,4477.192158797407,120467.21789999999,1329.652,1250.4349980305276,1063.7255340569998
07340035,1971.8739460814347,96144.3829,857.15,550.7246744010839,848.9549010069999
07340037,403.2788809762088,75907.01079999999,1072.24,112.63175866784536,670.2589053639998
07340051,1846.4038466095647,339934.657,2830.902,515.6821303195853,3001.62302131
07340205,921.6724537088112,51139.0922,1087.806,257.41389959633386,451.55818412599996
07340217,2503.7805786517088,121481.59520000001,1438.576,699.2808778116357,1072.6824856160001
07340220,2011.7492544164695,111358.65729999999,1278.81,561.8614492659757,983.2969439589998
07340222,4318.218190597232,218197.9699,1885.695,1206.0351584519008,1926.688074217
07335011,877.8786314173935,46163.6799,295.565,245.18272296856384,407.625293517
07335027,1842.584878048991,93620.5461,974.19,514.6155305903027,826.669422063
07340017,2402.624882179968,126382.03120000001,1118.926,671.0291033440433,1115.953335496
07340018,839.4261783313318,47530.3223,336.7,234.44333734615765,419.69274590899994
07340041,1110.6072070425348,52405.446,714.59,310.1814868549095,462.74008818
07340042,629.5683070773664,30358.515699999996,383.175,175.83213248363765,268.06569363099993
07340204,1836.5641481937214,45595.7331,677.275,512.9340009490244,402.61032327299995
07340215,984.4942960691644,63216.9657,595.54,274.9594119491569,558.2058071309999
07340219,2175.011511716588,131517.1729,995.12,607.4589651073258,1161.296636707
07340224,1468.1143169856484,64016.2077,815.235,410.02964759092174,565.263113991
07340225,2028.7935710580707,102942.9672,1655.715,566.6217564608086,908.9864003759999
07335012,1997.5276961581146,119952.64850000001,1012.235,557.8895102599998,1059.181886255
07335020,2830.977371187909,146317.9007,1630.673,790.663669999071,1291.987063181
07335022,8205.277828057026,262870.2959,5265.786,2291.6520445980464,2321.144712797
07335038,30779.617881936036,1101376.7895000002,7054.783,8596.439478245915,9725.157051285001
07335044,6392.323548903083,275744.7752,2587.065,1785.312043973142,2434.8263650159997
07335202,593.935607744896,31914.9018,312.773,165.88027588707197,281.808582894
07335019,1137.0082811907916,68189.75140000001,777.34,317.5550428537762,602.1155048620001
07335024,3171.3999170603206,174009.97739999997,2117.88,885.7402828357768,1536.5081004419997
07335501,3156.9846853249337,173953.7981,1753.855,881.7142527644007,1536.012037223
07336009,1357.0256380316205,80516.0054,554.82,379.00369044585125,710.9563276819999
07336021,174.43378530732292,12245.492099999998,76.74,48.71761189848222,108.12769524299998
07336023,876.9422482512723,51173.924199999994,417.7,244.92120051409782,451.8657506859999
07336025,785.0113568180302,42577.0083,224.375,219.24582184570764,375.954983289
07336046,698.2119357577149,40704.8358,287.15,195.00361153777217,359.423700114
07336048,2030.3006249757061,107859.2867,1168.9,567.0426615494649,952.3975015609999
07336066,910.8754425003904,52730.81080000001,455.02000000000004,254.398402335934,465.61305936400004
07336068,544.1244221913273,31371.0026,203.37,151.9685098738158,277.00595295799997
07336071,790.5134013829133,46356.288100000005,348.32,220.78248787223384,409.32602392300004
07336072,476.1086610523467,26646.029000000006,215.185,132.9723879453099,235.28443607000003
07336012,441.47032205668734,23858.7832,199.87,123.2982462472122,210.673055656
07336014,335.654454159007,17830.965099999998,207.34,93.74493250206906,157.44742183299996
07336030,1053.582633043719,59081.1673,494.875,294.25509358278026,521.686707259
07336033,784.7557310512,48652.759999999995,538.311,219.17442812528964,429.6038707999999
07336035,124.78470086491369,7418.522800000001,20.6,34.85111910456174,65.505556324
07336040,431.0843832674518,26291.212999999996,171.89,120.39755740276661,232.15141078999994
07336042,737.4553707158657,44873.573399999994,281.86,205.9639104872341,396.2336531219999
07336050,760.9115657387443,36818.1219,198.72,212.5149911951739,325.10401637699994
07336057,565.2250288212817,33174.4383,332.315,157.86169829949577,292.930290189
07336062,373.15802819023986,23779.5083,200.192,104.21930569325208,209.973058289
07336065,247.05238821150184,15696.088400000002,78.18,68.99926150359035,138.596460572
07336075,2219.027400632133,120287.7488,806.22,619.7521627225484,1062.140821904
07336103,334.44636824846515,21227.985300000004,88.85,93.40752618811382,187.44311019900002
07336104,4.981479563968265,257.3591,484.342,1.3912774274206967,2.272480853
07133010,1071.7645882369397,59414.48099999999,521.471,299.3331318486949,524.62986723
07133041,1116.2719340651095,56915.990300000005,478.03,311.7635884650444,502.568194349
07133049,842.1648738807269,51332.60210000001,239.775,235.2082276261482,453.2668765430001
07133053,747.0296915268084,43668.2696,649.651,208.6379225465223,385.59082056799997
07133059,1241.9120942219383,61841.3405,394.265,346.85362879524513,546.059036615
07133063,845.8914534777954,45948.38509999999,347.42,236.24902404181347,405.7242404329999
07133066,3224.2151109703505,152325.46649999998,1368.775,900.4910383429092,1345.0338691949996
07133077,751.1830107395526,33821.783800000005,267.93,209.79790306944963,298.646350954
07133092,549.7015087928014,30045.973899999997,229.73,153.5261343907415,265.30594953699995
07134082,1714.0794474631793,84159.6967,370.86,478.7252488819913,743.1301218609999
07336045,973.9947198543717,48705.2102,358.005,272.02698530812745,430.067006066
07336049,698.0586648040021,41005.64229999999,195.225,194.96080449310972,362.0798215089999
07133016,219.5463439786124,12045.6049,60.78,61.31709840978666,106.36269126699999
07133046,3282.053181474874,171300.92719999998,1406.11,916.6446330541174,1512.5871871759996
07133047,234.13705555248367,11450.9897,31.340000000000003,65.39213824525316,101.11223905099999
07133055,0.20799955266513068,25.8406,49.99,0.058092195063844346,0.22817249799999997
07133062,348.6808015059746,23747.211900000002,55.9,97.38306105260365,209.68788107700001
07133094,1450.1042433084929,76319.6037,466.07,404.9996141136289,673.902100671
07133096,3917.831958556586,188144.7732,1880.475,1094.211287705269,1661.3183473559998
07133111,989.0801984483605,58219.932799999995,495.655,276.2402086246426,514.0820066239999
07133113,448.2289521647907,23211.9539,227.362,125.18586405010439,204.961552937
07133202,610.7395299996579,33333.346600000004,188.962,170.57344333360444,294.33345047800003
07133205,647.6600843589465,32447.2543,332.07,180.88498496061015,286.509255469
07140050,624.6751439028599,28454.166800000003,159.555,174.46552094062972,251.250292844
07140008,734.3006695192867,30502.7521,227.11,205.08283399004156,269.339301043
07140056,1429.498999826605,67182.6141,490.92,399.24477566157253,593.222482503
07140092,1811.8584327430112,84631.7024,982.753,506.0339416807956,747.2979321919998
07140113,1060.917495063096,48097.074199999995,481.335,296.3036471961721,424.69716518599995
07140139,980.2684102823456,41534.50600000001,718.005,273.7791643077563,366.74968798000003
07140144,44055.6010696768,974145.4643,8784.177,12304.288822750032,8601.704449768999
07140150,1856.7475290051016,83458.0717,834.865,518.5710173758348,736.9347731109999
07140002,961.65339570172,41409.198099999994,546.925,268.5801768855334,365.6432192229999
07140020,809.6097069287755,36721.011,331.15,226.1158950481377,324.24652712999995
07140023,708.2210695734691,28139.254000000004,416.36,197.79906252117416,248.46961282
07140055,863.8183106767317,39944.5144,508.69,241.25581598890437,352.710062152
07140058,777.0142741282377,42584.9424,507.38,217.0123166212755,376.025041392
07140065,574.180565654262,33032.1473,532.345,160.36289018157882,291.67386065899996
07140070,1332.331587502596,47936.977,540.3,372.10688907360003,423.28350690999997
07140077,1310.5704720582103,53905.5916,657.33,366.02922714113754,475.98637382799996
07140079,1503.7880202841354,68925.9432,580.97,419.9929561851562,608.6160784559999
07140099,866.3504015607382,44438.2757,381.91,241.96300365189856,392.3899744309999
07140101,759.6737521808359,32871.266899999995,687.135,212.16928224658565,290.25328672699993
07140106,782.6848798261829,35028.8587,517.45,218.5960600866546,309.30482232099996
07140118,401.39645556951143,17116.779300000002,423.775,112.10601607600884,151.141161219
07140014,1413.1107235006662,53892.081099999996,700.9350000000001,394.667693966501,475.86707611299994
07140018,1748.9668097224894,73997.8902,732.43,488.46894028739405,653.4013704659999
07140036,4238.047782726386,210829.9169,3574.2,1183.6443652376522,1861.628166227
07140042,1968.583713063466,70028.43710000001,1044.525,549.8057452214954,618.3510995930001
07140045,3950.174334464399,141710.7557,1598.713,1103.244189872562,1251.305972831
07140047,704.0439901603252,30370.4899,414.175,196.6324460118772,268.171425817
07140084,1471.8149775663326,74242.63070000001,849.115,411.063205084501,655.562429081
07140087,790.7183624670263,45454.49590000001,445.175,220.83973145341577,401.36319879700005
07140093,742.6355695223893,34386.6759,213.09,207.4106882119081,303.634348197
07140098,249.42611173445488,12101.641199999998,87.635,69.6622187463159,106.85749179599998
07140108,618.7393293425952,21775.9351,180.255,172.8077072920934,192.28150693299997
07140140,508.98091457501744,29548.170000000002,476.68,142.1532796316566,260.9103411
07140149,385.57631379157914,19064.4286,147.825,107.68760867885013,168.33890453799998
07137221,536.5585370371693,16915.348600000005,1928.947,149.85543380911102,149.36252813800004
07140075,1815.9966906279005,62910.9677,529.365,507.18971572546633,555.503844791
07140102,753.5602129762239,41457.7049,354.66,210.46183188212956,366.07153426699995
07140501,22506.755796190628,549700.9013,8275.308,6285.91182631808,4853.858958479
07111000,34460.63415900344,1318951.0067,29711.912,9624.510514268071,11646.337389160999
07137216,23.148137205914033,858.3215,8430.269,6.46504324023973,7.578978845
07137227,3008.000523826916,159082.8935,1480.882,840.1044662996193,1404.701949605
07137230,5660.672588996853,202414.4489,2239.039,1580.969247380931,1787.3195837869998
07132005,575.2085769647683,26871.0952,239.63,160.65000346049013,237.27177061599997
07132015,1076.74676134657,58944.981799999994,411.405,300.72460297648354,520.4841892939999
07132016,1183.5797871350221,54008.8049,665.049,330.5619987489403,476.897747267
07132023,1023.7367768779427,53264.9873,488.375,285.9194444142406,470.32983785899995
07132029,141.0132130828718,6597.987100000001,122.54,39.383580281915265,58.26022609300001
07132032,2692.0103373605934,129338.2473,896.02,751.8515671214401,1142.056723659
07132043,1227.7451566094724,63493.3142,568.735,342.8969447894595,560.645964386
07132055,5694.396350233461,218299.41719999997,2772.57,1590.3879566567032,1927.5838538759995
07132060,987.2320549259985,33269.557700000005,472.63,275.7240406202821,293.77019449100004
07132065,2009.2833805442306,72756.55609999999,662.455,561.1727553521981,642.4403903629998
07132078,296.7890427721795,14532.2951,125.38,82.89021175584202,128.32016573299998
07132083,3506.6534895269187,93736.9252,660.94,979.3732530899731,827.6970495159999
07132085,580.1167704941829,28743.5763,300.315,162.02081283132034,253.805778729
07132088,690.80337928115,38101.9133,206.925,192.93447579943236,336.439894439
07132089,601.6107652615354,30587.303199999995,249.91500000000002,168.02387062989422,270.0858872559999
07132090,1118.1708954063308,68282.605,808.325,312.29394937803414,602.93540215
07132093,559.668840347374,33607.5751,270.555,156.30991042061808,296.754888133
07132097,1119.5073181734283,52674.23629999999,454.755,312.66719889265676,465.1135065289999
07132100,678.6781303112824,30195.1633,373.34,189.54801501463805,266.62329193899996
07132103,747.4934874950336,36595.5984,293.94,208.7674561224879,323.139133872
07132104,363.86897228856606,19038.3953,205.02,101.62496527047361,168.109030499
07132116,2725.814974104927,37770.9572,721.42,761.292864117765,333.51755207599996
07132502,3704.9217748460715,132718.40159999998,1027.175,1034.7476024967593,1171.9034861279997
07138003,899.8632463084307,43881.2715,8138.55,251.3228060614816,387.471627345
07138006,539.3533634802175,31094.403899999998,2786.835,150.63600088638992,274.56358643699997
07138013,1303.2642335756389,69016.6161,369.455,363.9886677953402,609.4167201629999
07138014,5567.422132095676,176916.3237,1453.81,1554.9253272730011,1562.171138271
07138030,229.61922619023198,10524.102200000001,571.905,64.13035368266989,92.927822426
07138040,676.1638556810118,40682.34069999999,692.37,188.84580325314977,359.2250683809999
07138044,170.39894765211577,8903.183799999999,6516.685,47.59072208975941,78.61511295399998
07138053,237.4664129618385,2574.1744,1152.7649999999999,66.32199447611187,22.729959951999998
07138074,92.21819024770318,2496.7985,945.5500000000001,25.75561835428102,22.046730755
05382016,12512.402521714059,452148.7452,11769.554,3494.588900289519,3992.473420116
05382076,30444.423779692752,1535845.1205,15661.056,8502.823117430387,13561.512414014998
07132027,235.92009845836492,11587.2156,141.03,65.89012429843673,102.31511374799999
07132031,558.4057802088605,33190.280300000006,224.14499999999998,155.95715035453264,293.07017504900006
07132035,388.45742828880805,19283.913,154.325,108.4922751467812,170.27695179
07132041,571.698764253843,21213.1767,128.13,159.6697478684558,187.31235026099998
07132046,953.7489880180725,44440.462799999994,403.615,266.3725548635675,392.4092865239999
07132053,915.0481378816739,44373.872,450.595,255.5637944289727,391.82128976
07132062,313.89525777890566,18865.84630000001,334.11,87.66780654507056,166.58542282900007
07132064,687.5415615134332,30186.3831,291.885,192.02348271508674,266.545762773
07132069,807.678967617139,45075.4399,365.545,225.57665886579076,398.01613431699997
07132082,1394.9591166201549,72358.2053,504.105,389.59813168084304,638.922952799
07132094,784.7433379636841,43872.8316,490.086,219.17096685987732,387.39710302799995
07132112,966.4293227977212,21620.122000000003,248.56,269.9140455641755,190.90567726
07132114,501.2288269317195,26794.1288,275.792,139.98819907375992,236.59215730399998
07132115,2788.447887582138,142036.9316,1407.399,778.7856105228152,1254.186106028
07132119,337.77480269550585,18169.708,160.035,94.33712464482782,160.43852163999998
05374044,37204.72261079996,1518867.4430000002,11679.214,10390.90697797032,13411.599521690001
05374012,41473.413836284744,1710129.0081,20891.388,11583.109750335965,15100.439141522998
05374024,27241.39343925012,1097546.1165,8922.641,7608.248773648166,9691.332208695
05962028,30272.36271168614,1276402.7753,8802.066,8454.768181746822,11270.636505899
05978004,67001.6780926675,3008113.8592999997,20414.317,18712.898674501106,26561.645377618996
05978040,100556.42296808578,2808946.9757999997,26458.834,28084.403370756678,24803.001796313994
05558004,40808.014165521454,1825760.1974,26253.052,11397.270276288486,16121.462543041998
05558028,27404.17881743219,1122618.7535,15572.504,7653.713101920635,9912.723593405
05515000,436783.1634769979,16921074.936499998,123251.85,121989.16972749075,149413.09168929496
05566012,134756.8205379618,3933523.1763,38243.231,37636.23240804735,34733.009646729
05566016,87980.0208784606,2911945.3323,34591.48,24571.94003114526,25712.477284209
05566080,35164.45205779304,1034348.4076,17530.678,9821.079815221017,9133.296439108
05566020,27889.797473911596,1351820.1022,18526.543,7789.34153648877,11936.571502425999
03454012,22481.091707074316,868865.7599,11069.321,6278.744102868785,7672.084659916999
03454046,10564.16356500028,481833.0602,6328.811,2950.465242068928,4254.585921565999
03454001,4858.912344811014,219473.89599999998,2195.085,1357.045628782268,1937.9545016799996
03454031,16098.141844203068,531540.0459,6873.765,4496.050035667475,4693.498605297
03454053,6946.393345386447,277462.4307,3005.089,1940.0581974329807,2449.993263081
03454009,5018.215092394108,239104.8627,3032.2889999999998,1401.5372931547504,2111.295937641
03454017,6330.836503201047,225010.8604,3339.892,1768.1393269790203,1986.8458973319998
03454021,32485.940031546532,923748.6468000001,11632.854,9072.99819141063,8156.700551244
03454059,5245.597948827654,171074.7218,1998.115,1465.0430511280756,1510.5897934939999
03454023,5059.4647364503635,184432.08499999996,2736.493,1413.0579062432219,1628.5353105499996
03454026,20229.400530322833,941029.3320999999,14462.247,5649.869274113864,8309.289002442998
03454048,85737.65399249048,356461.12510000006,6359.031,23945.669383562665,3147.5517346330003
03454004,3286.7812627310823,179234.398,2110.618,917.9651388681639,1582.6397343399997
03457018,33972.56348327015,2204217.2333,16374.699,9488.19725524252,19463.238170039
03452006,47951.26722856634,2297113.0341000003,15011.188,13392.309424266294,20283.508091103
03457003,666.0053813250354,37453.9896,609.98,186.00864295026912,330.718728168
03457010,14018.886689606175,670058.5301,4561.974,3915.3348635401085,5916.616820783
03457011,4309.579600759937,278215.9676,1904.371,1203.622486696243,2456.646993908
03457015,4135.592677111836,211991.4016,2526.499,1155.0296787905645,1871.884076128
03462001,4537.685421960652,261103.2474,2243.932,1267.3301614993904,2305.541674542
03462011,4159.198449431055,210526.2479,1140.065,1161.6225349415995,1858.9467689569997
03462006,5183.03233865463,280883.85789999994,1903.336,1447.5691018628515,2480.2044652569994
03462008,2312.121237497096,147406.0165,916.513,645.7523404205639,1301.595125695
03462012,2543.2459355667247,152310.3616,1085.068,710.3031573444305,1344.900492928
03462016,1578.1644093781833,96757.4596,712.73,440.7655378952328,854.3683682679999
08315015,41988.23021693079,1032618.5114000001,15563.442,11726.892817286598,9118.021455662
08315059,12896.808345717189,551248.9267000001,7088.649,3601.9496028753533,4867.528022761
08315072,5354.4288082165685,284491.09729999996,3553.368,1495.4384218468053,2512.0563891589995
08315133,15683.891998042976,737403.9382,11119.565,4380.354196133422,6511.276774305999
08316012,27880.787187246584,967077.4229,13897.253,7786.825053526098,8539.293644206999
08316038,9451.60038667225,412595.52890000003,6474.543,2639.7374719936925,3643.218520187
07340028,4622.145977847908,330843.2695,2389.783,1290.9191501531423,2921.3460696849997
07340036,1061.392236427856,63740.8802,822.155,296.43623771193586,562.8319721659999
07340003,2398.6701161348283,143630.72859999997,1336.372,669.9245767352961,1268.2593335379997
07340007,1544.3716435356155,113652.15389999999,1463.138,431.327556323062,1003.5485189369998
07340022,2835.4198405188004,160552.9818,1273.985,791.9044072584957,1417.682829294
07340032,7528.188619095695,301369.54380000004,2799.688,2102.5477994272364,2661.093071754
07340038,5673.589225005125,606660.1836000001,4224.924,1584.5767346516811,5356.809421188001
07335021,1989.5928208055761,119239.4628,1037.135,555.6733789227893,1052.884456524
07335023,1803.3063411163841,106512.4016,828.7,503.6454280103949,940.5045061279999
07335037,371.43466041663834,20412.397100000002,2866.896,103.73798630776291,180.241466393
07340012,2709.890697307207,102834.06280000001,990.11,756.8453728509298,908.024774524
07340016,3869.6450426653983,207639.1872,2027.458,1080.753163966019,1833.4540229759998
07340025,1049.5761558575944,58049.82459999999,559.915,293.1361245694675,512.5799512179999
07340050,1953.5263234694528,46826.4064,351.055,545.6003668817834,413.477168512
07340054,12587.117471441401,511726.4526000001,3842.799,3515.456038598869,4518.544576458
07340055,4360.099428787904,214836.88760000002,3415.605,1217.7321694661737,1897.009717508
07335005,2106.9319649596055,101820.8518,1330.25,588.4450284935682,899.0781213939999
07335006,1052.0561164436049,61141.1431,416.975,293.82875276153436,539.876293573
07335009,746.1419837406663,41637.43230000001,338.98,208.3899946389307,367.65852720900006
07335014,1090.0455470261807,64608.7198,621.345,304.43882082894197,570.494995834
07335017,3446.523738857154,195697.6417,2543.915,962.5796150254145,1728.0101762109998
07335029,19075.573671159433,240494.66210000002,2133.463,5327.616970618117,2123.567866343
07335033,1887.1639977090026,110594.62610000001,940.52,527.0660329201473,976.550548463
07335040,6923.00783947886,336401.7842,4914.515,1933.5268594880506,2970.4277544859997
07335043,2554.25072647617,151865.51280000003,1357.165,713.3766853975294,1340.972478024
07335046,701.3230605862033,44712.9586,336.42,195.8725175911207,394.815424438
07335049,10943.240669463827,483759.9236,5301.322,3056.3376865745518,4271.6001253879995
07336053,1492.9559413202546,82542.6535,677.085,416.9676648513339,728.8516304049999
07336087,2660.554970233856,104131.9545,1370.505,743.0663976366135,919.485158235
07336090,523.1637132534333,32043.963599999995,358.8,146.11439347455138,282.9481985879999
07336105,42.33953211769092,2531.9405,1699.985,11.825007925149897,22.357034615
07133001,1005.5115028241178,49200.3615,239.07500000000002,280.8293076237478,434.43919204499997
07133009,846.6585203689933,46192.27620000001,336.53,236.46325815385612,407.877798846
07133011,825.9577018838262,126669.4091,1168.673,230.6817265591338,1118.490882353
07133017,808.2393526947146,49182.65210000001,348.96500000000003,225.73316881410685,434.282818043
07133024,1136.1459406855054,60599.27949999999,359.17,317.31419977405477,535.0916379849999
07133051,546.359130256682,32945.595199999996,109.92,152.59264148938868,290.90960561599996
07133057,1182.7282956330544,64854.53040000001,584.895,330.32418568735574,572.665503432
07133060,564.0481412859914,33516.903,239.005,157.53300537976452,295.95425349
07133064,3.3390153126238142,301.718,1490.59,0.932553586662705,2.66416994
07133065,10535.58410724435,345788.2979,2504.088,2942.483285312275,3053.310670457
07133081,763.667475569951,46113.630399999995,601.19,213.28468925193158,407.1833564319999
07336001,30.707259408697006,1898.3293,199.68,8.576230480254987,16.762247719
07336061,17.087995573939292,1219.3329,645.525,4.772506283845504,10.766709507
07336074,1691.1154369732947,92479.99230000001,529.645,472.3116303922714,816.598332009
07140011,399.46109696008494,17645.3668,379.32,111.56548976998212,155.80858884399998
07140012,422.3109466944697,16937.713300000003,575.155,117.94722430229844,149.56000843900003
07140068,1317.4405501837073,62649.1281,842.755,367.9479712608076,553.191801123
07140080,2660.335773495768,64506.45430000001,875.75,743.005178179633,569.591991469
07140085,1063.904382707384,51470.5499,684.578,297.13785504634524,454.48495561699997
07140096,1849.1032457503566,64938.4197,781.186,516.436045505617,573.406245951
07140116,3.9958308537110856,252.5566,460.445,1.115995599132969,2.2300747779999996
07140121,511.47053893371253,20399.250799999998,166.345,142.84860681879655,180.12538456399997
07140125,2242.3741447419593,117376.99650000001,4112.688,626.2726748849818,1036.438879095
07140126,892.1293810170177,35020.0788,721.68,249.16281482424287,309.227295804
07140138,701.8764926771898,31147.988699999998,600.775,196.02708563981233,275.03674022099995
07140148,425.1186995483924,20026.702400000002,325.555,118.7314015968705,176.835782192
07140158,924.1730635914134,31398.4942,583.665,258.11229493044584,277.24870378599996
07140161,4326.3172655218705,109127.63419999999,1686.585,1208.2971490876032,963.5970099859998
07140005,514.0351668989372,24764.143099999998,282.25,143.56488176320414,218.66738357299997
07140016,376.6759262486044,17190.7643,130.683,105.20181944197272,151.79444876899998
07140025,25.116077496850558,1563.3286,627.49,7.014669284095392,13.804191538
07140031,10079.792985744807,171564.48760000002,1455.175,2815.185382988667,1514.914425508
07140060,887.4432615524594,36564.9105,463.295,247.85402851898635,322.86815971499993
07140063,1149.790402793918,60340.808099999995,792.68,321.12496159631337,532.809335523
07140089,347.0830126177918,16620.4131,235.076,96.93681459402306,146.758247673
07140104,5.464073494212794,208.6827,631.94,1.5260610861986912,1.842668241
07140110,811.1955121908637,45842.9476,445.675,226.55879459978632,404.793227308
07140117,2977.319992713063,90330.9552,669.32,831.5357007648314,797.622334416
07140133,43.28885299545481,2216.380199999999,1530.615,12.090143753100573,19.57063716599999
07140156,335.8851220885369,15070.611499999999,253.105,93.80935574810746,133.07349954499998
07132033,1160.9811952140508,58229.0683,429.924,324.2504380113322,514.1626730889999
07132040,1526.0317226995119,75771.1215,488.49,426.20539983274665,669.0590028449999
07132086,823.5185233150492,41823.6284,329.65,230.00048837666006,369.30263877199997
07132099,545.1368187577264,29101.1541,209.2,152.25126211084537,256.96319070299995
07132109,741.3739211024931,32940.2944,417.035,207.0583224247153,290.86279955199996
07138012,2958.943884077087,130078.0589,4153.77,826.4034373838896,1148.589260087
07138025,991.5849575999098,52189.5313,523.6,276.9397628080788,460.833561379
07138027,772.6649076510197,39578.0641,234.61499999999998,215.79758205785328,349.474306003
07138050,1489.89538765848,61641.967699999994,343.13,416.11288281913687,544.2985747909999
07138052,2413.3726490591866,108610.29329999999,852.9,674.0308471557402,959.0288898389998
07138057,5465.701440682814,235167.2738,1786.625,1526.515755368303,2076.527027654
07138058,554.5274902921711,25414.4574,326.025,154.87398276370047,224.40965884199997
07138059,3634.5505287023266,116255.8685,1356.585,1015.0936171612727,1026.539318855
07138064,1578.9000635055465,71522.0892,580.771,440.9709987364641,631.5400476359999
07138070,1861.8135485224434,101103.033,728.635,519.9859059668332,892.7397813899998
07138078,1400.1157254526277,65150.6802,514.23,391.03832096166434,575.280506166
07132001,1227.380064515523,46127.0468,112.635,342.7949782185404,407.30182324399993
07132004,283.5704056239209,14557.194900000002,90.665,79.19837858670486,128.540030967
07132007,1324.1630692466185,59758.9243,484.89,369.8255036098881,527.671301569
07132009,1270.0955644979447,67212.5002,756.813,354.72499020863097,593.4863767659999
07132013,2578.9391848026025,102198.76789999999,760.05,720.2719249235188,902.4151205569999
07132017,1143.818967990332,50844.0607,351.43899999999996,319.45719957001984,448.953055981
07132044,7674.24250113375,267952.3577,2725.259,2143.339188141645,2366.019318491
07132047,1359.3891468206912,81074.1035,865.755,379.66379481555083,715.884333905
07132049,484.076320062805,26637.6149,232.29500000000002,135.1976754303408,235.210139567
07132051,431.01062543086914,22908.302600000003,202.79,120.37695757658743,202.280311958
07132052,660.76671469205,36130.5091,331.08,184.5455357463426,319.032395353
07132061,468.80171193514855,26414.8394,253.525,130.93163012636762,233.24303190199998
07132067,4452.750617418765,88693.5248,588.55,1243.6087199388867,783.1638239839999
07132070,846.5584901593181,40418.4667,330.695,236.43532071659595,356.89506096099996
07132077,272.96342065040676,12978.026100000001,59.120000000000005,76.2359537534521,114.595970463
07132081,1203.0493350275995,61151.9893,487.485,335.9996487798582,539.972065519
07132087,290.77978928673497,12723.7888,59.135,81.21188734989221,112.351055104
07132091,1460.3627863591673,92845.0674,935.64,407.86472260225185,819.8219451419999
07132118,771.9620423265486,37428.017900000006,369.575,215.60127880138174,330.489398057
07132501,15066.674160613575,565218.8497,4085.826,4207.971426317765,4990.882442851
05374028,27714.011812283596,961170.6917,7023.203,7740.246359052685,8487.137207710999
07132034,1180.664930849713,61220.9356,508.088,329.7479085370164,540.580861348
07132038,1368.845963190869,78274.9655,969.91,382.3049890595778,691.167945365
05374040,30169.241660315536,1283740.7963999999,13164.143,8425.967503309526,11335.431232211999
05962032,125781.14978881959,4180803.9058,16093.823,35129.41732451942,36916.498488214
05962036,63718.17066549007,1868448.4670000002,10158.134,17795.84788516472,16498.39996361
05962004,38714.67668630318,1278267.0326,5981.065,10812.622051717615,11287.097897857999
05962056,6715.311194330758,230097.30620000002,4944.07,1875.519263464637,2031.7592137460001
05962024,171109.64260533234,5838367.5866,31738.488,47789.21208324326,51552.785789678
05962044,10153.742789250235,468921.7542,2769.785,2835.838823609698,4140.579089586
05978016,64934.31014427006,1293042.032,8477.115,18135.503480193183,11417.561142559998
05978028,55826.3770275653,1706447.4437,17767.921,15591.748840028711,15067.930927870999
05978012,44619.95261360321,1798931.0933,18014.234,12461.906565453239,15884.561553839
05978020,67767.75594959433,2743271.2999,21211.209,18926.8565591622,24223.085578117
05978036,149046.6481234686,4680885.2269,31531.056,41627.23835440354,41332.216553526996
05570016,39229.34102557445,1713348.4706000001,24085.613,10956.362655032688,15128.866995398
05566028,103676.10070249946,4841346.227700001,58057.384,28955.698165201073,42749.087190591
05566072,17240.44589479738,1428339.8199999998,21798.513,4815.08413395796,12612.240610599998
03459017,29169.077442232385,1340092.9135,15464.682999999999,8146.631638841082,11833.020426205
03459011,8993.687959298342,327654.35890000005,6259.806,2511.8471101524337,2893.187989087
03459009,1364.9643973978189,176042.24560000002,8231.154,381.2209065492368,1554.453028648
03453011,74415.91319993394,2451356.3632,28343.222,20783.62039760955,21645.476687055998
03454027,4890.056561926718,215560.55709999998,4208.045,1365.743897180513,1903.3997191929996
03454057,55320.2862390365,1708148.0994999998,25632.139,15450.402743700502,15082.947718584997
03454006,112052.34043368328,147918.76559999998,3117.825,31295.0981597234,1306.1227002479998
03454011,34058.5792244378,754470.2023,9928.478,9512.220591593234,6661.971886308999
03454033,127934.60626441654,726714.7518,14673.536,35730.85618358889,6416.891258393999
03454042,14720.722689688582,335302.6299,6919.615,4111.350640003124,2960.7222220169997
03457017,23827.085186639833,1472519.7619999999,12100.589,6654.666621776639,13002.349498459998
03453013,60031.307524390664,2177999.9696,29159.095,16766.143878487066,19231.739731568
03457006,9757.721819736249,433708.64359999995,3690.99,2725.2341270341367,3829.6473229879994
03457008,9053.021702215843,419001.4147000001,3185.384,2528.4184312118628,3699.7824918010006
03457016,1622.4562555804637,94668.5994,2204.695,453.13580762106767,835.9237327019999
03457009,3544.55682291938,156381.0341,2307.2780000000002,989.9592750731535,1380.8445311029998
03457019,2026.3933691299071,123736.1279,460.737,565.9514040642918,1092.5900093569999
03457020,36123.36713385801,1993993.6231,14086.829,10088.895206815203,17606.963691973
03452025,57824.912053457425,2106171.9296,12005.758,16149.919687410124,18597.498138368
03462002,4219.493392994979,231959.5318,1688.03,1178.4623097295678,2048.202665794
03462019,48436.834388817704,2226579.6300999997,20429.007,13527.923476452896,19660.698133782997
03462015,4272.706219512914,199675.5111,1837.61,1193.3241200477617,1763.1347630129999
08315013,16241.467941185892,513941.4526,5408.554,4536.079581293808,4538.1030264579995
08315043,6820.242287138757,263688.1866,3470.008,1904.8254683749833,2328.366687678
08315115,9682.953562174504,271448.63269999996,4142.898,2704.352100379717,2396.8914267409996
08315132,4135.586282289794,182414.1485,9121.352,1155.0278927807167,1610.716931255
08315030,8695.16886746663,381439.63690000004,5795.525,2428.473712994755,3368.111993827
08316002,17042.937069565243,417860.2658,5430.929,4759.921894158876,3689.7061470139997
08316013,5711.956616480327,228451.86510000002,2807.329,1595.2923634167905,2017.2299688330002
08316020,19691.955953111286,811160.4070000001,9604.458,5499.766378144451,7162.54639381
08316037,15562.780054375864,388189.2959,4247.198,4346.528841386635,3427.711482797
08316043,32037.56986489031,1167647.7545000003,13730.149,8947.772887565214,10310.329672235002
08316017,47858.61461939366,1144342.15,10679.285,13366.432477050454,10104.541184499998
08316053,8773.930177534809,438685.03449999995,5256.41,2450.4709592836966,3873.5888546349993
08317113,7863.478185697716,302173.6563,3979.13,2196.190822483515,2668.1933851289996
08317114,12923.680189875215,508985.3618999999,4845.187,3609.4546402302485,4494.340745576998
08317026,22696.19406641635,1153337.9187,15089.283,6338.820040809422,10183.973822121
08317150,20217.14237421185,911316.7562999999,9883.427,5646.445693693627,8046.926958128998
08317152,13813.316013004824,603215.0052,7095.347,3857.921029272117,5326.388495916
08317075,10848.725351365594,502608.0923,5985.305,3029.9405033828966,4438.029455009
08317151,37840.32245767628,1328740.5375,15063.138,10568.423659204407,11732.778946125
07340004,10912.633940335472,492986.41900000005,3801.7400000000002,3047.789533196294,4353.07007977
07340020,3071.002259501095,175785.8686,1284.285,857.7002210560607,1552.1892197379998
07340039,1117.795183290422,59495.5948,452.0,312.18901674118194,525.346102084
07340501,2499.0073337295366,160147.9665,1763.6580000000001,697.9477582373222,1414.106544195
07340027,1884.0530785807468,104475.9583,937.405,526.1971843168168,922.5227117889999
07340031,2424.933997094613,131036.39619999999,1230.634,677.2598160485544,1157.0513784459997
07340040,2192.3269766530666,134116.4263,1258.62,612.295001309435,1184.2480442289998
07335045,1844.4123358456804,113870.50180000001,1240.84,515.1259212783401,1005.476530894
07335047,5655.7748529325645,286446.04459999996,3923.828,1579.601358675536,2529.3185738179995
07335204,2304.816125183253,134711.9819,1467.05,643.7120956024307,1189.506800177
07340015,7722.719732714441,273386.9277,1964.975,2156.8783941498164,2414.006571591
07340044,1373.7246062130716,84743.048,875.428,383.66754526924876,748.2811138399999
07312000,739613.3339780422,7066192.196799999,46273.243,206566.6080467274,62394.477097743984
07335013,1680.6117467661547,86160.57949999999,769.909,469.37805475431935,760.7979169849999
07335025,2118.052668119317,116556.26860000001,1416.06,591.550929679044,1029.191851738
07335034,5592.14408023837,319446.39690000005,3609.9139999999998,1561.8299201697744,2820.711684627
07335035,9884.477512642796,482173.8021,5204.76,2760.635724506006,4257.594672542999
07335041,1589.198707580219,87568.0988,993.559,443.84730704007933,773.226312404
07335042,1045.1858083904385,60465.2413,579.795,291.90994442536555,533.908080679
07333008,3011.332827585331,45163.3551,210.775,841.035145416307,398.79242553299997
07333016,4500.209154559737,37087.95899999999,404.025,1256.8634147769887,327.48667796999985
07333024,861.0947616363444,45270.12189999999,406.13,240.4951559774146,399.7351763769999
07333028,2283.311298936471,74177.5484,636.473,637.7060126799669,654.9877523719999
07333034,2929.625854333266,74096.99220000001,549.685,818.2152048567378,654.276441126
07333061,713.5629584609676,44882.236800000006,246.475,199.29099866856362,396.31015094400004
07333068,572.6624285299796,30254.7151,214.975,159.938889664138,267.149134333
07333077,2753.1158392728253,25502.393099999998,141.4,768.9177227505073,225.18613107299996
07333079,366.6157766768363,36497.0954,350.435,102.3921202680736,322.26935238199997
07333201,2532.7946481877475,25915.442300000002,140.57,707.384217292356,228.833355509
07333202,1971.2684183815834,18356.57359999999,39.99,550.5555565697924,162.0885448879999
07333203,3074.3523749810192,28780.5515,216.96,858.6358748084488,254.132269745
07336036,6099.351657187916,63266.662,643.27,1703.487924336013,558.6446254599999
07336069,7644.474386784936,77520.3314,631.19,2135.0252514851645,684.5045262619999
07336085,521.6389625512898,4178.411800000001,314.917,145.6885458509497,36.895376194
07336086,2093.7181782881858,21525.339000000004,323.3,584.7545500141074,190.06874337000002
07133020,1206.7713361118979,58860.4884,517.355,337.0391664626919,519.738112572
07133027,61.20235161866226,3571.9347,400.415,17.093204783576184,31.540183400999997
07133058,838.1043564231134,44811.7685,341.18,234.0741657054113,395.68791585499997
07133076,2449.4614358941326,155022.337,1284.129,684.1100844308722,1368.84723571
07133083,1580.9941255051074,89603.0885,814.804,441.5558493123214,791.1952714549999
07133084,769.7670941919948,39096.4642,222.45499999999998,214.98825173688223,345.221778886
07133090,515.1920076169756,30263.880900000004,142.56,143.8879758073451,267.230068347
07133102,97.58319842002793,4909.7928999999995,1293.454,27.2540114867296,43.35347130699999
07333021,860.6926203235772,53013.450500000006,273.31,240.38284193017188,468.10876791500004
07333054,2176.2954538446734,121542.0738,718.262,607.8175573042788,1073.216511654
07333067,689.4906436109791,38071.7117,309.961,192.56784185411033,336.173214311
07333078,496.27127237617344,33153.2343,163.68,138.60360366194146,292.7430588689999
07133002,1.794912810194814,180.0764,443.51,0.5013011987593096,1.590074612
07133004,826.1061217267437,38043.081399999995,351.93,230.72317873706223,335.9204087619999
07133015,1.296217191591881,640.0285,611.662,0.36202049943969644,5.651451655
07133021,269.6089143620105,21830.774000000005,156.79,75.29907369216592,192.76573442000003
07133023,163.10522647934795,64188.44760000001,613.758,45.553658703417085,566.783992308
07133044,97.9636619082622,52043.6718,457.18,27.36027113435855,459.54562199399993
07133068,404.00610010301364,32642.337199999998,275.25,112.83486369777067,288.23183747599995
07133088,630.7128050426192,36406.547,396.74,176.15177932035309,321.46981000999995
07133091,180.09427418414865,59008.6135,433.175,50.29852983689087,521.046057205
07133098,63.954812327574764,55988.9995,540.474,17.861939534968354,494.38286558499993
07133103,5030.067780264683,280611.19149999996,1719.88,1404.8476303501234,2477.7968209449996
07133109,2685.3243322567123,198687.79100000003,2050.565,749.9842327559771,1754.41319453
07133114,4255.280640265465,201374.1132,1797.46,1188.4573300197417,1778.1334195559998
07141004,459.7396735474954,24426.244400000003,94.91499999999999,128.40069342507996,215.68373805200002
07141023,1811.9930943154445,103754.25779999999,860.833,506.07155131136045,916.1500963739999
07141024,1224.5047530803236,71622.31940000001,509.54,341.9919324878035,632.425080302
07141026,456.443814920991,21120.525199999996,229.255,127.48019306928356,186.49423751599994
07141040,558.57996209574,26389.474000000002,196.705,156.0057976137192,233.01905542
07141047,1017.9443269680403,56372.0879,668.855,284.30167107890395,497.76553615699993
07141055,1123.1189042314898,49860.8606,521.645,313.6758787628128,440.27139909799996
07141070,364.9427513871688,19575.4771,151.28,101.92486103492237,172.851462793
07141072,0.09764039886812395,13.4218,144.865,0.027269986999878336,0.11851449399999998
07141079,320.57425603503503,19503.342200000003,320.565,89.53318396802493,172.21451162600002
07141083,63.225998071551246,3480.4567,377.1,17.658389001403545,30.732432661
07141094,642.5905133940381,33714.7157,330.375,179.4691044858209,297.700939631
07141099,1135.1182204462339,59815.05099999999,573.24,317.02716778842864,528.1669003299999
07141100,659.3048381668557,31928.750699999997,470.65,184.13724825162112,281.93086868099994
07141108,430.1262582635929,15006.972,1056.41,120.12996267043886,132.51156275999998
07141112,602.000947576995,34189.3395,368.025,168.13284464877893,301.891867785
07141121,323.86423030957246,18230.5315,378.965,90.45204088316049,160.975593145
07141138,1034.033262591589,58182.743899999994,285.01,288.79514990920484,513.7536286369999
07141140,602.3779936877829,24595.518899999995,462.696,168.23814985706088,217.17843188699993
07141501,157.46758224100114,4220.844900000001,642.031,43.979121044089204,37.27006046700001
07138023,11.92682974173975,444.4287,1960.225,3.3310442785704946,3.9243054209999997
07138069,14.467967399243147,729.9179,339.071,4.040758614934618,6.445175057
07138201,1128.2677041383909,54271.0847,322.65,315.11388708881117,479.213677901
07143001,223.6915814575788,6681.4475,389.788,62.474821785287176,58.997181425
07143006,1471.8918166706821,62303.116200000004,530.635,411.0846654779548,550.136516046
07143009,1225.8746055021588,61792.303499999995,782.545,342.37451857069794,545.6260399049999
07143012,2298.9386724302585,110898.6501,857.926,642.0705818230468,979.235080383
07143015,559.7599458177324,28948.048300000002,271.27,156.33535526743447,255.611266489
07143022,1201.49984346403,45754.9013,369.995,335.5668912810689,404.01577847899995
07143029,5895.402989504866,283282.8602,2658.725,1646.5271009388139,2501.387655566
07143038,659.7151537809705,20789.703,365.875,184.25184529948723,183.57307749
07143041,510.8538550138753,28603.541699999998,178.165,142.67637316682521,252.56927321099997
07143044,3134.118276444139,114248.86260000001,927.6,875.3278934280836,1008.8174567579999
07143046,3307.91475474444,137205.1335,1173.8,923.8675118525746,1211.521328805
07143047,8450.662810284144,202041.3051,1640.52,2360.1856162842587,1784.0247240329998
07143056,1087.9108866332544,60336.2104,394.885,303.84263152780164,532.7687378319999
07143059,1096.085814530034,38943.02190000001,337.07,306.1258071400932,343.866883377
07143062,16458.693014054417,295925.3741,5307.497,4596.748371895258,2613.021053303
07143064,816.5915045594965,46441.850900000005,195.94,228.06584130842174,410.081543447
07143067,17725.273032281853,429423.6562,1272.67,4950.491505185999,3791.810884246
07143069,2610.819821372237,106784.63,1062.905,729.175867911052,942.9082829
07143070,17619.62239702979,401736.92449999996,2132.54,4920.98433926645,3547.3370433349996
07143078,1228.529606616859,61636.0331,437.435,343.1160338320225,544.246172273
07143082,559.7915969825833,29764.9804,223.305,156.34419512126567,262.82477693199996
07143084,1375.4572018572692,62121.724799999996,589.3100000000001,384.1514419067167,548.5348299839999
07132201,3159.8471419239963,75801.0208,397.855,882.5137082679529,669.323013664
07143019,1339.441680992528,67315.28719999999,531.548,374.09266708440316,594.3939859759998
07143045,623.5436026843643,31437.2388,111.68,174.1494927937161,277.590818604
07143212,1035.1096505898302,52966.4234,315.27,289.0957743132336,467.69351862199994
07143235,4263.624326408645,200617.72710000002,1830.905,1190.7876381226704,1771.454530293
07143241,1373.761358033323,69233.87150000001,715.527,383.67780968512676,611.335085345
07143262,815.0646777847136,42426.566600000006,352.365,227.63941385849265,374.626583078
07143267,1730.6112936254362,78007.32299999999,460.165,483.3424281966481,688.8046620899999
07143268,2379.3569043627695,93699.9846,361.624,664.5305898194779,827.3708640179999
07143287,1786.161592280435,90003.9648,805.715,498.85707110800263,794.735009184
07143301,2230.89511377686,98077.4118,653.295,623.0666963267391,866.0235461939999
07143306,441.69683752038264,19894.4162,130.49,123.36150975106766,175.66769504599998
07143310,974.2689617658463,50940.0402,385.90999999999997,272.1035783315832,449.800554966
07143313,370.8778057913693,21292.6527,236.835,103.58246237947154,188.014123341
07132014,1539.3457451914912,72550.94510000001,583.595,429.92387317453154,640.6248452330001
07132022,1701.805315499892,69698.47260000001,537.625,475.2972065659648,615.437513058
07132028,2045.4344221961935,94694.93199999999,1420.279,571.2693797751748,836.1562495599998
07132048,575.605100181316,27019.794299999998,236.44,160.76074842963973,238.58478366899996
07132056,160.94440765297196,8301.0257,47.515,44.95016361339854,73.29805693099999
07132057,1294.1670391272787,58487.9474,936.2819999999999,361.44791235785766,516.448575542
07132058,383.1365199230711,15828.8629,115.74000000000001,107.00619864931451,139.76885940699998
07132092,363.9829275476906,17545.9416,227.79,101.6567918347945,154.93066432799998
07132096,2440.8450871440245,117184.2679,1121.18,681.7036243884546,1034.737085557
07132102,448.3985758991525,20183.3315,56.49,125.2332382628743,178.21881714499997
07132105,1269.7714546923266,58978.71790000001,413.75,354.6344695810199,520.782079057
07132106,891.31877414642,31556.171400000003,148.3,248.9364204313536,278.640993462
07132110,258.40260530133844,10862.2528,37.195,72.16926363461081,95.91369222399999
07132117,19760.286121668752,730079.4074999999,5342.09,5518.850310920866,6446.601168224998
07143225,1649.4740544383187,51815.9417,515.575,460.681608664078,457.534765211
07143236,670.0098802890885,33329.081699999995,236.055,187.1270594659395,294.2957914109999
07143240,354.95013648898197,16956.389900000002,66.375,99.13402362000777,149.724922817
07143250,3487.862631081581,93384.00549999998,716.448,974.1251542347748,824.5807685649999
07143261,617.173751438733,31295.007400000002,244.035,172.37045703932372,276.334915342
07143265,1343.5458290322388,60268.269799999995,420.40500000000003,375.23891459041397,532.1688223339999
07143296,433.44959640696925,21792.1242,194.282,121.05813778050243,192.42445668599996
07132008,3080.5879088491342,155214.55580000003,2527.396,860.3773970624746,1370.5445277140002
07132010,1036.610341822728,58362.7481,624.9350000000001,289.5149023676697,515.3430657229999
07132011,2571.415381280401,125210.87730000001,853.675,718.1706018378031,1105.612046559
07132037,7758.252292744037,250844.2783,1648.205,2166.802282840482,2214.954977389
07132054,1928.1114492000265,71134.0003,567.665,538.5022466470754,628.1132226489999
07132080,3471.997168516984,180460.1281,1333.165,969.6940891951084,1593.4629311229999
05374004,11708.82669646506,515700.37220000004,8377.972,3270.1582080557264,4553.634286526
05966008,35371.7967408136,1260720.4736000001,10201.77,9878.98911174183,11132.161781888
05962020,22937.025993081625,692150.5937999999,5025.109,6406.081989607766,6111.689743253999
05962048,2226.901737464976,1065245.1434,7946.135,621.9513862565932,9406.114616222
05962060,33670.36668263995,1216435.5655999999,3937.218,9403.796710794511,10741.126044247998
05962016,63141.47255393115,2399490.8322,11675.953,17634.78186958743,21187.504048325998
05962040,107258.19322372494,3894582.8991000005,23772.269,29956.140785454136,34389.166999053
05978008,18041.663879291224,835885.7661,12350.845,5038.856304847245,7380.871314663
05915000,238845.47173095305,8874214.0841,77792.239,66707.15179973787,78359.310362603
05570040,46065.17368992623,1587685.7210000004,19551.595,12865.542359859497,14019.264916430002
05570024,25534.848118433805,1152020.0402000002,16998.779,7131.627730997377,10172.336954966
05570044,43475.484438639476,1811857.9843,22006.011,12142.268048867618,15998.706001368997
05570032,31030.229877880574,1435570.7803,17541.472,8666.432902593266,12676.089990048999
05566032,21589.782523491285,1008945.1091,10757.917,6029.810360985881,8908.985313353
05566040,51966.21999275073,2421731.5922000003,17232.144,14513.64558177535,21383.889959126
05566088,18604.68326870915,1039242.2811,11379.149,5196.101990117778,9176.509342112999
05566056,27434.05384499385,1361034.8851,15596.323,7662.056898368332,12017.938035433
03459027,24012.261406229518,880524.8208000001,15590.2,6706.384488145842,7775.034167664
03459032,16101.31165533124,508159.6141,8566.083,4496.935332217461,4487.049392503
03459016,4671.478861423842,309862.5,4421.212,1304.6973312070647,2736.0858749999998
03459026,18161.396675961292,770384.7390000001,12536.59,5072.296477629229,6802.49724537
03459025,7275.340526056674,530195.5246,6337.905,2031.9298555223684,4681.626482218
03453010,31458.019984584924,1103155.5355,15629.801,8785.910401494722,9740.863378465
03454055,15632.190188402092,412137.67199999996,10973.247,4365.91439771882,3639.1756437599993
03453007,115472.10928524032,3962586.8242,59141.067,32250.20540227477,34989.641657686
03454022,5752.127060577909,203715.3487,3300.509,1606.5115667488042,1798.806529021
03453001,40304.56988434672,1767788.0078000003,20527.614,11256.663322999195,15609.568108874
03451001,44284.70352808474,1767447.2025000001,11167.638,12368.274848358787,15606.558798075
03462005,35818.42576344572,1729273.0309,10374.419,10003.728131472753,15269.480862846998
03462017,458.414442614272,22468.631,1246.165,128.03056967774,198.39801173
08316009,15788.982651264447,708867.9425,9159.965,4409.704964671647,6259.303932274999
08316011,41834.851967990704,1786544.2401,19206.902,11684.055806140123,15775.185640082998
08316024,13929.529113966943,379998.8061,4763.404,3890.3781862398273,3355.3894578629997
08316036,4596.587728118209,219991.56080000004,3428.346,1283.7809865861345,1942.525481864
08316045,459.40345877418457,16654.676199999998,3730.635,128.306792001042,147.06079084599997
08316054,11010.083591245417,558858.8966,8670.582,3075.0062461989323,4934.724056978
08317073,22043.56637684637,571567.8498000001,6341.907,6156.5476533894225,5046.944113734
08317031,25077.285444132798,1257422.4725,12944.617,7003.835051691849,11103.040432175
08317059,16147.459254143147,590444.6718,6090.566,4509.823895089639,5213.626451994
08317065,94054.5825122055,3361256.3343999996,24666.740999999998,26268.50434983387,29679.893432751993
08317047,19850.00402674976,854437.9216,8271.081,5543.9076246309405,7544.6868477279995
08317122,25600.087604582084,781601.2082,8919.5,7149.84846708373,6901.5386684059995
08317057,94353.71800350693,3212883.7509,30044.658,26352.04990119945,28369.763520446995
08317141,33042.195335985656,1223718.1558,12471.647,9228.354735387433,10805.431315714
08317153,44271.04435661601,1522788.1077,15823.438,12364.459978359284,13446.218990991
07337060,353.6298649267273,23159.173200000005,52.69,98.76528497538565,204.49549935600004
07337079,1235.544784098276,78186.18950000001,508.57,345.0753027508075,690.384053285
07340002,2318.9314437693492,124680.34349999999,932.66,647.6543629303416,1100.9274331049999
07340009,2129.108989253768,110730.0375,1047.8700000000001,594.6388496086848,977.746231125
07340010,725.5319056484184,46865.238,380.61,202.63380592854676,413.82005153999995
07340014,7331.1235949308375,384184.5595,5155.045,2047.5095088282335,3392.3496603849994
07340033,519.9432282476051,31304.379199999996,190.475,145.21494421727363,276.41766833599996
07340043,1470.8980999535015,75588.34479999999,609.98,410.8071303360134,667.4450845839999
07340047,1840.0042311506813,69706.42089999998,585.278,513.8947817180738,615.5076965469998
07340502,2341.063941985237,128554.09760000001,876.88,653.8357483570568,1135.132681808
07337501,14478.604272882803,671379.9135,5176.097,4043.729387373438,5928.2846362049995
07340049,2437.82872059795,90001.63990000001,739.335,680.8611833758014,794.714480317
07340057,2810.2113383974097,135751.25879999998,1149.865,784.8639247010125,1198.6836152039998
07335004,17253.85783602911,729995.7799999999,7459.118,4818.82995502457,6445.862737399999
07335007,1951.3413771543628,79394.6835,1294.166,544.9901332254419,701.0550553049999
07335015,5968.838511213477,342230.25,4023.939,1667.036907796812,3021.8931074999996
07335026,9462.968185489297,410684.02890000003,4132.518,2642.9123845253057,3626.339975187
07335048,831.1243724744675,35095.079,332.57,232.124725988394,309.88954756999993
07333030,1496.1802433371572,84428.1404,992.01,417.8681801616346,745.500479732
07333042,2617.907226194866,127381.55709999999,1487.683,731.1553092039641,1124.7791491929997
07333048,3344.144130325377,157375.14429999999,1454.085,933.9860141585744,1389.6225241689997
07333080,4638.577498051169,130370.9768,757.435,1295.5083094307108,1151.175725144
07333503,12424.08982218316,510020.35500000004,5162.112,3469.9240464375343,4503.47973465
07335205,7248.146789248651,246301.8033,2825.203,2024.3349167692556,2174.844923139
07333014,1118.6267032558594,68056.0108,422.885,312.42125195232893,600.934575364
07333020,799.8457019881014,41163.701799999995,113.1,223.38890610825683,363.4754868939999
07333025,1241.4712475177237,72712.74160000001,871.877,346.730504719225,642.053508328
07333033,1668.9911316892237,88839.44230000001,1433.655,466.1325331694833,784.4522755090001
07333037,1027.5024358532933,57348.6155,588.37,286.97115530946627,506.38827486499997
07333069,856.1637880039268,47611.5178,427.57,239.1179843516167,420.40970217399996
07333073,300.5949913683954,20496.4927,164.535,83.95317513927915,180.98403054099998
07333084,528.8455199994723,30153.037900000003,248.895,147.70126528065262,266.251324657
07333502,18002.376049533428,581164.7287,5530.877,5027.883606874191,5131.684554420999
07133030,2700.14612461125,162123.11680000002,1397.13,754.1238111426759,1431.547121344
07133032,2808.517522666517,156999.5193,1749.11,784.3908589055314,1386.305755419
07133039,1348.3134937157872,76456.8231,818.9549999999999,376.57047565988216,675.1137479729999
07133045,1072.52104216893,59516.3949,297.775,299.5444018673605,525.529766967
07333003,2889.2814279628274,158542.8119,1034.502,806.947410015738,1399.933029077
07333004,1249.522171833526,65951.5177,713.39,348.9790473713855,582.3519012909999
07333023,1116.5941538844404,63088.3379,672.265,311.85358123838535,557.070023657
07333036,490.2464190490165,27001.4601,35.54,136.9209223761998,238.422892683
07333043,1214.000028104534,61309.2326,431.8,339.0580678493153,541.360523858
07333051,1197.7732768574776,61977.316600000006,605.325,334.5260984935249,547.259705578
07333053,506.2358108979481,28295.252399999998,287.475,141.38659962568792,249.84707869199997
07333055,560.2144748059475,32739.211,197.965,156.46230066855307,289.08723312999996
07333066,796.486836818669,44388.9751,324.08,222.45080865508604,391.954650133
07333072,262.59294696674687,16285.698499999999,76.94,73.33958415834273,143.80271775499997
07333083,657.2898728658299,33247.295000000006,369.98,183.57448859269763,293.57361485
07133003,1269.112016071448,69153.5737,752.04,354.4502949685947,610.6260557709999
07133006,123404.17972608593,3652430.8291,23425.85,34465.55335569854,32250.964220953
07133036,1840.7247266162772,101088.8231,1178.6100000000001,514.09600889666,892.6143079729999
07133040,3470.387766143021,203189.6919,2082.543,969.2445992060843,1794.1649794769999
07133048,2217.617705971144,118805.2227,1046.385,619.3584491006808,1049.050116441
07133061,1680.2044665048134,91310.78029999998,668.63,469.2643054501293,806.2741900489998
07133070,1126.4666702700938,63198.4938,594.24,314.6108763397345,558.0427002539999
07133071,2109.9233921971363,124807.8122,1313.14,589.2805042067382,1102.0529817259999
07133086,3603.547183166183,203878.9898,2223.45,1006.4346927864832,1800.251479934
07133105,964.3291887087355,57705.9533,779.415,269.32749911446274,509.54356763899995
07133112,1932.9154699492915,110016.5158,1257.73,539.8439616021376,971.4458345139999
07133117,3730.627830139585,207654.3492,1923.317,1041.9270466796847,1833.5879034359998
07133028,374.2319077413311,20080.563499999997,218.5,104.51922951307635,177.31137570499996
07133035,5113.5096633435205,274407.9685000001,2967.48,1428.1521138752119,2423.0223618550003
07133054,41649.813812568485,553365.436,3871.46,11632.37649971225,4886.21679988
07133085,524.905128531519,30406.1518,252.054,146.60075334756795,268.48632039399996
07133087,2295.8320028170538,124648.01109999999,1281.03,641.2029200667749,1100.6419380129998
07133093,2258.245439522874,95112.19930000001,654.29,630.7053688043435,839.840719819
07133108,6855.595235004392,181137.00310000003,1146.63,1914.6991931843766,1599.439737373
07133110,1458.2342351427806,66814.882,667.705,407.27023953302717,589.97540806
07339038,2848.725341322266,181148.99160000004,1602.955,795.6205005778957,1599.5455958280002
07339062,6421.949394846214,367570.19779999997,3687.285,1793.586246486599,3245.6448465739995
07339063,4282.183907336933,226054.6574,2624.28,1195.971143480132,1996.0626248419999
06439010,8374.684006349216,355840.2435,1741.755,2338.9654961332726,3142.0693501049996
06439013,16490.298006770547,684411.3633,4089.57,4605.575330310946,6043.352337938999
07141069,595.4903971086917,24030.5379,200.405,166.3145130084865,212.189649657
07339003,1658.0444655170918,75680.2331,744.515,463.07523877426854,668.2564582729999
07339036,23.98215253124913,1253.6639,140.98,6.6979753804525695,11.069852237
07339040,991.913807272161,49618.280600000006,298.7,277.0316072330418,438.129417698
07339044,1603.5930588220117,78523.6809,550.63,447.8675053983996,693.364102347
07339045,429.1272091139765,20282.7479,306.645,119.85093823344249,179.09666395699998
07339058,1145.9967161800018,70680.631,438.325,320.0654228619127,624.1099717299999
07141016,1202.403831393849,55537.980200000005,1058.856,335.81936606998806,490.40036516600003
07141031,384.0196159852846,4754.5189,274.15,107.25283854853012,41.982401886999995
07141078,1506.3827042210319,30253.9647,293.19,420.71762546189194,267.14250830099996
07141080,772.7647893329198,37550.8813,233.885,215.82547801279117,331.57428187899995
07141097,1544.8860665994525,66170.5118,1039.685,431.47122954056107,584.2856191939999
07141105,1072.7938355600463,43294.7337,563.305,299.6205903335653,382.29249857099995
07141114,48.14747561650882,1754.3445,136.53,13.447108464934749,15.490861934999998
07141115,839.9376489228904,39868.681899999996,518.789,234.58618596767406,352.04046117699994
07141116,876.828093119889,40567.8468,297.40999999999997,244.88931812745378,358.214087244
07141122,387.33230620446415,16788.5128,84.6,108.17803979984478,148.24256802399998
07141136,3563.8029841943403,144134.17810000002,1456.82,995.3345354556373,1272.704792623
07141009,863.1603194370773,35005.8874,729.483,241.07204561558132,309.10198574199995
07141015,2222.943009501937,105163.4343,1240.865,620.8457531237959,928.5931248689999
07141033,622.2298500986166,30468.4638,297.604,173.7825748340426,269.03653535399997
07141035,324.8634964774215,14064.9443,126.21,90.73112593117905,124.19345816899998
07141037,515.6262618296436,25450.1801,202.16,144.00925866640114,224.725090283
07141046,1203.3815402846622,50564.66359999999,641.29,336.0924303861033,446.4859795879999
07141063,757.206676685727,37986.7865,253.362,211.48025273155667,335.423324795
07141067,713.9370846572469,36503.725399999996,227.215,199.3954883739225,322.32789528199993
07141082,491.1930360532458,24128.704800000003,146.78,137.185303039311,213.056463384
07141084,979.4634875346633,44170.006,482.445,273.5543574335561,390.02115297999995
07141085,10409.275876347045,298861.19049999997,3173.421,2907.206659504966,2638.9443121149993
07141092,11345.74545823716,394730.602,3816.134,3168.753249031056,3485.47121566
07141107,1311.4777528189663,59487.5257,788.035,366.2826215848091,525.274851931
07141110,568.3817148607291,24349.101499999997,200.15,158.743329143453,215.00256624499997
07141111,686.0652897333443,38313.8747,384.515,191.61117476962573,338.311513601
07141120,777.59889452114,41907.3985,289.85,217.17559525080918,370.04232875499997
07141129,8043.667729296249,242494.4359,2396.365,2246.515960115149,2141.225868997
07141003,883.8697587253905,50115.4613,510.785,246.8559849144143,442.519523279
07141025,281.55680919636717,14533.9628,540.84,78.63600124045338,128.33489152399997
07141027,373.85713752351086,18051.236100000002,109.63,104.41455993894134,159.392414763
07141058,742.4455014866317,36943.9927,267.545,207.35760411020135,326.215455541
07141059,2009.3665303172545,100799.2351,889.483,561.195978252306,890.057245933
07141071,0.41071466644599336,20.2062,347.41,0.11470849919170148,0.178420746
07141087,197.83847105541847,9318.845299999999,106.50999999999999,55.25430658106782,82.28540399899998
07141091,10737.957392371045,322282.62320000003,1274.4950000000001,2999.004120115309,2845.755562856
07141103,588.3101847672262,32465.864999999998,231.815,164.30915150363862,286.67358794999996
07141106,644.1038878615857,23046.096299999997,524.507,179.89177484086227,203.49703032899995
07141127,8.540730231276083,424.4864,296.725,2.3853405462930968,3.748214912
07141128,1220.8347491835552,52898.906200000005,709.785,340.9669370994751,467.097341746
07141135,664.5149585479006,36503.3836,271.645,185.59238277284317,322.32487718799996
07141139,1036.0535298286984,55098.5987,546.745,289.35939034585715,486.520626521
07141141,249.28186799031053,12624.5292,113.04,69.62193291101383,111.474592836
07143020,1178.5220755576454,49925.1574,949.86,329.1494304824948,440.83913984199995
07143034,200.47717233386015,4061.0436999999997,801.717,55.9912694611238,35.859015871
07143036,1095.2773224331431,53082.79830000001,778.355,305.9000033823525,468.7211089890001
07143079,458.3644207467151,16981.9463,728.67,128.01659907035005,149.95058582899998
07143003,2014.077414596747,75134.8086,896.505,562.5116811227255,663.440359938
07143005,3048.579578050352,89731.14000000001,860.9599999999999,851.4377903536828,792.3259662
07143018,1413.068956441242,77310.50680000002,444.395,394.65602884447446,682.6517750440001
07143025,3422.8774973815034,122874.5154,488.825,955.97545624368,1084.981970982
07143028,1923.7032724722549,96527.8799,823.836,537.271086968776,852.3411795169999
07143042,1832.5244497146539,88394.5883,673.53,511.80575356080567,780.524214689
07143049,3476.232812068184,124345.33189999999,741.22,970.877062082523,1097.969280677
07143060,3948.1777937497245,150697.37420000002,2106.28,1102.6865760163605,1330.657814186
07143061,915.1431081661908,46580.0462,441.82,255.59031867973542,411.30180794599994
07143075,499.7904821632647,29383.072600000003,131.555,139.5864837633782,259.45253105800003
07143081,8206.669260057359,308713.53929999995,3647.795,2292.04065764142,2725.9405520189994
07143085,1331.6754583973375,57958.1905,273.37,371.92363877579237,511.77082211499993
07143203,513.5309154465205,26840.702900000004,185.38,143.4240493750587,237.00340660700002
07143220,889.9525978625426,38738.77480000001,506.91,248.5548610570295,342.06338148400005
07143221,643.0459065192218,30404.042200000004,209.57,179.59629123175344,268.46769262600003
07143251,280.43478986970564,15555.7071,142.085,78.32263246271009,137.356893693
07143263,7052.55055610331,241910.28319999998,2065.591,1969.7068448140933,2136.0678006559997
07143273,3327.959126814648,114546.7088,689.68,929.4657045280629,1011.4474387039999
07143275,525.4264195563305,23266.0943,289.06,146.74634471788755,205.43961266899998
07143281,2504.117709767272,72390.3491,545.635,699.3750351609013,639.206782553
07143305,1437.3701439311674,66983.14,435.643,401.4431074985357,591.4611262
07143066,1115.8421998336173,61119.6644,376.37,311.643567991531,539.686636652
07143202,4604.740917707177,183236.3216,1588.208,1286.0580909064374,1617.9767197279998
07143215,694.3132737557006,31789.891799999998,180.9,193.91475422722962,280.704744594
07143223,1452.3062310043524,65320.025,531.355,405.61460725720553,576.77582075
07143229,19514.440338635133,622465.9648000001,4603.519,5450.188042177406,5496.374469184
07143258,918.54396523332,34244.185399999995,488.64,256.5401440500139,302.3761570819999
07143259,781.8604853909881,35819.4033,187.805,218.36581496484905,316.28533113899994
07143276,2019.5185721237387,96155.48960000002,1097.47,564.031342008439,849.0529731680001
07143294,1535.3538453018343,84167.48229999999,849.845,428.8089754543493,743.1988687089998
07143300,4516.835781782421,215182.3537,1920.2,1261.5070654940123,1900.0601831709998
07132006,23807.007709524107,786633.6052,4484.818,6649.059183192988,6945.974733915999
07132020,864.9371340446926,37783.5286,399.355,241.56829216734218,333.62855753799994
07132024,691.0227239754372,31791.641599999995,260.955,192.99573657909986,280.72019532799993
07132025,4693.64301980323,203869.26960000003,2112.194,1310.887559000844,1800.165650568
07132030,782.7736122192532,38184.0177,368.65,218.6208421567152,337.1648762909999
07132039,1849.8551583289996,92639.1201,1539.5049999999999,516.6460471697062,818.003430483
07132059,1051.000301574418,65025.5501,637.625,293.5338742267192,574.1756073829999
07132066,1399.2247477670062,80082.1494,852.1,390.78947980384714,707.1253792019999
07132071,743.1699586222485,44173.0839,354.43,207.55993774360778,390.0483308369999
07132073,1661.088748787013,94814.5449,953.41,463.92547664872484,837.2124314669999
07132095,3720.94596075009,94844.6982,670.765,1039.2229973778926,837.478685106
07132107,3276.9510035846015,136335.84519999998,1370.27,915.2196457911433,1203.8455131159997
07132108,961.0877399220542,48784.2396,288.105,268.4221948828305,430.764835668
07143204,481.0830083147156,24880.8981,117.24,134.36167339221691,219.69833022299997
07143205,1187.2858766661536,61115.1285,545.635,331.59707249409,539.646584655
07143252,459.9177298644935,26825.004699999998,287.69,128.45042277385437,236.86479150099996
07143257,644.8828165361988,35957.6065,205.145,180.10932183039495,317.505665395
07143260,2085.488569255484,79681.3044,921.591,582.4561025073641,703.5859178519999
07143269,2271.4421873150905,101896.685,598.225,634.3910884952315,899.7477285499999
07143299,5721.487901250945,62804.575500000006,404.9,1597.9543559403762,554.564401665
07132002,2704.1223273120295,121941.4462,886.867,755.2343247949767,1076.742969946
07132045,920.2344337716029,47656.08299999999,414.23,257.01227500807096,420.8032128899999
07132063,16379.551047140438,740749.0599,4813.805,4574.644811955853,6540.814198916999
07132076,9116.42535594411,354068.69330000004,2274.447,2546.12643766163,3126.426561839
07132098,4962.4100596712815,216905.28590000002,1423.65,1385.951505565592,1915.273674497
07132111,2485.929210660329,116703.93079999997,687.485,694.2951692453232,1030.4957089639997
05966028,50089.41265137823,1861375.3238,19523.183,13989.472059403426,16435.944109154
05970016,42606.50176453997,1554438.0052,12719.712,11899.569877818369,13725.687585915999
05966024,58044.10689784852,2151394.5169,16427.438,16211.138615500113,18996.813584227
05962052,68842.27266398558,2269006.2313,10399.773,19226.95833232453,20035.325022379
05966004,69108.69271386985,2340488.2397,13703.133,19301.366788056708,20666.511156550998
05962008,11409.783306603716,1139616.7801,10697.219,3186.638379701352,10062.816168283
05958004,158983.7235616188,5814196.553599999,46220.697,44402.56415352451,51339.35556828799
05974056,34591.64456532004,1065710.7338,9048.206,9661.100410648234,9410.225779454
05974052,97131.7145316465,2842998.2531,29938.261,27127.91655154355,25103.674574872995
05570004,119372.07683172202,4136013.8225999996,35781.898,33339.42733833164,36521.002053558
05570052,98728.68034436113,4223563.4975000005,50444.478,27573.933133376617,37294.065682925
05566044,21784.92478789608,1123517.7692,11418.957,6084.311644011496,9920.661902036
05566092,36538.62948623175,1480967.2391,14273.957,10204.873829209666,13076.940721252999
03459014,76661.94048775586,3488722.9425,33609.607,21410.91335882533,30805.423582274998
03459002,23027.835452185194,1182623.6629,14925.021,6431.444163440802,10442.566943407
03459023,25.60216013202183,305597.0824,4864.351,7.150427303272377,2698.422237592
03459028,5601.853221371675,573484.1624,5502.155,1564.5415861968952,5063.865153992
03453006,314540.9111302997,1784253.0852,17216.137,87848.13106958139,15754.954742316
03453009,40763.01739628182,1545423.6988000001,23430.801,11384.703128607549,13646.091260404
03453012,42337.68500660061,1576661.6231000002,21416.248,11824.492045493484,13921.922131973
03451004,78122.74024885331,3080588.3019,22512.173,21818.90012410224,27201.594705776995
03451007,125959.98385892641,3493306.085600001,23767.328,35179.363891959554,30845.892735848003
03455027,31690.39758657072,1450827.8244999999,8723.696,8850.811141953336,12810.809690334998
03455007,28596.214379633195,1440930.2686,10637.252,7986.636714087755,12723.414271738
03455020,40629.00350865136,1952243.2662,16514.318,11347.274389931237,17238.308040546
08337096,3510.975406722255,192497.5777,10490.732,980.5803213434584,1699.7536110909998
08337090,6964.09893749882,321525.64060000004,7961.815,1945.0031922540454,2839.071406498
08336106,24.1254146166408,1483.2841000000003,868.58,6.737987048281608,13.097398603000002
08315064,10782.155512276695,492196.3556,7203.043,3011.348213023758,4346.093819948
08315084,1916.051943325148,84980.86290000001,2362.444,535.1341472512805,750.381019407
08315041,5363.227507847778,287712.6537,3112.251,1497.8958106668058,2540.502732171
08315047,5713.93938084649,351208.5763,6886.994,1595.846129676616,3101.171728729
08315051,1289.6314587158904,81240.2387,1415.52,360.181170104761,717.351307721
08315109,4939.08362350958,252518.2537,3776.02,1379.4366652099907,2229.736180171
08316056,36482.72099924033,1332661.9246999999,15591.166,10189.25914787783,11767.404795100998
08316014,8312.712165612644,380951.96390000003,4523.38,2321.657380733955,3363.805841237
08316039,6334.031523014132,315640.16579999996,5662.418,1769.031664062617,2787.1026640139994
08317121,6917.731802286753,385822.0673,4135.071,1932.053315060667,3406.808854259
08317127,8814.637269881045,453188.6482,4793.528,2461.840043105077,4001.6557636059997
08317009,5245.388429047738,250649.4509,2947.687,1464.9845343487427,2213.2346514469996
08317096,133580.21807048365,4647560.104499999,32544.34,37307.619104905374,41037.955722734994
08317100,6838.834203253736,303727.933,3197.877,1910.0180046267358,2681.91764839
08317005,27963.20262627407,1192790.7378,12359.929,7809.842861492084,10532.342214773998
08317110,26735.508504506284,964450.2633999999,12554.003,7466.9601702235595,8516.095825821998
07337005,16817.1698025115,588039.6893000001,4357.01,4696.867354143436,5192.3904565190005
07337008,955.453496425169,67709.7705,420.925,266.84860701658545,597.877273515
07337013,420.9071208962618,27061.9005,172.71,117.55514979511695,238.956581415
07337019,1353.7455472490542,92943.2366,528.31,378.0875938911883,820.688779178
07337033,2266.2183166846658,156779.561,1292.27,632.9321136668602,1384.3635236299997
07337054,296.2781836525768,21663.662500000002,129.985,82.74753391232817,191.290139875
07337074,1220.082147558879,78074.797,800.595,340.75674299171925,689.40045751
07337078,831.3045170593523,58621.5515,459.305,232.17503856950648,517.6282997449999
07337081,597.049659666728,43391.3874,241.35,166.74999944832044,383.14595074199997
07340005,360.00523865244026,23948.357799999998,117.63,100.54586310324004,211.46399937399997
07340006,249.00181361291408,17675.5685,144.105,69.54371652395076,156.075269855
07313000,134076.43666720748,3608956.0638,29159.543,37446.207996784375,31867.082043354
07337001,3173.225065139455,192745.2058,1817.735,886.2500284427983,1701.9401672139998
07337009,1625.1574089177366,87660.918,1202.55,453.8902127366346,774.04590594
07337024,1560.9492319950248,91843.60389999999,606.805,435.95751100389043,810.9790224369998
07337067,924.9999733750167,58372.9449,443.42,258.3432425639084,515.433103467
07337073,2854.216754243508,135334.1898,1536.171,797.1541972926693,1195.0008959339998
07337083,1294.7942197328357,98597.6526,1044.13,361.6230776291837,870.6172724579999
07340030,897.8374870520746,54505.40180000001,554.82,250.7570317587739,481.282697894
07337026,1886.462976573048,106385.4903,963.597,526.8702447270865,939.3838793489999
07332002,32653.447260869052,1594878.3591,13237.005,9119.781285488118,14082.775910852999
07332048,2572.9480455178677,136030.06780000002,762.962,718.5986596326852,1201.145498674
07335010,1462.0382457497817,83309.4252,426.40500000000003,408.3326616554565,735.622224516
07332047,752.617106401252,41633.277400000006,1577.949,210.19843164680566,367.621839442
07333009,2729.0201461208685,127360.41649999999,1156.26,762.1880366100974,1124.5924776949998
07333011,847.5648398212772,49493.21830000001,597.135,236.7163841136845,437.02511758900005
07333027,879.9421836554135,51917.87699999999,505.748,245.75905247312042,458.4348539099999
07333038,3571.1173587757653,166924.3632,2029.8,997.3773671324834,1473.942127056
07333060,1.6561091517441873,145.7966,2099.705,0.462534724990634,1.287383978
07333071,1914.4288568553538,117756.3371,1181.81,534.6808354311318,1039.7884565929999
07335028,1603.7733909890694,88217.78970000001,1021.855,447.91787036933715,778.963083051
07333010,3115.888357676481,202147.8364,2679.3469999999998,870.2364594154643,1784.965395412
07333013,1569.706261761488,94891.8064,742.33,438.4032618473659,837.894650512
07333035,462.7259428198343,26918.795600000005,163.72,129.2347285701515,237.692965148
07333039,22155.09321838485,727821.1299999999,6062.523,6187.695984962704,6426.660577899998
07333040,2448.86236922498,147827.35210000002,1158.069,683.9427711008445,1305.315519043
07333065,772.601519958873,42658.8281,548.153,215.77987850931365,376.67745212299997
07333075,1220.2315513428973,73607.0964,1092.555,340.79846997455775,649.9506612119999
07133104,216.4647094420539,13749.846000000001,119.78,60.45642870007123,121.41114018
07331053,1076.751100207668,69988.90590000001,596.389,300.7258147769996,618.0020390970001
07331062,1572.644300993843,81477.51560000001,975.5,439.2238268245704,719.446462748
07331070,2790.5897784341723,160346.6639,1363.85,779.3838192188799,1415.861042237
07331075,2065.1781712037064,120622.16450000001,1184.386,576.7836114354831,1065.0937125350001
07333046,1099.626860433974,61345.4426,571.741,307.11478585060456,541.680258158
07333049,933.4710461943232,57138.43550000001,417.64799999999997,260.7091284916125,504.532385465
07333050,671.5488372262952,39665.039600000004,175.06,187.55687474893196,350.242299668
07333056,838.3405768309631,49702.1236,674.615,234.14013970311967,438.86975138799994
07133012,1260.987917382752,69575.50219999999,597.554,352.1813154458288,614.3516844259998
07133018,7566.57710588035,254182.43170000002,2862.887,2113.269319901323,2244.430871911
07133031,1898.4565461651448,113807.83929999999,977.765,530.2199287784632,1004.9232210189998
07133037,2741.049718796389,167898.9271,1746.22,765.5477759626434,1482.547526293
07133069,1653.4988112183746,101871.3069,728.44,461.8056829851798,899.5236399269999
07133078,3702.413445244688,163264.85489999998,2958.306,1034.047051122389,1441.6286687669997
07133080,486.64054426004645,30885.526100000003,324.84,135.91383760638837,272.719195463
07133106,2299.2295167014936,115366.4088,1187.885,642.1518117195601,1018.6853897039999
07331060,1936.0571321268185,117366.07699999999,1486.411,540.7213964316991,1036.34245991
07331072,14568.491167270116,495810.35179999995,3423.195,4068.8338981068705,4378.005406393999
07339004,1391.7409504150492,75053.0244,872.4,388.69933004141905,662.7182054519999
07339068,1413.9272974514156,76578.74100000001,1011.82,394.8957549052058,676.19028303
07133026,1008.1445757839738,51098.145099999994,834.275,281.564698570706,451.1966212329999
07133056,1205.0398790887016,72957.44480000001,829.045,336.55558783068346,644.2142375840001
07339005,67267.01619218545,2110651.23,14811.989,18787.00495231547,18637.050360899997
07339021,19891.53150554561,494264.9368,3936.3940000000002,5555.505834183833,4364.359391944
07339022,36257.00405653495,296526.0384,1098.585,10126.218662949645,2618.324919072
07339029,2106.6420444628266,93513.98630000002,1387.97,588.3640565980228,825.7284990290001
07339048,3771.8753232000545,208627.5705,2687.134,1053.447059016543,1842.181447515
07339065,1670.0414023780397,67087.8517,1041.3899999999999,466.42586327016267,592.3857305109999
06439004,20893.335972562123,827185.2503,7490.622,5835.299803776875,7304.045760148999
06439012,17588.831365403337,848307.8794,5391.505,4912.3847120434975,7490.558575101999
06439005,15701.574543519278,787785.5599,6825.946,4385.292754259499,6956.146493916999
06439014,7865.162119363331,441381.4977,3561.143,2196.6611283169846,3897.398624691
07141131,740.0129078013508,33473.786,369.925,206.67820501983925,295.57353037999997
07141134,358.44138629506523,17183.7161,74.94,100.10909477834876,151.732213163
07141137,1157.6991425973918,53219.6508,442.935,323.3337935360255,469.929516564
07141502,482.71147566744,27200.158600000002,127.02,134.8164880391593,240.177400438
07141011,1051.781746673835,50783.0746,467.32,293.7521240285353,448.414548718
07141012,827.2120590066803,40812.105800000005,306.265,231.03205595997574,360.37089421400003
07141019,1103.7561209706319,54497.126,729.0550000000001,308.26804702588777,481.2096225799999
07141039,440.90252283501377,20602.4627,171.07999999999998,123.139665602591,181.919745641
07141054,913.5976117881416,46881.0586,456.5,255.15867699631008,413.95974743799997
07141060,5764.0198986699625,156860.6667,1792.445,1609.8331174995337,1385.0796869609999
07141068,6176.22471746025,226758.59619999997,2961.755,1724.957801339473,2002.2784044459995
07141073,1480.992787032893,73531.75230000001,1122.815,413.6264754904166,649.285372809
07141088,349.456929062893,17415.9982,291.33,97.59982571797538,153.783264106
07141096,477.82259028613475,24405.3225,233.465,133.45107124101457,215.49899767499997
07141101,474.08991370366,19454.606600000003,273.286,132.4085719982952,171.78417627800002
07141104,1088.585976279037,50714.9666,621.66,304.0311773149722,447.81315507799997
07141117,1139.4279426622643,54686.9634,739.715,318.2308301061438,482.885886822
07141118,479.13990328969993,22167.019800000002,309.848,133.8189835897803,195.734784834
07141002,1252.9252984231516,62110.38309999999,1495.657,349.929506596602,548.4346827729998
07141013,803.6756526615654,35400.89260000001,443.917,224.4585730318486,312.589881658
07141018,850.0762818641458,42978.177599999995,442.744,237.41780476183726,379.49730820799994
07141021,416.07181344157965,20883.49,91.47,116.20469677609877,184.4012167
07141022,1073.16794525045,59442.957800000004,323.985,299.72507542899814,524.881317374
07141030,972.4404970547753,44987.457800000004,340.435,271.59290642242814,397.239252374
07141045,429.37373532830856,27869.5317,182.13,119.91979053984329,246.08796491099997
07141050,671.2404932616769,37667.5469,352.77,187.47075736305374,332.604439127
07141062,524.1120331408845,29625.660499999998,451.835,146.37924973591763,261.59458221499995
07141074,1492.7328112742655,74387.7434,651.22,416.90534686078956,656.843774222
07141076,1175.9132715827286,56434.8772,590.167,328.42081762034024,498.319965676
07141077,678.2513513351789,33764.263699999996,91.56,189.4288199144021,298.13844847099995
07141124,731.6614610735983,39354.879700000005,403.72700000000003,204.34572946324525,347.503587751
07141130,602.4983911680567,30161.7414,156.7,168.27177566932656,266.32817656199995
07141133,630.0355477192197,33022.7968,292.89,175.96262812250086,291.5912957439999
07141503,1127.0647020723418,47806.5197,271.97,314.7779006417843,422.13156895099996
07143080,1.0898780886325672,79.5929,608.1709999999999,0.3043920513741897,0.702805307
07143208,1664.6920516188025,68250.90490000001,425.27,464.9318430966153,602.655490267
07143210,967.466181250069,50030.883400000006,566.465,270.20362976133174,441.772700422
07143213,867.5443903223505,48111.2184,496.21999999999997,242.29647277312927,424.8220584719999
07143226,1067.6041205024233,56193.4865,495.28,298.1711548151218,496.18848579499996
07143228,1632.3230367945762,93946.94699999999,779.295,455.89150094635716,829.5515420099998
07143230,892.0582000001145,43951.3008,321.63,249.14293467803196,388.08998606399996
07143232,1280.9511458802917,60361.916300000004,494.04,357.75684553290665,532.995720929
07143239,2551.115404323379,101871.822,1137.49,712.5010212734766,899.52818826
07143247,1226.936868034082,65899.48250000001,424.38,342.6711978732387,581.8924304750001
07143249,2480.763402183269,110336.4815,962.45,692.8524105957651,974.2711316449999
07143266,971.1083380079763,48558.9323,276.685,271.2208477222477,428.77537220899995
07143289,1741.862627712327,97605.7215,635.14,486.48481329377574,861.8585208449999
07143290,1623.1267493922805,85058.8851,1036.486,453.32306983777,751.0699554329999
07143304,4608.175596194287,151431.8463,1346.309,1287.0173622611023,1337.1432028289998
07143307,658.3656103888593,32559.6521,199.612,183.8749313255045,287.50172804299996
07143308,16550.221198175437,630864.7013999999,2843.153,4622.3112784384175,5570.535313361998
07143316,357.51867171704635,21244.3356,282.826,99.85138982385386,187.58748334799998
07143501,814.3649697803992,48521.8418,332.35,227.44399240996768,428.44786309399996
07143502,281.19617816819675,16799.1689,121.08,78.53528060059567,148.336661387
07143200,1326.2468369144012,65671.8248,566.791,370.4074790818231,579.8822129839999
07143206,24152.64778946985,659621.5284000001,4102.705,6745.593001121034,5824.458095772
07143207,911.3615568068922,56746.5505,527.535,254.5341692005969,501.07204091499995
07143211,461.34713065512653,27034.0677,66.36,128.84964012067027,238.71081779099998
07143216,1646.184006015495,70728.9289,563.9449999999999,459.7627310400676,624.5364421869999
07143219,995.3818017006814,45424.6038,422.845,278.0001833969833,401.0992515539999
07143227,1037.2460350291788,54970.704099999995,419.93,289.6924451232993,485.3913172029999
07143231,707.9887852753541,40681.84939999999,194.915,197.73418783955364,359.2207302019999
07143233,674.8923981386915,36042.9939,178.155,188.49069787615514,318.259636137
07143234,790.9267641777269,39773.6214,407.525,220.89793596719733,351.201076962
07143238,772.3733010800453,41731.4179,256.045,215.71613925864582,368.488420057
07143242,6497.5282809737955,319265.78239999997,2533.084,1814.6946735931713,2819.1168585919995
07143248,1065.000783119199,61994.820199999995,402.76,297.44406871736106,547.4142623659999
07143254,3601.3880627582253,154052.7622,1031.15,1005.8316720477446,1360.2858902259998
07143255,723.041514710041,39560.0524,271.04,201.93826464336735,349.315262692
07143279,7521.409577972408,182372.5249,1555.415,2100.6544810319137,1610.3493948669998
07143280,4433.568710826409,144382.1149,645.36,1238.2514052467077,1274.8940745669997
07143288,967.2073407145497,54387.859500000006,342.625,270.1313381881666,480.244799385
07143298,1615.6849652132066,76736.0994,687.1899999999999,451.24465393439647,677.579757702
07132018,8288.78465432755,391911.1172,1909.513,2314.9746661071413,3460.5751648759997
07132036,4298.429321201025,147519.9106,758.632,1200.5083251182343,1302.600810598
07132042,792.9566682681011,42048.5819,370.415,221.46486788059795,371.28897817699993
07132050,15727.808521210647,546041.8656,4133.845,4392.619641888921,4821.549673248
07132075,1763.325820349993,79317.811,354.615,492.4792683655495,700.37627113
07132101,915.6483736264559,34780.6071,144.21,255.73143427013284,307.112760693
07132113,9570.78258145588,314263.988,1993.1779999999999,2673.0238671748125,2774.95101404
07143253,2926.503631695028,118933.65870000001,1008.4,817.3431992961043,1050.1842063210001
07143264,546.5977819522352,37040.2745,497.851,152.65929452143976,327.065623835
07143270,2584.67462147448,128846.9958,728.476,721.8737750316075,1137.718972914
05970036,47018.89494783641,1309646.415,5612.424,13131.90716998123,11564.17784445
05970040,177391.6285765135,6824072.9567,31353.132,49543.707945134454,60256.564207660995
07132012,3946.0677903700534,188836.8824,1217.671,1102.097273172452,1667.429671592
07132072,15124.170175207732,484225.0343,2212.205,4224.029488233767,4275.707052869
05970024,79963.37748213629,2813078.715,14098.874,22332.971696985842,24839.485053449996
05966012,33618.78504107247,1827926.8830000001,13305.942000000001,9389.39047412113,16140.59437689
05958044,86637.18751604519,2933952.7284000004,26783.898,24196.90010135626,25906.802591772
05974012,44209.02199753358,1338932.851,18843.036,12347.137753691153,11822.777074329999
05974048,27305.03335895624,1401557.5248,17110.662,7626.022766822888,12375.752943984
05570008,119433.23925182366,3473693.2153,31061.797,33356.509390641826,30672.711091098994
05974024,37798.196733331686,1652925.0736,21902.432,10556.658365652205,14595.328399888
05570020,66906.15801922888,2465966.3189000003,24675.345,18686.220873190432,21774.482595887002
03459034,39682.90004586858,1314313.6269,14753.499,11083.037153810634,11605.389325527
03404000,271655.43828682456,9936835.2537,67253.275,75870.64735912722,87742.25529017099
03459020,23424.910239362278,1273096.4944,12183.105,6542.34318075149,11241.442045552
03459021,17256.92151804779,939999.2324000001,7987.211,4819.6856107755675,8300.193222092
05566048,35242.29922706851,1296044.0329999998,10228.294,9842.821751127965,11444.068811389998
03459033,45168.258913951904,2130765.3236000002,23738.392,12615.043032077627,18814.657807388
03459001,11126.91215093754,628799.5228,9540.311,3107.6352946353454,5552.299786324
03459010,29169.459050934198,1211414.1188,15532.224,8146.738218335412,10696.786669004
03459007,18679.407334906842,889089.4378,8356.195,5216.971674566132,7850.659735773999
03459030,88239.50581386621,1292051.2214000002,10401.789,24644.411578754694,11408.812284962001
03453002,51134.991268173995,1624273.3947000003,23151.846,14281.491711288314,14342.334075201
03453008,67616.33228818179,2573884.6835000003,34623.816,18884.56544476629,22727.401755305
03451002,84038.34162415825,3577077.2706000004,19969.382,23471.068432211156,31585.592299398002
03455025,30353.45230327095,1250692.915,7988.311,8477.415693780544,11043.61843945
03455014,19402.010388848932,964395.8739,4607.079,5418.787481501618,8515.615566536999
03455015,39782.40782515084,1787114.7540000002,12738.799,11110.828681486377,15780.22327782
08337076,16672.984689661687,703565.4941,8659.153,4656.597893975612,6212.483312902999
08337038,13677.345628044806,567203.8698,10204.649,3819.945860456634,5008.410170333999
08337049,6690.356357325713,324941.9231,4239.409,1868.5496270374983,2869.237180973
08337013,8919.100128968697,274068.0701,3243.015,2491.0154750196675,2420.021058983
08337027,5191.438604955475,222897.7585,2834.69,1449.9168879780145,1968.1872075549998
08337059,1705.211265962184,67069.24510000001,806.296,476.24845447057834,592.2214342330001
08337108,4271.72385702268,209649.1677,1252.855,1193.0497560278643,1851.2021507909997
08315037,6289.2307858820595,235749.93100000004,1632.15,1756.5192661890003,2081.67189073
08337097,7716.001162388457,345811.2309,1416.425,2155.001964643472,3053.513168847
08315016,4922.672674037328,222011.2494,3163.325,1374.8532511318851,1960.359332202
08315020,4897.019270811233,253031.0816,2210.86,1367.688512144869,2234.264450528
08315052,5239.086856751279,233724.32450000002,1934.944,1463.2245682220646,2063.785785335
08315094,4005.623573436803,192437.27240000002,2353.823,1118.7306078251645,1699.221115292
08315095,4637.2297260794985,243765.6865,3354.1440000000002,1295.1318901967431,2152.451011795
08316042,6780.007502095777,329875.55689999997,4298.305,1893.5882952603295,2912.8011674269997
08316010,7836.039728450842,264313.2251,9429.138,2188.5275357590353,2333.8857776329996
08316055,5174.604711499235,286674.2931,3881.536,1445.2153498746213,2531.334008073
08316003,3664.919430609874,207451.8772,2607.54,1023.5753477750316,1831.8000756759998
08317046,1793.5566566492262,101202.0814,2353.755,500.92243863556234,893.6143787619999
08317129,13255.062121334384,496589.8576,5563.634,3702.00629986748,4384.888442607999
08317011,9765.918573851552,415660.8643,4928.011,2727.5233984909996,3670.285431769
08317034,51402.061757924996,1072747.3353999997,8095.592,14356.08182837087,9472.358971581996
08317040,18436.290868713186,604164.4512,7918.007,5149.071676722905,5334.772104096
08317146,16133.470849392388,756335.5935,8671.404,4505.9170735268,6678.443290604999
08317021,7876.868639784981,436343.5044,6049.168,2199.930642405547,3852.9131438519994
08317085,6452.2125898173545,268257.373,2241.737,1802.0384542100887,2368.71260359
08317097,14755.823233254681,308539.63450000004,3904.305,4121.1538708156995,2724.4049726350004
08317089,60448.87586278529,2174485.3353,28224.39,16882.7665397173,19200.705510698997
08317001,74085.25751695666,2847913.5162,27593.1,20691.271571910824,25147.076348045997
08317116,25880.18158732663,614939.3642,5790.501,7228.075915524454,5429.914585885999
08216007,69048.85645523058,2726155.1251000003,27233.443,19284.655119381347,24071.949754633002
08216028,16766.731441278498,670006.1087,7616.69,4682.780424234671,5916.153939821
08216041,21799.00220453083,788389.1981,9351.569,6088.2433257034145,6961.476619223
08216063,16506.378529562106,840496.6952,9036.697,4610.0664595214,7421.585818615999
08317068,5936.151035834639,355916.942,4135.361,1657.9076227982562,3142.7465978599994
07334031,828.056973349982,37462.9204,333.415,231.26803208691643,330.797587132
07337046,1728.9746226276247,106777.6954,1408.304,482.88532235366927,942.8470503819999
07337056,789.9185090267645,47711.9561,496.58,220.61634038608503,421.296572363
07337076,3867.3874374324414,223533.7172,2232.54,1080.1226374005064,1973.802722876
07337006,1326.73078073364,78576.065,971.26,370.54263975109825,693.8266539499999
07337007,8398.866960322737,446993.21160000004,4880.47,2345.719553348537,3946.950058428
07337018,1537.7997931638738,78134.3361,1140.685,429.4921042327383,689.9261877629999
07337022,1226.7703532329035,74532.7045,496.03,342.6246919544176,658.123780735
07337029,1504.4461338470987,89165.7888,792.765,420.1767607221562,787.3339151039999
07337031,1937.5328319125047,112034.55730000001,1168.29,541.1335446248434,989.2651409590001
07337040,2901.253911575197,145216.31660000002,1949.76,810.2912049638367,1282.2600755780002
07337045,3477.6531864026506,145444.3945,1491.84,971.2737584303962,1284.274003435
07337049,4297.615502955474,233903.6213,2250.23,1200.2810338204342,2065.368976079
07337055,1299.0330938527018,64927.326400000005,890.486,362.8069527821211,573.308292112
07337058,1085.4708788978912,66373.7865,478.415,303.161161767392,586.080534795
07337062,2004.3541050953127,108253.3291,1238.985,559.7960580120698,955.8768959529999
07337080,634.9547826292272,40381.839,403.262,177.33652124051687,356.57163836999996
07337017,612.5942630171394,38712.393299999996,361.601,171.09145171805685,341.8304328389999
07337042,3992.2258099601327,156920.3593,2244.158,1114.9887464637654,1385.606772619
07337051,1058.8001940569502,60726.662500000006,609.971,295.7123061981656,536.216429875
07337065,1098.8767272900081,66700.3217,799.795,306.90528116482636,588.9638406109999
07332026,1359.0204060279716,82385.85519999999,1067.46,379.5608091995522,727.4671014159999
07332037,1574.6659989314007,64179.5696,289.61,439.78846684155087,566.705599568
07332049,3178.540420985673,186112.058,2222.79,887.7345541770885,1643.3694721399997
07332050,9289.673331603135,405757.2805,3991.498,2594.5128647834395,3582.836786815
07333001,3393.812041114087,167861.4612,2022.645,947.8577649627533,1482.2167023959998
07333005,402.2398746431678,23141.1289,353.40999999999997,112.34157458909033,204.33616818699997
07333007,1833.2796068608184,95542.2454,1088.407,512.0166614001579,843.638026882
07333017,1820.9506001228397,112112.8423,1144.935,508.57329310830784,989.956397509
07333026,7640.813248203517,394252.5028,3575.145,2134.00273209076,3481.249599724
07333045,2905.831135077479,182893.9285,1670.395,811.569577715789,1614.953388655
07333062,443.07034827131736,28074.1146,318.96000000000004,123.74511756869622,247.89443191799998
07333074,811.6954814743093,36742.291,222.07799999999997,226.69843102095984,324.43442952999993
07333081,1035.6814421344588,63731.2483,672.27,289.255469973733,562.746922489
07331003,36317.7080730328,1530621.1216,11666.027,10143.172687717331,13515.384503727999
07331005,909.446864142771,49232.8663,1025.64,253.9994146864345,434.726209429
07331012,3023.8737126326037,63134.681300000004,884.26,844.5376892011599,557.479235879
07331021,5840.221580676076,189632.81610000003,2270.807,1631.115485267021,1674.457766163
07331027,1234.1596426681526,73467.02669999999,1022.981,344.6884466007883,648.7138457609998
07331044,1668.506296083874,105727.6849,1352.2740000000001,465.9971234332652,933.5754576669999
07331050,1251.4082488216775,75736.4155,743.574,349.5058098134063,668.752548865
07331051,940.0352570630117,56319.9793,890.409,262.5424469451285,497.30541721899993
07333031,1431.4516852057468,83629.8273,761.11,399.790141161113,738.4513750589999
07333047,1323.502612936144,84054.81180000001,900.14,369.64104476693564,742.2039881940001
07333057,1262.0149837018428,72015.4473,803.0120000000001,352.4681647980876,635.8963996589999
07331004,3736.6643963288966,195653.33779999998,2838.05,1043.6129992506974,1727.6189727739998
07331017,1391.3529222153636,66970.2068,772.61,388.5909576455289,591.3469260439999
07331025,5861.507660976753,310681.7441,3108.898,1637.0604746341971,2743.319800403
07331030,8943.863490955951,299589.74689999997,2753.749,2497.9316343890873,2645.3774651269996
07331033,1263.0651569236666,71010.25140000001,518.875,352.7614676772108,627.020519862
07331035,1127.3733534161904,63369.2051,562.21,314.8641038756078,559.550081033
07331065,412.2627101451376,12079.422499999999,1171.094,115.14085231643547,106.66130067499998
07331068,3576.9864735734095,184949.0453,2045.536,999.0165522043175,1633.1000699989997
07339050,1602.0017648772562,87550.92850000001,911.331,447.42307291256884,773.074698655
07339056,12937.126340159855,427875.5351,3263.7,3613.210015543246,3778.1409749329996
07339202,1424.65584716738,87876.3544,962.625,397.89213155537755,775.9482093519999
07339001,2568.9453276176164,144240.4323,1795.115,717.4807405503241,1273.6430172089997
07339002,1861.72515536534,98263.6582,1258.227,519.9612186419857,867.668101906
07339016,686.6681819064847,33983.3596,912.035,191.7795565246621,300.073065268
07339019,12863.291656716578,566936.5021,7418.687,3592.5887268043725,5006.049313543
07339030,55504.21315833656,2578601.6259,21696.57,15501.771692991817,22769.052356696997
07339031,0.39139538551354397,34.6325,1772.165,0.10931281722007768,0.305804975
07339041,1246.2937720749085,72756.6497,708.545,348.07738760280114,642.4412168509999
07339046,3438.714517276868,124180.5432,1123.7450000000001,960.3985775302564,1096.5141964559998
06439003,21376.554406254345,968471.2875,8227.241,5970.2578801227755,8551.601468624998
06439009,5120.899841603403,264288.3866,1790.64,1430.2161167614142,2333.666453678
06439002,14704.68923992304,696790.093,4251.75,4106.872657818106,6152.65652119
06439001,12612.730301484644,558608.1071,3857.348,3522.609445901646,4932.509585693
06439006,11128.960285010344,575493.842,4705.874,3108.2073180005386,5081.610624859999
07141001,997.0104372139995,56959.268500000006,732.43,278.4550450094979,502.95034085500004
07141010,1381.2422266164222,41457.5535,417.594,385.76714147170054,366.070197405
07141032,1030.022941052119,53431.600699999995,353.136,287.6751072064463,471.8010341809999
07141036,905.7112403394726,37897.061799999996,382.489,252.9560923144113,334.63105569399994
07141089,1039.3473879738906,45242.1901,619.465,290.27933198722786,399.488538583
07141113,422.7800774781872,24630.370400000003,274.615,118.07824783888289,217.486170632
06533009,4870.153244033049,220421.8853,19031.968,1360.1850995259902,1946.3252471989997
07141014,3355.425985865244,133261.9002,992.95,937.1369235923039,1176.702578766
07141020,2171.6190084101836,107816.9985,1085.01,606.5114728588801,952.024096755
07141029,5917.926578336734,275411.4736,4635.165,1652.8177140636662,2431.883311888
07141034,551.8663034609217,25037.784,196.38,154.1307398936008,221.08363271999997
07141043,1567.480012653638,89900.61170000001,643.133,437.7814927340345,793.822401311
07141051,6246.668597062102,273163.066,2528.101,1744.6320724734744,2412.0298727799996
07141061,1627.03098528611,83624.7462,916.735,454.41348388055764,738.4065089459999
07141081,1468.3317642576753,60083.772,695.64,410.0903784395261,530.53970676
07141095,2460.894059107075,131281.10880000002,881.294,687.3031017680149,1159.212190704
07141102,1607.354667160762,80822.1484,578.31,448.9180849913292,713.659570372
07141125,1750.6623402194978,45767.639,379.62,488.9424849999035,404.12825237
07141126,1879.6676514725095,80096.2359,1116.156,524.9723783797572,707.249762997
06533004,19995.273363738335,810836.3689,8288.992,5584.47989775848,7159.6851373869995
06533005,5404.297838068693,240922.1459,1653.844,1509.366343194205,2127.3425482969997
06533007,5994.256506758916,274540.14540000004,9684.417,1674.1358997726975,2424.1894838820003
07143037,1.4591539428234117,58.0997,2039.487,0.4075271046911506,0.513020351
07143209,897.9869727378975,46046.1394,272.467,250.79878161596739,406.587410902
07143224,1877.4387371093653,105466.50420000001,755.87,524.3498648872746,931.269232086
07143246,2039.9339983058442,84884.15810000002,931.885,569.7331663868392,749.5271160230001
07143292,2758.784035284657,135948.3468,847.78,770.5007932146518,1200.423902244
07143312,1274.0582253491937,65056.3747,303.215,355.8317217577763,574.447788601
07143314,1194.0773495316937,58376.4908,581.0,333.4938629507067,515.4644137639999
07143214,444.62376064564876,24537.694,177.048,124.17897011072323,216.66783801999998
07143222,1834.0705965492812,89666.18419999999,623.769,512.2375769102487,791.7524064859998
07143237,2241.480343675427,119204.45069999999,1422.76,626.0230451851099,1052.5752996809997
07143243,5501.280212573204,205495.033,2353.242,1536.4525505695701,1814.52114139
07143245,564.9509021168205,34315.2656,216.465,157.7851374522068,303.00379524799996
07143272,904.7996016321056,52901.039399999994,440.175,252.70148073983074,467.1161779019999
07143274,1849.5993864236889,86567.738,609.4,516.5746126342721,764.3931265399999
07143277,2587.8242270880914,115080.2068,985.38,722.7534283834331,1016.1582260439999
07143278,784.077515233901,41429.987,276.467,218.9850092296762,365.82678520999997
07143283,5986.417327140717,89003.5062,332.93,1671.9464952971307,785.900959746
07143284,1731.8564076044681,96469.8683,739.5,483.6901760798519,851.828937089
07143286,22223.173461354665,586906.9345,5494.138,6206.710116021744,5182.388231634999
07143291,355.4571386212221,21491.652,195.565,99.27562424552112,189.77128715999996
07143293,877.7209830976146,42941.0206,237.76,245.13869336933277,379.169211898
07143297,1008.8047401026294,49356.715899999996,400.84499999999997,281.74907586326333,435.81980139699994
07143303,543.1666988754386,28395.166400000002,193.76,151.7010273289212,250.729319312
07143315,632.9491847729964,36659.693400000004,280.98,176.77637781525016,323.705092722
05970008,55600.713449992865,1512675.5976999998,8571.311,15528.723259448507,13356.925527690997
07132019,1930.3895021532685,91046.628,507.585,539.1384840563863,803.9417252399999
07132026,2224.6069743403255,114329.29569999999,352.53999999999996,621.3104818635095,1009.5276810309998
07132068,191.47739121996548,10954.068599999999,19.2,53.47772059382416,96.72442573799998
07132079,1246.8324041515257,53064.71949999999,279.65,348.2278221554796,468.5614731849999
07143256,2700.475062338751,100721.2472,783.33,754.2156801605897,889.368612776
07143295,827.2461794550435,46710.01240000001,389.79,231.04158545999908,412.44940949200003
05970044,56457.89707372681,1864030.2252000002,14417.12,15768.12607372116,16459.386888516
05970020,31325.012302009894,1259360.2933,7374.32,8748.762685828342,11120.151389838999
05970032,60150.98086051562,2126420.6557,14758.173,16799.567444533408,18776.294389830997
05974032,29950.715380562076,1289203.8815000001,16266.109,8364.935298637181,11383.670273645
05974040,114605.12323611486,3983823.0446,35953.766,32008.064868614518,35177.157483817995
05570036,49212.11463082795,1785794.7223,25914.596,13744.451495243937,15768.567397908999
03459004,18335.834939454606,837518.7057,11754.871,5121.015340240277,7395.290171331
03459005,42083.97870866365,1155632.2543,11721.236,11753.63441354267,10204.232805468999
03459019,54216.1591754369,2636614.0948,22045.425,15142.03109610777,23281.302457084
03459031,32644.62737472284,788116.4578,5959.4710000000005,9117.31797948634,6959.068322373999
03460007,31717.906499687844,1302013.1765,17666.775,8858.494106297818,11496.776348495
03459018,8847.82845404282,430657.259,5665.031,2471.1100089296187,3802.70359697
03460003,87200.52942909907,1956677.4285,20572.474,24354.235864253078,17277.461693654997
03460005,33125.56497211298,1242709.8523000001,14669.857,9251.639041061433,10973.127995809
03453003,29413.94528853167,1089022.9694,14919.491,8215.02077963401,9616.072819802
03460001,69212.5498053859,1429627.3477000003,18826.783,19330.37303514623,12623.609480191002
03453004,65336.218501286996,3282837.6529,30983.494,18247.752465224443,28987.456475107
03458013,37610.09926811459,1743652.7923,17751.188,10504.124624591723,15396.454156009
03451008,98900.7875917119,2551118.0332,16608.336,27622.000966489213,22526.372233156
03455026,91121.8724195631,3179878.7083,18095.256,25449.427748059774,28078.328994288997
03405000,157097.33970918407,5873315.349,17811.787,43875.71600737802,51861.37453167
08337002,17624.981935999338,805905.9572999999,11683.367,4922.481204905255,7116.149602958999
08337032,9738.365618596774,267434.8027,3000.475,2719.828133617893,2361.4493078409996
08337118,12971.638277614593,401920.519,5789.055,3622.8488545549794,3548.9581827699994
08337126,54422.891557092145,1884774.6670000001,18224.797,15199.769382980265,16642.56030961
08337045,2520.4992246714287,122082.07029999999,1648.695,703.9502284584833,1077.9846807489998
08337051,7302.05767706577,293556.5533,3486.046,2039.3916886276988,2592.104365639
08315068,12380.84315264716,465277.93419999996,4607.227,3457.845684102825,4108.404158985999
08315102,7655.1322585095195,321676.0388,2173.02,2138.0018884791234,2840.3994226039995
08315113,25908.137358814525,1005457.7515,9918.923,7235.8836829433085,8878.191945744999
08326017,23061.890049275604,763398.7295000001,7977.593,6440.955271862183,6740.810781485001
08326020,3074.832341772898,118162.975,1556.466,858.7699247337526,1043.37906925
08326054,5664.005263883469,241478.0933,2315.55,1581.900030150014,2132.251563839
08326055,8402.057524125674,365287.287,4938.54,2346.610645913059,3225.48674421
08317029,4282.71360076861,190106.7891,3016.688,1196.1190815586651,1678.6429477529998
08317041,5990.111710936528,187042.0172,5618.119,1672.9782997474626,1651.5810118759998
08317088,4713.677165848847,293909.96150000003,2672.584,1316.4828956499243,2595.224960045
08317098,13473.35946869125,530079.2376,5468.705,3762.9745660107787,4680.599668008
08317056,12850.589451143007,572251.2496999999,6580.554,3589.0411278097304,5052.978534850999
08317067,3533.744100458548,192413.3909,2914.225,986.9393898170678,1699.010241647
08317102,5434.507041811696,320106.45170000003,2377.62,1517.8034717075884,2826.539968511
08317118,3943.7691775771505,242416.69449999998,2407.546,1101.4552936055222,2140.5394124349996
08317126,3225.0433011375962,165027.3426,1512.685,900.7223435747192,1457.1914351579999
08211000,61863.35827166935,2121465.0426,27946.501,17277.817331694532,18732.536326157995
08216008,1310.6202013605516,84985.1488,5080.561,366.04311603798845,750.4188639039999
08216049,15426.898070191233,647792.3118,11090.538,4308.578362023709,5720.006113194
08216022,5194.669847469017,296704.19710000005,2755.932,1450.8193416996219,2619.8980603930004
08216023,9606.231106126503,523387.41439999995,4928.902,2682.9242856300707,4621.510869151999
08216043,179359.42233924728,3876397.2417,22166.341,50093.29306512837,34228.587644211
08216052,7137.83033227082,293542.1167,3768.3,1993.5246334999172,2591.976890461
07334002,3151.606313307386,209010.80820000003,1950.545,880.2121272436198,1845.5654364060001
07334005,2912.241990502442,178435.6403,1673.67,813.360065527427,1575.5867038489998
07334013,21624.88061634702,881502.2468,8016.987,6039.61290733956,7783.664839243999
07334020,3229.4252785457397,181337.2118,1824.61,901.9461860450396,1601.2075801939998
07334027,1126.3558257793559,74568.66949999999,765.858,314.5799185819163,658.4413516849999
07334501,94151.80870790791,2035188.9748999998,11712.206,26295.6586540316,17970.718648366998
07334030,4101.372279352016,232669.8112,2645.077,1145.4722639002246,2054.4744328959996
07334034,2162.0209617520313,123614.5013,1563.495,603.8308344077248,1091.516046479
07337037,655.5448450035765,32807.2616,342.205,183.08711976104885,289.68811992799994
07337043,1917.455481789746,110097.3626,1554.15,535.5261415090581,972.1597117579998
07337044,3072.295687562004,197828.71649999998,2720.64,858.061462579192,1746.8275666949996
07337068,7225.394984781932,259945.15350000001,2608.253,2017.9805652997456,2295.315705405
07337014,11059.013647493379,230779.98090000002,2418.088,3088.6719216084257,2037.787231347
07337023,7791.722007819266,269405.0109,2076.155,2176.1500395638427,2378.8462462469997
07337050,811.3750487177226,49966.50469999999,368.53,226.60893735637273,441.20423650099985
07332034,1180.5593306711355,74293.60770000001,665.59,329.7184154631414,656.012555991
07332009,5780.319860737872,306648.31930000003,3000.61,1614.38553390548,2707.704659419
07332019,7236.509431534322,412711.074,4415.445,2021.0847191332207,3644.23878342
07332043,2876.909707105235,138586.7373,1629.675,803.4921120974211,1223.720890359
07332046,5959.727732343453,375855.1128,4273.505,1664.4923583662028,3318.800646024
07332001,4326.303996841497,182023.0093,1554.9850000000001,1208.2934432778616,1607.2631721189998
07332003,845.0073231111762,48653.066900000005,570.255,236.00209527172038,429.606580727
07332005,1357.607502415351,83778.3749,1080.74,379.1661993495834,739.7630503669999
07332007,13.440506663583141,430.7767,2934.695,3.7537991060721354,3.8037582609999996
07332012,2595.6875170154826,133781.2507,1125.42,724.9495666272541,1181.288443681
07332024,30829.719870298843,1248098.9641,10599.466,8610.432462575764,11020.713853002999
07332027,3448.365084148687,217266.1113,2341.16,963.0938843518867,1918.4597627789997
07332028,2231.7742137799473,144767.9595,1260.935,623.3122201666015,1278.301082385
07332031,1330.2845974791649,87415.2532,965.155,371.5351852299559,771.876685756
07332036,542.1582964171746,33886.380099999995,426.045,151.4193906063527,299.21673628299993
07332038,1188.8462706645137,79651.2631,691.713,332.032874933892,703.3206531729999
07332042,1283.150956432223,78341.6713,898.689,358.37123062195553,691.756957579
07332044,1595.1949481092047,82599.02799999999,1153.99,445.52199705741975,729.3494172399999
07333019,10889.795895751664,422182.648,7054.604,3041.411095724482,3727.87278184
07331046,1248.042079310603,68065.4516,653.315,348.5656723306583,601.0179376279999
07331066,1644.2623949379754,78987.3806,998.794,459.2260442822271,697.458570698
07332006,3878.090783238015,234686.14740000002,2879.915,1083.111974850545,2072.278681542
07332029,2419.051357279805,125699.9948,1163.845,675.6168535746767,1109.930954084
07332041,7647.516128826809,324932.51509999996,2310.977,2135.8747796200396,2869.1541083329994
07333006,1174.6696394639894,74317.38699999999,801.322,328.0734836058976,656.2225272099998
07333012,2219.252990543318,63496.9336,619.63,619.8151677288432,560.677923688
07333018,1282.3727674795125,80197.1987,1006.555,358.153890229353,708.1412645209999
07333022,1246.491059436158,70980.04699999999,864.87,348.1324879899245,626.7538150099999
07333032,449.86934459666014,25777.947600000003,268.925,125.6440092524012,227.61927730800002
07333041,1216.14916157221,66310.3859,787.505,339.65829933550253,585.5207074969999
07333058,597.2741167657987,38719.053299999985,260.835,166.81268807151991,341.88924063899987
07333064,1295.254511072198,69209.0489,683.375,361.7516323973542,611.1159017869999
07333076,1631.2647271273545,90837.1694,1114.415,455.5959256393988,802.092205802
07333501,2104.825503164435,128011.0001,1232.323,587.856714778795,1130.3371308829999
07331001,329.84776827460473,18118.2866,2142.773,92.12318320141435,159.98447067799998
07331014,388.6914359465918,22380.2615,321.62,108.55763114552362,197.617709045
07331020,1771.9409521401635,114648.35319999998,1374.971,494.88538852322625,1012.3449587559998
07331022,656.0521588864451,43007.88740000001,369.83,183.22880745539524,379.75964574200003
07331024,1808.8239428570598,103948.6222,1489.145,505.1864390005482,917.8663340259999
07331026,3015.104227857048,177205.1471,1452.27,842.0884597981949,1564.721448893
07331031,1228.7850304703388,73494.8748,1084.802,343.18737116006093,648.959744484
07331042,839.797433151907,52677.0539,653.85,234.54702510499607,465.13838593699995
07331052,3071.8236998651955,165698.9692,1904.754,857.9296411353504,1463.1218980359997
07331067,869.1031902007805,61594.5783,686.38,242.73182999117597,543.880126389
06414000,125799.0268448362,5034048.9366999995,45497.834,35134.4102074943,44450.65211106099
06439017,7363.339039214167,353611.3277,2409.946,2056.5069602621247,3122.388023591
07315000,130845.7239896744,4306952.638599999,52726.375,36543.90225307616,38030.39179883799
07339009,1241.4343641617618,75720.8817,3725.099,346.7202035667384,668.6153854109999
06439015,27151.008579437967,1256687.0617,10999.01,7583.005186151229,11096.546754811
06439007,17432.27630830764,872633.2182,9378.459,4868.66045014724,7705.351316705999
06533002,15023.456038379221,577373.817,5833.689,4195.901036958932,5098.21080411
06533008,20759.64004252821,994308.6666000001,10743.039,5797.9598674777035,8779.745526078
07141065,1579.1235483038831,66645.3466,625.37,441.0334158057915,588.478410478
07141093,919.2639864670807,40652.2326,384.955,256.741238780391,358.959213858
06533001,3311.2406540275347,113974.95449999999,5952.275,924.79640226335,1006.3988482349998
06533011,12666.74401788681,546168.4111,4759.566,3537.6949367556067,4822.667070013
06533012,10663.01011687305,394861.7019,4335.782,2978.072095541474,3486.6288277769995
06533016,10754.183228069176,529615.1209999999,4748.344,3003.53583376744,4676.501518429999
07143218,4318.750254683963,131062.16889999999,866.968,1206.183758630684,1157.2789513869998
07143271,1820.1091731258882,80290.00660000001,488.035,508.33829096232927,708.960758278
06532004,11750.334785760077,508917.87759999995,5565.768,3281.7510023149316,4493.744859207999
06532007,14902.467091906497,636095.5477999998,5964.991,4162.110034098566,5616.723687073998
06532010,16151.27977380346,748404.7318,6735.799,4510.890928025568,6608.413781793999
07143244,397.57190866890795,19568.9791,207.22,111.0378583721393,172.79408545299998
07143282,1071.288433846363,59379.917499999996,383.915,299.2001466889507,524.3246715249999
07143285,2536.228354923226,121928.87310000001,1142.398,708.3432172465077,1076.631949473
07143302,791.6349031427646,33477.05159999999,297.235,221.09571209874272,295.6023656279999
07143309,2483.9763922781344,98062.41,1103.555,693.7497665993601,865.8910803
07143311,836.7560042000107,39543.5152,342.04,233.69758441302096,349.169239216
06532011,80136.87587952618,2088755.5296,12175.052,22381.428064392865,18443.711326368
05958016,44594.767538340806,1145147.5062,15243.681,12454.872625783202,10111.652479745999
05958032,86919.76198487659,3029491.4591,26860.937,24275.82032475618,26750.409583852997
05974008,26140.514428174254,1253824.8854999999,15302.539,7300.784274644787,11071.273738964997
05570028,131533.15233518006,3073561.5834999997,28978.759000000002,36735.894115692434,27139.548782304995
05570048,41422.42328250529,1809498.0635000002,23208.57,11568.868598570902,15977.867900705
05570012,23798.641441698106,893438.9665999999,10139.543,6646.722568251864,7889.066075077999
05754016,246252.2406228907,2800068.9961,27754.909,68775.78828356715,24724.609235563
05754020,67692.4306179858,2205592.1950000003,20845.194,18905.81894729725,19475.379081850002
05754048,513479.93540492014,2584911.1242,19570.762,143409.81115924014,22824.765226686
03459006,13142.913496035153,673308.2751,4324.273,3670.6843103076576,5945.312069133
03459015,36376.68717798685,1111560.9553999999,7325.998,10159.644961939948,9815.083236181998
03459022,28669.851864975844,1218606.9926,12025.224,8007.202927369103,10760.299744658
03459012,40537.811443703074,1872496.7793,17326.505,11321.805358111831,16534.146561219
03459008,23203.123954130195,1212030.5276,10030.55,6480.400489149021,10702.229558707999
03459029,30693.236253241208,1440478.9001,13874.902,8572.313953167737,12719.428687882999
03460002,99156.99221444603,2872244.5089999996,39996.145,27693.55635557263,25361.919014469993
03460006,112619.05419452474,3539089.2410000004,34662.015,31453.375645988814,31250.15799803
03460008,68093.01886484702,1807251.1888999997,19939.722999999998,19017.69923876312,15958.027997986996
03453005,58644.72183857321,2149529.1969,27443.819,16378.884362295112,18980.342808626996
03458007,58104.04569502813,2424310.7038,22148.118,16227.878922164406,21406.663514553995
03403000,65816.03417627397,2986214.0663,64670.729,18381.760185091556,26368.270205429
03451005,117695.04350964467,2770175.6784,21402.677,32871.04870180866,24460.651240272
08337125,15025.564288693617,543439.8272999999,7907.658,4196.48985018924,4798.573675058999
08337039,20153.978568531165,366069.27009999997,3362.255,5628.804674405069,3232.3916549829996
08337128,14996.097326339828,676091.4835,8748.105,4188.26002227345,5969.887799304999
08337022,17257.86312970886,719262.2607000001,6853.116,4819.948593496388,6351.085761981
08315031,7742.817845032716,242565.57340000002,2498.09,2162.491595939187,2141.854013122
08315039,3976.3496536394177,195482.7004,2357.164,1110.554694764953,1726.112244532
08326068,9002.317033729008,363852.60389999993,4207.895,2514.2571243501748,3212.8184924369993
08317051,10075.654734795684,367083.6022,3347.98,2814.0296108810862,3241.348207426
08326060,9034.552528035088,370960.24149999995,2976.576,2523.26017555492,3275.5789324449993
08317039,6323.8690293409,234511.7466,4228.208,1766.1933812046198,2070.738722478
08317078,162.6456292562267,7230.165,2072.992,45.42529779497155,63.842356949999996
08317145,2856.329645408159,140410.042,5406.962,797.7443066660447,1239.8206708599998
08237075,5964.193827743158,238933.43370000002,2264.518,1665.7396941503866,2109.782219571
08317008,8519.603336665323,301270.74069999997,2938.7599999999998,2379.440015897258,2660.2206403809996
08317093,442.5757091433409,26339.9098,3425.85,123.60696980664366,232.581403534
08216024,29107.98619130918,785833.0696,7525.471,8129.569463370741,6938.906004568
08216033,73462.31027878677,835936.3347,6483.346,20517.288637762354,7381.317835401
08216039,15580.882137031049,457525.3086,5265.584,4351.584572051402,4039.9484749379994
07334021,3500.4298505379525,256038.53000000003,3012.876,977.6350529567446,2260.8202199
08215108,35298.68662730558,1457838.4039999999,12714.793,9858.570188140175,12872.713107319998
08216002,4821.315624920543,306618.82739999995,3482.855,1346.5452408840583,2707.4442459419993
08216005,14806.031347129287,595600.2901,5500.954,4135.176494939738,5259.150561582999
08216009,15437.330438632358,822739.659,8698.239,4311.492018205631,7264.791188969999
08216012,5298.899940002066,266905.142,2950.272,1479.9297642431768,2356.77240386
07334008,11745.58047704218,501359.046,4986.628,3280.4231714331104,4427.000376179999
07334004,1690.3316754307157,102935.6267,1139.631,472.09273363104455,908.9215837609999
07334009,8817.129800299777,340439.5828,4167.023,2462.5361819257246,3006.0815161239993
07334012,7905.716695374365,534683.3136,5415.206,2207.9876158511065,4721.253659088
07334024,8045.6917883740825,482164.94220000005,5801.815,2247.081259574997,4257.516439626
07334025,19967.671386719776,784593.0072000001,6760.043,5576.770941596966,6927.956253576001
07337038,35734.61786262403,1210668.4483,14625.481,9980.321422852265,10690.202398489
07337039,1095.3945437733494,68999.30429999999,885.03,305.93274213045873,609.2638569689999
07337061,58933.30008952383,898067.8361,7317.007,16459.48138200311,7929.938992762999
07334001,33741.08541942906,868208.9784,8110.424,9423.547746792341,7666.285279272
07334014,1710.1810374540098,107078.6091,1497.07,477.63646195053036,945.504118353
07334018,6436.883668634021,386777.5264999999,3629.19,1797.7572398127957,3415.245558994999
07334023,3665.734979871834,205270.32119999998,3078.145,1023.8031225284045,1812.5369361959997
07334036,4991.596375098039,244289.4323,2080.96,1394.1029516011313,2157.0756872089996
07337027,2264.9903216041375,122091.978,1133.625,632.5891469208195,1078.07216574
07337035,1158.7933933112217,68427.26109999999,1036.58,323.6394068178911,604.2127155129998
07337041,5404.028714577722,269514.8968,2916.805,1509.2911796944118,2379.816538744
07337048,783.6803064345968,46384.2572,441.695,218.8740727841185,409.572991076
07332025,37394.35918214725,1732765.7045,17014.465,10443.870575981906,15300.321170734998
07334006,2280.7489862572547,124155.5228,1523.415,636.9903843717887,1096.293266324
07332013,3567.5732200449506,202244.851,2737.669,996.3875246263542,1785.8220343299997
07332017,1380.4181912786414,85735.4823,922.79,385.53699664221176,757.044308709
07332020,2893.1225456475586,146761.9467,1611.457,808.0201957739066,1295.9079893609999
07332022,2853.1851873921946,154985.5985,1708.53,796.866090986766,1368.5228347549998
07332035,6073.16827425178,324481.51350000006,3443.565,1696.1751673157794,2865.1717642050003
07332039,4122.41247816147,229232.0012,2438.215,1151.3485810257168,2024.118570596
07338014,8998.819850191534,355327.6814,4164.95,2513.2803959599933,3137.543426762
07338022,3818.943516096454,240820.7996,2770.437,1066.5927346105786,2126.447660468
07332004,1008.8732853581844,57274.761,1047.455,281.7682198676873,505.73613962999997
07332008,783.842318946679,49831.542100000006,668.735,218.91932125861797,440.012516743
07332010,5318.8967090057295,307408.03339999996,3512.98,1485.51466185821,2714.4129349219993
07332015,2055.8198390996718,133068.9516,1648.075,574.1699228621472,1174.998842628
07332021,4702.237303905504,167883.3258,1934.057,1313.2878566077682,1482.4097668139998
07332023,2550.325115279472,140246.2481,1326.859,712.2803014464037,1238.3743707229999
07332030,14542.504772326367,286263.8883,2197.359,4061.576157863031,2527.7101336889996
07332033,2073.4015228254434,104510.05059999999,1252.05,579.0803113099181,922.8237467979998
07332040,1499.1103252465646,80602.119,936.25,418.686522738113,711.71671077
07338003,2361.072160546558,162598.4935,2199.152,659.4238437190481,1435.744697605
07319000,396215.45917256374,6169362.0559,35452.91,110659.01559230532,54475.466953596995
07331023,10745.273423302418,351768.8437,4399.365,3001.0474143941324,3106.118889871
07331041,1973.7912470023343,86286.9911,1033.02,551.2601573752819,761.914131413
07331047,2057.8710814968713,106367.9859,1732.306,574.7428143512611,939.2293154969999
07331048,35181.27767594596,356480.8567,2717.279,9825.779042114946,3147.7259646609996
07331054,5668.985743005469,185227.15519999998,2505.319,1583.2910281639972,1635.5557804159996
07331006,16974.478978786086,217754.2021,1918.075,4740.802233985166,1922.7696045429998
07331009,922.1877988410804,45527.368500000004,509.065,257.55783033832535,402.006663855
07331011,967.5763166345805,56510.868899999994,578.07,270.23438947287195,498.9909723869999
07331015,3421.9219626470126,218715.82309999998,2136.66,955.7085849476841,1931.2607179729996
07331028,560.1228975627856,30780.7886,463.955,156.43672406031038,271.794363338
07331032,6225.809072385476,368298.32460000005,4683.167,1738.8062158265393,3252.074206218
07331036,3179.475635359424,180577.9998,2534.845,887.9957501995334,1594.5037382339997
07331037,2386.334566637791,131786.7809,1398.885,666.4793811162685,1163.677275347
07331039,1060.0941353626108,56642.34099999999,744.585,296.07369106542353,500.1518710299999
07331049,1468.17354111152,79074.1257,666.035,410.0461882970364,698.224529931
07331071,8617.503353387567,327611.1661,3898.575,2406.7825115676133,2892.8065966629997
07339028,1316.3241380279474,79731.2476,884.1270000000001,367.6361685098254,704.026916308
07339201,5124.89515273907,111174.55460000002,1470.213,1431.3319672084947,981.671317118
07331007,3187.869234344344,187520.9702,2426.609,890.3399984600318,1655.810166866
07331010,1321.2772012549676,81657.71600000001,1565.0049999999999,369.0195095384999,721.03763228
07331029,1196.9950202536993,69263.7108,666.353,334.3087392066557,611.5985663639999
07331059,2514.8574021293307,148388.6936,2022.329,702.3745238407007,1310.2721644879998
07331064,2045.628968139313,120520.9026,1703.31,571.3237145116287,1064.199569958
07339013,1795.6176577423807,105127.4555,1183.316,501.4980556308695,928.2754320649999
07339018,1000.2685195990064,62511.24650000001,646.959,279.36499483880647,551.974306595
07339025,2141.4785185284313,134101.33239999998,1624.876,598.0935354398056,1184.1147650919997
07339033,1779.5215314631216,113360.7354,1217.525,497.0025685223352,1000.975293582
07339053,2100.5618927261266,136712.47819999998,1811.43,586.6659310194799,1207.1711825059997
07339060,4588.486952982628,262450.0649,3222.334,1281.5185210985182,2317.4340730669996
07339064,1195.818362538443,82437.92880000001,1245.52,333.9801104733617,727.926911304
07331058,3462.9787599208876,45032.871,6602.239,967.1753378583046,397.64025093
07339017,118.96747969890782,6714.7867,2509.413,33.22642740510796,59.29156656099999
07339026,2287.8739112712346,157577.06149999998,1828.876,638.9803046789431,1391.4054530449998
07339032,5672.9278180172305,283689.0185,4410.7789999999995,1584.3920102940322,2504.974033355
07339037,3825.382066087002,222479.4242,2661.8,1068.3909572374387,1964.493315686
07339042,21119.58524371455,770791.8816,8355.621,5898.488962717037,6806.092314527999
07339047,9151.023356968002,384405.1647,3370.296,2555.789313367593,3394.297604301
07339054,1667.486410314293,91170.2609,1014.805,465.71227953667886,805.0334037469999
07339067,5107.489249367154,260575.8727,2850.357,1426.4706724557525,2300.884955941
06439008,25921.253788996837,1024410.2847,11643.541,7239.546970728926,9045.542813900998
06439011,10115.489060279679,533243.6579,7264.633,2825.154939645511,4708.5414992569995
06533003,28203.808944222263,1199362.7798000001,10422.588,7877.041800031835,10590.373345634
06533014,13281.354942058977,572846.2159,5247.452,3709.3496217676516,5058.232086396999
06533015,1655.0702773652781,87921.29639999999,7202.634,462.2445777653485,776.3450472119998
06533010,13690.705999757936,516287.289,3826.519,3823.6772786723936,4558.81676187
06533017,26990.282768786878,1186250.6083,9910.228,7538.116074494486,10474.592871288998
06532012,53518.10873302947,1894100.5267999999,12881.187,14947.072588047798,16724.907651643996
06532006,56162.00981147619,2112550.7774,11236.295,15685.487720247185,18653.823364442
06532005,22717.678187123154,595400.2557000001,3895.487,6344.820340881625,5257.3842578310005
05970012,26964.030719271854,852549.0451999998,7148.585,7530.784139585436,7528.008069115997
05970028,38786.22244172041,1406917.8361,12027.024,10832.604065748093,12423.084492762999
05974044,67247.22654779714,2653186.7180000003,26254.549,18781.47790253426,23427.63871994
05974004,39459.481782608185,1384147.5783000002,19785.353,11020.638667064639,12222.023116389
05974016,47845.50814940343,1933094.6903,22666.045,13362.771971046883,17069.226115348996
05974028,132189.37145767585,5497072.2721,50821.352,36919.169554414286,48539.148162642996
05754024,24584.173135196903,1016507.6707,11974.588,6866.113714929143,8975.762732281
05754028,137009.42955566212,4419688.8096,39374.75,38265.363580600875,39025.852188767996
05754004,41981.99600023267,1167412.2858,10995.034,11725.151662904982,10308.250483614
05754012,98181.67341190038,2443862.2144,19827.426,27421.159567209656,21579.303353151998
03459024,195374.50647715808,6386252.764800001,55259.342,54566.14591400548,56390.611913184
03459013,54309.32066573331,1916274.4266000001,17779.917,15168.050168732654,16920.703186878
03460009,119374.22108690639,4245903.3124,35468.822,33340.02620736208,37491.326248492
03460010,86425.16620736528,2382555.2183000003,23324.91,24137.68467005505,21037.962577589
03458009,29598.905834317324,1700529.2535,15487.162,8266.678410466486,15015.673308405
03461005,135591.1210749771,1020269.8806999999,7056.093,37869.24420503035,9008.983046580997
08337053,10029.037426883087,437714.3047,8337.174,2801.009862954177,3865.0173105009994
08337062,21337.50702145066,839622.4872999999,12209.609,5959.352336020955,7413.866562858999
08337065,21437.21406020438,694643.1373000001,8944.796,5987.199514874481,6133.698902359
08337123,27594.492115537218,701326.4725,9435.696,7706.865702948389,6192.712752175
08337106,17902.884614935152,743490.5097999999,9367.898,5000.096644105239,6565.0212015339985
08337124,6217.859476034038,194230.26359999998,2991.729,1736.5859730615464,1715.0532275879996
08315070,16983.124931901497,680756.9801,12589.982,4743.216962230768,6011.084134283
08326006,5577.173844986721,129413.95939999999,8340.124,1557.6488831663412,1142.7252615019997
08326027,32934.19297017319,921162.4593999999,12358.929,9198.19075463967,8133.864516501999
08326012,76854.06569212415,2072159.8609000002,21901.444,21464.57200715335,18297.171571747
08326065,5729.106465727774,205675.7905,2036.151,1600.0821448131098,1816.117230115
08326074,190526.3787754675,5941340.9837,45559.815,53212.11232820032,52462.040886070994
08325053,115735.69928441365,2052620.4795000004,19458.615999999998,32323.823453143887,18124.638833985002
08326031,13013.385850299599,614913.9049,8268.715,3634.5085341301747,5429.689780266999
08326052,36393.49063416231,1109091.9485,10690.682,10164.33799921519,9793.281905254998
08325036,4953.045010439398,249866.52850000001,2788.468,1383.3359409656193,2206.321446655
08325051,7483.399692047625,330971.4991000001,4387.2210000000005,2090.038699991981,2922.4783370530004
08237002,23132.453957145917,682985.5109999999,7081.726,6460.663065691283,6030.762062129999
08325050,4170.439352855122,197332.9355,1837.9569999999999,1164.762006858907,1742.449820465
08237028,42666.739869533616,1671966.5122,13926.525,11916.393778162043,14763.464302725999
08215046,96723.5158432029,1387255.6976,13292.107,27013.910739848136,12249.467809808
08216006,5979.287384628016,256484.0297,2861.917,1669.9551736527585,2264.753982251
08216015,132515.0592200033,2410812.4408,20096.53,37010.130889554726,21287.473852263996
08216017,6371.749035616677,253670.87710000004,8731.942,1779.5657881573816,2239.9138447930004
08215017,88481.86354285243,2818342.0502,22274.819,24712.099668883253,24885.960303265998
08212000,421190.1689496578,14747051.786500001,89539.218,117634.20228594993,130216.467274795
07334011,4085.6281823929394,267552.5988,3619.037,1141.075095060524,2362.4894474039997
07334015,3805.267533408557,208639.81749999998,2376.359,1062.7731694056758,1842.2895885249995
07334016,3935.5634906732384,257085.517,2509.885,1099.1635273101288,2270.0651151099996
07334022,3859.053910067284,189068.1704,2910.096,1077.7951665426917,1669.4719446319998
08215102,41013.261986928585,1373854.1164,11105.498,11454.593940329283,12131.131847812
07334007,128169.49791822849,1967835.7873,8105.579,35796.45907358203,17375.990001858998
07334017,10321.590101539217,641938.8751,4303.22,2882.716899458888,5668.320267132999
07334028,5989.1693231982445,312674.6542,4397.095,1672.7151002760377,2760.9171965859996
07334032,4925.336936232475,212233.51450000002,2131.475,1375.5973529203677,1874.021933035
07334033,2467.724828755271,170145.8264,1312.36,689.2108674230597,1502.3876471119997
07338005,15623.928546964507,943787.9335000002,8829.715,4363.607003881717,8333.647452805
07338007,9137.070328069653,506799.2135,5389.37,2551.892371926573,4475.037055205
07338010,3277.322868478838,193942.7024,2088.565,915.3235039374546,1712.514062192
07338011,5751.666332534729,312820.163,3814.132,1606.3828900136243,2762.20203929
07338025,38459.701745704406,1676727.6174,13345.523,10741.410100557783,14805.504861641999
07314000,266342.1754578059,8815869.830999998,35936.634,74386.70618361061,77844.13060772998
07338006,16515.80393722499,714624.2901000001,8847.505,4612.698881627568,6310.132481583
07338008,9363.822093247625,290191.3514,2942.846,2615.221872423129,2562.389632862
07338019,51727.940815809125,1264031.1773,7632.1179999999995,14447.096590447329,11161.395295559
07311000,86708.68345291636,3002037.3744999995,18016.02,24216.86820156501,26507.990016834992
07338002,4280.143936998516,245604.22749999998,2722.265,1195.4014001643156,2168.6853288249995
07338004,19076.82369659227,809455.6984999999,6370.353,5327.9660902212545,7147.493817754999
07338009,1679.6418191153027,112815.9262,1558.464,469.10716366071284,996.164628346
07338012,3374.719528108606,241651.48080000002,2221.494,942.5254170054525,2133.782575464
07338013,1806.1216200360561,119903.4069,1394.17,504.4317072598701,1058.7470829269998
07338016,9797.055842332553,541122.3952,5322.111,2736.2197262050586,4778.110749616
07338018,13340.3561027664,653183.5387,5438.76,3725.8280559416276,5767.610646721
07338015,1142.6708699786896,79236.6311,901.535,319.1365472763482,699.659452613
06431003,26817.718378227877,1060665.5478,6559.718,7489.920565855264,9365.676787074
07331002,19924.01842411524,265036.37509999995,2899.861,5564.579105671144,2340.271192132999
07331018,8079.6049908789155,417768.09979999997,4457.541,2256.552877902572,3688.8923212339996
07331034,11646.519627502847,414096.46239999996,2595.958,3252.75646676527,3656.471762991999
07331045,6810.743308267458,141077.97379999998,1964.53,1902.1724985660182,1245.7185086539996
07331055,50175.76951223556,633330.8154,6142.805,14013.590667072269,5592.311099981999
06433014,32001.879941566713,1236187.448,11151.667,8937.805048880167,10915.53516584
07339010,1731.2550562609158,106764.5776,1070.77,483.52222466311116,942.731220208
07339011,5596.459529027119,155054.1525,1815.05,1563.035181861984,1369.1281665749998
07339012,2402.4079566393916,164995.5118,1755.045,670.9685182098157,1456.910369194
07339015,1132.3441205873596,63978.443499999994,862.405,316.25238943884364,564.9296561049999
07339024,4940.452295334283,326685.8965,3327.723,1379.8189215639118,2884.6364660949994
07339035,1058.9724524558562,61895.1142,717.3,295.76041624639606,546.533858386
07339043,9527.886979756382,602814.0619999999,6015.366,2661.0435545761597,5322.848167459999
07339049,8912.627403205322,462505.9033,3306.832,2489.2077074412146,4083.927126139
07339059,2004.5611146051976,134535.51309999998,1606.17,559.8538736980856,1187.9485806729997
07339066,1067.0509267400928,46787.5073,611.369,298.0166533292405,413.1336894589999
06433005,35677.60395600698,1161647.7275,5361.592,9964.398008873188,10257.349433825
06433012,91417.54932574439,3354253.3673000005,17865.921,25532.00735118715,29618.057233259
07339006,14693.037688135351,617397.0935000001,6135.025,4103.618495919322,5451.616335605
07339020,2086.0049845877857,130048.24130000001,1749.58,582.6003321455227,1148.325970679
07339034,2923.498315819086,177560.786,2748.638,816.5038446251125,1567.86174038
07339039,4854.903924914001,316261.71239999996,2951.435,1355.9261171892315,2792.5909204919994
06433002,25792.007990207978,820921.5207,4560.886,7203.449911585186,7248.737027781
06436006,21894.22407210692,1035457.903,6483.132,6114.837841098742,9143.09328349
06436007,57156.92816867216,2459663.3325,15491.939,15963.358468228445,21718.827225974997
06436002,13751.003676192262,764650.0023,5992.507,3840.517816723737,6751.859520309
06434013,12448.792886072493,625079.9089,4479.031,3476.8233651511864,5519.455595587
06439016,3678.4624322983695,199968.6579,3542.9,1027.3577727166116,1765.7232492569997
06532003,16617.574222353665,845474.2452,6682.513,4641.122304561155,7465.537585116
06532016,9953.313951520015,524594.8112,3936.904,2779.8610535200246,4632.172182896
06533018,23.207226721856433,736.4259000000001,6839.923,6.481546351147283,6.502640697
06533019,7.008680572713866,444.28110000000004,3678.025,1.9574543971532554,3.923002113
06532008,21667.89482199918,887014.4181,5529.808,6051.626344836151,7832.337311822999
06532017,12858.309318767537,516263.7242,4699.125,3591.1972096385853,4558.608684686
06532020,16500.51920160952,635630.1985999999,4929.451,4608.430007817523,5612.614653637998
06532009,30806.29041694281,1018214.0131,8192.422,8603.888850547957,8990.829735673
05958008,24648.575542889426,946588.2188,7781.682,6884.100663373588,8358.373972004
05974036,65647.77343051645,1731705.1262,20066.878,18334.766641408936,15290.956264346
05754032,120706.87566475377,4077467.1533,45438.057,33712.223304409075,36004.034963638995
05754008,219124.09057708213,7966708.942600001,62189.35,61199.167257273264,70346.039963158
05754040,57833.89896141282,2073720.3147,17113.06,16152.429640932985,18310.950378800997
05754052,29803.641743646695,1166337.3613,9586.125,8323.859102583085,10298.758900279
03459003,60265.73095133363,2162755.0083,17446.529,16831.615997397967,19097.126723289
03251023,9450.195852158688,404366.28,2922.655,2639.3451995493997,3570.5542523999998
03251036,2549.7252369441103,113248.28269999998,1710.13,712.1127614261205,999.9823362409998
05770044,63795.84460144282,2663790.4376000003,27207.936,17817.541438736964,23521.269564008002
03251012,45943.57881265672,2021325.1343,17783.506,12831.582126586894,17848.300935869
03251020,4723.42695507613,235252.0317,2422.346,1319.2059142832122,2077.275439911
03251022,6066.352870421029,276613.71180000005,2838.288,1694.271693179889,2442.4990751940004
03251025,5851.091511711335,178086.81160000002,1190.595,1634.1513483058588,1572.506546428
03251013,8986.973542974087,514530.72150000004,5794.722,2509.9718408172325,4543.306270845
03460004,43296.493281626215,1689440.0611,16071.419,12092.277608625385,14917.755739512999
03458014,43317.17938435707,2133184.6766,15467.363,12098.055030257085,18836.020694377996
03458003,20008.148737465217,1304315.8132999998,12790.759,5588.07586088666,11517.108631438998
03458010,47386.5455763083,2240810.5049,15370.237,13234.588314007144,19786.356758267
03461004,28484.170750308236,1249707.6091,8601.673,7955.344048853587,11034.918188353
03461008,41101.08490738305,1014090.4045999999,7157.018,11479.12200378301,8954.418272617999
03461009,38483.83308714555,1175361.7891000002,8225.337,10748.14974290888,10378.444597753001
03461007,68740.18556893212,2955019.3047,13471.464,19198.446427547053,26092.820460501
01054089,1559.0811246736794,88756.3416,337.325,435.4357673101119,783.7184963279999
01054149,5202.069890653916,258989.7375,537.45,1452.8860997607321,2286.8793821249997
08337030,4259.9189093799805,193770.0622,3109.843,1189.7527522007347,1710.9896492259998
08337127,5709.979512148632,225053.0367,2745.594,1594.7401779479915,1987.2183140609998
08326075,9299.959756682367,458262.50970000005,5363.305,2597.385760443818,4046.457960651
08325024,9784.840999049975,302451.3745,5377.025,2732.8082426246674,2670.6456368349996
08326037,14560.108474636843,343760.6898,2970.581,4066.492695881324,3035.406890934
08326041,18271.391948034972,626749.9209,6696.967,5103.017057166687,5534.201801546999
08325001,16822.485738353073,528516.3434,7051.417,4698.352041864629,4666.799312222
08325014,33284.62143505749,791880.6501000001,11890.547,9296.061920597205,6992.306140383001
08325071,5213.985838813891,239947.1562,2878.468,1456.2141049223314,2118.7333892459997
08237045,36414.83863791245,968952.5077,11470.536,10170.300283182567,8555.850642991
08325070,10733.489540509194,426039.5016,6629.644,2997.7562937688126,3761.928799128
08237073,6960.930611200018,284986.4595,2246.628,1944.1183104020529,2516.430437385
08235025,2328.414934196126,120972.3197,847.225,650.303006971636,1068.1855829509998
08235066,49846.218802960844,365356.56940000004,3307.251,13921.550449478933,3226.098507802
08216029,95944.78049563557,182529.4006,1865.753,26796.417744626055,1611.734607298
08216059,35.4854429168337,1715.6756,2110.026,9.910729352242482,15.149415547999999
08235033,238191.63744356929,513713.6742,4856.608,66524.54242161446,4536.091743186
08235079,15144.750189503862,770184.5991999999,4569.311,4229.777280426533,6800.7300109359985
08215047,196860.48553059407,441329.0355,5296.715,54981.16500383962,3896.9353834649996
08235018,3138.2920669314763,165713.21559999997,1807.699,876.4935913732919,1463.2476937479996
08215096,39502.49260591987,1279255.3201,13811.354,11032.65115990736,11295.824476482998
08215110,11721.568323976808,547874.5482999999,8262.798,3273.7168172034826,4837.732261488999
08215109,42222.81569291436,1759774.0706999998,20440.583,11792.41019487405,15538.805044280996
08215099,51922.964633143994,1221099.3131,11207.656,14501.564792390785,10782.306934672999
08215105,17350.834967994695,850631.4992999999,8904.562,4845.914698211238,7511.0761388189985
08215111,11746.130250673761,676903.6089000001,7135.112,3280.5767177106745,5977.058866587001
07338023,16652.389469248254,807187.6418,10408.006,4650.845854866345,7127.466877093999
08215066,50739.91309167324,1428636.7209,11291.07,14171.150327373418,12614.862245547
08215107,20687.330775392496,852374.687,8606.038,5777.76461225937,7526.468486209999
07318000,122473.23863632156,3609150.4731,22860.786,34205.550818738244,31868.798677472998
07338021,5426.046714934448,314822.6154,3412.834,1515.4405870140417,2779.883693982
08226003,12932.215200993092,553942.6092,7127.689,3611.8383834853607,4891.313239235999
07338001,267167.364151962,519074.8361,5300.845,74617.17313400145,4583.4308027629995
07338017,14421.39068893476,740575.1309,7736.535,4027.7502055125888,6539.278405847
07338020,8957.83842490959,516587.6105,4457.355,2501.8346936929993,4561.468600714999
07338026,17354.752285892013,255828.79220000003,4069.325,4847.00876592678,2258.968235126
08222000,3075564.6873166733,15242406.9458,70743.114,858974.4615206736,134590.453331414
06431005,59187.77458956432,1530472.2289,11297.29,16530.55356511942,13514.069781187
06431013,67946.69678466924,2638776.3337999997,21678.77,18976.83294499027,23300.395027453997
06431010,13042.9566737098,454776.90969999996,3853.485,3642.7673694004097,4015.6801126509995
06433001,30644.011666296785,891800.2454,4370.515,8558.56601828003,7874.596166881999
06433004,54763.359263145176,1233134.5570999999,7465.815,15294.858608603816,10888.578139192998
07331038,2911.0336716829206,204779.7843,1797.744,813.0225941643229,1808.205495369
06433006,4915.432636915885,269584.16649999993,16111.511,1372.8311811642375,2380.4281901949994
06433011,35261.678225213465,1814882.4659000002,15753.314,9848.234111519869,16025.412173897
06433013,14301.771089609498,529684.7655,3958.924,3994.3416476170364,4677.116479365
06433009,10147.090825755395,568853.4417999999,4798.705,2833.980996725224,5022.975891093999
06433010,10379.421146545683,537788.7822,3284.113,2898.8685320187437,4748.6749468259995
06436004,33911.972620122164,1037284.3822000001,6953.607,9471.274833073918,9159.221094826
06436005,8738.544461540594,437528.3997,8086.404,2440.588082663672,3863.3757693509997
06436009,19969.52498891329,639057.7612,4335.6050000000005,5577.288634153592,5642.880031395999
06434005,18312.377643810596,963264.3439999999,4989.503,5114.463952139861,8505.624157519998
06436001,18002.94635124683,997559.4886,6162.114,5028.042886439726,8808.450284338
06436008,32359.54198230451,1573074.31,12216.596,9037.696480237826,13890.2461573
06434003,7266.504973000017,418440.8133,3730.409,2029.4621739091747,3694.8323814389996
06434008,49253.92227920873,2317994.7600000002,14522.671,13756.127953360206,20467.893730800002
06434009,13480.043927063434,716902.4186,5492.414,3764.841468389546,6330.248356237999
06434004,3058.494405539624,138877.6875,3600.601,854.2069025231615,1226.289980625
06434011,25207.78080941025,1182749.0848999997,9451.784,7040.281102260188,10443.674419666997
06532018,12669.881965741302,661397.4789,6765.133,3538.571334211888,5840.139738686999
06532021,23463.793875733685,1178644.4583,8636.911,6553.2029915536605,10407.430566789
06532023,108051.69826813077,4066081.0745,21908.216,30177.75880930624,35903.495887835
06532001,30284.826913890873,1115037.8199,7501.807,8458.249308780581,9845.783949716999
06532013,10861.785198682652,555677.331,4528.732,3033.5879881400774,4906.630832729999
06532002,7046.3648688436315,368591.8021,3311.593,1967.9792442193377,3254.6656125429995
06532019,4585.984113112864,242484.7526,1631.45,1280.8195029512917,2141.140365458
06534003,14753.045427311758,723279.0254,5399.53,4120.3780573939,6386.553794282
06534002,8530.423501643008,321534.43,3460.785,2382.4619797738756,2839.1490169
06534005,21125.96133961966,739846.6327,4916.835,5900.269742542374,6532.845766740999
06534019,10228.230200986227,448532.32460000005,4401.973,2856.6424128334434,3960.540426218
06534004,54398.77174441451,1404382.9916,8770.074,15193.032960497527,12400.701815827999
05958048,34371.9782777736,1524705.0516000004,10096.391,9599.749813199389,13463.145605628002
05958036,38208.98220127834,1412494.4201,9597.659,10671.386638995027,12472.325729482998
05958012,89783.01856319643,3140783.0908000004,28564.574,25075.49925451513,27733.114691764
05974020,51935.89676102363,2194767.2408000003,29116.548,14505.176606386289,19379.794736264
05774020,114132.86849302957,4190650.1134999995,52725.242,31876.168841418228,37003.44050220499
05754044,99804.31942574953,3112470.6963,28795.481,27874.348372417586,27483.116248329
05711000,572640.9469796914,20404408.2731,113439.764,159932.890081958,180170.925051473
05758032,66229.08391386904,1445624.8969,12637.984,18497.120846304482,12764.867839626999
05758028,36701.1474362432,1292715.1007,10220.811,10250.263467468361,11414.674339181
05770036,38290.58057085281,1654520.1869,14843.08,10694.17624763348,14609.413250327
03251009,5013.546072288229,218197.0474,3151.946,1400.2332825293795,1926.679928542
03251029,1352.2283591983926,74074.41660000001,758.25,377.66385844051905,654.077098578
03251030,15236.84781766869,480155.83190000005,3930.238,4255.499226996688,4239.7759956770005
03251046,9229.058632255254,359939.5345,3433.146,2577.5837854025694,3178.266089635
03251011,2974.356084479288,137998.8693,1957.596,830.7079108342202,1218.5300159189999
03251005,29106.272239884034,859085.0863,9403.402,8129.090773877211,7585.721312028999
03251042,47870.4258518947,1891062.7943,23659.685,13369.73123617567,16698.084473668998
03458012,7302.776161534428,220073.85090000002,1282.189,2039.5923541549503,1943.252103447
03458005,85030.4402454069,3871734.0879999995,25639.246,23748.151656139693,34187.41199703999
03461001,24477.85782780045,1111190.6996000004,5354.174,6836.4209127263875,9811.813877468003
03461002,123863.22511909594,1738278.7267,7546.26,34593.7601435123,15349.001156760998
01054015,1844.242254560708,63950.4041,476.16,515.0784192762601,564.682068203
01054025,671.0573591504586,22036.214,117.67999999999999,187.4196098371316,194.57976961999998
01054087,3552.0025667963046,132000.7792,518.225,992.0387968805398,1165.5668803359997
01054098,2757.787613765982,104703.538,756.8000000000001,770.222502648701,924.53224054
01054129,1022.9483439457146,41992.0504,443.7,285.6992429805986,370.78980503199995
01054143,1935.6668570468773,85007.5209,579.78,540.6123965046223,750.616409547
01054158,718.5721927107996,16173.532,99.55000000000001,200.69002770219922,142.81228756
08337060,8868.430640026707,442484.0926,6472.197,2476.863993453059,3907.1345376579993
08337070,7318.814611078191,253841.1081,3783.17,2044.0717327280279,2241.416984523
08326005,23655.966989336077,1062481.8985,10943.47,6606.875020451673,9381.715163754998
08326003,36011.65248567962,1243392.8824,13348.497,10057.694422725459,10979.159151591999
08325069,23746.753271060003,728424.7756,8525.518,6632.2307210743475,6431.990768548
08325072,29697.607931724528,768864.4783,8158.1,8294.244919251343,6789.073343388999
08326010,9893.942128281242,331291.60970000003,3551.719,2763.279097007668,2925.304913651
08325009,9673.666808973885,407760.3957,5762.735,2701.7584030783164,3600.5242940309995
08325015,6577.170643902657,252948.6592,4610.879,1836.937989135573,2233.5366607359997
08325045,16430.068657749023,579816.4553,15301.761,4588.753875422724,5119.779300299
08325049,53102.481912094605,2101769.7333,18287.258,14830.992173228902,18558.626745038997
08325060,8148.60182509696,307853.2936,3917.708,2275.8230037313297,2718.3445824879996
08325012,17531.501646008033,703745.7359999999,10031.922,4896.373094713584,6214.074848879999
08325057,19453.58941673401,775441.3263,16859.754,5433.192988199641,6847.146911228999
08237019,25444.697932553663,701552.5671999999,7760.234,7106.449685582912,6194.709168375999
08237030,11298.630892174155,293114.0897,3487.456,3155.5946218753193,2588.197412051
08237040,62666.9653495557,2507410.4491000003,30719.577,17502.25675247741,22140.434265553
08237061,15862.354328655023,318950.3614,4472.856,4430.196940450061,2816.3316911619995
08237032,1448.1062240833414,74543.0431,929.245,404.4415873242364,658.2150705729999
08237054,24706.244593013573,746488.5376,8760.844,6900.207052382761,6591.493787008
08237072,492.90367575023373,27138.030099999996,247.506,137.66306760028277,239.62880578299996
08237074,20831.33968723622,627221.5567999999,6897.993,5817.984861248204,5538.366346543999
08235006,35443.45523316142,1047760.0758,10409.356,9899.002612069651,9251.721469314
08235050,11514.56371917885,462632.49510000006,6456.692,3215.9025011294607,4085.0449317330003
08235035,3523.072514734887,144415.3096,1147.175,983.9589226403066,1275.187183768
08236043,13842.465706477262,588407.5848999999,5732.795,3866.062247162034,5195.638974666998
08236072,26822.739102565076,983845.102,13990.744,7491.3228039554,8687.352250659998
08215101,22979.94743303388,1173105.2259,12500.796,6418.069518572032,10358.519144696998
08236070,14623.220555645777,741927.1888,9716.376,4084.1192689863087,6551.217077103999
08236071,18868.483239882637,810722.6103000001,10627.44,5269.778684066821,7158.680648949
08215089,17171.73867715226,570500.4796,10431.241,4795.894895141855,5037.519234867999
08215090,16219.12706144079,767711.9582999999,8063.444,4529.839996989798,6778.896591788999
08215009,130571.66036884069,3590516.192899999,30470.225,36467.35902441351,31704.25798330699
08215103,18723.153658641473,929559.3489999999,8853.361,5229.189585321977,8208.009051669998
08215029,10453.198294281765,494483.84299999994,6727.245,2919.473751609954,4366.292333689999
08215106,46088.5707357865,1996006.9494,21869.819,12872.076920797812,17624.741363202
08226032,65342.51568511412,1800194.6845999998,15595.525,18249.511205695522,15895.719065017996
08226037,160259.59015073485,926045.4742,9583.906,44758.90093319873,8176.9815371859995
08226059,6991.993973352515,426401.6104,5823.0380000000005,1952.7939968176238,3765.1262198319996
08226068,12864.349440117869,644893.5893000001,8189.399,3592.8841551305195,5694.4103935190005
08226084,269608.77829874755,985644.8942,7198.217,75299.0356910572,8703.244415785999
08226009,394244.15658955544,699047.5179,6291.468,110108.45049389693,6172.589583056999
08226036,9506.933234169115,470601.5705,5164.985,2655.191382971092,4155.411867514999
08226105,16778.895348907303,621708.0029,7287.619,4686.177681996321,5489.681665607
06431020,68610.19338514679,2143619.2728999997,15222.216,19162.140910537648,18928.158179706996
06431006,8412.215991511546,500696.0436,5159.011,2349.4478042692594,4421.146064987999
06431016,31967.17824974797,1170555.216,10442.42,8928.11321337211,10336.002557279999
06431002,63288.92179528811,2887386.0320999995,24139.685,17675.962968206015,25495.618663442994
06432001,13181.132793102694,700896.4787,6086.899,3681.358577785651,6188.915906920999
06411000,228061.64321816948,8260018.400000001,33108.062,63695.33633440255,72935.962472
06432008,30356.516800210364,1598715.4394,11262.009,8478.271577130752,14116.657329901998
06432018,44298.156920502246,1884433.1436,11192.974,12372.032246327071,16639.544657988
06412000,682597.0822145724,25602003.802500002,73194.885,190642.5390917079,226065.693576075
06433007,3891.477127985171,100737.26120000001,3252.534,1086.8506470749783,889.510016396
06434006,21684.24307898866,977020.8755999999,3732.887,6056.192249530743,8627.094331547998
06434010,8185.261820481601,388105.8527,2460.7,2286.061773842306,3426.9746793409995
06436003,30810.204754240916,1150343.1967,5942.42,8604.982085811946,10157.530426861
06436010,9929.879432858932,440749.3621,3631.313,2773.316026803171,3891.816867343
06436011,15285.197261469648,586436.4693,3913.597,4269.002743155857,5178.234023919
06436012,17019.828169944958,536413.5089,2919.996,4753.467809583927,4736.531283587
06434001,60694.357126048526,2858546.2402999997,15150.166,16951.32700173409,25240.963301848995
06434007,25183.94399569087,1004678.1671000001,8927.483,7033.623718556503,8871.308215493
06434012,14533.476641226709,768868.6802000001,7532.768,4059.054691128207,6789.110446166
06440005,66660.57269356305,2445568.6336999997,17206.964,18617.631347585222,21594.371035570995
06531009,36184.48540175436,1234020.8557000002,9787.544,10105.964927855975,10896.404155831
06532022,8654.456068119234,405257.52540000004,3663.56,2417.103035265021,3578.423949282
06532014,20254.69998333799,1022930.2034,10572.425,5656.935158346467,9032.473696022
06532015,15388.544365954649,710906.5598,6435.983,4297.866555967474,6277.304923034
06531002,15882.060439573395,907940.1935999999,6615.111,4435.700660168453,8017.111909487999
06534010,28716.898035289836,1241076.8701,10254.812,8020.342452276098,10958.708762982998
06534013,11219.001265996,612688.9955,6313.336,3133.3548635800225,5410.043830264999
06534007,43106.07852413181,1357023.3091,9986.156,12039.096671004772,11982.515819352999
06635014,10551.04773868078,431115.12120000005,2953.779,2946.802122936155,3806.7465201960003
06635004,16371.916972711582,698972.4988000001,5439.649,4572.512691308618,6171.927164404
05958020,18454.70997118737,603957.0603,7311.304,5154.21594785292,5332.940842448999
06635001,31397.827289305897,1112001.198,6660.705,8769.099183630244,9818.97057834
05774016,82655.881977064,2528785.1539999996,41785.959,23084.9612773742,22329.172909819994
05774036,63835.23905612676,2803129.8845,40913.738,17828.543915985643,24751.636880135
05754036,92539.08471170068,2700366.1369000003,25132.736,25845.240969130882,23844.232988827
05758008,85178.5123555455,1881166.8973999997,17133.328,23789.506715780302,16610.703704041996
05758012,148788.96417693645,5440088.4103999995,35134.663,41555.26980497658,48035.98066383199
05758004,110666.20522803545,4329047.5164,29267.843,30907.96445813802,38225.489569811994
05770016,40418.187803698325,1597378.6275000002,16851.951,11288.395671694905,14104.853280825
05770008,56017.67918453938,2584593.1751,22704.115,15645.177619450003,22821.957736132998
05770020,72535.19453550743,2739884.774,25354.355,20258.35448182187,24193.18255442
05770040,57264.9949572039,2581049.7095999997,30466.905,15993.540441597475,22790.668935767997
03251019,4853.339026367677,167452.60919999998,2023.232,1355.4890566742286,1478.6065392359997
03251044,44095.72140086554,1437125.3000999999,13637.181,12315.494030047737,12689.816399882999
03251006,7243.20929305305,258753.9446,2230.739,2022.9559234567862,2284.797330818
03251017,19704.927558740084,555905.5501,7184.686,5503.389217880518,4908.646007382999
03251014,8616.25814536111,263703.83719999995,3305.475,2406.434737417904,2328.5048824759992
03458001,7286.811510955776,248623.4341,2433.02,2035.1335868948386,2195.344923103
03458002,3414.3305189809175,172312.7796,1828.025,953.5883706461804,1521.521843868
03458015,6594.805294230911,221187.60210000002,2743.986,1841.863170625751,1953.086526543
03458008,8850.416594115872,487838.6866,4362.892,2471.8328505706218,4307.615602678
03461006,24532.72212262406,870036.1429000001,4471.192,6851.743961627673,7682.419141807
03356009,50865.97244000784,2277075.5186,14183.481,14206.35744276979,20106.576829237998
04011000,791095.6263427247,24573250.003200002,79504.724,220945.09748125955,216981.797528256
03352060,37410.258004853255,1781681.214,11468.928,10448.310958175465,15732.245119619998
03352032,42481.31179670854,2018454.8010999998,11669.37,11864.605571702728,17822.955893713
04012000,181483.53490512387,7159506.8681999985,21650.497,50686.536463652046,63218.44564620598
03352062,86967.0169422532,4188245.761,28121.204,24289.018161801898,36982.21006963
01054005,3407.6832358819474,96064.4001,1721.915,951.731850949469,848.248652883
01054083,1347.3904183105358,59468.613,347.44,376.3126699299495,525.1078527899999
08327018,21839.53507560424,716255.4231,9263.25,6099.563751265508,6324.535385972999
08327025,15012.900283801635,643472.9242,6454.707,4192.952920262958,5681.865920685999
08326061,10845.649132519004,391463.1228,4536.761,3029.0813462212323,3456.6193743239996
08327012,3587.0308349578672,128899.2098,1718.52,1001.8218418953827,1138.1800225339998
08327048,3695.898912463577,176092.7155,1902.99,1032.2276072619522,1554.8986778649999
08327049,49677.17990503185,1265822.2251,10061.815,13874.339575676346,11177.210247632998
08327002,20969.379963779174,795360.1083,6229.592,5856.538130083885,7023.029756288999
08325011,10595.9829172386,494522.9912,8017.674,2959.3520689555685,4366.638012296
08235022,4537.6728503459335,203511.1305,3531.343,1267.3266503731156,1797.0032823149998
08235032,24064.737326639326,659975.4458,6818.817,6721.040487957097,5827.583186413999
08235020,9803.976326210024,452839.83759999997,5989.487,2738.1525481471976,3998.5757660079994
08235047,16505.581887931916,505879.939,9432.644,4609.843965480504,4466.91986137
08235080,25397.503581250356,929316.3276000001,11757.289,7093.268775207412,8205.863172708
08235008,8296.06799413269,475127.7558,6857.141,2317.008830081319,4195.378083713999
08235055,3667.1276908100704,187560.9271,4461.151,1024.1920927663446,1656.162986293
08235065,12568.17088056779,603690.0148,6204.619,3510.1644452337778,5330.582830683999
08235084,1323.376172113183,60936.6805,3684.56,369.6057311094909,538.070888815
08231000,181889.23271443864,6039213.8675999995,38533.004,50799.843804815566,53326.25845090799
08235073,2885.8514244961734,167085.39429999999,1854.871,805.9894443475363,1475.3640316689998
08236004,22942.830647942006,854553.7359,7175.854,6407.703171663722,7545.709487996999
08236013,7944.49128465594,370339.74769999995,4111.043,2218.8169708915575,3270.0999721909993
08236011,6834.837131733641,278241.3661,2920.915,1908.9016625218885,2456.8712626629995
08236030,7992.349150381376,345306.2636,3179.971,2232.1831942100143,3049.054307588
08236074,6429.44934095447,396711.5582,4324.563,1795.680906435174,3502.963058906
08236076,18213.525786269427,689567.443,10976.061,5086.855616847188,6088.880521689999
08215007,64396.756095080265,2399719.5937,22409.67,17985.370009794966,21189.524012371
08215025,6929.660594681303,350441.6123,4035.109,1935.384907488541,3094.3994366089996
08215021,13848.732615925892,522694.30809999997,7553.975,3867.812532301942,4615.390740522999
08215084,27249.011045144845,1229219.4204,14386.089,7610.376294798503,10854.007482132
08215097,33903.405985409365,1566983.2093,15932.82,9468.882257664982,13836.461738118998
08215039,16365.586575780893,577838.9572000001,7411.67,4570.744674749845,5102.317992076
08215100,23952.50346823014,994575.8977,10266.523,6689.694693641995,8782.105176690999
08226046,7105.858464090458,329504.6072,3848.471,1984.595210435824,2909.525681576
08226065,10041.379534254987,592412.6559,7134.133,2804.4568901220755,5231.003751597
08226103,32745.385681922977,1373230.195,16098.25,9145.458767104268,12125.62262185
08221000,191983.72205185745,6982712.546100001,31750.619,53619.133731863265,61657.351782063
08226041,31077.895815024865,1333173.5173,10517.53,8679.745522178295,11771.922157758998
08226062,10641.903530020678,595837.0417,6383.624,2972.177236899475,5261.241078210999
08226076,16036.770235093043,821471.2778,7491.577,4478.909558959136,7253.591382974
08226095,70271.24591729029,1530934.0119999996,16993.305,19626.056272240003,13518.147325959995
08226098,87240.64283366539,1912776.2874,16182.799,24365.439137014404,16889.814617742
08226012,10182.051661995729,562513.854,5208.408,2843.745208678787,4966.99733082
08226018,14145.503819692047,677512.2993000001,5974.356,3950.6977618017913,5982.433602819
08226038,17524.750700768174,609196.6078,6417.984,4894.487623217543,5379.206046873999
08226063,10861.301290636235,586796.5867,6632.702,3033.452837461794,5181.413860561
08226082,12881.403675316742,557721.6591999999,7964.677,3597.6472324792126,4924.682250735998
08226028,46260.99934589083,896318.8191999999,7844.916,12920.23450731385,7914.495173535998
08226096,54942.5532351848,2026018.6179,24862.444,15344.905693054763,17889.744396056998
08226107,13570.253091170824,587836.0532000001,7662.797,3790.035985833099,5190.592349756001
06431011,58687.44646508211,1585019.0144,15762.288,16390.816923232782,13995.717897151999
08226031,12949.85135251705,674886.7025,5589.728,3616.7639842444864,5959.2495830749995
08226040,7890.966057293666,432799.24679999996,4447.568,2203.867910141548,3821.6173492439993
06431014,11681.549112036704,685297.0430999999,5522.716,3262.539851500731,6051.172890572999
06431022,7602.703750677779,434939.79260000004,4338.709,2123.359130526797,3840.518368658
06432003,9019.500414252358,411236.0059,3523.348,2519.0562706965407,3631.2139320969995
06432022,16275.69167232539,1009152.4303000001,8167.296,4545.637927163758,8910.815959549
06432006,7845.678409192561,466449.49210000003,4258.92,2191.21952290339,4118.749015243
06432023,52955.998836714905,1958820.6618000001,10892.831,14790.080915106106,17296.386443694
06433003,259.0505484804504,7165.1108,10468.641,72.35022768510498,63.267928364
06433008,55475.487416827506,1464697.6191,11146.106,15493.748880645753,12933.279976652999
06438003,23572.787801866394,808808.9057,5601.185,6583.643905183265,7141.782637330999
06438002,55846.907329219284,2183216.6975000002,13159.316,15597.482747977652,19277.803438925002
06438006,43684.204142780276,1708057.9907,8578.316,12200.561375037103,15082.152057880998
06438009,55068.25364237494,1579345.8013,6079.911,15380.012559778896,13945.623425478998
06434002,28804.041918175953,1360078.512,9723.64,8044.680867327362,12009.49326096
06440023,31799.75414916006,1051196.1068000002,6824.579,8881.353336318913,9282.061623044001
06440008,48871.21411760356,2034723.9566000002,12704.154,13649.241390905498,17966.612536778
06440018,10823.61407782683,554712.6934999999,4224.881,3022.9271757962556,4898.113083604999
06531005,133862.9997217806,4917576.7235,26344.356,37386.597192296096,43422.202468505
06531007,41735.52108947731,785396.7382,5201.379,11656.313685080118,6935.053198306
06531012,20899.432934653963,995279.6564,7347.622,5837.002624319505,8788.319366012
06531018,25132.18098679484,1074579.9445,8712.013,7019.166827801931,9488.540909935
06531013,188242.89929104826,778154.2498,4448.195,52574.35934299687,6871.102025734
06534009,390575.2748832344,447393.1971,3788.927,109083.76852213853,3950.4819303929994
06534020,624435.8990647746,735150.6361,6605.116,174398.7022498009,6491.380116763
06534012,11563.41866987551,682346.2869000001,5782.769,3229.5472003095306,6025.117713327
06534014,150352.43805934308,4375231.5376,33904.325,41991.93242559393,38633.294477008
06534015,10049.7268668591,557667.8021,4752.422,2806.788216645078,4924.206692542999
06534021,18117.14483111706,1013113.8361,7279.018,5059.937379882684,8945.795172762999
05958028,31267.29766873217,1159778.1698999999,11672.296,8732.643565900207,10240.841240216998
06635022,22787.7159281451,840441.3104000001,6351.115,6364.381181571644,7421.096770832
06635007,18073.222296780277,912896.6001999999,10100.542,5047.670255267763,8060.876979765998
05774040,56530.7957418088,1785662.8039999998,31191.334,15788.485942729778,15767.402559319997
05774032,313757.9087695905,10759048.605300002,106805.986,87629.44634025892,95002.39918479901
05774024,62423.69532785493,1921626.2931999997,20277.941,17434.313868116602,16967.960168955997
05766056,29774.438258599977,1262494.3611,8253.395,8315.702861244386,11147.825208513
05766008,104190.90992704529,4036102.5753999995,27439.754,29099.479233524475,35638.78574078199
05766048,36318.891142527646,1605851.4339,14729.821,10143.503107196546,14179.668161337
05758016,39220.12097126972,1784755.6868,13518.701,10953.787586065919,15759.392714443999
05758020,54747.58434000268,1862125.6140000003,14319.556,15290.452830319347,16442.56917162
05758024,117257.80029121025,4246131.6461000005,27301.033,32748.931043332108,37493.342435063
03251018,1649.1359149776033,77817.5269,217.82,460.5871696940948,687.1287625269999
03251043,501.7629437319654,15956.176700000004,3413.928,140.1373725549006,140.893040261
03251045,710.7341167043887,27693.420099999996,1494.062,198.50093145436873,244.53289948299994
03251015,12319.652311164306,409293.82120000006,4348.799,3440.755693985079,3614.064441196
03251007,115911.32857528413,2572635.8277000003,21482.242,32372.874957791104,22716.374358591
03251037,105924.54395959276,3871825.3436000003,24279.935,29583.66588247466,34188.217783988
03458004,3453.74114494152,142958.73930000002,882.22,964.595364370717,1262.325668019
03458006,6249.431430753626,241274.71130000002,2699.142,1745.4037042951802,2130.455700779
03458011,2971.051620183209,167344.0488,1230.16,829.7850070009683,1477.6479509039998
03401000,149361.6576447411,5741404.4201,22590.644,41715.21736359974,50696.60102948299
03356008,28398.771931096882,1379535.3889000001,8767.276,7931.493012636048,12181.297483987
03352050,37842.175330604,1779864.825,10750.609,10568.94114808439,15716.206404749999
03352011,109336.35577916953,4866758.156099999,20938.43,30536.550805564257,42973.47451836299
01054113,16238.709903827623,718585.2589,3273.595,4535.309289040017,6345.107836087
01054134,5859.163518565857,220611.9958,1701.556,1636.405779100258,1948.003922914
01054140,901.5005382383823,39431.085100000004,307.89,251.7800853245978,348.176481433
01054103,9231.921327689499,305336.3408,4226.524,2578.3833076104,2696.119889264
01054034,4222.1128367908295,109289.8707,2050.14,1179.1938941873107,965.0295582809999
01054166,8690.575261602524,229175.82919999998,2839.066,2427.1907648129686,2023.6225718359997
08335026,4372.9814204514605,245872.16770000002,2998.266,1221.3299809178884,2171.051240791
08335028,26107.93575830137,926110.0852000001,10065.664,7291.685377935989,8177.552052316
08335035,21987.511715589077,947927.4526,14231.422,6140.892147046873,8370.199406458
08335022,25566.53226627816,1056397.3305,12136.52,7140.476796648826,9327.988428314999
08327050,18350.465572894424,597698.1344999999,19441.13,5125.101529853683,5277.674527634999
08327005,1367.0642305106808,76282.6543,2721.13,381.807368939328,673.5758374689999
08327020,2202.739126322228,85217.00459999999,996.542,615.203010590535,752.4661506179998
08327023,1722.430960109281,94421.3607,957.606,481.05774284892107,833.740614981
08327046,41522.64601173881,1168568.9322,11430.515,11596.859804618533,10318.463671325999
08327054,58.80385384530565,3133.8677000000002,4379.848,16.423328340455416,27.672051791
08327055,6283.387003972075,254636.0038,3243.371,1754.8871563393607,2248.435913554
08327056,108.93525911003287,5160.3424,3886.638,30.42452851684108,45.565823392
08325064,10812.833522203586,386952.6291,3761.833,3019.9162744162395,3416.791714953
08327010,6608.188645061451,309644.6936,3937.273,1845.6010066792126,2734.162644488
08327017,6289.776456836247,247281.24300000002,3432.355,1756.6716666297955,2183.49337569
08327019,14048.556432705365,452000.46259999997,4386.064,3923.6213260902814,3991.1640847579993
08417057,10979.65581037047,493989.16530000005,5975.963,3066.5080712783683,4361.924329599
08417014,903.9990154904958,53529.4277,967.522,252.47788503634055,472.66484659099996
08417015,2717.9112406118893,15771.861,1719.887,759.0854303904945,139.26553263
08417054,32322.659731878215,911567.2744,12206.116,9027.395636516267,8049.139032951999
08417071,645.6146035761283,38928.3903,1060.132,180.31370263277685,343.73768634899994
08417078,1294.6165867562945,61205.368200000004,995.086,361.5734665151655,540.443401206
08325061,3873.1903797390264,144257.1815,6349.519,1081.7433411573127,1273.790912645
08417022,14615.78674031844,644158.7098,9744.417,4082.0430787035366,5687.921407533999
08417025,26507.36850954892,1192981.6933,15530.909,7403.242951031917,10534.028351838999
08237024,13909.736519897922,481494.1616,6276.714,3884.8503126422906,4251.593446928
08237027,15692.156471031674,647966.308,10551.377,4382.662380794436,5721.542499639999
08115034,7512.249533732213,293621.8817999999,3836.002,2098.09617227607,2592.681216293999
08115053,13994.276446190142,637777.5937,9961.464,3908.4614686564446,5631.576152370999
08235046,60188.303112840345,1853241.3151999998,18404.533,16809.991176385178,16364.120813215997
08235060,3167.3451528274572,145271.91210000002,1914.673,884.6078277331804,1282.750983843
08416036,37994.06900185549,975194.6089000001,35761.974,10611.363531528219,8610.968396587
08235085,11972.623468040965,379415.5166,18220.236,3343.8340083891608,3350.2390115779995
08236044,2319.074906650154,125276.25920000001,5943.599,647.6944306783214,1106.189368736
08236031,4031.4781877916084,227685.51770000003,2182.068,1125.9515430683182,2010.463121291
08236046,342.00771104473705,20222.3603,7161.327,95.51933361768461,178.56344144899998
08236073,12103.161209059042,558427.0617,7569.698,3380.2918940780996,4930.910954810999
08236075,8420.616237120317,360017.1525,3665.267,2351.7939088653334,3178.951456575
08215059,28982.351672048513,1147154.2536,10648.071,8094.480998486429,10129.372059287998
08236033,19691.68731618271,758926.5963999999,7792.359,5499.691350536668,6701.3218462119985
08236038,10318.661908963919,453277.07279999997,5113.007,2881.8990845545327,4002.4365528239996
08215064,48608.53626132968,1274250.5948,11731.83,13575.878092426767,11251.632752084
08226010,8397.04834721117,454738.3075,9859.346,2345.2116328926077,4015.3392552249998
08226054,15548.658652646598,681165.2983,8149.676,4342.584875097668,6014.689583988999
08226102,8585.678184171005,459335.4084,5305.607,2397.89406005712,4055.9316561719997
08226006,74.35459739540967,3435.8491999999997,5014.143,20.766495506563967,30.338548435999993
08226022,2502.6059807904526,154422.41860000003,1824.375,698.9528243749654,1363.5499562380003
08226060,17871.766705870315,624981.5853,8329.271,4991.40572328252,5518.587398199
08226056,14261.81982255722,834284.4284,6800.465,3983.1836582420055,7366.731502772
08226099,1955.3530845574157,108635.0781,2485.945,546.1105629860406,959.2477396229999
06431007,16090.425804357084,821320.2215000001,7447.978,4493.89502289889,7252.257555845001
06431015,6957.276381991471,444215.25190000003,2923.372,1943.0977207263977,3922.4206742769998
06432013,7541.136277542908,446968.6621,4140.28,2106.1639509549586,3946.7332863429997
06432014,19348.241363522044,918805.468,8079.828,5403.770330418071,8113.0522824399995
06432016,21009.8945671273,953303.7205,7357.418,5867.853453652983,8417.671852015
06432020,11525.44652435471,652492.8662999999,7628.28,3218.9419597870265,5761.512009428999
06432012,7847.872767322929,347012.7917,2696.09,2191.8323851856208,3064.1229507109997
06438012,41559.39336523824,1854376.716,12776.803,11607.122972977388,16374.14640228
06413000,141125.02271353634,4567168.9465,13534.043,39414.807593663565,40328.101797594994
06438001,60324.47263717638,1523222.682,7607.69,16848.021962836992,13450.056282059999
06438005,26652.042255980246,1123068.5616,6452.398,7443.648881672722,9916.695398928
06440003,38614.39622830591,1664487.6253999998,10662.297,10784.614722603557,14697.425732281998
06440012,26913.04516365485,911732.9153000001,11743.076,7516.544383757163,8050.601642099
06440025,6343.52347254529,430335.25080000004,3913.235,1771.682670647174,3799.860264564
06440002,35982.74550625021,1835271.0439,13007.459,10049.620992440621,16205.443317636998
06440015,15317.045727710169,671834.6742000001,5413.483,4277.897701292172,5932.300173186
06440022,6562.062955267793,394088.8646,3386.16,1832.7185627767417,3479.8046744179996
06531004,17676.267260744382,666523.7588000001,5384.813,4936.804683253298,5885.404790204
06531011,26194.84117765297,1319224.2175999999,11049.54,7315.957192506697,11648.749841407998
06531014,31678.968722999423,1456318.9378,10876.879,8847.619174646508,12859.296220773998
06531003,25891.80101624971,1201822.5622,8451.998,7231.3211058283805,10612.093224225999
06531017,14224.38538405506,718309.7261999999,5161.64,3972.7285939127373,6342.674882345998
06534008,18605.786547020667,998201.4841,10425.853,5196.410124717402,8814.119104603
06534006,12091.136885410244,618142.8944,5399.257,3376.9336207262268,5458.201757551999
06635006,12467.146861020095,647672.7712000001,5349.005,3481.949446814302,5718.9505696960005
06635011,52340.42766187113,1928128.4335,15738.008,14618.158041683988,17025.374067804998
06635017,5334.260332905854,298143.0241,3509.326,1489.805568377276,2632.602902803
06635016,13375.38522746533,693727.5806000001,7751.382,3735.611340178792,6125.614536698001
06635015,96165.83783811217,2085609.0538,23276.578,26858.156849806346,18415.927945053998
05958024,56302.26429961685,2355615.9758,26047.713,15724.65939623999,20800.089066313998
05774012,31709.69646093572,1396850.4628,25571.533,8856.201124574736,12334.189586524
05774028,38944.2550421449,1598561.7200000002,27021.362,10876.740990720647,14115.299987600001
05766064,17221.678682686863,805843.9663,9661.159,4809.842639287614,7115.602222428999
05774008,27377.180219390197,1193669.6259,12294.494,7646.172663473488,10540.102796697
05766004,20620.21319729221,790607.0209,6253.522,5759.0193438717415,6981.059994546999
05766020,105494.57564829769,4888380.6668,35797.929,29463.58003281306,43164.401287844
05766040,76569.86869921425,2999113.7751,24578.379,21385.198629003546,26482.174634133
05758036,8871.535534061984,843286.2335,15288.901,2477.7311593081713,7446.217441804999
05770004,104122.00832798927,4589363.0430000005,30502.358,29080.235705924122,40524.07566969
05770012,41719.698726824485,2264503.9521,22914.178,11651.89465741481,19995.569897043
03256004,21389.93953209519,840763.3016,8546.722,5973.996211918866,7423.939953128
03251003,6241.8425758006715,275273.2991,2445.243,1743.2842129953694,2430.663231053
03251028,7016.158099191335,172804.079,1494.56,1959.5427955231478,1525.8600175699999
03251031,4504.637225927765,182948.1614,1574.2939999999999,1258.1001308293655,1615.432265162
03251040,37531.78579929821,1631223.5964999998,14361.92,10482.252455885997,14403.704357094997
03251041,51774.78916037778,2643092.9305,21964.168,14460.18086460191,23338.510576314995
03356007,67526.46347254317,2926181.4221,15574.84,18859.46598324658,25838.181957143
03356001,2212.0027658454574,131964.10520000002,720.605,617.7902524729777,1165.2430489160001
03352059,51733.53660442948,2137148.4286,13364.501,14448.659438251108,18871.020624538
03352041,4368.495483505865,211424.22819999998,1258.099,1220.077103588353,1866.8759350059997
03352055,8504.738712123162,415280.2631,2939.367,2375.288474908878,3666.9247231729996
01054035,4539.541990121758,108003.3655,725.691,1267.8486824211059,953.6697173649999
01054036,6157.788342456957,281005.3358,1618.558,1719.8087061648034,2481.277115114
01054040,742.3220381558349,14125.282399999998,173.03,207.3231220365431,124.72624359199997
01054148,1589.8788834787442,53082.623400000004,596.66,444.03727336677844,468.719564622
01054022,7119.066227613461,255827.4549,3161.568,1988.2840067101633,2258.956426767
01054165,2759.5097405402103,95709.4591,1481.945,770.7034754354753,845.1145238529999
01054088,815.3216665218871,28867.6734,12627.045,227.71118824289783,254.901556122
08335061,8597.123410953562,416686.18990000006,4602.993,2401.0905974452203,3679.3390568170003
08335075,99500.32353539244,3242020.2545999996,23021.674,27789.445360199752,28627.038848117994
08335100,17630.07298377567,846432.5547,9094.061,4923.903083638706,7473.999458000999
08335001,5410.949731053605,230941.75840000002,3921.545,1511.2241503859614,2039.215726672
08335021,144358.78267265225,558885.1721000001,6824.062,40317.964412645044,4934.956069643001
08335081,7973.287111204272,289707.8319,4361.552,2226.859357288241,2558.1201556769997
08335097,11982.976600143536,398013.7761,4692.317,3346.7255346540883,3514.461642963
08327057,133948.38639500775,576804.7729,8061.866,37410.44483626171,5093.186144707
08327006,6585.717951717143,215860.7602,3214.578,1839.3251667350805,1906.0505125659997
08327007,9093.85806142892,165322.5747,1945.239,2539.823617976483,1459.7983346009999
08327009,1826.238797098103,74724.6496,2629.083,510.0502336415292,659.818655968
08327011,149.6249543183782,5156.1477,2420.559,41.78875349157985,45.528784191
08327013,1775.5070337260913,75444.4029,458.645,495.88135944936,666.174077607
08327029,3994.2444078231215,106371.2038,2071.855,1115.5525206609195,939.257729554
08327030,5157.973144640198,178030.9529,2833.555,1440.570319566561,1572.0133141069998
08327033,2232.6730074455763,95714.79950000001,1252.342,623.563244249475,845.161679585
08327040,1155.120673810658,58204.3572,348.355,322.6136529885787,513.9444740759999
08327051,15883.980192379004,386546.8835,3014.928,4436.2368279295315,3413.2089813049997
08417045,5030.522808768691,241121.0125,3447.614,1404.9747152610075,2129.098540375
08417047,3595.8069170833624,179790.74979999996,2157.381,1004.2729138722123,1587.5523207339995
08417002,44914.07739214672,2108009.6192000005,33491.049,12544.052674852657,18613.724937536004
08417023,8925.267343820107,283461.9899,4047.31,2492.7379164555177,2502.969370817
08417051,2020.5608314291,100618.44850000001,7127.201,564.3224346098333,888.4609002550001
08416049,3261.840418185542,151513.63999999998,6127.253,910.9994103950401,1337.8654411999999
08416050,7873.917710867617,430059.18,6181.376,2199.1064774682163,3797.4225593999995
08115004,14298.187305587486,556268.2468,7416.49,3993.340732577529,4911.848619244
08115016,11608.150074412535,510362.99360000005,10397.478,3242.040234282677,4506.505233488
08115021,55195.32632095153,2302237.1813,26799.309,15415.50268817855,20328.754310878998
08115001,10686.173571086383,594993.5544,8480.099,2984.5414166687156,5253.793085352
08115010,3896.8680098234327,150820.8667,5214.317,1088.3562664635865,1331.748252961
08115015,21929.68366026612,773399.8912000001,8844.047,6124.741349475725,6829.121039296
08115050,21311.871503720828,946315.7601999999,14974.816,5952.192592274189,8355.968162565998
08115054,9168.659511060645,430748.3619000001,5409.462,2560.714914844127,3803.5080355770006
08235007,15794.023520793897,588059.4967,9907.531,4411.112829122527,5192.565355861
08235029,6904.402419117704,302249.5787,4937.945,1928.3305516353835,2668.863779921
08235057,4165.656322559433,188756.3384,3287.916,1163.4261543276239,1666.718468072
08235067,7874.272365853529,222459.3413,3719.785,2199.205529059232,1964.3159836789998
08215040,4968.091161039548,256843.4077,2843.935,1387.5381803667353,2267.9272899909997
08236040,23360.979415796348,618512.4191999999,20133.912,6524.487941037762,5461.464661535999
08236050,84.13824043319545,5193.9491,5185.492,23.498969170587156,45.862570553
08236061,8060.314761566662,302507.12970000005,3332.989,2251.165309757953,2671.137955251
08125026,15190.177210444033,580518.6199,26530.527,4242.464593104914,5125.979413717
08215082,10522.675370575886,487631.8854,7547.053,2938.878004248139,4305.789548082
08215094,6668.07425380086,252316.0548,3600.433,1862.326458344042,2227.950763884
08226085,106100.79872623208,3454265.5014000004,32703.604,29632.892076249358,30501.164377362
06431012,915.3878235518257,42968.1341,1813.0,255.65866523978937,379.408624103
06431018,5404.730496864359,275418.1542,2562.904,1509.4871804692468,2431.9423015859998
08226080,7514.19703392425,339585.7128,3406.119,2098.6400896047035,2998.5418440239996
08226097,2.6021964528765977,212.5455,3354.48,0.726767447323905,1.8767767649999998
08226104,1721.9721789669297,103488.07200000001,2371.16,480.92960986367376,913.79967576
06431001,4643.725126655314,222082.96099999998,2261.306,1296.9459906235625,1960.9925456299998
06431004,272.36945867257117,14662.8874,7448.909,76.0700661126624,129.47329574199998
06431008,14.497965246015958,751.1088,2412.706,4.049136713559797,6.632290703999999
06431017,1253.2984907005366,70297.7651,7145.168,350.0337354677528,620.729265833
06431021,21673.193593208045,995996.5002000001,8604.582,6053.106238647075,8794.649096766001
08226013,19928.784528330023,920255.4531000002,7976.587,5565.910230917292,8125.855650873001
08226027,1325.1461073781825,57589.8581,544.58,370.10005632965255,508.51844702299996
08226029,3879.079175459746,213490.1017,2672.201,1083.3880229141523,1885.117598011
06431009,8559.418040519218,384510.6057,3044.92,2390.559864536612,3395.228648331
06431019,3382.162654695525,180442.3144,7009.872,944.6042078299131,1593.3056361519998
06437013,21536.22882847937,1003735.8442000002,6711.789,6014.853349506003,8862.987504286
06432007,2338.8088323665406,142001.45609999998,2275.11,653.2059187916511,1253.8728573629996
06432009,3.541817329143953,380.36400000000003,4235.543,0.9891941618566146,3.35861412
06437003,11057.514911314505,473786.1949,4002.61,3088.253339581028,4183.532100967
06437007,6439.5984481215055,309035.5132,2279.362,1798.515450575855,2728.7835815559997
06432004,68831.49270932474,1422130.0019,8289.956,19223.947598787305,12557.407916777
06432005,14016.097386236575,539339.0596,4052.136,3914.555839002013,4762.363896268
06432010,51135.60518674617,1974649.5766000003,16357.048999999999,14281.663172606337,17436.155761378002
06432011,14155.016710441569,664296.1673,6808.192,3953.3546170592253,5865.735157259
06432015,16356.032942683067,959335.2358,8432.865,4568.076440561954,8470.930132114
06438011,69183.75241339346,2559490.2975000003,17340.067,19322.33021153666,22600.299326925
06438010,41310.317091163895,1027181.8158,5581.424,11537.558460391163,9070.015433514
06435019,38379.71303533002,1845637.3003,12137.391,10719.070053637322,16296.977361648998
06438008,32791.17504431316,1541106.0755,7417.755,9158.247278126222,13607.966646665
06435021,19040.114998574554,1105634.3934000002,13309.481,5317.713717951887,9762.751693722
06440007,18111.51951046884,882021.332,6261.273,5058.366284078842,7788.2483615599995
06440017,10225.463962754304,635752.0292,6212.099,2855.869830157649,5613.690417835999
06440021,11707.254532852245,636588.943,5269.986,3269.719118480303,5621.080366689999
06440024,18685.952996619788,971240.3678000001,8470.261,5218.79981242594,8576.052447674001
06440006,9979.698797722152,548469.9554,5107.191,2787.2300772158196,4842.989706181999
06531008,33678.73085998428,1560733.3135000002,12925.255,9406.132741885009,13781.275158205
06531016,23783.836262415956,1038193.0365,7333.124,6642.587629730152,9167.244512295
06531001,7303.625293622308,403818.80040000007,2982.23,2039.8295082557743,3565.720007532
06531006,27062.775013124414,1304213.0526000003,11459.61,7558.362433415517,11516.201254458001
06531015,10806.649235952935,593123.7577999999,4747.21,3018.189065109295,5237.282781373999
06534011,35091.13514531916,1642068.3993,14673.099,9800.603134736188,14499.463965818999
06534017,9731.381704510704,503693.5784,4807.088,2717.8775962527943,4447.614297272
06635010,5922.036638569463,389236.75810000004,3879.038,1653.9656127860653,3436.960574023
06635019,11163.342640316238,679420.5722999999,7001.623,3117.809966013922,5999.283653408998
05766044,25179.020268563876,803512.2545,25935.719,7032.2485708072045,7095.013207235
05770024,120357.28975656274,6075556.918500001,48060.048,33614.58745611041,53647.167590355
05770032,10415.967691524575,2696710.672500001,28244.21,2909.075616565898,23811.955238175004
05770028,77534.32964428699,2539901.5691,33286.238,21654.56292635291,22427.330855153
03256034,10365.918982055922,570581.6411,6526.23,2895.0975124983984,5038.235890913
03251021,15032.972208518733,531168.3612999999,5247.819,4198.558808117196,4690.216630278998
03256033,15847.878380558175,715888.3894000001,7403.161,4426.153952906093,6321.294478402
03251004,4324.164075706962,213571.03609999997,2477.38,1207.6957847041972,1885.8322487629996
03251001,3148.578665001689,170662.1089,1053.31,879.3665353483217,1506.9464215869998
03251024,2147.7071156962916,102674.5773,1091.224,599.8331203428172,906.6165175589999
03251027,4601.4487655826915,234747.8866,2701.39,1285.1386257395898,2072.823838678
03251032,4363.904659474528,248989.16139999998,2069.005,1218.7949323446408,2198.5742951619995
03251038,3976.476111952262,206938.4021,1680.97,1110.590013307147,1827.266090543
03251047,70677.77970806378,2694472.1152,18293.632,19739.597094665132,23792.188777215997
03356005,34519.50932295852,1308089.7399,11303.294,9640.953758809084,11550.432403316998
03356011,6934.926834182876,379714.7794,5672.634,1936.8557155189353,3352.8815021019996
03356003,10132.178198042511,611999.1845999999,3856.102,2829.8160489312927,5403.952800017999
03356004,4022.7236776604113,228707.7169,1405.035,1123.5064959337763,2019.4891402269998
03356006,1448.4317078749805,93372.169,498.115,404.53249169240326,824.4762522699999
03356010,697.9907372972949,43902.037399999994,2483.022,194.94183301976148,387.65499024199994
03352051,5671.26251852796,222315.8552,878.995,1583.926908799674,1963.0490014159998
03352025,7138.544279001364,323225.956,1571.031,1993.7240316822908,2854.08519148
03352038,4343.08988156002,221848.2253,1258.655,1212.981573020898,1958.9198293989998
03352046,20739.999882126354,941667.1852,5601.829,5792.474567079069,8314.921245315998
01051013,12225.88163950287,655389.6266000001,4372.452,3414.566483096756,5787.0904028780005
01051132,3896.2933814368153,149012.8502,887.11,1088.1957785014881,1315.783467266
01054063,646.4887996215132,29671.8236,444.46999999999997,180.5578568462924,262.002202388
01054135,4028.9341669992173,166978.83930000002,1255.825,1125.2410235012114,1474.423151019
01054138,12937.658396722334,545571.608,3972.353,3613.3586136205804,4817.3972986399995
01054145,2054.4862711293367,60274.3796,516.61,573.7974706637124,532.222771868
01054091,9240.519531366483,397025.502,4197.383,2580.784699915345,3505.7351826599997
01054026,1366.8238981603806,27744.2659,601.15,381.74024651721265,244.98186789699997
01054109,56660.67416403904,354201.92990000005,7662.068,15824.759687274462,3127.603041017
01054126,391.52714736852533,9667.6292,2497.183,109.34961698855544,85.36516583599999
08335025,6790.037920465436,330937.6192,3730.958,1896.3896908067916,2922.1791775359998
08335055,6372.271412121718,331241.2452,3827.182,1779.7116826914744,2924.860195116
08335063,54970.10183566937,2075662.8637999997,21524.651,15352.599741684096,18328.103087353997
08335077,17350.988951369352,531650.562,7506.616,4845.957704227946,4694.47446246
08335079,71619.97508249836,1775145.0151999998,19403.066,20002.74284079097,15674.530484215997
08335099,11700.219858636936,444618.51099999994,6649.258,3267.7544043187095,3925.981452129999
08327038,34847.87159606173,561453.7377,6079.005,9732.66205806408,4957.636503891
08327004,2477.4605630488677,71700.52470000001,722.515,691.9299606539182,633.1156331010001
08327008,2834.226396665856,122925.01759999999,2503.16,791.5710903248068,1085.4279054079998
08327016,6853.568231738249,308892.957,2875.898,1914.1330714421754,2727.52481031
08327027,2355.2046296711133,123511.16829999999,1881.519,657.7851010208452,1090.6036160889998
08327036,9324.487952943047,340954.4524,4504.05,2604.2362403774637,3010.627814692
08437005,2798.1654693711002,128005.4245,1210.315,781.4996339406546,1130.287898335
08327041,2849.197454620409,120000.9907,2306.867,795.752357100934,1059.6087478809998
08417044,20427.64617515786,936041.7185000001,11722.514,5705.237300259839,8265.248374355
08437102,3797.1822294066706,201939.535,3654.756,1060.515024850989,1783.12609405
08417079,19980.097367394497,940321.4405,25158.193,5580.241393739609,8303.038319615
08417008,26397.351138176615,985431.2155,10874.709,7372.516199381346,8701.357632865
08417031,34349.385877590306,1508155.1224,20406.382,9593.439981752195,13317.009730791999
08115013,15967.757378284037,635151.8357,6363.111,4459.634958180948,5608.390709231
08115022,3864.1227916373973,229436.55080000003,3196.957,1079.2108544764087,2025.924743564
08115037,12129.376053412125,464968.15270000004,5713.73,3387.613437957472,4105.668788341
08416048,4140.208120868964,247730.8718,11870.271,1156.318726077493,2187.463597994
08115003,9848.201617763723,506278.82029999996,16385.433,2750.50422982523,4470.441983248999
08115029,4129.447730099166,272296.49830000004,4533.2119999999995,1153.313456539396,2404.378079989
08115041,7406.233854080025,330913.1777,11967.449,2068.48705310601,2921.963359091
08115045,7246.414950112807,435242.06720000005,18802.984,2023.8512314170057,3843.187453376
08118012,7670.872284787105,323342.392,7307.533,2142.3979204181906,2855.1133213599996
08118073,48091.30036981443,1323748.7147000001,26454.353,13431.419280285472,11688.701150801
08236028,15525.659737753258,573928.0064000001,6895.276,4336.161508157107,5067.784296512
08236039,129.36261615488826,4908.4427000000005,3611.855,36.12968506589874,43.341549041
08236065,3073.2077887709243,181244.9126,7535.0869999999995,858.3162033258313,1600.392578258
08125047,6124.619604502695,256558.67820000002,3274.786,1710.5450093415577,2265.4131285060002
08125049,23207.721412962637,626417.2097000001,5256.373,6481.684513426335,5531.2639616510005
08225002,11225.83591846958,433889.0578,6633.321,3135.263713669369,3831.240380374
08226017,6979.99907595369,273758.8363,3185.606,1949.443941923106,2417.290524529
08226020,1957.2660011023413,101947.7833,2767.478,546.6448214478729,900.1989265389999
08226055,10043.802113761609,427470.60459999996,5196.263,2805.1334923524796,3774.5654386179995
08226058,5135.576802452568,219841.83070000002,2419.005,1434.3152451569777,1941.2033650810001
08226066,4386.151847361991,206725.98940000002,3121.11,1225.0083494497303,1825.390486402
08226086,2716.492992896725,154142.1563,2037.18,758.6893279861263,1361.075240129
08226091,15739.367709825785,607072.0141,6360.477,4395.848007677243,5360.445884502999
08226106,14053.457596356719,504088.2437,5986.136,3924.9901720864677,4451.099191871
06437016,24322.854281142845,1222688.0888,8664.119,6793.129972180384,10796.335824103999
06437006,25642.684229452418,1146552.276,8136.938,7161.7452784437655,10124.05659708
06437012,6736.85263176238,320147.5395,2731.164,1881.535571524915,2826.9027737849997
06437001,17752.0415491108,872584.5081,6120.975,4957.967684251155,7704.9212065229995
06437005,7673.315593347125,386393.28609999997,3066.944,2143.0803120659184,3411.8527162629994
06437009,15562.635260003202,797152.6354999999,5566.0380000000005,4346.488401766294,7038.857771464998
06437011,32358.68954960288,1516830.8767,9511.271,9037.458404308589,13393.616641260998
06432017,16274.289171116527,678029.7523,5685.654,4545.246222601135,5987.002712809
06432002,46050.8010984334,1588292.9271,10976.852,12861.528238781464,14024.626546292999
06438004,10423.258565678534,389211.6954,6774.077,2911.1118848083574,3436.739270382
06438013,31181.429911195748,1474966.4907,11701.308,8708.66155989786,13023.954112880998
06435006,25708.789131044658,1312834.0605000001,12629.82,7180.207716409462,11592.324754215
06435007,16543.06850436364,698916.0409,6208.005,4620.313602583721,6171.428641146999
06435013,477.8951092060026,23255.482900000003,3901.543,133.47132505014446,205.345914007
06435014,20019.67766972007,599755.0823,25124.254,5591.295776376118,5295.837376709
06435026,524.4559671330137,17107.1264,7281.974,146.47530706057938,151.055926112
06440001,11576.530052731383,682426.2966,8318.423999999999,3233.209078427348,6025.824198978
06440014,230.83784875286602,18989.854900000002,4546.089,64.47070277818794,167.680418767
06440020,3354.878625602892,220668.5488,4048.764,936.9840513446317,1948.5032859039998
06440016,2683.567198096419,162202.6635,11157.871,749.4934827563488,1432.249518705
06531010,21925.544668408587,843399.0345000001,7208.405,6123.585370439834,7447.213474635
06535013,4223.375195422858,225366.9296,10741.098,1179.54645832965,1989.9899883679998
06534001,10582.729314745844,571918.4803,6962.559,2955.6504703153664,5050.040181049
06534018,56108.8309712808,1922145.7360999999,13924.229,15670.635401969013,16972.546849763
06535009,19962.951036970735,865388.1388000001,9222.787,5575.4525951155565,7641.377265604
06534022,5914.419866514458,307402.7176,2536.294,1651.8383245188227,2714.365996408
06635012,3310.9954836346865,194334.43480000002,4997.626,924.7279286243315,1715.973059284
06635013,2272.1380277591875,145482.8955,4495.5,634.5854297728634,1284.613967265
06635009,15013.581453491859,893975.5382,7952.248,4193.143164145741,7893.804002305999
06635021,18277.327182462293,996165.8134999999,12137.341,5104.674708789894,8796.144133204998
06635002,16235.82580527521,741153.9193,18015.067,4534.503789155313,6544.389107418999
06635018,11437.288072294556,627110.3944,8496.375,3194.320185711146,5537.384782552
06635008,15101.277686729683,717725.4874,8336.781,4217.635845126733,6337.516053742
05762036,81271.4971595005,2888753.5732000005,39319.12,22698.316441676896,25507.694051356
05774004,16477.993797997922,827255.784,13445.031,4602.13888784284,7304.668572719999
05762032,14946.95301695479,496535.1979,17795.496,4174.534508105303,4384.405797457
05766032,21667.353793113925,935755.0576,13622.478,6051.475240878788,8262.717158607998
05766036,28605.817782070313,1389853.0340999998,11648.79,7989.318848354417,12272.402291102997
03256024,37693.89860728547,141675.15019999997,4522.723,10527.528942028757,1250.9915762659996
03256030,353215.5422481773,918962.3922,8101.345,98649.56879449343,8114.437923125999
03256032,652839.3048838481,1166999.1018,8680.656,182331.4894610099,10304.602068893999
03251008,6200.849432706123,279339.66770000005,1864.085,1731.8352380604929,2466.5692657910004
03251002,13892.674381927118,685742.9882,4701.23,3880.0850281284247,6055.110585806
03251034,3694.665239394043,207697.5247,1381.226,1031.8830547103623,1833.9691431009999
03251035,2777.915955635296,147476.82810000004,1503.305,775.8441472493818,1302.2203921230002
03251049,38966.72404687087,1563645.0023,11003.414,10883.016359050565,13806.985370309
03361004,5515.582768584391,292466.5811,2019.0049999999999,1540.4471114379344,2582.479911113
03361010,7821.711688532481,442567.86960000003,3078.615,2184.5258574902364,3907.874288568
03361001,70436.97050278433,2920985.8796999995,15526.756,19672.341491722633,25792.305317750994
03361009,47536.004459741285,1804237.8499,10043.475,13276.330685561143,15931.420214617
03361013,26591.053868885603,1217949.8572999998,7707.549,7426.61543504106,10754.497239958997
03361008,37344.00247142241,1495179.5214,9908.91,10429.806450243565,13202.435173961998
03357004,4865.795260199129,246245.2706,2005.038,1358.9679582210147,2174.3457393979998
03357016,29201.679603570785,1359047.1162999999,8575.922,8155.737096481284,12000.386036928998
03357027,3408.048301316177,184162.5539,1411.973,951.833810074595,1626.1553509369999
03352043,2442.3846596988415,108754.79449999999,898.125,682.1336116072894,960.3048354349999
03352052,4460.186571244657,147880.4776,1069.15,1245.6855074829202,1305.784617208
03352008,5588.603971642694,234453.431,1422.16,1560.841203240088,2070.22379573
03352045,1564.4621403029528,82503.226,692.785,436.93863116521163,728.5034855799998
03352004,5112.220267113668,192180.64400000003,1079.383,1427.7919984021764,1696.9550865200001
01051014,1181.424659607443,60809.580400000006,426.38100000000003,329.9600931817627,536.948594932
01051027,3144.638466454933,92341.11240000001,3255.295,878.2660772961982,815.372022492
01051033,2297.0784623418344,37246.4271,874.81,641.5510437474509,328.885951293
01051074,17991.323386744807,659182.8252,5980.88,5024.796708683957,5820.584346516
01051084,1121.1528954602777,43644.003800000006,595.41,313.12679217310097,385.376553554
01051093,1550.3153181469506,68331.4785,1043.227,432.98756520526183,603.3669551549999
01051113,6939.584948234716,67826.8032,2420.38,1938.1566801924737,598.9106722559999
01051121,704.6933265161998,45443.2308,238.892,196.81379916270944,401.26372796399994
01051128,627.0471974159436,28101.975300000002,284.915,175.1280117662989,248.140441899
01051137,11.392599095008514,430.16910000000007,3683.842,3.181839001244928,3.798393153
01051047,3923.941482289588,135922.3757,1916.125,1095.917616588659,1200.194577431
01051058,2659.343225102677,62470.12729999999,1075.55,742.7279693389266,551.6112240589999
01051075,5731.855716742807,181822.6732,2774.05,1600.8499831290985,1605.4942043559997
01051079,2332.9315210195637,76446.4337,1112.51,651.5644445055539,675.0220095709999
01051081,3008.1460326030233,92893.0659,1306.648,840.1451054456983,820.2457718969999
01051105,3876.447366190866,122010.60449999999,1612.017,1082.6529849034468,1077.353637735
01051108,749.5115918099692,23472.139600000002,411.295,209.3310924766063,207.258992668
01051109,3831.1341331333742,97897.3887,1593.245,1069.99745204282,864.4339422209999
01051127,6584.983866795419,322943.3953,2078.56,1839.1201441572925,2851.5901804989994
01051140,10960.201909490715,185748.9766,1155.033,3061.0747913016617,1640.1634633779997
01054072,814.4473189360626,36282.9301,203.82,227.46699170565293,320.37827278299994
01054095,3725.7763821318,117594.05539999998,2212.35,1040.5720857655904,1038.3555091819999
01054043,227.83602826058217,10771.1199,900.734,63.63232433289799,95.10898871699999
01054014,9296.680981935393,344358.352,6045.594,2596.470031444736,3040.6842481599997
01054019,17046.44665894711,585818.1403000001,7346.897,4760.902087377338,5172.774178849
01054020,6614.999724883025,296919.1001,2769.896,1847.50327316258,2621.7956538829994
01054016,1130.8218896150458,1862.8491,787.205,315.82724555058616,16.448957553
01054017,80714.05664909107,134650.0504,1843.006,22542.628881524644,1188.959945032
01054048,194.80890039899288,435.28520000000003,188.931,54.408177792434714,3.843568316
01054062,4060.071551640556,46904.001200000006,410.99,1133.9373836576908,414.162330596
01054068,95246.90962033867,171568.3068,1675.73,26601.509387864386,1514.9481490439998
01054076,99427.67630195754,674400.6037000001,7712.53,27769.155714373723,5954.957330671001
01054077,9210.95303673511,15418.301800000001,241.36,2572.527073629749,136.143604894
01054136,31738.345633673427,58208.5628,433.13599999999997,8864.202552028652,513.981609524
01054142,5143.755705689123,12780.968599999997,718.253,1436.599531041915,112.85595273799996
08335002,10438.274982711131,488846.5566,5604.218,2915.3058199213915,4316.515094777999
08335098,13763.801197274042,481879.7473,5743.706,3844.092036386667,4254.998168659
08335057,8513.554843280986,364461.1914,7040.251,2377.7507321799467,3218.192320062
08335096,8191.546956618646,336128.4593,6355.363,2287.8171495140214,2968.0142956189998
08437123,13945.500098614122,551404.3205,7792.021,3894.838722541938,4868.900150015
08437072,7563.913261428373,346284.9975,5576.309,2112.52533478433,3057.696527925
08437078,33978.91356665324,1148721.7677,15525.239,9489.970770030583,10143.213208791
08417063,6179.788188766161,296291.85500000004,3025.757,1725.9530432405008,2616.25707965
08437107,12007.886757464647,569249.8234,6902.413,3353.6826924923007,5026.475940621999
08417013,27111.751534604693,1344904.5041999999,17030.998,7572.0410860997445,11875.506772085997
08417036,5583.2725425969165,176167.30330000003,1530.218,1559.3521884218928,1555.557288139
08416006,13648.099370977916,472053.8693,6214.455,3811.777673320422,4168.235665919
08416011,9175.457900208565,465316.66479999997,5334.774,2562.6136369492497,4108.746150184
08416025,31198.164241751794,1550406.6173,18195.798,8713.335291078858,13690.090430758999
08416026,10829.95647832714,365078.7095,4008.566,3024.6985448319865,3223.6450048849997
08416031,14628.64716725443,529278.8017000001,6424.294,4085.6348673424895,4673.531819011
08416041,92567.72541466853,4157281.9236,37473.715,25853.24003106277,36708.799385387996
08115002,4716.347619758488,279584.93020000006,3964.683,1317.228726722348,2468.7349336660004
08115024,14487.444132302284,788632.6511,7717.072,4046.1982717107044,6963.626309212999
08115044,10119.22000364145,599824.6026999999,7398.233,2826.1969548170205,5296.451241840999
08115051,14358.899826313846,752674.7853000001,8580.278,4010.2971324911937,6646.118354199
08118010,14631.152496637138,606289.9369999999,7669.097,4086.334580785786,5353.540143709999
08118015,5960.6070907375515,249116.3974,3646.56,1664.7379543720906,2199.697789042
08118016,2564.3241304353646,149490.6405,2285.8650000000002,716.1900863892929,1320.002355615
08118068,9.745325194820015,757.3874999999999,4568.128,2.721771873661282,6.687731624999999
08118076,18437.57237961582,850814.3098,14088.838,5149.429589902902,7512.6903555339995
08125013,8391.34245375398,380176.4524,19155.346,2343.6180339089487,3356.9580746919996
08125017,23080.356217145352,383941.9695,3503.187,6446.112687886525,3390.207590685
08125038,42524.59420150557,663488.4317000001,7055.649,11876.69391453849,5858.6028519110005
08125081,3660.9248879589604,181806.6325,3097.367,1022.4597119580579,1605.352564975
08125006,47910.459148282374,1834545.4351,20888.442,13380.912135523784,16199.036191932997
08125061,7182.106925120132,309341.25210000004,4121.316,2005.8906431168014,2731.483256043
08125086,380.0251944197122,12621.9351,13932.473,106.13723654948141,111.45168693299999
08125087,1423.105516172123,66650.004,1790.92,397.45913961171226,588.5195353199999
08225010,1120.4010676947792,66389.29920000001,1208.385,312.91681419647483,586.217511936
08225042,1332.8211419533823,57727.6064,2512.445,372.2436167361601,509.7347645119999
08225074,4688.505084551069,160248.53680000003,4354.698,1309.4525850642679,1414.9945799440002
08225116,5431.041757498462,237495.5303,2585.363,1516.8356524517453,2097.085532549
08225064,170.0604991135058,7659.900900000001,2134.62,47.49619679741104,67.636924947
08225068,3552.25653842902,194665.2757,2198.66,992.1097286178409,1718.894384431
08225113,1052.9803250446616,57648.4637,580.055,294.08687498172355,509.03593447099996
08225118,4216.244202900177,228608.1587,6300.242,1177.5548434279904,2018.610041321
08226081,1023.6229630003883,61385.96110000001,3849.394,285.8876573363784,542.0380365130001
09676131,6142.310394704262,289498.11089999997,2910.033,1715.4858701369533,2556.2683192469995
06437010,10198.3003618667,500509.341,4651.046,2848.2833080657506,4419.49748103
06432021,14098.72199166533,783459.0036,6856.945,3937.63206505221,6917.9430017879995
06437004,29859.880097503672,859649.2966999998,3597.646,8339.5659124318,7590.703289860998
09676140,8252.368423570128,430976.7655999999,5037.623,2304.8039770189007,3805.5248402479992
09671122,43803.344265270214,1648905.4707,14092.988,12233.836019847316,14559.835306280998
09671155,27861.822586672046,884939.2470999999,4795.081,7781.528430231635,7814.013551892998
06435011,8079.7002217113595,428379.5652,4064.526,2256.5794749217653,3782.591560716
06438007,17475.629987760705,729279.6629,5558.064,4880.768699281687,6439.539423406999
09671111,65356.722653150115,2011160.6584,16190.177,18253.479069798293,17758.548613672
09671114,17360.62086301085,690459.1258,5555.804,4848.647800830299,6096.754080814
09671134,19215.642720748234,675716.1248,5883.851,5366.736855477774,5966.573381984
09671136,14075.380179171245,649322.718,5173.487,3931.1129302407367,5733.519599939999
06435017,8615.83199441474,214897.40170000002,8843.717,2406.315717720093,1897.544057011
06435023,18993.400360521242,746668.7121,5343.143,5304.666786689977,6593.084727842999
06535010,7981.201996534368,490278.1077,4475.135,2229.0699056120834,4329.155690991
06534016,13219.94158505455,784979.4077,9406.817000000001,3692.197485289885,6931.368169990999
06635003,28987.755269034027,1492426.5207000002,11219.292,8095.990169088513,13178.126177781001
05762004,36917.46589630905,1628941.0922000003,22688.15,10310.679050180153,14383.549844126002
05762040,24939.207690744668,1108097.7711,16632.608,6965.271315948078,9784.503318813
05762028,6229.0477301003075,268501.9489,12948.247,1739.7107405397148,2370.872208787
03257031,83792.10629260734,2499551.4233,17960.408,23402.297366462302,22071.039067739
05766024,1343.6458205622207,71229.7305,7883.327,375.2668412248226,628.958520315
05766028,32795.89376097419,1365285.7572,11358.878,9159.565168502482,12055.473236076
03256002,85.99054383058355,4620.160299999999,1343.895,24.016298986443676,40.79601544899999
03256019,678.4428217393125,36721.008,3089.07,189.48229568357257,324.24650063999997
03256023,4376.005384691029,244189.41979999997,1574.636,1222.1745438903574,2156.1925768339997
03256036,7779.408792246881,422284.4364,2618.285,2172.7110815866313,3728.7715734119997
03256035,3830.4351504083165,191313.0096,1450.93,1069.8022331575387,1689.2938747679998
03251026,10594.692402531842,499018.5984000001,2997.167,2958.991641103118,4406.334223872001
03256003,7020.325632782061,408108.5696,3052.272,1960.7067459797017,3603.5986695679994
03256015,4671.975585798599,212427.5024,1524.84,1304.8360613576906,1875.7348461919998
03251033,10366.60381598891,432050.1566,2531.615,2895.2887797675426,3815.0028827779997
03356002,25991.234325851892,1185319.7869,6803.859,7259.091834867175,10466.373718326999
03357052,1248.022604228083,80368.37389999999,1094.039,348.5602331348613,709.6527415369999
03357026,96.477973830966,5803.7739,1267.397,26.94533331125049,51.247323537
03357047,3152.910585705532,60436.7953,3088.345,880.576397481698,533.6569024989999
03357055,3.5559823142976836,296.16580000000005,1293.92,0.9931503005602,2.615144014
03357007,5143.531016034546,248065.4818,2262.672,1436.5367774682884,2190.4182042939997
03357035,6191.537866456381,320543.6693,2772.085,1729.2346107226026,2830.400599919
03352002,5486.228665278357,214560.505,2410.506,1532.2488039255923,1894.5692591499999
03357002,3052.0814719533664,160719.89969999998,1585.306,852.4158343018556,1419.1567143509997
03357012,4900.689907402216,215706.9962,1804.685,1368.7136842383647,1904.6927764459997
03352024,5008.662520646857,192267.80349999998,1941.35,1398.8693553914607,1697.7247049049997
03352029,14844.748618814863,651406.7726,5331.442,4145.989841748803,5751.921802058
03352036,4612.675978256124,202206.0842,1741.789,1288.2742739671528,1785.479723486
03352022,24340.67281851985,1082906.7928,5003.072,6798.106511484409,9562.066980423999
03352056,12331.201715071275,537613.2675,2778.342,3443.981327002256,4747.125152024999
03352063,14448.447875720522,529294.7807,3295.96,4035.307007209984,4673.672913581
03352039,3252.9921160167105,180050.6328,540.085,908.528168082307,1589.8470876239999
03359004,8479.912135578486,292398.9647,3061.844,2368.3546603457153,2581.882858301
01051011,29646.43025796724,1607699.3466,8618.84,8279.95150674767,14195.985230478
01051021,2468.7327602828814,103299.666,1397.239,689.4923726194058,912.1360507799999
01051046,3955.734062086845,150902.07640000002,2671.935,1104.796966200235,1332.465334612
01051072,18137.814629428765,643194.753,4599.424,5065.71024785316,5679.40966899
01051073,995.0679539907173,48160.374200000006,576.529,277.91252887006743,425.256104186
01051076,4033.971787212823,108541.40280000001,1599.664,1126.6479804506694,958.420586724
01051103,1840.1269686961782,53300.256199999996,863.52,513.9290610871556,470.64126224599994
01051119,2959.153788834673,105781.8491,1360.004,826.4620616836357,934.0537275529999
01051006,3288.2020953480196,128825.83589999999,2240.407,918.3619632097483,1137.5321309969997
01051017,1742.745894071548,58332.0528,921.0,486.7315007552426,515.072026224
01051118,1557.055481458966,58439.783200000005,724.54,434.87002541667454,516.023285656
01051044,33315.450222805885,1738119.5700000003,9580.674,9304.672092727455,15347.595803100001
01051069,3143.4982101029864,199235.4586,1683.829,877.947615099663,1759.249099438
01051107,2357.3769784302904,79259.2044,1146.205,658.3918163057957,699.858774852
01051122,7128.328424420227,303706.0339,2831.255,1990.870845656325,2681.7242793369996
01051130,3861.0613306158434,196735.9029,1652.3600000000001,1078.3558190276988,1737.1780226069998
01051038,2320.0424709806675,45746.6222,661.665,647.9646617201906,403.94267402599996
01051061,1240.535742073792,72775.0777,658.235,346.4692274037894,642.6039360909999
01051065,3332.980577904032,155170.56929999997,1619.455,930.8681456028171,1370.1561269189997
01051071,3378.1977945333856,181338.54869999998,886.985,943.4968620352292,1601.2193850209997
01051092,2501.294288175924,94483.49819999999,914.665,698.5864817446538,834.2892891059998
01051096,2477.6546421591943,92468.81349999999,823.76,691.9841650086413,816.4996232049998
01054070,2053.674049425488,104375.0554,1398.395,573.5706252640446,921.6317391819999
01054056,30643.963424345027,943760.2229,13617.203,8558.552544785322,8333.402768207
01054120,2387.1459955042565,111906.6416,1163.825,666.7060050843837,988.1356453279999
01054132,1310.6852236115906,54412.2755,284.05,366.0612761024811,480.460392665
01054141,84.77421445496483,2847.0552000000002,657.205,23.67659035512713,25.139497416
01054161,4163.384588398363,183853.6518,1526.176,1162.7916816937789,1623.4277453939999
01054006,1457.0184105294452,67458.3487,908.5120000000001,406.9306718767687,595.657219021
01054012,4422.722197380018,133309.6564,2443.446,1235.2220825062652,1177.124266012
01054024,5041.475856361611,196645.17699999997,3637.86,1408.033791923234,1736.3769129099996
01054045,2032.824052003607,82544.4311,1325.868,567.7474294840873,728.8673266129999
01054080,2114.0299261607206,65826.31150000001,1686.455,590.4274180774277,581.2463305450001
01054121,1444.8434236115236,49685.2855,1113.395,403.5303197804624,438.72107096499997
01054128,3504.6916317483897,141915.4581,2832.836,978.8253258310077,1253.1134950229998
01054146,856.0186842866854,40291.681599999996,569.3340000000001,239.07745833442834,355.77554852799994
01054010,1748.949244711621,74632.50039999999,1537.441,488.46403455550865,659.0049785319999
01054124,498.45112105809363,20061.943300000003,1270.395,139.21241360031496,177.146959339
01054125,7021.51019733069,192593.4247,2836.252,1961.0375830124883,1700.599940101
01054167,8572.304888991945,177535.6329,3305.595,2394.15903244656,1567.6396385069997
01054001,5654.41841357099,228549.5782,3288.112,1579.2225187262418,2018.0927755059997
08435059,45624.87627822414,1870355.4778,18419.768,12742.571695745219,16515.238868974
08435047,10770.380295994566,480358.7712,7345.003,3008.059512868322,4241.567949696
08435053,2511.2185863698687,154491.19,1683.301,701.3582389872406,1364.1572076999998
08437124,10294.41673142905,486400.45060000004,7271.7,2875.127648920819,4294.915978798
08437118,9665.64748389764,438421.1114,5981.771,2699.5186857777717,3871.258413662
08437059,7285.800293714499,261783.56339999998,5471.073,2034.8511640315223,2311.548864822
08437104,3292.145634392414,157051.6174,13172.414,919.4633542294573,1386.7657816419999
08417075,19129.663208029306,700478.1712000001,7207.326,5342.723637370505,6185.222251696
08417010,5791.700154265656,337697.63,3542.994,1617.563936084855,2981.8700728999997
08437082,5336.90141306938,238865.8919,2937.055,1490.5431956561472,2109.1858254769995
08415061,154634.36707098733,6543245.101799999,54854.165,43187.83237925605,57776.85424889399
08415091,18666.992227202758,891635.8814000001,10444.794,5213.504259135458,7873.144832762
08416015,12747.230390385428,654448.4996999999,8172.535,3560.173975730746,5778.780252350999
08415060,13671.933853433355,733576.2776000001,10815.634,3818.4344059254013,6477.478531208001
08415080,4976.283347435021,311648.89160000003,3856.581,1389.826176105127,2751.8597128280003
08416022,8147.889297465986,332687.9327,4445.375,2275.624001889275,2937.634445741
08416023,25917.75802807417,910825.9152,9951.326,7238.570639660835,8042.5928312159995
08115046,6233.940936620308,336514.147,3510.477,1741.0773641886858,2971.41991801
08115048,8768.995935810308,522604.692,5460.405,2449.092874912461,4614.599430359999
08116077,29207.862108929567,1370570.3269,16642.845,8157.463808402938,12102.135986526999
08116078,2358.919252395061,160789.09110000002,15252.388,658.8225580014165,1419.7676744130001
08116081,31797.30065047732,675774.9171,6359.45,8880.66809867181,5967.092517992999
08415087,9534.305396305968,450446.8514,5732.686,2662.836154134294,3977.4456978619996
08416009,8391.237221935678,390898.75690000004,4033.586,2343.5886437144154,3451.636023427
08118003,14957.375775612858,726917.5568,6242.409,4177.445480370915,6418.682026544
08118048,39602.38091157352,796379.9271,26717.053,11060.548964793368,7032.034756292999
08118050,27365.603062545495,785366.8949,8196.941,7642.939279338331,6934.789681966999
08118051,9749.649727960616,494925.4227,4433.839,2722.97967252212,4370.191482441
08118067,24543.195870552154,691637.0548,6058.531,6854.669174686511,6107.155193884
08118071,16486.48930404854,689340.0362999999,6214.636,4604.511597727716,6086.872520528998
08118077,65.46793597177574,1816.3941000000002,4122.808,18.284539837557247,16.038759903
08118078,414.20675784052725,16360.045400000003,9095.591,115.68380539728085,144.459200882
08118079,83418.64025620505,2555866.5694999998,18816.606,23297.992037155505,22568.301808684995
08118007,10649.55429941653,580083.8640000001,9548.021,2974.3140202840423,5122.14051912
08118018,3262.0998001743865,242747.7526,3293.22,911.0718531907044,2143.462655458
08118040,9075.765769012101,414379.00360000005,4657.022,2534.7706216273896,3658.9666017880004
08118047,3419.717289769034,190864.7865,5691.626,955.0928418595934,1685.3360647949999
08118074,3504.901370129805,213295.7034,2555.691,978.8839036635532,1883.4010610219998
08125056,8167.083772841902,293350.68720000004,11547.61,2280.9848269170147,2590.2865679760002
08121000,223385.4383088766,7108751.383,47924.586,62389.31906528614,62770.27471189
08125007,12562.763159887214,582542.2539,5127.933,3508.6541229248996,5143.848101937
08125039,6194.540518837117,366862.48199999996,7598.91,1730.0732215060182,3239.3957160599994
08125065,135769.59399560347,2434677.2698000004,15212.726,37919.08990703209,21498.200292334
08125079,6253.350147501839,272727.289,2373.742,1746.4981626957886,2408.1819618699997
08225052,15205.869713041144,612701.9371,8436.602,4246.8473521552605,5410.158104593
08225060,16591.30675254221,744380.5186999999,12196.977,4633.786062917513,6572.879980120999
09676112,9895.475766860505,437507.0011,4046.6,2763.7074269264704,3863.1868197129997
09676165,4880.469826950497,255841.0541,2333.244,1363.0664179690043,2259.076507703
09676134,13225.764141256413,566472.6631,4825.866,3693.8236670115034,5001.953615173
09676135,2065.163661922997,117412.6677,1667.015,576.7795591384738,1036.753855791
09676139,21752.725474983086,937217.9789,6698.279,6075.318697908026,8275.634753687
09676121,19256.727010384853,822104.3706,8384.15,5378.211286730385,7259.181592397999
09676122,32090.808444359696,899631.379,6142.353,8962.641890425219,7943.745076569999
09676126,15395.617132649668,494829.5898,5171.393,4299.841908977725,4369.345277934
09676133,10328.123241522306,503036.46619999997,5287.843,2884.5415401247647,4441.811996545999
09676145,15619.014142419814,617545.4815000001,8351.491,4362.23445983643,5452.926601645
09676169,9240.18769132702,413308.46300000005,3807.865,2580.6920203107234,3649.51372829
09661000,153424.84005162006,4473509.312100001,25239.465,42850.02357801697,39501.087225843
09676144,13065.221322296497,544256.5977,4904.249,3648.9856631041885,4805.785757691
09676160,10888.947032225191,601142.2602,5496.286,3041.1740166301734,5308.086157566
09671120,3615.9972785616965,209240.08490000002,1708.44,1009.9118799294962,1847.589949667
09671121,18912.494058400327,746046.8665,6492.583,5282.070465570627,6587.593831194999
09671133,5030.998322811517,301016.87710000004,2771.295,1405.1075215780286,2657.979024793
09671140,24510.73594568221,659929.6281999999,4258.204,6845.603442269584,5827.178617005999
09671143,21543.30492262472,1080361.8865,9931.097,6016.829631839858,9539.595457795
06435009,22710.35302811497,1170720.0017,12850.178,6342.774497222229,10337.457615010999
06435015,14847.484221802202,636989.6653,5154.951,4146.753868307137,5624.618744599
06435018,16782.78289927382,858637.1576,9394.713,4687.2634359381855,7581.766101608
09671119,6701.771029772782,213398.83219999998,2859.223,1871.7376309052402,1884.3116883259997
06435010,44637.833511651275,1843232.9271,16823.055,12466.900521469084,16275.746746292998
06435012,31301.566344121184,1400205.3719000001,11566.91,8742.214464249604,12363.813433877
06435024,236.90540523221136,5875.6930999999995,3289.027,66.16531062730431,51.88237007299999
06440004,21028.467259866666,977092.0412000001,12358.315,5873.040621008161,8627.722723796
06440013,6658.009186049539,365747.7844,2997.885,1859.5153855717756,3229.5529362519997
06440019,1393.1664379992394,85326.3052,5098.195,389.09745446880754,753.431274916
06535016,6900.136603441329,459454.3658,8399.193,1927.1391519751285,4056.982050014
06535018,9083.036594270758,456655.51670000004,4045.165,2536.8012904138795,4032.268212461
06535003,8049.009044934249,373275.7957,3222.685,2248.0077361596864,3296.025276031
06535002,4800.25586827071,269200.4805,5012.895,1340.6634614493266,2377.040242815
06535005,0.9720043939729806,68.1575,3864.77,0.2714711071927137,0.6018307249999999
06535014,8178.818350032941,423755.1742,5276.279,2284.2621769807,3741.7581881859996
06634022,43196.93172355317,1922127.3680999998,19348.657,12064.471061071165,16972.384660322998
06634026,12104.3963106101,685466.8165999999,8973.83,3380.636845590295,6052.671990577998
06634006,2695.3050847087843,164790.52610000002,5767.717,752.7717571083164,1455.100345463
06634010,5698.973060348682,337068.64480000007,4301.609,1591.6661860247834,2976.3161335840005
06634027,6705.5261957706825,395059.0592,5442.436,1872.7864112167938,3488.3714927359997
06633018,10304.353726271427,595485.0184999999,6868.38,2877.9029522103465,5258.1327133549985
06633028,27271.59211980006,1460674.3737999997,15104.163,7616.682963138958,12897.754720653997
06635020,22253.18272083773,913539.3398,11722.056,6215.091402102769,8066.552370433999
06633004,11227.589361685956,524414.9876999999,5394.755,3135.7534328252705,4630.584341390999
05762012,32196.239709154997,1601722.3317999998,28517.888,8992.0877883699,14143.208189793997
05762016,45628.557276365085,1974678.9361,25421.829,12743.599761716005,17436.415005763
05766012,22359.56551156966,897508.4029999999,8017.456,6244.8030517262905,7924.999198489999
05766016,946.6940157219292,59423.6016,15129.21,264.4021716509776,524.7104021279999
03252001,29117.534552662237,1302386.0426,8992.205,8132.236225213036,11500.068756158
03252007,43983.800152499294,2078634.0241999999,14628.697,12284.235544591527,18354.338433685996
03257001,1546.9972982832264,109997.0489,703.455,432.06087543752227,971.2739417869999
03257003,14406.022952167239,805270.3987,8349.878,4023.458150310788,7110.537620521
03257005,2234.545329919919,130966.38170000001,744.567,624.0861651933341,1156.433150411
03257008,718.7145779346031,57996.9746,708.36,200.7297944713553,512.1132857179999
03257009,10842.594589812617,312993.1969,14685.369,3028.228242988766,2763.7299286269995
03257012,1590.0399940315865,113209.4586,1258.4,444.08226993308176,999.6395194379999
03257022,7884.9224849418615,162034.2351,2003.04,2202.1800008194123,1430.762295933
03257028,17260.65957987811,903292.5028,6807.809,4820.7296140641565,7976.072799723999
03257013,3662.2138347020955,232369.5797,2116.565,1022.8197018939481,2051.823388751
03257014,3369.1181175811325,220939.406,2750.816,940.9609990592345,1950.8949549799997
03257023,3470.3669420186316,224975.40320000003,1778.723,969.2387832363836,1986.5328102560002
03257025,3646.0518549470107,244193.0544,2455.096,1018.3058225681506,2156.224670352
03257026,8293.431082433428,479115.8112,4670.902,2316.272367012832,4230.592612896
03257034,3054.620908077238,189579.5449,2357.624,853.1250734168917,1673.987381467
03257035,57251.675631053215,2033597.9327999998,12050.695,15989.820486996852,17956.669746623997
03256025,25753.36079013012,1268260.6971999998,8816.805,7192.65613507544,11198.741956275997
03257027,2160.348445990685,110938.53799999999,1144.816,603.3637174807384,979.5872905399998
03257030,2655.5340271920245,147609.16580000002,1267.41,741.6640984544605,1303.3889340140001
03257037,2217.810382427214,142766.5013,1679.631,619.4122617080965,1260.628206479
03256017,9561.429021885671,440295.783,3477.714,2670.411511522449,3887.81176389
03256018,5549.0370205444115,310373.5255,2583.437,1549.7905494678487,2740.5982301649997
03256001,5327.652348595526,304569.3559,1774.343,1487.9600244392443,2689.347412597
03256021,2140.843727975869,123486.56840000002,4795.01,597.9162447863805,1090.386398972
03256028,4493.38478234865,204558.5238,1347.335,1254.9574358621544,1806.2517651539997
03256013,12958.225791727164,592261.2629,3589.505,3619.1028813714793,5229.666951406999
03256014,23193.15976897183,622974.2918,2444.296,6477.617591876142,5500.862996594
03361002,11012.275722125167,508464.7934,3438.975,3075.6184864323377,4489.744125722
03361006,23221.4569930531,1321876.638,10310.953,6485.5207235898,11672.17071354
03357022,954.1159590931733,39193.0591,1029.869,266.47504621513235,346.07471185299994
03357045,118.91753117097889,2215.0413000000003,4543.708,33.21247728074269,19.558814679
03357030,711.5532758530571,47574.301499999994,619.315,198.72971441300032,420.0810822449999
03357036,6294.863229613249,257171.69129999998,1661.436,1758.0923513986843,2270.8260341789996
03357038,3859.708379935688,186027.4766,1381.927,1077.977953432238,1642.6226183779997
03357008,58604.19110911576,2460154.0425,15473.96,16367.56453486494,21723.160195275
03357040,5219.943555092781,199234.8058,1226.765,1457.8780355018628,1759.243335214
03357043,11556.656480434332,539968.9183,3484.391,3227.6585884205047,4767.925548589
03352020,17098.395822039576,443754.1486,3101.765,4775.410969137433,3918.3491321379997
03359016,4317.196238657505,230242.227,1294.763,1205.7497374946545,2033.0388644099999
03359029,6102.591378170079,140304.69090000002,1323.965,1704.3927460091213,1238.8904206470002
03352042,6108.389438329708,261297.2464,1356.893,1706.0120862311041,2307.2546857119996
03352044,7472.822177110646,331435.826,1425.434,2087.0845058452323,2926.57834358
03359035,8479.710585869987,293321.2618,2053.236,2368.2983695276284,2590.0267416939996
01051022,2585.7312963149348,105791.9387,912.386,722.168893747798,934.1428187209999
01051024,4731.332626061085,219803.5042,1986.687,1321.4138891326002,1940.8649420859997
01051064,995.5728250021682,107021.03769999999,1153.075,278.0535342948555,944.9957628909998
01051090,4641.810206432725,53126.0722,570.306,1296.4111725545956,469.103217526
01051097,10431.837566067232,443254.75240000006,4480.9710000000005,2913.507913826917,3913.939463692
01051032,1206.9372045609414,38363.881100000006,1458.335,337.0854918618253,338.75307011300004
01051039,2056.5103324835663,77326.14009999999,759.72,574.3627707593353,682.7898170829999
01051063,2933.2093334902593,119779.2343,1153.135,819.2160347504945,1057.650638869
01051134,3913.6823271890526,142867.4512,1298.39,1093.0523371606305,1261.519594096
01051135,1407.2831933574248,57597.3916,610.065,393.04012307279515,508.584967828
01051004,4385.656203862613,173011.73820000002,2545.935,1224.8699211767891,1527.6936483060001
01051028,1269.9989722729247,25860.773,1717.077,354.6980129661051,228.35062559
01051048,8184.154675341781,339988.311,3413.7400000000002,2285.752559276206,3002.0967861299996
01051067,1916.4924488301829,78748.8317,472.41,535.2571760337818,695.3521839109999
01051078,3293.517856723831,155158.12670000002,1887.127,919.8466022043987,1370.046258761
01051082,7460.8707644250335,362981.9236,3417.434,2083.7465957962677,3205.1303853879995
01051098,2616.8541518496095,114564.7745,1339.254,730.8611960700774,1011.6069588349999
01051030,2061.007223879109,66556.4454,928.27,575.6187075571963,587.693412882
01051049,7207.812235243823,295834.8288,2565.7400000000002,2013.0698791812472,2612.2215383039998
01051068,2956.8492408799134,150360.2438,1634.215,825.818424485351,1327.680952754
01051080,1013.1660314781095,35712.1137,357.505,282.9671409315212,315.33796397099997
01051087,2010.2654206429156,111715.3465,989.055,561.4470293313599,986.446509595
01051133,749.9761251234523,31835.5019,251.515,209.460831985729,281.107481777
01051141,4003.118267588044,127372.05679999999,1607.353,1118.0309009546647,1124.6952615439998
01051060,1868.8550059901925,76906.0362,766.575,521.9525146230009,679.080299646
01051102,2030.4324832803286,70369.4426,707.93,567.0794882553629,621.3621781579999
01054023,3178.0168190046425,109795.1183,1272.877,887.5883173798065,969.4908945889999
01054033,4726.978753090869,235297.3185,1450.56,1320.1978959507487,2077.675322355
01054084,6716.692755172285,371786.0132,3948.384,1875.9051195920672,3282.8704965559996
01054106,6530.636672695094,246555.4693,3093.124,1823.9415163170127,2177.084793919
01054002,2411.487166096307,67654.147,1376.43,673.5042506190376,597.3861180099999
01054007,1775.8604173127042,64185.976800000004,900.545,495.9800559512651,566.762175144
01054052,4080.751130959634,101099.5007,2651.27,1139.7129833657161,892.708591181
01054057,3308.9764119770193,122313.23510000002,1416.423,924.1640221010616,1080.025865933
01054097,2334.999393965315,84310.8955,1249.945,652.1419807405728,744.4652072649999
01054118,3313.9905207676043,152589.854,1531.995,925.5644125451842,1347.3684108199998
01054144,8577.800571814034,294425.7363,5752.807,2395.6939217019412,2599.779251529
01054152,5967.959312599778,191278.80250000002,2782.095,1666.791356415992,1688.991826075
01054037,2586.3585692203387,83703.23,1290.835,722.3440847975484,739.0995208999999
01054038,2690.2329555271517,94326.04550000001,1523.185,751.3551621491781,832.898981765
01054041,4807.021046156678,161462.5054,2122.58,1342.5529079810983,1425.7139226819997
01054059,3278.157571914197,129957.45420000001,1716.8,915.556628259916,1147.524320586
01054071,552.8960178121672,22047.882999999998,340.005,154.41832881476017,194.68280688999997
01054079,4834.117121121616,143961.7465,3511.045,1350.1205707580561,1271.1822215949999
01054092,2202.0539845703815,85341.9884,1743.3,615.0116573506618,753.569757572
01059123,6515.995913772134,151331.8474,2526.69,1819.8524987574192,1336.2602125419999
01059149,4610.946481372346,132992.1053,2117.619,1287.7912427824824,1174.320289799
01059158,10930.01526690182,319095.9779,4595.048,3052.643963893009,2817.617484857
01059179,12330.046702989519,408044.2111,5504.342,3443.6587436779423,3603.030384013
08435010,1827.4394698266758,105651.5936,1752.681,510.38556952789224,932.9035714879999
08435036,7943.655671753673,404088.65020000003,3346.8,2218.583592564083,3568.102781266
08435052,29365.937853598603,1235525.9397999998,16033.872,8201.612783131553,10909.694048433998
08435066,10875.798098665926,593891.4354999999,7502.44,3037.5016509764064,5244.0613754649985
08435015,7791.291498843829,393818.78390000004,6066.006,2176.029802712093,3477.419861837
08435020,8248.686128385803,399486.2046,5366.187,2303.7755487968707,3527.463186618
08437088,59460.873284086585,1607627.3775000002,23029.352,16606.82729951254,14195.349743325001
08437065,23228.299083426806,686366.4665000001,11355.559,6487.431651010273,6060.615899195001
08437076,1600.2401589329554,85142.2374,14790.912,446.9310739883851,751.805956242
08437105,11142.728995275005,266491.1564,3597.443,3112.052781090356,2353.1169110119995
08437031,20062.031507613257,727901.0223,10517.385,5603.124779761306,6427.366026908999
08437047,13298.22049353247,365425.93369999994,4657.516,3714.0600016386834,3226.710994570999
08437114,4894.348490260924,217150.4449,2852.922,1366.9425898449736,1917.4384284669998
08415073,26810.246731269937,863062.7763,11519.807999999999,7487.83380957638,7620.844314729
08415089,18615.15392522538,654196.9798,8840.404,5199.0263397761955,5776.559331633999
08415019,14804.064152198871,737226.8156999999,7014.578,4134.627077067623,6509.712782630999
08415059,25694.200153143003,1216531.4551000001,11416.719,7176.133160771309,10741.972748533
08415092,12871.307659355654,671133.4706000001,5754.791,3594.8275161814404,5926.108545398
08116008,5171.662232848484,274857.5313,3031.748,1444.3935450122528,2426.9920013789997
08116042,9613.161404386745,442694.57060000004,3747.231,2684.859848631174,3908.993058398
08415050,39519.84056739897,1719831.1364,15864.439,11037.496272068858,15186.108934412
08415062,8119.115839703365,324003.6981,3468.101,2267.587862870753,2860.9526542229996
08116005,3411.5897517243175,126231.02870000001,1834.4470000000001,952.8229017590845,1114.619983421
08116006,1956.294223585082,130838.9574,1706.805,546.3734137050775,1155.3079938419999
08116041,5342.735348585559,297983.95180000004,3024.036,1492.1725555064606,2631.198294394
08116063,1780.0865771217761,131788.6712,1411.387,497.1603801243408,1163.693966696
08116073,7893.338891638133,399960.3849,4589.239,2204.530619045614,3531.6501986669996
08125027,9767.939766335543,417806.9571,4511.561,2728.0878973398535,3689.235431193
08125030,7512.176960339631,447837.1371,6008.608,2098.075903253255,3954.4019205929994
08125046,11142.836438618639,420865.39459999994,12993.003,3112.082788941799,3716.2414343179994
08125094,11025.30350081582,459520.9897,4965.597,3079.25701474285,4057.5703390509993
08125098,11067.879822284634,615922.9549999998,6684.112,3091.148155565875,5438.599692649998
08125102,19251.078635180278,863072.5558999999,9081.082,5376.633752019499,7620.930668596999
08125005,29307.415693679843,1286659.3938000002,11799.058,8185.268129087843,11361.202447254002
08125068,9330.875138344045,509788.4185,6849.047,2606.0201173881082,4501.431735355
08125078,8057.425082515413,503863.45220000006,5763.912,2250.3582512957296,4449.114282926
08125096,4390.881959198244,230893.32489999998,2951.922,1226.3294223844773,2038.7880588669996
08225009,12384.990902506675,643968.0938000001,9398.174,3459.004109161089,5686.238268254001
08225058,1953.1711728243522,108928.9318,16065.46,545.5011768581132,961.842467794
08225067,35.126379316220984,2110.3731000000002,909.5310000000001,9.810446479227357,18.634594473
08225117,14528.646960736007,634727.5471,8921.237,4057.705809663959,5604.644240892999
08225014,9340.048925265186,478618.05580000003,32126.915,2608.5822643373135,4226.197432714
08225024,917.2229574936844,55629.052500000005,3686.754,256.17119979841107,491.204533575
08225091,9152.108416906643,432468.59500000003,5241.814,2556.0923597578562,3818.69769385
08225115,10472.184290397618,503291.4893,5730.007,2924.7763504651502,4444.063850519
09676156,2398.4919739104316,154237.72850000003,1532.65,669.8748233934444,1361.919142655
09676116,13593.466174037909,498865.25159999996,5342.912,3796.5191677470475,4404.980171627999
09676117,5040.45318689858,262510.4658,2191.405,1407.7481705689042,2317.9674130139997
09676125,10682.257070354677,523630.4018,5584.28,2983.4475771793577,4623.656447894
09676132,14509.261001959017,440659.02969999996,3480.348,4052.2915052371336,3891.0192322509993
09676151,4015.506093173668,188410.25060000003,2504.34,1121.4906967624736,1663.662512798
09676153,1150.5700264354518,71388.8804,524.961,321.3427026831573,630.3638139319999
09671127,3500.223978762825,200975.8812,1700.293,977.5775550286694,1774.6170309959998
09676123,7374.387164138743,430883.9773,4452.053,2059.5925910723095,3804.705519559
09676128,2736.250851378475,158628.28960000002,1940.847,764.2075002814943,1400.687797168
09676141,4897.906791307424,279200.6487,3182.765,1367.9363877442504,2465.341728021
09671112,15419.564016141936,531357.4452000001,5517.165,4306.530034068281,4691.886241116
09671124,9698.147669178055,571412.5545999999,4916.98,2708.595662524739,5045.572857117999
09671130,25610.628280130015,1154563.2931,10268.249,7152.792372357511,10194.793878072998
09676136,7755.823824049755,434230.07690000004,4233.67,2166.124035818856,3834.251579027
09671113,2300.403437770748,136593.67020000002,1594.699,642.4796761349921,1206.122107866
09671138,3863.057727224215,221383.41199999998,1836.635,1078.913392636451,1954.8155279599996
09671139,9015.045070593113,469285.2105,3665.626,2517.8119377659505,4143.788408715
09671150,6526.381010676454,345876.11620000005,2965.917,1822.7529524718268,3054.086106046
09671153,2017.9928281549767,118117.8265,1130.05,563.6052169754034,1042.980407995
06435003,32906.7330246598,836447.3369999999,9311.78,9190.521466457234,7385.829985709999
09671135,10715.424895942779,217789.16859999998,2221.759,2992.7110191878583,1923.0783587379997
09671152,8589.589910255912,420832.9293,4433.368,2398.9865660353735,3715.954765719
09671159,3568.9644681622544,198971.6679,2106.944,996.776086313036,1756.919827557
06435029,24630.595791523796,1147633.3038,8214.462,6879.07909861468,10133.602072554
06435004,15075.528130898552,893209.667,7359.906,4210.444251678657,7887.04135961
06435005,9048.964900180028,522432.8674,4349.875,2527.28540697128,4613.082219141999
06440009,16360.15564682551,805062.965,5400.293,4569.227870601896,7108.705980949999
06440011,13.079294062751126,892.0418,1893.815,3.652916038785762,7.876729093999999
06535007,14645.041125267875,785803.061,6200.627,4090.2135358760647,6938.64102863
06535008,11632.755615016555,689531.7414999999,5008.73,3248.9123157179733,6088.565277444998
06535012,3909.6074576276155,393350.1975,4258.618,1091.9142668408167,3473.282243925
06535017,6939.804472857628,430899.89229999995,7235.995,1938.2179912244067,3804.846049008999
06535001,54977.27577256977,1977038.4793999998,17642.307,15354.603350521009,17457.249773101998
06634021,9243.618193393715,405967.26529999997,4278.344,2581.6501252329303,3584.6909525989995
06634004,17056.091146366012,961036.1825999998,12669.21,4763.595696268563,8485.949492357999
06634016,6388.465819581754,409675.2154000001,4810.535,1784.234618750988,3617.4321519820005
06634001,68203.4379293331,1590443.0005,13753.868,19048.53817928344,14043.611694415
06634005,260299.1165683043,1543388.4682,14788.79,72698.94026636171,13628.120174205998
06633006,9546.11366746885,567306.0327999999,5447.857,2666.134086187375,5009.312269623999
06633023,13643.753547730503,869546.0319000001,8734.431,3810.5639283456517,7678.091461677
06633029,11638.749279914224,668228.3863,7589.439,3250.5862863872435,5900.456651029
06633016,3210.622735954071,436517.4193,4800.476,896.6948239246124,3854.4488124189998
05762008,32454.27632275407,1551844.2455000002,17810.251,9064.154834181983,13702.784687765
05762020,60404.45772674323,2784986.2534,27304.666,16870.360998502118,24591.428617521997
05762024,14984.168458886877,743396.1946999999,10278.76,4184.928408882516,6564.188399200998
05766052,23328.96513745381,1131598.9072000002,10078.03,6515.546673239474,9992.018350576001
05766060,3881.3192884910627,224063.5152,7253.567,1084.0136640826688,1978.4808392159998
03252003,25599.46852458608,1406487.861,8463.053,7149.675564231646,12419.28781263
03257002,1.6508820901625023,115.07570000000001,2116.39,0.46107485896148526,1.016118431
03257015,0.1538382417813473,27.9099,898.885,0.04296548254711249,0.24644441699999997
03257019,2940.415388395686,186069.3243,1427.603,821.2286138250311,1642.9921335689999
03257021,3237.6532139942215,194063.97290000002,2195.713,904.2441661364461,1713.5848807070001
03257033,5154.261887116765,254830.4175,2166.886,1439.5338024528412,2250.152586525
03257038,3705.009729370714,218500.1665,1603.893,1034.7721673159467,1929.3564701949997
03241012,84199.63995369912,4906703.4291,39598.448,23516.117442668627,43326.191278952996
03256016,8481.386055535057,402215.52619999996,3296.045,2368.7663114503857,3551.5630963459994
03256006,777.9782017502466,41373.745899999994,1762.072,217.28153196682638,365.3301762969999
03256022,70499.37216674817,2918475.4961,13097.396,19689.769652451097,25770.138630563
03256005,4141.674825061935,232483.4423,2074.045,1156.7283618915476,2052.828795509
03256007,10297.455836153802,477933.9613,2483.954,2875.976440479395,4220.156878279
03256008,1159.3058703980014,66919.4757,399.74,323.7825365434578,590.898970431
03256011,3431.0211152007264,205994.3987,1626.628,958.2498872644109,1818.9305405209998
03256012,6226.39109952711,348392.8712,2142.981,1738.9687701869263,3076.3090526959995
03256027,1783.617905958829,114267.5476,786.355,498.1466449552413,1008.982445308
03256009,980.302523729229,133003.1824,776.705,273.78869185233634,1174.4181005919997
03256010,3239.399773784487,220441.59149999998,1758.875,904.7319628202694,1946.4992529449996
03361003,13339.712293095927,1161941.0038,6720.372,3725.648246338761,10259.939063554
03361012,82543.56776078496,2822120.8594999993,14560.597,23053.593039909632,24919.327189384992
03357010,886.0624422852275,44760.88159999999,1017.62,247.46837950584117,395.23858452799993
03357018,9605.262626655845,432878.6283,2300.99,2682.653798998711,3822.3182878889997
03357028,3956.4731234070687,193022.9293,1099.34,1105.0033786363601,1704.3924657189998
03357057,39248.98867280801,1651132.1342,8070.95,10961.850046428548,14579.496744985998
03357042,6070.999425675057,257095.594,1051.268,1695.5694295967864,2270.15409502
03357003,5541.347121941036,229862.1842,1297.935,1547.642837686912,2029.6830864859996
03357011,4377.953855367708,157117.37329999998,770.3000000000001,1222.718732265647,1387.3464062389996
03357014,4882.807394860577,171620.51429999998,1844.445,1363.7192773106106,1515.4091412689997
03359031,15985.872580521467,723023.2372999999,4454.979,4464.694353013841,6384.295185358998
03359024,6158.057839828295,239327.45019999996,1408.15,1719.8839740856445,2113.2613852659997
03359036,8803.90782503787,368630.76340000005,2879.451,2458.8434164548266,3255.009640822
03359009,5299.874003504755,185722.4159,1216.281,1480.2018104388428,1639.9289323969997
03359019,2168.2443765046924,98663.8394,501.65999999999997,605.5689719139955,871.2017019019999
03359013,33435.371857220045,1557719.8956999998,7754.627,9338.165006002986,13754.666679030997
03359018,6043.000202946939,265884.4708,1447.965,1687.7495266810504,2347.759877164
03359030,3487.6473468412923,126546.42289999998,1241.065,974.0650274993045,1117.4049142069996
01051003,4.37831937489219,101941.9666,489.84799999999996,1.2228208182136395,900.147565078
01051012,3537.9363495394423,179176.10150000002,2269.195,988.1102430628707,1582.124976245
01061002,301.09194207755945,14190.527999999998,65.46000000000001,84.09196850284157,125.30236223999998
01061020,8.655101674134414,111959.57920000001,57.42,2.4172833465690005,988.6030843359999
01061025,1502.4587803061165,86815.5925,737.7950000000001,419.62171275169527,766.5816817749999
01061060,4.126615400525811,22648.938800000004,57.775,1.1525224152128537,199.990129604
01061063,926.5536215278847,73440.3407,298.62,258.7771609565229,648.478208381
01061095,1114.8824970396386,126087.57310000001,1029.183,311.37553259820066,1113.353270473
01051010,1254.2585247455156,44290.565599999994,348.02,350.30186337617505,391.0856942479999
01051016,6590.473210182707,401693.4791,2190.409,1840.653262871928,3546.9534204529996
01051026,3042.4560595891803,139315.72129999998,1425.393,849.7275528826622,1230.1578190789996
01051037,884.7249063796241,40830.874800000005,1023.025,247.0948191027652,360.536624484
01051089,752.6327570592341,34828.008,324.7,210.20280271907347,307.53131064
01051110,3075.597227924668,145172.4137,1446.545,858.9835497870805,1281.872412971
01051001,8172.4323060471825,385303.36020000005,3256.076,2282.4786187559175,3402.2286705660003
01051002,1532.0535012386063,50298.2832,537.203,427.8872223609303,444.13384065599996
01051083,1873.6902068756258,64134.9481,1285.401,523.3029378782935,566.311591723
01051099,4993.935372803854,221814.636,2160.17,1394.7562102703882,1958.6232358799998
01051138,4873.016511690131,145718.37470000001,1745.2,1360.9847815499365,1286.693248601
01051005,745.5526991340239,38454.1107,314.37,208.22541334114152,339.5497974809999
01051035,716.0826404227449,39969.5761,171.54,199.99472064366842,352.931356963
01051036,1950.763663714611,44729.7637,1434.614,544.8287836388537,394.963813471
01051088,4483.9043161961845,175706.3739,2428.49,1252.3096364704322,1551.487281537
01051100,3092.0602961269115,106384.30040000001,862.161,863.581520105285,939.373372532
01051104,370.98206081379465,18131.140499999998,151.225,103.6115797646847,160.09797061499998
01051114,8097.756781502853,355968.30740000005,4144.573,2261.622491505932,3143.200154342
01051125,1269.808144766744,64419.352100000004,569.17,354.6447167519039,568.822879043
01051131,755.8235290457718,32005.045499999997,677.76,211.09395342719358,282.60455176499994
01051008,737.3922926806912,16410.3669,441.185,205.94629342279023,144.903539727
01051020,2896.030372775293,123608.9289,1475.005,808.8323228124116,1091.4668421869999
01051053,1691.229929671652,63799.6033,585.235,472.34360705799565,563.350497139
01054003,3540.7466478490787,106738.3008,1612.085,988.8951312777691,942.4991960639999
01054004,1378.3635320368662,52313.302599999995,652.452,384.96315086257636,461.92646195799995
01054011,4624.870396828104,141304.5527,2753.279,1291.6800531301212,1247.7192003409998
01054013,1483.8256924683099,50572.60040000001,652.585,414.41767764947423,446.55606153200006
01054101,4947.984301541651,133498.3827,1307.397,1381.9225355775675,1178.7907192409998
01054123,3102.3834366066867,88413.97570000001,1782.645,866.4646700098815,780.695405431
01059115,54047.3162210272,389594.19839999994,6064.299,15094.874947370685,3440.116771871999
01059128,3360.6069475276786,106450.5349,1260.3,938.5839143750053,939.9582231669999
01059132,4727.722914501854,153834.4216,1788.87,1320.4057327912226,1358.357942728
01059169,1783.7510836610625,73464.95429999998,1035.184,498.1838401556981,648.6955464689999
01059174,282441.1225162231,348907.7029,4585.61,78882.98110755596,3080.8550166069995
01059144,9793.521760368449,124999.26370000001,1798.426,2735.232692453304,1103.743498471
01059173,2215.6384429372147,108328.913,1149.006,618.8056607279347,956.54430179
01059183,470171.3527488057,1485162.8294,14109.66,131314.15710921393,13113.987783601999
01059105,838.0809337561165,28303.284000000003,441.9,234.06762398874574,249.91799772000002
01059129,4951.75227525502,94020.4632,1143.052,1382.9748929559746,830.2006900559999
01059143,2245.8586815333574,101696.95670000001,1592.472,627.2458711654514,897.984127661
01059151,2842.136947519394,80641.5297,781.654,793.7804280726915,712.064707251
08435005,11460.249056864051,447117.1159,6212.344,3200.7329590915606,3948.0441333969993
08435018,2619.25424052117,151897.2179,1629.28,731.5315168351575,1341.2524340569998
08435034,26895.688834219494,1163158.63,14641.217,7511.696934509162,10270.690702899998
08435054,1935.7729463518099,93500.8028,1020.057,540.6420261865969,825.6120887239999
08435067,14847.765275461257,683780.9351,10746.697,4146.832363783575,6037.785656933
08437056,9453.108510772558,311077.3812,4744.668,2640.1586759736674,2746.813275996
08437086,27139.558224398043,925711.2919,16214.367,7579.807216492129,8174.030707476999
08426008,7645.936538702709,325018.9738,5437.57,2135.4336158942797,2869.9175386539996
08426067,17588.30260529834,654287.0122000001,9176.659,4912.237034633773,5777.354317726001
08437008,5004.147838109964,244761.11320000002,5530.69,1397.6084497057318,2161.240629556
08437101,4189.074848617854,198706.92070000002,3299.238,1169.9667144704802,1754.582109781
08415058,7765.487364799318,351304.9774,5928.409,2168.8229661148016,3102.0229504419995
08415090,15473.545263583721,626001.0841,8993.76,4321.606456666297,5527.589572602999
08415027,8425.773493640309,321127.7506,4417.806,2353.2342790388016,2835.558037798
08415093,12104.556426143121,663056.118,8168.903,3380.681564257512,5854.78552194
08116036,3311.9445297176717,174728.9098,2011.485,924.9929877048485,1542.856273534
08116046,15716.883686467467,433402.32159999997,4736.568,4389.568444793498,3826.9424997279993
08415014,27653.172089278167,885958.4733000001,8589.971,7723.254432814499,7823.013319239
08415029,4529.362949338764,205732.7812,2944.164,1265.0057781208234,1816.620457996
08415078,21198.303121367877,943469.0787999999,8693.386,5920.474078766834,8330.831965803998
08116020,26902.52312202942,675001.5825,6556.075,7513.605682751596,5960.263973475
08116022,4234.9798793660575,243553.57780000003,3170.708,1182.7875305081461,2150.578091974
08116047,9989.432921242082,574814.8574999999,6156.912,2789.948720573701,5075.615191724999
08116049,66167.25857548718,2527294.3124,23524.303,18479.853647547814,22316.008778492
08116050,6992.526968504193,360357.017,2890.07,1952.942857033536,3181.9524601099997
08116068,9315.566039777357,329235.385,3607.079,2601.744439249418,2907.14844955
08116071,23881.552377248776,947256.6295,7042.131,6669.87876344181,8364.276038484999
08111000,6363.4043031286365,347796.9983,106781.384,1777.2351878207967,3071.0474949889995
08116004,6771.992487315233,322023.7359,2208.959,1891.3497817822713,2843.469587997
08116014,15716.770442999437,516405.01709999994,3825.913,4389.536817025312,4559.856300992999
08116015,11153.491144944252,579771.6403000001,4372.564,3115.05854187148,5119.383583849
08116019,91233.41001907307,4305864.0384,27204.008,25480.579084226916,38020.77945907199
08116035,21637.484450615666,724203.6154,6383.456,6043.133032212449,6394.717923982
08116076,9603.376479570405,510847.5037,6491.827,2682.1270169792183,4510.783457670999
08116080,15937.20176461147,810122.7461,13800.433,4451.101080838337,7153.383848062999
08119091,30407.67711139349,1576195.831,13727.501,8492.560140441086,13917.80918773
08119093,17864.605803383092,874216.5107,7692.439,4989.405754826864,7719.331789480999
08118081,10319.163374907832,621534.1318000001,11409.465,2882.0391389780084,5488.146383794
08119020,32468.504698490473,1422127.2650000001,13071.442000000001,9068.128677241404,12557.38374995
08119041,8654.238473400219,544023.1851,5123.174,2417.042263235947,4803.724724432999
08119068,9426.973806100734,475012.18330000003,4875.064,2632.8595143058737,4194.357578539
08119079,77234.01262748169,2900976.4633,21286.439,21570.687386729358,25615.622170938997
08118001,11025.52841771721,433213.65079999994,3752.24,3079.31983178424,3825.2765365639993
08118014,7658.826128357262,384961.907,4285.12,2139.0335493888997,3399.21363881
08118049,8718.947692001055,470846.433,9073.46,2435.1149008989746,4157.57400339
08118054,64.03432497386383,1865.9794,5089.084,17.88414662195043,16.476598101999997
08118070,10597.359558276888,614489.4886,8846.776,2959.736551031152,5425.942184338
08119018,780.1545372065099,27357.8476,4521.764,217.88936069640613,241.56979430799998
08119038,7390.635640722256,312288.8007,4343.654,2064.1306280973185,2757.510110181
08119042,1106.3068406218667,70019.6226,7163.147,308.98043751728113,618.2732675579999
08119085,10229.808880703064,527336.231,12876.281,2857.0833222915585,4656.37891973
08118021,11621.976018978701,579893.0068,7097.911,3245.9016823405614,5120.4552500439995
08118060,11302.156498841965,641954.2606,7316.654,3156.5792885615724,5668.456121098
08119087,11124.405173537049,497214.9023,7625.863,3106.9351209171623,4390.407587309
08125001,12654.544683003463,451699.3293,5776.469,3534.287784516037,3988.5050777189995
08125008,7349.40966862946,484603.5467,5497.363,2052.6166263515215,4279.049317360999
08125021,4975.481927868301,270932.661,3127.93,1389.6023476343375,2392.33539663
08125024,5235.207472507614,273034.822,3362.088,1462.1410949966514,2410.89747826
08125057,4230.2567361557485,206188.2131,3963.349,1181.468403840939,1820.6419216729998
08125059,6080.120997955287,311771.42710000003,3744.653,1698.1169935189318,2752.941701293
08125110,22010.813214698617,1135463.6763,12809.323,6147.400022733176,10026.144261729
08125069,29318.755940705432,1072072.17,9706.941,8188.43534667962,9466.397261099999
08125111,8803.431128717915,461180.4205,6053.49,2458.7102799396266,4072.223113015
08125113,8155.290395570004,411285.25659999996,6063.508,2277.6910545787464,3631.6488157779995
08126011,25244.878962009407,1240196.4985,17666.847,7050.642245299607,10950.935081754998
08125063,22103.30327241061,788535.2926,8490.607,6173.231570951559,6962.766633658
08125084,3994.9053334016735,168488.66869999998,2146.741,1115.7371105657533,1487.7549446209996
08225001,11691.806959986148,533510.7806,5391.192,3265.404765854531,4710.900192698
08225075,23287.980207391938,755410.6973000001,9051.883,6504.099992122494,6670.2764571590005
08225109,33558.876431866614,1397775.2796,16196.867,9372.658598656026,12342.355718867999
09676119,5949.732532335056,309897.205,2957.816,1661.7007989558576,2736.3923201499997
08128039,15151.236597337462,464010.267,2802.922,4231.588869270379,4097.2106576099995
09671160,3059.232520574317,186261.7635,1206.365,854.413050671201,1644.691371705
09676111,2189.7216464412513,140242.0614,1479.693,611.5673586345771,1238.337402162
09676118,6101.060448921192,226424.72340000002,2569.525,1703.9651727791995,1999.330307622
09671141,3058.977135173179,183540.65720000002,881.333,854.3417240825171,1620.664003076
09671156,8518.98267753344,336169.546,2907.83,2379.2666720083143,2968.3770911799998
09671157,2233.533219979765,155635.47090000001,873.3100000000001,623.8034930081485,1374.261208047
09671126,2938.711073801528,176237.2587,1594.14,820.7526158020287,1556.174994321
09671128,7098.044833296712,100857.3033,1359.988,1982.4129414914385,890.569988139
09671162,3560.522145752335,121517.30619999999,1979.479,994.4182300871695,1072.9978137459998
06435001,12272.835377591979,649038.3550999999,3726.825,3427.6801926076637,5731.0086755329985
06435002,27629.101937650932,1268296.4137000002,10958.197,7716.531880166528,11199.057332971
06435028,27642.048317702167,1374023.1234000002,12287.613,7720.147674651038,12132.624179622
06535004,11407.34285375647,610755.9868,5320.296,3185.9567856256444,5392.975363443999
06535011,10064.804834798346,1662538.0298,13244.078,2810.99934231083,14680.210803133998
06535006,12818.435420334046,436274.7918,4773.528,3580.060828545096,3852.3064115939997
06634017,16946.105208333265,799510.6386999999,8950.987,4732.877723635397,7059.678939720999
06634020,6369.082836172171,335263.0724,3927.516,1778.8211453145254,2960.3729292919998
06634009,36529.140246635565,1556818.4986000003,16610.823,10202.223579482847,13746.707342638001
06634025,131065.17705230485,943241.6585,11401.999,36605.19329893822,8328.823844555
06634007,52342.79389905803,1020522.8996,12583.315,14618.818908067917,9011.217203467999
06633003,205127.30408372145,2912994.0047,16272.336,57290.00475754256,25721.737061500997
06634002,15988.925724292556,727548.0140000001,10048.135,4465.547065537668,6424.24896362
06634018,8862.432881333638,537975.3684,7327.84,2475.1888794276715,4750.322502972
06611000,348526.0747542047,10868068.470900001,46674.069,97339.84741810182,95965.044598047
06633011,6279.884421862394,443470.78130000003,4745.1050000000005,1753.9089201819481,3915.846998879
06633005,17954.110245782947,844736.8311000001,10160.564,5014.403450544719,7459.026218613
03255031,3919.8356220481787,193018.4136,1540.495,1094.7708908818358,1704.352592088
03255033,2101.7761436286582,124725.88920000002,1005.001,587.0050591540479,1101.329601636
03255035,1956.534089508607,91477.02100000001,678.655,546.4404058588588,807.7420954300001
03252005,24420.774727347467,1275501.3816,8587.129,6820.478173600874,11262.677199528
03252006,100878.37329202221,4369122.0395,22892.667,28174.32087672888,38579.347608785
03252002,38381.53205788602,1763407.4041,12079.572,10719.578088446986,15570.887378202999
03257017,2374.839393332141,153359.6562,1131.095,663.2688941637335,1354.165764246
03257018,5885.115552635029,333052.73,4142.365,1643.6539226954374,2940.8556059
03257029,1091.4877786634027,96348.5679,917.635,304.8416217029017,850.7578545569999
03241021,88137.48564059779,3757123.3982,24214.95,24615.918364562556,33175.399606106
03257004,2350.4858231410753,141942.44669999997,1420.641,656.467185545071,1253.3518043609997
03257006,15752.504461513234,709493.5354,7047.216,4399.51697105603,6264.827917582
03257010,8073.245504540812,449863.0984,4941.318,2254.7767369632033,3972.291158872
03257011,2881.9186306746083,199420.64059999998,2296.128,804.8910543611113,1760.8842564979998
03257016,2976.232223082205,184882.1336,2738.774,831.231897584629,1632.509239688
03257020,205.94117298203898,11097.704499999998,3040.8360000000002,57.51731020215366,97.99273073499998
03256020,2781.2681191363504,155445.91720000003,1465.33,776.7803729935913,1372.587448876
03256029,5059.376876700818,471253.12659999996,3713.94,1413.0333678937714,4161.165107878
03256031,2267.233815508778,235409.8536,1753.359,633.2157323334467,2078.6690072879996
03358018,8521.222488590052,404179.741,2119.04,2379.8922288383155,3568.9071130299994
03358013,6452.50475433899,147899.8842,449.195,1802.1200528393365,1305.955977486
03361005,28980.86331516404,1446508.0322,11135.272,8094.065315292164,12772.665924325998
03357001,167.6475724759437,13631.756300000001,1478.698,46.82229051680631,120.368408129
03357005,3520.90746754369,175544.8367,1273.003,983.3542466102771,1550.060908061
03357020,1632.6187347951613,90639.5594,992.965,455.9740864409406,800.3473095019999
03357037,136.55246692199398,6878.9417,1751.825,38.1377384866437,60.741055210999995
03357039,67252.60789050016,2266125.1934999996,10585.788,18782.980857737788,20009.885458604997
03357013,49930.33677173039,596541.6379999999,2705.599,13945.04375697658,5267.462663539999
03357021,24133.027502516084,936333.2291000001,6652.065,6740.113251177717,8267.822412953
03359008,5155.669936267766,199471.90050000002,1799.562,1439.9270565002244,1761.336881415
03359017,15610.852063103059,750185.6657,5486.033,4359.954872704053,6624.1394281309995
03359014,3967.6177896612576,166681.1085,750.535,1108.1159724744925,1471.794188055
03359015,3804.559791572062,166446.2951,569.494,1062.5755041881612,1469.7207857329997
03359022,9027.785610880706,423643.8443,2345.13,2521.3702432628725,3740.7751451689996
03359025,8740.942782815222,495211.3881,2740.778,2441.2579098124634,4372.716556922999
03359040,8533.638675711869,445712.0135,2427.043,2383.3599457395676,3935.6370792049997
01061007,4556.035631566183,162127.3919,1547.525,1272.4551915401191,1431.5848704769999
01061018,5061.177443410931,186129.0028,1049.958,1413.5362481702389,1643.5190947239998
01061110,7714.672949038149,236575.3866,1283.8,2154.6310079368645,2088.960663678
01061023,3553.6906721282767,117793.47159999999,724.915,992.5102678187063,1040.1163542279999
01061077,5275.274211119883,162966.30659999998,1224.353,1473.3313344236722,1438.9924872779998
01061106,673.5699648716546,33900.5539,70.65,188.1213554890044,299.34189093699996
01061113,6515.791304991595,350955.7469,1990.326,1819.7953535711024,3098.939245127
01061119,3434.7577032261975,115398.2411,490.355,959.2934789340446,1018.9664689129999
01051051,2286.6391247460215,134703.0015,1051.179,638.6354411503163,1189.427503245
01058014,5420.327871552546,145360.9986,1325.735,1513.8433712459105,1283.5376176379998
01061011,911.4160746243997,45615.2612,129.405,254.54939548184856,402.78275639599997
01061014,1121.8562272874779,37678.2675,287.435,313.32322571911965,332.699102025
01061031,1245.6045639978186,61607.5354,501.07800000000003,347.8848986789507,543.9945375819999
01061043,2321.430984403965,96134.0625,756.43,648.3524596341833,848.8637718749999
01061105,3249.3869617297505,176267.0583,1590.795,907.5212845415019,1556.4381247889999
01061107,3787.5749881626957,196163.4407,1941.19,1057.8318184439593,1732.123181381
01051015,1946.9006558057622,88356.1191,1554.92,543.7498841599913,780.1845316529999
01051054,1091.8045423319193,31652.969000000005,354.57,304.9300906278817,279.49571627
01051085,2660.308467507318,82515.7555,968.23,742.9975518901188,728.614121065
01051126,1007.1246648258807,29049.667,245.055,281.2798476392202,256.50855960999996
01058013,3335.3134285061046,91138.6251,1222.592,931.5196874474699,804.754059633
01058025,1283.5805437877043,44770.5047,530.285,358.4912100744679,395.3235565009999
01058156,4477.390805016373,114037.35380000001,993.555,1250.4904779330227,1006.949834054
01051019,4868.061732055063,161856.39919999999,1490.151,1359.6009611456584,1429.1920049359996
01051023,3372.9642082172986,100924.4903,1449.559,942.0351737130093,891.163249349
01051052,697.1879041405978,19741.394900000003,311.73,194.71760974742753,174.316516967
01051086,3345.8399235430743,114299.5873,968.115,934.4596322463451,1009.2653558589999
01051117,1404.609280777826,42251.0092,428.19,392.29332602843897,373.07641123599996
01051136,4535.17614455574,155018.7115,1697.837,1266.6293454129727,1368.8152225449999
01051139,4306.277926015853,122935.162,1567.994,1202.7003619569675,1085.51748046
01051120,344.1479517687132,11497.3977,219.437,96.1170814494839,101.52202169099999
01059024,9497.09998392488,353928.9458,3987.9049999999997,2652.4450545103796,3125.1925914139997
01059058,5775.403689666069,172402.2228,1758.455,1613.0124964868364,1522.3116273239998
01059088,1776.1801596296032,74209.4182,480.025,496.06935678295184,655.269162706
01059009,4555.563039004637,175189.38780000003,1366.445,1272.323201163605,1546.922294274
01059020,2894.7017146944054,130185.11600000001,952.665,808.4612418970004,1149.53457428
01059039,4376.98577072532,161934.3206,1222.3,1222.4483559058747,1429.880050898
01059050,3368.5254375022973,136391.2545,871.596,940.7954694400165,1204.334777235
01059096,3455.911736974769,129196.42540000001,955.63,965.2015890196832,1140.8044362819999
01059079,13079.367164151907,446379.35520000005,5394.824,3652.9364552759857,3941.529706416
01059092,6081.345814181117,256309.66689999998,3105.067,1698.4590724426441,2263.2143587269998
01059162,4635.976993255155,131977.8159,1490.939,1294.7820144462323,1165.3641143969999
01059107,7175.352597291387,307749.3942,2604.845,2004.0042268975112,2717.4271507859994
01059131,17947.63272318973,150612.33960000004,1673.85,5012.59434325966,1329.9069586680002
01059138,3037.999622033042,136185.9797,1455.395,848.4829144376083,1202.522200751
01001000,136711.89653396478,5071616.8964,21203.061,38182.26558297102,44782.37719521199
01059120,19093.574562435755,820062.1839,6336.246,5332.6444395426815,7241.149083836999
08435016,121756.93619969474,4115202.7411999996,33404.261,34005.49471121274,36337.24020479599
08435045,10352.328479784721,494187.25289999996,6486.84,2891.3018211190747,4363.673443106999
08436095,29416.64243134886,881969.0618,12813.02,8215.774064651423,7787.786815693999
08436083,10516.263017620995,520136.1977,7280.775,2937.0870981913677,4592.802625691
08436032,1932.9294060909908,85552.9644,1448.91,539.8478538271528,755.432675652
08436040,1192.5831746688314,47960.64599999999,905.755,333.0765548532579,423.4925041799999
08436047,2437.3888090083556,119315.6341,2060.702,680.7383204679436,1053.5570491029998
08436053,2153.7992599235404,102160.63620000001,1583.53,601.5345953040455,902.078417646
08436067,2446.7998810275094,105878.05,2213.641,683.3667387721731,934.9031815
08436077,776.5566324259958,46772.8499,667.84,216.88450187025634,413.004264617
08437100,54783.3592778717,1971269.6591999999,28188.656,15300.444412716786,17406.311090736
08437044,19031.50651382606,672387.9880000001,9563.742,5315.3094542464805,5937.185934040001
08437053,9540.620973840934,390639.31940000004,8521.697,2664.6000317840344,3449.345190302
08426045,20263.954277041536,708153.2615,10027.196,5659.51979003493,6252.993299045
08426097,31719.420250246145,1283265.8322,14313.533,8858.916881691246,11331.237298326
08415085,10138.505901155406,374937.9668,6276.954,2831.583313133693,3310.7022468439995
08116011,4191.905143048604,279376.36069999996,2655.109,1170.7571874020446,2466.8932649809994
08116018,3091.6003060844746,184255.11820000003,2485.049,863.4530494863328,1626.9726937060002
08116079,14267.33061536368,760327.752,6479.483,3984.722767564922,6713.694050159999
08415028,3646.2305696267367,196138.0938,3217.275,1018.3557357910512,1731.899368254
08415039,5003.588058488655,265872.50580000004,3923.35,1397.4521088552965,2347.654226214
08116016,11345.776008826408,459975.88049999997,4710.1630000000005,3168.761781505127,4061.5870248149995
08116033,59030.926534272236,2577169.2074999996,22756.751,16486.74747175689,22756.404102224995
08116048,4332.7104676993695,255780.43910000002,3278.368,1210.0827065237568,2258.541277253
08116054,7019.589670359354,288491.98209999996,3914.033,1960.501199034664,2547.3842019429994
08116072,14208.812614045097,624026.7694,5021.135,3968.379274976655,5510.1563738019995
08116007,5286.3321866521255,332387.69909999997,3640.709,1476.419716410072,2934.9833830529997
08116027,7209.680135486011,293298.3501,4149.313,2013.5915650398879,2589.8244313829996
08116037,3425.272197773271,191485.63629999998,3124.283,956.6442721160968,1690.8181685289996
08116056,19008.867103612225,721426.4845,4963.147,5308.986493367858,6370.195858135
08116058,10546.3948068976,475382.8256,3445.554,2945.5026056184306,4197.630350048
08119086,14939.982928858333,547689.4055,5149.611,4172.587832200844,4836.097450564999
08119089,7950.176473066454,490559.09109999996,5949.909,2220.4047871627295,4331.636774412999
08119090,22613.07545285109,938604.4025999999,8498.292,6315.605843226781,8287.876874958
08119008,2616.228840685774,185576.1793,19551.812,730.6865529151297,1638.6376632189997
08119053,7697.201829011912,387752.78020000004,3956.28,2149.7514988247367,3423.8570491660003
08119069,3150.3427799840706,205953.1433,1499.1,879.859235021751,1818.5662553389998
08119075,8892.678558194057,448493.6385,3781.052,2483.636194518018,3960.1988279549996
08125107,10670.812322478065,628868.4684,6850.639,2980.2511735448984,5552.908575972
08126028,15026.503741010289,593520.7483,9010.052,4196.752229826763,5240.788207488999
08126066,59232.783040107686,2110497.0733999996,22391.294,16543.123975271676,18635.689158121997
08126094,4029.170345331617,272950.5566,4279.609,1125.3069857476673,2410.153414778
08125048,3919.580332228164,212655.0526,2463.091,1094.6995909880038,1877.7441144579998
08125103,3942.4768846272636,213112.6483,1965.064,1101.0943691075483,1881.7846844889998
08126072,22274.24163558725,855240.2984000002,11181.489,6220.9729464031625,7551.771834872001
08225082,6402.520217060415,318520.0111,4604.896,1788.1598714228032,2812.5316980129996
08225114,9067.315886193874,452332.5574,6330.657,2532.410653855087,3994.096481842
08225039,6947.772711665908,358780.9991,5598.497,1940.4434406411713,3168.036222053
08225032,21309.345340487238,956909.1603999999,11495.194,5951.48706014468,8449.507886332
08128064,11940.954374213576,775357.3423,8431.63,3334.9891471741093,6846.405332509
08128131,54533.82698643478,2475861.6899,22936.391,15230.75253904137,21861.858721817
09676143,3684.6292084826982,217805.22990000003,3197.535,1029.0800916371327,1923.220180017
09676124,6079.515394554283,305013.4069,2686.01,1697.9478545450656,2693.268382927
09676158,1993.086197649097,125622.07619999998,768.33,556.6490441414162,1109.2429328459998
09677182,1697.038426100528,112241.4473,1171.79,473.96586202561645,991.0919796589999
09677129,9049.607118998309,444502.34239999996,5326.057,2527.4647722650375,3924.955683391999
09677165,2071.052547699907,129305.8051,1065.039,578.4242660471069,1141.770259033
09677200,3539.748423997085,141222.8388,1029.913,988.6163373381457,1246.997666604
06435008,4902.994387357415,293120.62899999996,2449.11,1369.3573024450523,2588.255154069999
06435016,7166.120106738917,390269.1195,4604.599,2001.4256846111118,3446.0763251849994
06435200,138.43048000371664,9086.634100000001,91.14,38.662248760238015,80.234979103
06435025,37669.84639713962,1771666.1999000001,12776.454,10520.811400257124,15643.812545117
06631018,32494.71732488032,1174239.9666,14627.215,9075.449601665823,10368.538905077998
06631014,10013.034428376359,577912.2396999999,5986.9710000000005,2796.5403855012332,5102.965076550999
06535019,105985.15045827854,471490.836,5153.146,29600.592671492614,4163.26408188
06535015,155046.2824487961,1263961.2308999998,10849.766,43302.87622512426,11160.777668846998
06632004,4848.142123745647,272737.534,3840.105,1354.0376137409216,2408.2724252199996
06634019,7481.058156606578,428482.9295,3978.582,2089.384732558651,3783.504267485
06634011,11319.597091100897,625608.8174,6653.735,3161.4502715735694,5524.1258576420005
06634023,2453.893790205717,143844.67320000002,2043.785,685.3479966665546,1270.148464356
06634003,19893.989260032773,1176324.7523,13711.672,5556.192260434553,10386.947562809
06634013,17394.592703342616,604247.5728,6351.404,4858.135796116559,5335.506067824
06634008,10210.609113418552,519410.98139999993,6261.455,2851.7210192866673,4586.398965761999
06633001,8757.595045239988,606048.4731999999,6151.797,2445.908720185076,5351.408018355999
06633026,22746.105953695547,1194144.4792,8707.548,6352.759931807629,10544.295751335998
06633007,6284.601271359732,414893.2193,5279.992,1755.2262890780594,3663.5071264189996
06633014,12288.599423219654,659057.9041,6641.917,3432.082932911017,5819.481293203
03255026,9515.004296491725,369195.85059999995,2690.2019999999998,2657.4455499671735,3259.999360797999
06633002,7364.029509583622,351505.88300000003,2472.625,2056.6998017316096,3103.79694689
03255004,10075.146616867265,368846.01070000004,2010.067,2813.8876986248583,3256.910274481
03255009,1605.495806581487,88271.81899999999,674.43,448.39892382014347,779.4401617699998
03255014,1845.8018439585023,80756.26199999999,585.83,515.5139969991701,713.0777934599998
03255002,8089.554371004588,446317.0497,2398.338,2259.331640277871,3940.9795488509994
03255019,1830.1975437714825,103202.2453,748.015,511.15587199993735,911.2758259989998
03255023,43764.40925012861,1976777.1916999999,8547.802,12222.961859468418,17454.942602711
03255005,1595.1463526263078,93189.63519999999,413.715,445.5084248250015,822.8644788159999
03255017,6599.57301621783,248704.19670000003,1203.51,1843.1947476994776,2196.0580568610003
03255032,902.2783815047552,62371.089700000004,327.74,251.99732917046308,550.736722051
03252004,47127.806135867824,962243.719,7314.306,13162.324975686524,8496.61203877
03257024,1299.2364707780864,86587.62240000001,671.607,362.86375392361174,764.5687057920001
03241002,80419.56942221169,2868880.8268,19680.118,22460.3815439295,25332.217700643996
03257032,1204.4084684506593,52756.7797,5049.886,336.3792411535846,465.84236475099993
03257036,2360.62504346022,153475.6556,1696.166,659.2989683880047,1355.190038948
03256026,10690.79301466042,481503.50630000007,3397.469,2985.8315810645086,4251.675960629001
03358009,2529.5746772285256,134555.94259999998,924.271,706.4849116031548,1188.1289731579998
03358003,4130.050124355965,211601.4826,1148.337,1153.4816992313772,1868.4410913579998
03358024,118862.4027776996,3984440.8018,16101.437,33197.080471783716,35182.612279894
03357051,36690.01555268713,1523334.5080000001,9103.228,10247.154443709987,13451.04370564
03357024,6460.294636041435,225605.6239,1043.832,1804.2956889000125,1992.0976590369999
03357031,6080.455139269093,252607.9092,1266.45,1698.2103158464647,2230.5278382359998
03357054,951.8188831610162,49251.3974,601.115,265.8334958780402,434.889839042
03357041,40935.88613473961,1821602.8379,12281.811,11432.983638571424,16084.753058656997
03357017,2335.6118180994094,107922.4002,786.655,652.313024676984,952.954793766
03357019,2061.6713890294186,114013.914,867.523,575.8042022420262,1006.74286062
03357023,3412.512520308563,168075.884,1217.003,953.0806217969786,1484.1100557199998
03357032,3353.145241093181,153193.7364,1261.584,936.4999343849145,1352.7006924119999
03357050,3072.4086373144314,155741.0189,902.27,858.0930083155475,1375.1931968869999
03359002,27807.98207127045,978359.356,12068.193,7766.491312685123,8638.913113479999
03359005,8027.858502064217,348238.0512,4529.536,2242.100601041515,3074.9419920959995
03359023,26147.19530603789,1298452.4239999996,9960.787,7302.650177023322,11465.334903919997
03359011,12080.273341271173,402582.5264,1983.347,3373.899541483626,3554.8037081119996
03359038,50656.71224865437,1979444.5378,18354.246,14147.913163926678,17478.495268774
01061027,2781.1597261664992,110187.1343,1122.3,776.7500999210415,972.9523958689999
01061029,26159.856556213177,827216.0488000001,3409.819,7306.186337584778,7304.317710904001
01061037,4154.899944288325,171739.7345,752.275,1160.4220054402863,1516.461855635
01061118,8701.219086240748,290502.4974,1847.685,2430.1634785961783,2565.1370520419996
01061006,3084.803255794424,111531.947,1052.56,861.5547013108246,984.8270920099999
01061012,3609.3802381792107,121001.17119999998,808.508,1008.0638067210717,1068.4403416959997
01061015,3409.315571773775,142142.7298,1060.91,952.1877460406976,1255.120304134
01061054,1264.5298322962985,44423.777400000006,379.615,353.1705368620332,392.26195444200005
01061008,292.9834522786569,15150.002199999999,196.795,81.82734838690608,133.77451942599998
01061010,829.798702573947,30206.5703,316.24,231.75447964187765,266.724015749
01061034,5806.634279406064,199404.09490000003,677.035,1621.7348878953194,1760.738157967
01061035,1023.717306569812,65574.6229,392.01,285.9140065518828,579.023920207
01061039,1788.6167093141996,56604.3963,636.14,499.5427607443628,499.81681932899994
01061052,1499.4886424950048,74151.6441,239.23,418.7921829624299,654.759017403
01061059,349.49902040468663,13934.4578,82.66,97.61158140882492,123.04126237399998
01061062,986.7786414880246,39542.2732,158.92,275.5974067811904,349.158272356
01061070,541.9987601940174,22175.4274,47.19,151.37483373458713,195.80902394199998
01061082,2556.415462408946,125546.20620000002,873.81,713.9812744961945,1108.573000746
01061102,1376.5926751276852,39977.7999,416.865,384.46856823641116,353.00397311699993
01061001,740.504974828344,30348.589999999997,197.585,206.81563441980816,267.97804969999993
01061003,777.5628019739438,32559.690400000003,447.95,217.16551496330274,287.502066232
01061013,557.6261889191717,27770.8808,234.1,155.73941830323545,245.21687746399996
01061033,841.0300422903119,35380.651999999995,368.385,234.89128051126121,312.4111571599999
01061045,1447.3514978295525,54203.79220000001,304.485,404.2307998288157,478.6194851260001
01061047,1941.4213316483574,84455.99919999999,932.36,542.2195637160697,745.7464729359999
01061048,506.6828490941993,20936.030299999995,99.26599999999999,141.5114529235189,184.86514754899994
01061067,1229.5628711883219,62138.823000000004,323.2,343.4046142941864,548.68580709
01061076,559.5351720603146,25030.1122,252.10399999999998,156.27257820472525,221.01589072599998
01061078,858.0494716911478,42362.432,341.63100000000003,239.64463694862064,374.06027456
01061085,1153.1760256670839,58659.1119,171.73,322.0705322085598,517.959958077
01061097,5481.276265701734,299362.6333,2020.337,1530.865648247837,2643.3720520389998
01058061,1572.9687491642662,78519.37830000001,524.295,439.3144419540879,693.3261103890001
01058072,7108.146274130633,347257.44570000004,3032.589,1985.2341729019445,3066.283245531
01058100,3421.1301963828055,147983.19809999998,1048.86,955.4874525477537,1306.6916392229998
01058119,1809.4205765020308,64147.063599999994,856.08,505.35307281125216,566.4185715879998
01058161,3697.3810028053626,89230.4657,836.175,1032.6415402735097,787.9050121309999
01061108,1063.806507190233,49586.667700000005,428.77500000000003,297.1105193931602,437.850275791
01058010,1252.7378670657952,36005.7747,99.94,349.87715889280594,317.93099060099996
01058047,6261.781816835033,254817.0566,2019.397,1748.8530436238564,2250.034609778
01058055,451.2148921562364,17128.1619,14.4,126.01980723031525,151.24166957699998
01058070,5793.693829430559,230763.8177,1748.031,1618.1207496216607,2037.644510291
01058129,1064.729657969642,39147.7301,266.22,297.3683461743413,345.674456783
01058154,903.7522462189328,44103.3054,296.7,252.40896484648573,389.43218668199995
01058036,902.4204294084916,46886.9501,187.87,252.0370017294976,414.011769383
01058056,2145.4858056433986,79428.3438,372.44,599.2127306581448,701.352275754
01058078,6661.86545293724,320371.7926,3104.8,1860.5924023508417,2828.882928658
01058089,1123.2599036133802,44483.481400000004,311.89,313.7152584801809,392.789140762
01059001,2107.5876065748844,78897.92079999999,596.51,588.6281426402994,696.6686406639999
01059087,3408.0778220387037,155971.5597,1029.475,951.8420549171896,1377.228872151
01059019,4126.797133475204,167729.5506,1653.895,1152.5731714082897,1481.0519317979997
01059023,5212.529073259608,168231.1247,1951.357,1455.8072448706757,1485.4808311009997
01059035,3679.728010891152,146362.31069999997,1139.1490000000001,1027.7112361617897,1292.3792034809996
01059010,5036.21857008822,180388.253,2342.404,1406.565484439939,1592.8282739899998
01059041,2237.9341881332366,94984.8348,945.667,625.0326394037317,838.716091284
01059044,8293.23644247125,331606.61439999996,3610.355,2316.2180060177952,2928.0864051519993
01059057,16148.360843395989,181612.2218,2164.351,4510.075699952065,1603.635918494
01059077,9657.938874580545,342198.8775,4149.195,2697.3657482816,3021.616088325
01059081,3629.7971840753225,139546.2428,1617.5529999999999,1013.7660555403968,1232.193323924
01059159,7473.6742560760185,279388.8208,2638.933,2087.3224829794713,2467.003287664
01059171,23792.354705789865,585780.559,4781.967,6644.966745780051,5172.4423359699995
01059116,5439.4064150658705,253161.7332,2190.93,1519.1718176637469,2235.4181041559996
01059126,7929.92534835218,321145.2193,3493.119,2214.7488505412803,2835.7122864189996
01059182,3685.1914583873227,188059.18490000002,1804.68,1029.2371224129952,1660.562602667
01059184,13938.80652176965,466827.48720000003,4587.946,3892.9692734650453,4122.086711976
08435013,12747.618182021144,398521.4275,3877.771,3560.2822820566853,3518.944204825
08435029,21382.762766316475,817376.9615,9304.144,5971.991813004528,7217.438570044999
08435030,13131.267519157933,622045.4478,6612.771,3667.431705425619,5492.661304073999
08435035,31172.956939288248,1263140.3288,13957.215,8706.295143573814,11153.529103304
08435057,46474.14024187141,1951989.5987999998,22285.552,12979.762628152266,17236.068157403995
08436064,99145.6323512992,3772898.3181000003,35852.749,27690.38365939435,33314.692148823
08436013,12551.828499861924,509194.54850000003,7495.79,3505.6001817264364,4496.187863255
08436096,13742.087282519844,615414.4872,10201.923,3838.027557134967,5434.109921975999
08436005,14617.451356094716,495568.2202,6393.111,4082.507989243693,4375.867384366
08436019,2253.9163714476854,109872.40490000001,2135.75,629.496303381624,970.173335267
08436024,3022.834420080674,149263.0794,2327.456,844.2474251843314,1317.9929911019997
08436027,3237.333285557687,111163.989,2271.605,904.1548133234063,981.5780228699999
08436087,8384.166186841081,406931.0727,5958.284,2341.6137743228455,3593.2013719409997
08436093,6363.728606355208,303557.9381,5139.41,1777.325762468946,2680.416593423
08426036,1269.3607027933556,67469.23449999999,1553.179,354.51975068315625,595.7533406349999
08426020,5093.1212307508895,160027.14029999997,3357.056,1422.457828536416,1413.0396488489996
08426035,13157.222910784625,445418.227,6685.776,3674.680786753038,3933.04294441
08426064,1890.7418116799524,87653.84539999999,1077.653,528.0652805840939,773.9834548819998
08426121,9202.845099915263,397281.2349,6117.381,2570.262607955334,3507.9933041669997
08426124,16147.95961845021,642867.7274000001,13647.132,4509.963641836959,5676.522032942001
08425035,799.3957482904231,35052.5934,758.82,223.26323854003223,309.51439972199995
08425090,7768.929794025309,267501.5935,5372.77,2169.7844021733285,2362.039070605
08425098,698.2126745547058,36125.6749,485.51,195.00381787638378,318.98970936699993
08116012,7221.658124627338,321672.1271,4664.845,2016.9368976271692,2840.3648822929995
08116043,2982.944776604945,178451.26129999998,1621.719,833.106646657995,1575.7246372789998
08117058,3673.547444424025,195662.57159999997,1078.525,1025.9850657531858,1727.7005072279997
08415088,10649.197928760494,547110.8161,8175.038,2974.2144895235183,4830.988506163
08116029,3943.648581288401,184155.5379,2331.718,1101.4216122680375,1626.0933996569997
08116053,2129.3907599675767,132583.2608,1487.031,594.7175453513445,1170.7101928639997
08116070,20060.239909627086,864408.1644,10268.768,5602.624404359748,7632.7240916519995
08117002,2347.5585641603157,114963.4349,1475.212,655.6496313843345,1015.1271301669999
08117029,5615.612950775747,284481.55319999997,3515.176,1568.3845410221581,2511.9721147559994
08117044,10852.239340506703,393429.0925,3519.982,3030.921925410117,3473.978886775
08117060,8845.137509049458,326712.18869999994,4158.038,2470.358454902423,2884.8686262209994
08117003,7021.742523852734,319217.6812,4680.704,1961.10246948683,2818.6921249959996
08117018,34053.9227799442,1196061.9146999998,10089.91,9510.920093210616,10561.226706800999
08117051,24423.28230451703,1058005.7084,9650.446,6821.178514828561,9342.190405171998
08119067,75488.36217082382,2566197.2181,20315.72,21083.144670689384,22659.521435823
08119055,14882.035183965305,662745.6015,5242.011,4156.40360652967,5852.043661244999
08119061,46111.551289639545,950584.3478,7655.537,12878.495159683427,8393.659791073998
08119076,18705.008209671636,724211.479,7081.261,5224.121742879191,6394.78735957
08119003,3764.1168212783723,263568.815,3666.419,1051.2801870148364,2327.31263645
08119004,5940.62750540225,374758.5641,5399.781,1659.1578559837942,3309.118121003
08119006,8626.361285518793,551934.9450000001,7058.654,2409.2564434325436,4873.58556435
08119044,25915.348060097564,1141362.9002,10688.346,7237.897559704648,10078.234408766
08119083,9586.230196817585,523458.08939999994,7143.766,2677.338231669183,4622.134929401999
08119084,18949.99073081255,877059.5228999999,9303.987,5292.542911208637,7744.435587206998
08119024,5625.310517751508,298209.14759999997,2362.438,1571.0929745028186,2633.1867733079994
08127052,17400.71376799989,748862.1467999999,8776.082,4859.845348264688,6612.452756243998
08126069,19727.18500538828,989819.7830999999,11293.597,5509.605500154893,8740.108684772998
08126058,27776.597905557985,991313.9796000001,13939.973,7757.726029043289,8753.302439868
08128138,6666.658506011941,380361.5714000001,6280.428,1861.931054144075,3358.5926754620004
08128014,82292.50791128883,1095515.1067,14916.634,22983.474534543857,9673.398392160998
08128061,8440.675836785053,482815.97800000006,7028.325,2357.3963544556973,4263.26508574
08128128,4792.0515041240415,463621.9676,5334.686,1338.3720645868034,4093.7819739079996
09677151,10518.042276565915,465709.7914,5204.4,2937.584027422094,4112.217458061999
09677137,2645.319428728621,141455.03840000002,1432.357,738.8112632496166,1249.047989072
09677154,11186.410757930495,532967.0589000001,5082.684,3124.2526605824078,4706.099130087
09677157,40415.48347222261,1319579.9944,9190.003,11287.640378957052,11651.891350552
09677170,4091.042219242355,252320.67809999996,2462.15,1142.5871814121972,2227.9915876229993
09677172,1208.4504913630933,80551.89570000001,590.946,337.50813773279833,711.273239031
09677116,2654.7309385515655,123935.742,940.263,741.4398038280667,1094.3526018599998
09677128,1898.1912554955045,118937.57419999999,1028.001,530.1458357473394,1050.2187801859998
09677169,1867.9719356095304,118564.0844,1430.815,521.7058818963857,1046.9208652519999
06631008,22134.012174734366,942990.6983,12872.211,6181.80826028156,8326.607865988999
06631011,464152.4951366807,1012514.3454,13488.196,129633.15036672355,8940.501669882
06631001,184594.6101176234,271313.861,2449.0280000000002,51555.428659751036,2395.7013926299996
06632015,18334.046126074634,770131.8271,6493.975,5120.515742551384,6800.264033293
06632011,9203.734284176104,523959.2337,4220.3,2570.510948227544,4626.560033571
06632012,14186.406511201087,717738.3466999999,5547.049,3962.121474513351,6337.629601360998
06632014,9534.568698312696,466524.284,3718.056,2662.9096917517527,4119.409427719999
06634015,4724.810942861664,405950.21060000005,3522.76,1319.5924482318342,3584.540359598
06634012,5055.598036841126,303685.5946,3909.326,1411.977975709358,2681.5438003179997
06634014,36275.40053483841,1259000.8048000003,9413.795,10131.356615375018,11116.977106384002
06633008,38300.3118615101,1066838.0581999999,7551.42,10696.894099801155,9420.180053905999
06633017,30053.840791262475,1140331.8753000002,9223.921,8393.737194591697,10069.130458899
06633024,5286.193090637362,352238.896,3838.094,1476.3808682841086,3110.2694516799997
03159034,19499.281728418828,816360.2836000001,6500.125,5445.954393930094,7208.461304188
06633009,36266.211870353785,1165952.9379,8636.517,10128.790313271109,10295.364441656999
06633015,29893.044771167235,1103481.8775000002,10187.601,8348.828474139296,9743.744978325001
06633020,17973.298673379348,858438.9609000001,7615.469,5019.762586488117,7580.016024747
03155002,6340.64911823205,384416.5678,3360.2,1770.879892231029,3394.398293674
06633030,11151.589707138584,697102.2901000001,3505.122,3114.527489306735,6155.413221583
03255001,883.759665293194,59647.4933,410.025,246.8252369197361,526.687365839
03255007,3641.8844186032447,185758.72869999995,1494.41,1017.1418992717001,1640.2495744209994
03255003,11009.981722273671,511325.02559999994,2986.523,3074.9777952138134,4514.999976047999
03255015,1870.7726769863605,124875.5489,718.335,522.4881009555206,1102.651096787
03255021,680.5122774687505,45636.4878,279.445,190.06027397424734,402.970187274
03255025,7559.410447604605,140079.40399999998,806.169,2111.26774391149,1236.9011373199996
03255030,1466.5423029393546,91721.6424,618.7,409.5905997879323,809.902102392
03252008,27934.130301091907,1098408.966,8089.851,7801.723251791958,9698.951169779999
03255016,4267.7962046873545,254701.662,1727.866,1191.9528020071311,2249.01567546
03255020,1315.537011557196,64461.5291,476.568,367.41633195780923,569.1953019529999
03241017,53278.14726916689,2640611.3468,17740.386,14880.05375080562,23316.598192243997
03241020,19019.521803286778,1108616.8934,9025.412,5311.962244439964,9789.087168721999
03241006,18490.287935884902,1039132.3716000001,11097.242,5164.152517613294,9175.538841228
03241015,37894.92311306966,2017494.3748,13910.504,10583.673076249224,17814.475329484
03241005,99286.97594708165,4102885.1831,23022.888,27729.85951226043,36228.476166773
03358010,7754.676974812359,294387.60069999995,2357.281,2165.8037322953437,2599.4425141809993
03358001,3563.645635672077,219661.71889999998,1331.889,995.2905895868543,1939.6129778869997
03358011,1994.1634630086612,114779.0932,1045.278,556.949913583689,1013.499392956
03358014,23592.264970904645,497290.4627,1942.19,6589.083683723958,4391.074785641
03357006,7045.998762152203,340081.7486,2838.037,1967.8769942814888,3002.921840138
03357009,4733.217972153706,239579.34950000004,1617.834,1321.9404474428084,2115.4856560850003
03357033,3519.126098343002,195622.0514,1818.451,982.8567280062169,1727.3427138619998
03357044,30137.22871138723,786892.9768000001,5210.05,8417.02660680334,6948.264985144
03357046,2542.017749710047,132367.8422,649.505,709.9601373165191,1168.808046626
03357048,2885.6754311330033,146983.3087,835.062,805.9402911611364,1297.8626158209997
03357029,2023.581530634424,96806.256,673.817,565.1660856908883,854.7992404799999
03357034,2772.0085725025347,96018.70139999999,975.565,774.1942742142329,847.8451333619998
03357056,3465.877307695841,155026.64469999998,1459.205,967.9848732663713,1368.8852727009996
03359037,6572.1619792003585,306757.7901,2365.662,1835.539119170868,2708.6712865829995
03359003,14999.458905374458,471295.8738,2700.57,4189.198877682033,4161.542565654
03359007,3809.498292387272,198639.4187,1085.155,1063.9547780808412,1753.986067121
03359001,3036.1713065871672,148559.5477,933.534,847.9722842167299,1311.7808061909998
03359012,5835.769999371882,227056.3573,1652.53,1629.8722031245727,2004.9076349589998
03359027,9615.5032400916,511686.0493,3267.793,2685.513899925183,4518.187815319
01056019,2529.5875137779017,109287.22379999999,1403.03,706.4884967230302,965.0061861539998
01056042,2870.4085802544187,119157.6008,642.35,801.6764123792566,1052.161615064
01056045,3015.17824420312,126794.7912,998.13,842.1091318234893,1119.598006296
01061004,1458.9284734797893,55469.57260000001,194.695,407.46413335817033,489.79632605800003
01061074,3518.092627388536,145172.3132,819.469,982.5680899033442,1281.8715255559998
01061026,1692.2201122144202,56013.982500000006,549.2,472.6201551403654,494.603465475
01061030,3310.8075164084694,91537.5093,1179.55,924.6754312577214,808.276207119
01061044,28710.690193702925,715430.6432,5427.303,8018.60866419929,6317.252579456
01061055,4844.701910302363,198289.7064,1133.606,1353.076796528347,1750.8981075119998
01061057,877.6589831577481,54457.9879,266.673,245.12137740612746,480.86403315699994
01061073,3655.6021355479274,132543.194,736.755,1020.9731204371806,1170.3564030199998
01061101,3721.8705937595196,152721.1414,1236.535,1039.4812381310962,1348.527678562
01061104,3347.25418709074,134693.23320000002,1114.305,934.8546219125727,1189.341249156
01061017,3126.807689974854,134214.8613,952.685,873.2861197330769,1185.1172252789997
01061022,14186.583104113599,260639.5275,1809.695,3962.1707951478866,2301.4470278249996
01061042,16774.546262770185,712710.1378,3434.48,4684.963025729085,6293.230516774
01061046,62793.3606053682,2268479.1758000003,8857.277,17537.557683473286,20030.671122314
01061056,3686.1930086914313,199676.1301,1509.201,1029.5168453974297,1763.1402287829999
01061061,3453.5148633325794,195519.05370000002,800.385,964.5321661801561,1726.433244171
01061072,2853.700422434437,166540.313,1192.016,797.0099909817138,1470.5509637899997
01061079,1930.8520677832767,122998.86600000001,775.19,539.2676740111913,1086.07998678
01061083,3065.4916604792666,116779.6856,905.862,856.1611658552544,1031.1646238479998
01061098,853.329766715297,40441.4733,136.56,238.32647054591527,357.09820923899997
01061021,654.3236251598988,24802.8125,251.52,182.74604527090813,219.008834375
01061024,1546.3755071095916,54529.2466,399.605,431.8872153806378,481.49324747799994
01061040,4695.619478214434,245527.18230000001,2239.093,1311.4395640705093,2168.005019709
01061066,1504.8578565590276,65385.7201,796.275,420.29175075837077,577.3559084829999
01061081,537.487899760447,23777.630200000003,95.535,150.11499552409524,209.95647466600002
01061087,3236.087263541124,114136.1977,580.205,903.8068118344004,1007.822625691
01061091,2719.4100155133583,127251.7107,684.275,759.5040232327258,1123.632605481
01058015,3347.8221186332685,128248.16520000002,1073.8799999999999,935.0132395130855,1132.4312987160001
01058068,2219.1607758764203,96624.1982,856.64,619.7894130945253,853.191670106
01058125,2342.7595382051018,109705.2518,927.82,654.3093114253028,968.6973733939999
01058151,2202.0040477329376,74801.5408,770.882,614.9977104913321,660.497605264
01058158,620.7505626377747,18410.6548,177.065,173.3694246391041,162.566081884
01058164,2273.073111732065,125223.18970000002,1512.126,634.8465893756485,1105.7207650510002
01058029,5184.165402961211,219265.733,1903.509,1447.8855553930366,1936.11642239
01058048,2190.5552050009983,58599.35389999999,634.428,611.8001632047287,517.4322949369998
01058003,4506.485055532735,223019.7264,1637.155,1258.6162111597375,1969.264184112
01058054,19594.75974493715,725921.4096,5056.074,5472.620449163496,6409.886046768
01058097,2281.0534721142694,81916.93779999999,749.837,637.0754242267942,723.3265607739999
01058127,9568.673410246152,449922.8089,4960.17,2672.434796747648,3972.8184025869996
01059053,17810.89600937178,704098.7089,6474.276,4974.405146457444,6217.1915995869995
01059043,2633.7076036558105,127047.65049999999,607.015,735.5681966250313,1121.8307539149998
01059051,1276.9395055402815,52351.4422,566.57,356.6364345023452,462.2632346259999
01059056,1217.294389992999,40216.6499,515.6949999999999,339.97815018114466,355.11301861699997
01059078,2768.7756163144345,120283.89739999999,1029.685,773.2913418804584,1062.1068140419998
01059018,3948.878788036013,198490.6597,1775.605,1102.882356710578,1752.6725251509997
01059042,3023.204492138513,129576.7751,935.635,844.3507826093653,1144.162924133
01059062,2155.875046001742,113029.3361,1533.075,602.1143415978264,998.0490377629999
01059075,38908.24644853904,1407012.2181000002,9803.706,10866.684150612467,12423.917885823
01059098,4329.497789568806,198511.0942,2328.575,1209.1854376486717,1752.8529617859997
01059008,196.8052337261913,183730.3073,1681.18,54.96573372738796,1622.3386134589998
01059037,3129.5745862914723,140025.96250000002,1173.26,874.0588862053453,1236.4292488750002
01059049,2608.703751988056,96355.7925,752.09,728.5848708927441,850.8216477749999
01059084,86.44938019847343,60793.7819,563.77,24.144447395631644,536.809094177
01059093,96.41763007951707,63647.9159,616.835,26.928479904908322,562.011097397
01059185,15401.283566664115,671753.0299999999,5519.611,4301.42448733362,5931.579254899999
01059103,1811.092736279959,87813.8082,1021.061,505.82009031562967,775.395926406
01059127,5706.778029746519,281385.1619,2894.263,1593.8460359279052,2484.630979577
01059145,2457.089840964946,129255.73310000001,1244.5,686.2406216830997,1141.328123273
01059176,7146.450544879894,270164.381,2713.485,1995.9321726795054,2385.55148423
08435042,9452.425938557693,420403.6367,6141.382,2639.968040379778,3712.1641120609993
09776116,42894.47323266937,1780892.4649,14096.043,11979.997429152229,15725.280465066999
08436018,11842.217878716048,469726.4660000001,7857.753,3307.413031346605,4147.68469478
08436039,12219.586206966884,395138.88249999995,6370.028,3412.8082317437807,3489.076332474999
08436011,17611.770419531877,594281.2851,8502.161,4918.7913604710575,5247.503747432999
08436012,11330.846643175952,446036.4575,6951.371,3164.5921589726113,3938.501919725
08436069,10945.375214108295,448045.94499999995,6230.662,3056.9338435483055,3956.245694349999
08436082,34865.39024024469,1397602.181,12637.707,9737.55484019794,12340.82725823
08426014,23804.58868956227,1080451.4406,14456.791,6648.383575107847,9540.386220498
08436008,22667.89555277858,982730.2942,14647.874,6330.916548935529,8677.508497785999
08436009,59478.03329443814,2095184.8602999998,28659.081,16611.619918803626,18500.482316448997
08426006,284.07987325806806,9016.788,1381.875,79.34066780224582,79.61823804
08426013,9699.13129976006,412755.1244,5677.689,2708.870380709987,3644.6277484519997
08426090,2217.7150339924397,123926.9245,2392.69,619.3856318437485,1094.2747433349998
08426005,2166.7862875221467,99834.2058,1944.273,605.1617422420603,881.5360372139999
08426011,8717.464527405955,342217.8572999999,6644.818,2434.700667859209,3021.783679958999
08426078,701.5148227445651,35476.8986,696.51,195.92607484432958,313.261014638
08426109,1234.525612055479,57805.2254,1277.403,344.79065819097474,510.420140282
08426118,1909.8299009115694,85421.16040000001,1631.866,533.3963930255921,754.2688463320001
08425036,3221.2145986386354,118604.4346,2050.92,899.6530252537844,1047.277157518
08425052,1089.9260811395384,43584.4931,1068.089,304.4054552014617,384.85107407299995
08425055,866.3610375964613,44520.4152,722.085,241.96597419031565,393.115266216
08425081,11716.426893030723,467149.6154,7497.669,3272.28086695455,4124.9311039819995
08425091,5998.023661616347,261383.3406,5236.443,1675.1880284528295,2308.0148974979998
08425123,1972.707738530513,98069.6881,1286.358,550.957544294187,865.955345923
08425125,1323.3995523713206,35025.738099999995,822.48,369.6122609817861,309.27726742299996
08425002,17329.2490308241,640828.5178,10650.845,4839.885961818863,5658.515812174
08425108,18659.04893048699,774314.3293999999,10050.044,5211.285775795712,6837.195528601999
08425071,8451.286793688296,1504472.4849,15948.229,2360.359888609204,13284.492041667
08425139,9622.426992953124,415432.6434,5420.947,2687.4476348618778,3668.2702412219996
08117016,87.96433044868984,61000.8456,580.04,24.567557851014584,538.637466648
08117031,1461.4001341510236,120049.3634,1850.877,408.15444346703936,1060.0358788219999
08117035,3465.5071368884046,113756.4153,1022.75,967.8814882615625,1004.4691470989999
08425134,14780.197363256328,455963.1326,5687.947,4127.96132158386,4026.1544608579998
08117012,7941.484462235369,402275.77249999996,4746.308,2217.9771954577163,3552.0950711749992
08117017,4045.6121520225884,199835.1985,2451.446,1129.8990179383886,1764.5448027549999
08117020,11918.6899507446,241883.6255,2932.314,3328.7709163434592,2135.8324131649997
08117023,1696.898838985097,101634.89660000001,1740.792,473.9268767401477,897.436136978
08117026,771994.8029495045,3679338.2939,24918.489,215610.4285157671,32488.557135136998
08117028,5075.789634724621,240165.30920000002,2420.713,1417.6172870822393,2120.659680236
08117030,9370.47429430495,377268.6359,4591.649,2617.079765656429,3331.2820549969997
08117001,3576.4069156062224,179915.625,1887.375,998.8546874596618,1588.6549687499999
08117009,8193.790874205104,122621.0867,2020.64,2288.4438532567433,1082.744195561
08117011,2758.043109901693,167152.6887,2418.934,770.2938601644437,1475.958241221
08117038,6994.130597206331,378787.8781,4233.564,1953.390734493756,3344.6969636229996
08117055,5977.261917480385,297575.773,3083.817,1669.3894809330966,2627.5940755899996
08119001,19049.714320437037,889689.0285999998,10653.291,5320.394712554859,7855.954122537998
08136042,24729.942821398072,976749.7390000001,9718.633,6906.825730588267,8624.70019537
08119037,5736.224747197099,319613.4546,2859.52,1602.0702096446776,2822.1868041179996
08127062,29528.941239949814,573015.1374,6197.849,8247.137998905582,5059.723663242
08127076,111156.34713736495,3498036.8041,42899.787,31044.856191994655,30887.664980202997
08127100,23705.458328890516,559963.4805999999,8280.189,6620.697456675832,4944.477533697998
08126085,18163.930030477815,452480.97429999994,3967.198,5073.004018212148,3995.407003068999
08127059,11158.984892905864,452568.9418,6406.688,3116.5928907396788,3996.1837560939994
08126046,38221.31223663592,1511437.6855000001,18631.121,10674.830294570045,13345.994762965
08126047,52101.93994074553,1125112.9837,16879.16,14551.550806050818,9934.747646070999
08126060,14939.700891703831,367084.7357,4547.644,4172.509062043962,3241.358216231
08126039,16495.090131690682,682442.0821,10017.549,4606.91372287989,6025.963584943
08126045,65274.34711316359,611499.9425,6524.419,18230.472405235458,5399.544492274999
08126086,4474.1939586131575,212439.46910000002,2859.26,1249.5976307010687,1875.840512153
08126020,272031.86362982256,426121.3162,4006.743,75975.77919317313,3762.651222046
08128006,237935.44294508142,300287.1911,4737.051,66452.98986013178,2651.535897413
08128139,33525.726327542805,1486896.2028000003,17821.662,9363.40010601943,13129.293470724002
08128115,31534.043245969762,1427170.5760000001,14836.466,8807.142938166895,12601.91618608
09679144,9449.603787061049,321291.0475,3693.116,2639.1798416882802,2836.9999494249996
09679164,3791.996741160987,291711.5407,4072.208,1059.066769838852,2575.812904381
09677125,4413.011580678622,257032.3635,3021.03,1232.510004367732,2269.595769705
09677146,3725.885700949993,201397.9264,2196.087,1040.6026174183235,1778.3436901119999
09679149,1579.7017354741015,104758.2543,1144.34,441.1948977005618,925.015385469
09679177,3505.4348243236195,211614.4843,2244.937,979.0328920853436,1868.555896369
09677178,3066.424701790898,163326.7697,1685.07,856.4217549631799,1442.175376451
09677186,16199.640401014738,367607.1385,4510.72,4524.397567599406,3245.971032955
09677193,9335.718931300247,168826.3525,2530.935,2607.372940322846,1490.736692575
09677131,22679.33409750507,1091450.7155,9338.155,6334.111220092191,9637.509817864999
09677148,46491.4334160698,1644339.5256,18610.901,12984.592438774132,14519.518011048
09677164,1475.448800701835,94029.9844,884.19,412.0780955480154,830.284762252
09677122,4110.730739613126,258199.59560000003,2293.949,1148.08598826655,2279.902429148
09677177,3124.4066681734525,199871.0125,1989.025,872.6155383541635,1764.861040375
06435027,24781.06728149932,1224095.9361,8798.346,6921.104281049945,10808.767115763
09672166,5964.210742598967,343547.4411,3377.05,1665.7444183004654,3033.5239049129996
09677159,1942.9727445323542,116650.47769999999,1632.586,542.6528578204412,1030.0237180909999
06631016,19769.42853289379,829342.4282,10880.516,5521.403694951907,7323.093641005999
06631006,39516.966355148834,1319229.1757,19644.447,11036.693533329517,11648.793621431
06631009,170589.14942362238,5325842.7179,43089.683,47643.84354252349,47027.19119905699
06631015,39268.11661594581,1800885.6974000002,18288.939,10967.192289667504,15901.820708042
06631002,14994.327786200438,841361.3697,10568.034,4187.76580740792,7429.220894450999
06632008,7593.569554441221,461801.2094,5271.025,2120.8080408598885,4077.7046790019995
06632002,68086.01363966595,2593537.7128,17844.516,19015.7427494223,22900.938004023996
06632001,12440.61362638187,662784.4021999999,8597.672,3474.538979712192,5852.3862714259985
06632018,21606.876448672916,1185785.3484,12507.645,6034.5845233498585,10470.484626372
06634024,7186.867693009905,822645.0587999999,7731.354,2007.2202779807365,7263.955869203998
06633012,5028.934024487796,343801.1366,3586.745,1404.5309836991964,3035.764036178
06636006,24185.20812443954,1290577.81,11388.816,6754.686777074719,11395.8020623
03159017,51384.51092229469,1907930.7224,12616.711,14351.180055487685,16847.028278792
06633019,2385.546339181921,148290.46149999998,2078.409,666.2592370701187,1309.4047750449997
06633022,7484.191419718763,462239.98900000006,3754.796,2090.2598216132533,4081.57910287
03159024,2634.2989462968917,194711.00780000002,1603.616,735.7333527112588,1719.298198874
03255018,1468.1731738172646,98780.15359999999,609.985,410.04608571542377,872.2287562879999
03255034,12963.913423510225,578543.0191,3991.975,3620.6913800521706,5108.534858653
03255036,1142.1257782511186,79211.6293,783.243,318.9843086077549,699.438686719
03254041,11251.044015163887,569649.6811,4042.348,3142.304082995122,5030.006684113
03255010,603.5687314966572,43866.0024,919.025,168.57071101970138,387.33680119199994
03255013,8670.651090219073,419310.45489999995,1970.501,2421.6261429872848,3702.5113167669992
03255022,846.1228172216714,52902.4744,550.113,236.3136416218406,467.12884895199994
03255027,908.305967155338,65076.916300000004,859.46,253.6807735668143,574.629170929
03255028,4554.469402434889,66153.3317,367.05,1272.01775940604,584.1339189109999
03254013,5039.602960574652,332366.1792,2378.54,1407.5107108588943,2934.793362336
03254014,17896.932017614345,960605.7136,7190.993,4998.43414319951,8482.148451088
03241014,32042.631386945868,1475316.3551,10148.837,8949.186520060111,13027.043415532999
03241001,751737.5664680703,25494448.6545,82386.054,209952.78493886732,225115.98161923498
03241010,146810.88282390672,3991119.661,14758.518,41002.81146388891,35241.58660662999
03241019,100681.41988343342,3158857.3889,20737.821,28119.31375924412,27892.710743986998
03358005,6737.371202736638,300451.7352,2073.544,1881.6804032123155,2652.988821816
03358015,4479.83329880274,269202.6729,1996.488,1251.172642022617,2377.0596017069997
03358020,12898.46601028057,632243.5571999999,4350.739,3602.41257201126,5582.710610075999
03358006,1866.8925394819653,107888.5347,474.03499999999997,521.404417351918,952.655761401
03358007,3769.994466505199,210627.6789,1258.76,1052.921754550237,1859.8424046869998
03358012,1720.9387060453623,97709.8051,509.435,480.64097121140924,862.7775790329999
03357025,4927.68838716762,244054.5269,1395.78,1376.2540896520445,2155.001472527
03358017,35317.4718417668,910340.2157,6093.695,9863.816710687048,8038.304104630999
03357015,6419.527387617219,352266.1491,2672.273,1792.9098040876129,3110.5100965529996
03357049,46.512055157658104,1773.7033000000004,954.831,12.990351884982331,15.661800139000002
03353006,2170.470075332897,129796.88499999998,906.319,606.1905873397247,1146.1064945499998
03353014,2836.1083543244476,126134.8777,960.925,792.096702279275,1113.770970091
03353018,9459.2955773724,377794.1549,2082.49,2641.8866618043376,3335.922387767
03353028,3455.216844822266,155757.2432,718.385,965.0075125904107,1375.3364574559998
03353035,23173.35952503781,1149648.7081,6043.254,6472.087581747809,10151.398092522999
03353041,2971.339672249515,174955.77909999999,1233.795,829.865457062567,1544.8595294529998
03359006,7478.254241132541,335070.2909,2167.605,2088.601627005907,2958.670668647
03359010,72479.6995690723,2811808.2763,13766.551,20242.8552926462,24828.267079728997
03359020,4195.910897361553,210124.56659999996,969.98,1171.875954524108,1855.3999230779996
03359021,4525.833129362332,182317.3126,1819.762,1264.0199346996058,1609.861870258
03359026,1168.0965950810244,60035.9175,3246.41,326.2376980401793,530.1171515249999
03359028,65061.969006523104,1666894.6009,12122.311,18171.157323831838,14718.679325946998
03359032,3523.690815480589,145716.2109,1668.605,984.1316078555737,1286.674142247
03359033,2834.8980592516923,125860.4523,883.758,791.7586789684051,1111.347793809
03359034,4577.076860731589,154500.8654,1189.482,1278.3317964337252,1364.242641482
03359039,4548.038466785168,213297.7833,1364.155,1270.2216633884293,1883.419426539
01056020,4508.394476635348,209172.58659999998,1133.525,1259.1494933794863,1846.9939396779996
01056024,6719.510259422016,293468.9107,1849.425,1876.6920203539748,2591.330481481
01056027,4496.978029449732,180695.07400000002,780.77,1255.9609938450155,1595.5375034200001
01056028,9312.411269864857,359896.37279999995,1799.325,2600.8633435605557,3177.8849718239994
01056036,8911.378923288798,444972.2752,2496.288,2488.859019485328,3929.1051900159996
01056050,50285.21952357751,1846325.6648000001,7059.511,14044.158960739962,16303.055620184
01056015,79407.79470713901,2992082.1750000003,10378.585,22177.802983756854,26420.085605250002
01056016,1537.062107554456,81486.6985,532.415,429.286076018884,719.5275477549999
01056023,4531.64180002477,240488.2247,2083.89,1265.642238328918,2123.5110241009997
01056029,4824.555815658414,294728.8273,1961.375,1347.4501937552384,2602.4555450589996
01056033,3179.388834637759,139951.62099999998,952.91,887.9715076259796,1235.7728134299998
01056037,2908.4781616297114,97940.9475,705.115,812.3088657615621,864.8185664249999
01056049,27354.240805593043,1203880.3671,4821.689,7639.765914594081,10630.263641492998
01056030,9698.6988274758,381193.48170000006,2681.533,2708.7495955257164,3365.938443411
01056051,3743.7557387387046,170109.71500000003,1094.79,1045.5935402723328,1502.0687834500002
01061041,3687.942283507669,152136.6874,856.155,1030.0054003608568,1343.3669497419999
01061050,4302.690047613074,222346.7457,1771.983,1201.6983033978554,1963.3217645309999
01061092,2574.38877312877,113717.25759999998,399.15,719.0010404471342,1004.1233846079998
01061016,1107.5244990098993,50171.5823,222.955,309.32051732847475,443.015071709
01061053,565.6486309269142,19579.236800000002,125.96,157.98000613157785,172.88466094400002
01061058,1363.4060095061736,45352.4164,637.3149999999999,380.7856643949792,400.461836812
01061065,1973.9766021606347,91206.66230000001,646.13,551.3119252174437,805.354828109
01061068,713.2457890943214,24566.4733,280.19,199.20241643615302,216.921959239
01061071,1130.1435211309636,50794.5535,349.945,315.6377840166668,448.515907405
01061109,1526.6083612989091,63156.7263,325.115,426.3664492271723,557.673893229
01061114,944.7769685771079,43951.336800000005,247.26,263.86675955390047,388.090303944
01061115,1037.8467487415014,37498.0006,328.495,289.8602184560139,331.107345298
01058062,2198.6059716532127,58980.7025,454.572,614.0486618230258,520.7996030749999
01058085,1060.9134482976351,46182.1373,416.89,296.3025169750465,407.78827235899996
01061084,1452.0656924359314,68324.40660000002,600.405,405.54742724043126,603.3045102780001
01061086,1711.959562360487,73870.26250000001,361.23,478.1331861716604,652.274417875
01061100,783.0031987237163,32317.2701,606.925,218.6849633715467,285.361494983
01058031,769.0422667528081,32076.748999999996,282.005,214.78581468139177,283.23769366999994
01058077,14765.014781551325,617670.8283,3204.213,4123.720978339469,5454.033413889
01058113,2098.61959858197,102844.9264,1057.8799999999999,586.1234676879584,908.1207001119999
01058134,1743.902667239779,81863.917,751.295,487.05457593339787,722.85838711
01058155,4469.288996197902,100656.37029999998,639.867,1248.2277237481119,888.7957497489998
01058167,1215.5179116674362,49628.9008,743.08,339.48199754959825,438.223194064
01058071,2391.4646892989367,90231.1139,936.755,667.9121730743,796.7407357369999
01058075,1044.6756105388404,24631.2769,164.175,291.7674512673927,217.49417502699998
01058086,3980.303000396392,170861.84339999998,4107.698,1111.6588249807082,1508.7100772219997
01058118,4238.609346245559,200127.427,1148.3899999999999,1183.8012043129222,1767.1251804099998
01058148,3933.5564711068823,147732.71300000002,1602.459,1098.602986815441,1304.47985579
01058172,7413.481571968695,405235.8383,3079.224,2070.511268235137,3578.2324521889996
01058034,21324.90796162113,830238.1213000001,4842.04,5955.833544601165,7331.002611079
01058135,55548.33726818605,2084462.2175999996,7032.729,15514.09511563168,18405.801381407997
01058136,2227.731220540564,116984.68620000001,672.795,622.1830525847741,1032.974779146
01058008,1916.1576085440568,107332.8014,968.54,535.1636584902695,947.7486363619998
01058030,2748.490138989926,125217.89240000001,1493.915,767.6258109184964,1105.673989892
01058067,1817.7869020091912,82669.4798,539.715,507.689703862147,729.971506634
01058081,1052.578811365796,51479.1636,339.3,293.9747362263531,454.561014588
01058084,1537.2926131950985,63119.269799999995,640.08,429.350453939259,557.3431523339999
01058175,1801.2852601232632,79430.9271,578.658,503.0809602998262,701.375086293
01059032,1230.8691939057467,56205.2217,328.63,343.769457165936,496.292107611
01059012,1816.810953530747,97520.6425,888.294,507.4171312116023,861.1072732749999
01059026,5535.463440681572,260075.7132,3078.535,1545.9995843479562,2296.468547556
01059073,7378.880645791071,205048.6882,1821.99,2060.8475755629884,1810.5799168059998
01059086,4668.686127834905,167325.5978,2500.508,1303.9173486430107,1477.4850285739997
01059090,15.661996944719654,150071.8184,1896.23,4.374239126690751,1325.1341564719999
01059006,2522.6742721676487,118100.64989999999,1136.925,704.5576974737025,1042.8287386169998
01059060,4861.037760366681,157434.2091,1551.365,1357.6392360928103,1390.144066353
01059076,536.5339875494931,98402.7812,1113.066,149.84857738269793,868.896557996
01059082,0.1521171700980813,122222.4453,1239.199,0.04248480443669312,1079.224191999
01059097,2955.2651166554565,106853.3729,1735.023,825.3759944307023,943.515282707
01059118,2797.4583732388683,135150.60629999998,1046.716,781.3021490618835,1193.3798536289999
01059161,13747.456736258257,574381.0313000001,4676.281,3839.527191869568,5071.784506379001
01059106,4115.379080168648,164266.0241,1739.099,1149.3842233003018,1450.468992803
01059137,4621.055550492185,200635.32009999998,1716.35,1290.6146046969623,1771.6098764829997
01059157,1282.7308618708084,64505.8753,836.21,358.2539024118981,569.586878899
01059178,1907.050908064739,103073.09149999998,824.755,532.6202481134009,910.1353979449998
09776126,5929.146386443354,322482.1113,4465.888,1655.951294269764,2847.517042779
08436001,5406.511394931751,228902.9086,3718.854,1509.9845674904886,2021.2126829379997
08436081,70000.09420928788,2683217.9636000004,37991.931,19550.32631171201,23692.814618588
09776115,8579.200802706275,250802.5051,5504.23,2396.0849921878353,2214.586120033
09776130,6469.4856452395825,247485.0294,2897.024,1806.8626458589629,2185.292809602
08436006,14682.714298201936,560238.9331,10836.74,4100.735276344818,4946.909779273
08436078,4044.621152261867,203121.77739999996,7615.678,1129.6222416152168,1793.5652944419996
08436079,7331.42254814959,338683.1624,6567.459,2047.5930034726987,2990.5723239919994
08436014,9304.285677590138,360899.34990000003,6058.634,2598.5939468941497,3186.741259617
08436085,324.3220507471506,20732.410999999996,7764.8,90.5799055531717,183.06718912999995
08426021,99817.10546024144,3007511.3175999997,33130.337,27877.91938399083,26556.324934407996
08426038,21129.002629024126,702150.7004,13869.944,5901.119144260148,6199.990684531999
08426058,10004.41970035386,296530.2332,6918.672,2794.1343781118294,2618.361959156
08426062,10153.322312374688,477657.21170000004,7500.35,2835.7213886231266,4217.713179311
08426074,9044.609074225678,432369.33259999997,7147.252,2526.0688683404896,3817.821206857999
08426128,13424.75079670347,565214.5146,7914.496,3749.398650011312,4990.844163917999
08426134,167338.09806687216,1039567.8143,19324.977,46735.85740909672,9179.383800268999
08425050,23351.173744452455,117879.46940000002,2388.756,6521.7493150881255,1040.8757148020002
08425104,10404.299181231578,286364.4245,3800.365,2905.816718326167,2528.597868335
08425124,2655.360822469377,117274.14940000001,1957.768,741.6157241074723,1035.530739202
08425004,1423.7627518881477,85441.9468,1441.283,397.64269897484075,754.452390244
08425017,7443.328328442402,330108.44039999996,5055.764,2078.8471688506784,2914.8575287319995
08425020,31522.825567969918,1241825.9599000001,18455.663,8804.009952878318,10965.323225917
08117006,6875.8796002529325,353421.4804,3648.37,1920.3644135546415,3120.7116719319997
08117014,9839.261727793955,449574.02940000006,4269.205,2748.0074079555734,3969.738679602
08117024,32695.311906328305,1776142.3834000002,13653.847,9131.47366231843,15683.337245422
08425079,391.2720586326283,332263.7486,4370.699,109.27837325550675,2933.888900138
08425084,11948.707698941043,355027.4128,6572.415,3337.1545732372438,3134.8920550239995
08117007,6598.379643442719,371094.5445,4558.715,1842.8614506171168,3276.764827935
08117025,10369.283840615426,379255.84169999993,3775.9,2896.0372838454823,3348.8290822109993
08117043,2700.059351505834,168928.96709999998,2065.087,754.0995762820643,1491.6427794929998
08117049,400415.65432204324,761773.9658999998,6904.899,111832.08809560345,6726.464118896998
08117019,856896.7209367172,1351323.0588,8933.957,239322.68519041574,11932.182609204
08117037,151954.36589429423,258654.4577,2929.769,42439.33485061743,2283.918861491
08117042,368618.52786045603,577026.7276999999,5264.555,102951.46864614676,5095.146005590999
08117053,15998.33892317059,313042.3416,4305.674,4468.176077852314,2764.163876328
08136065,39814.229265653266,1125927.6587,37455.093,11119.7160916043,9941.941226321
08136015,32.27326475220373,2514.4404,2616.945,9.01360011264298,22.202508732
08136044,1.3809325304716964,96.8863,5076.685,0.3856806464354401,0.855506029
08136066,4473.696115225905,199128.674,3678.405,1249.458588021443,1758.3061914199998
08127023,21799.180648577698,328895.4863,3007.046,6088.2931633412645,2904.1471440289997
08127025,217953.20666333887,1075940.2631,12493.393,60872.15108900391,9500.552523173
08136027,10803.76539588875,500284.0269,7210.646,3017.3836374177686,4417.507957526999
08127056,11029.053762779424,339984.5273,4536.257,3080.304425406665,3002.063376059
08127086,12184.40257243028,522221.706,8163.106,3402.9817944540523,4611.21766398
08127009,10119.923512359856,439259.7087,9691.839,2826.393437766984,3878.663227821
08126056,75741.878883409,732699.4826,9218.002,21153.949353347296,6469.736431357999
08128007,197196.18445105152,2259592.867,24448.714,55074.92235533417,19952.205015609998
08128045,10446.975290367505,531654.7004,7874.478,2917.7357288467406,4694.511004532
08128047,15614.191068674507,572682.9201,7276.448,4360.887423570102,5056.790184482999
09679165,3754.4333490406907,238747.326,2551.92,1048.5756900535744,2108.1388885799997
09677119,8587.327487569008,303685.0049,3750.797,2398.354694003148,2681.5385932669997
09679141,3236.9512327998095,182915.2671,2146.933,904.0481098086588,1615.1418084929999
09679196,4353.062533942668,224486.0893,2463.69,1215.7668351048476,1982.2121685189998
09679200,4818.773382560312,327757.32310000004,3858.79,1345.8352180152694,2894.097162973
09679205,9318.319474321746,460292.9079,5306.407,2602.5134459833203,4064.3863767569997
09677142,2790.682452601218,160945.6001,2608.0389999999998,779.4097021869941,1421.149648883
09677203,13955.499091003976,622842.1114,8258.053,3897.6313411265,5499.695843662
09677132,3376.790103109427,175839.29369999998,1552.943,943.1037078974318,1552.6609633709998
09677149,5595.883159128907,289980.63039999997,3219.541,1562.8742075131124,2560.5289664319994
09672161,6986.558833105168,430909.56440000003,5183.04,1951.2760164979422,3804.931453652
09677133,3777.7787918643203,231445.5972,2270.315,1055.095838779786,2043.6646232759997
09672138,9610.690080324553,406445.9612,6436.989,2684.1696325338444,3588.917837396
09672113,13476.991689911705,582250.6197,6348.63,3763.9890090754398,5141.272971951
09672134,5822.713256937053,259157.1785,3965.5099999999998,1626.2255855299495,2288.357886155
06631004,13964.9385901854,608314.0263,9610.686,3900.26769885288,5371.412852229
06631017,25340.640863769055,1295621.7643,17942.217,7077.387586842059,11440.340178768998
06631020,38974.06288025295,1385385.5815000003,14985.231,10885.066021825847,12232.954684645001
06631007,23923.351305648433,1113146.5770000003,12477.643,6681.552786154551,9829.084274910001
06632007,8439.223837177047,399308.48640000005,3772.102,2356.9908254851775,3525.893934912
06632019,11378.3339766592,649125.8550999999,7523.041,3177.8548963411477,5731.781300532999
06632003,31299.322708100066,1373198.328,13076.03,8741.587839145266,12125.34123624
06636004,1405.6718483044037,528953.4158,4012.113,392.5900905129369,4670.6586615139995
06636016,37449.33422517478,1568691.8377,12065.882,10459.224555749064,13851.548926890999
03159009,6916.050282318638,412728.1364,3822.345,1931.5836833487722,3644.3894444119996
03159029,73681.49895328193,1155548.4834,9859.954,20578.50584266211,10203.493108421999
03159031,4275.339841270306,270781.5334,2244.654,1194.0596642683838,2391.000939922
03159001,10817.358298167308,676671.9944,5868.546,3021.179999095147,5975.013710551999
03159008,1279.6677387918164,78164.6042,861.414,357.3984027671664,690.193455086
03255012,2177.0664981951604,138231.85330000002,1353.555,608.0329022809264,1220.587264639
03255008,14230.498537446114,794835.703,4798.584,3974.435936523325,7018.399257489999
03254002,41215.5447634277,1800733.6612000002,9371.134,11511.089496977722,15900.478228396001
03254043,23545.586114328777,1239739.2597,7380.878,6576.046745870884,10946.897663151
03254026,19104.61016121053,1202569.5431000001,9744.08,5335.726571924489,10618.689065573
03241013,26569.540420434576,1320662.2129,10578.737,7420.606944023172,11661.447339907
03241007,27833.296655529335,1406677.9572,11051.767,7773.561422922788,12420.966362076
03351023,14839.217764401259,849778.6265999998,3870.813,4144.445129419627,7503.545272877998
03351024,25793.70009505327,1521662.6248,9523.578,7203.922499547428,13436.280976984
03358008,40933.95315850037,1403470.6613000003,6058.017,11432.443777637569,12392.645939279002
03358021,109050.70806211526,2412199.9362999997,11689.604,30456.77225466817,21299.725437528996
03353022,806.1582379271067,38900.351299999995,484.18,225.15193427066163,343.4901019789999
03353027,4786.353922931218,239443.5923,1749.179,1336.7807871354598,2114.286920009
03353038,3214.2709962993304,166622.815,764.065,897.7137465564399,1471.27945645
03353001,3599.7130633896018,227678.36680000002,1177.805,1005.3638614740818,2010.399978844
03353008,1370.4861642423016,83145.64570000001,692.965,382.7630808112324,734.176051531
03353019,10442.11966817549,438596.59719999996,2640.256,2916.3796021247326,3872.8079532759994
03353021,2374.926847718399,140590.2877,600.782,663.2933192992716,1241.4122403909998
03353039,13063.421409750928,293002.9299,1082.586,3648.4829655293365,2587.2158710169997
03353025,3341.2736013048943,186237.093,999.426,933.1843041084438,1644.47353119
03353026,113339.95402067478,1975305.1663999998,7659.221,31654.715758434257,17441.944619311995
02000000,2061003.887244631,72128510.0237,179017.853,575617.775668553,636894.743509271
01056001,10671.233356165105,486287.75440000003,2214.241,2980.368764043352,4293.920871352
01056040,9504.766149730029,259352.66229999997,1388.735,2654.5861379580997,2290.0840081089996
01056003,3419.99836405865,127538.46359999999,562.2860000000001,955.1713430979404,1126.1646335879998
01056008,4405.611984336633,177737.8439,1309.422,1230.4433711053782,1569.425161637
01056011,2073.869002264265,73396.5342,403.675,579.2108736423866,648.091396986
01056014,5235.681733899758,218305.65720000002,1332.37,1462.2735514608632,1927.638953076
01056031,5648.856621279347,245086.1427,1988.09,1577.6691657571087,2164.110640041
01056046,2758.5014912847787,117296.7997,526.865,770.4218815009258,1035.730741351
01056048,31638.686367721213,1189882.2771,5509.526,8836.368715640858,10506.660506793
01056002,20008.816234581696,845229.6089,4109.585,5588.262286156321,7463.377446586999
01056006,3941.5659062021673,128803.2975,1335.062,1100.8399419432033,1137.333116925
01056010,6143.658835092198,228601.4109,2259.935,1715.8624760529,2018.5504582469998
01056017,2321.753759087065,82354.2225,536.0649999999999,648.4426073754264,727.187784675
01056035,4321.4704756566025,177200.53369999997,1275.315,1206.9434891461324,1564.6807125709997
01056038,3964.092976813077,102499.4749,601.39,1107.1315274941242,905.0703633669999
01060021,1697.6554646788927,67836.675,289.62,474.1381947301679,598.99784025
01060056,897.5537720126828,45817.78260000001,117.17999999999999,250.67779298542214,404.5710203580001
01060095,5265.106245543679,181080.25340000002,972.776,1470.491523317894,1598.938637522
01061005,1064.8763223430099,39505.6724,213.27,297.4093080671792,348.835087292
01061038,813.3101441525558,27675.913,172.308,227.14939016036732,244.37831179
01061049,17591.26437956928,743596.2369,3876.383,4913.064228569903,6565.954771827
01061088,2602.9066871437967,89595.75779999999,534.815,726.9658086523909,791.1305413739999
01061116,5781.283191706115,232088.5152,1307.3,1614.6545826116007,2049.3415892159996
01061117,2827.9866017551676,91160.71789999999,791.095,789.8283780042007,804.9491390569998
01058009,8626.644521200184,466983.127,3578.724,2409.3355483259993,4123.46101141
01058103,1002.8256544453741,56083.017,710.025,280.0791770300485,495.21304010999995
01061028,1552.5534466841011,76437.7223,625.75,433.6126521244026,674.9450879089999
01061036,1895.165569167363,107224.7231,715.54,529.3007918127528,946.794304973
01061064,1185.8611474312522,51282.23390000001,318.48,331.1991598660744,452.82212533700005
01061080,784.8705748000641,38599.2582,231.005,219.2065028359099,340.83144990599993
01061089,472.9971815313641,26029.1033,128.43,132.10338282989468,229.83698213899999
01061093,493.9281811019167,34720.337,258.525,137.9492016999543,306.58057570999995
01061096,1142.863207215721,47371.0438,671.45,319.19026514327874,418.286316754
01061103,321.8128940840252,15166.053,109.75999999999999,89.87912318872739,133.91624799
01058011,2051.56996939783,107435.58899999999,897.485,572.9829767531199,948.6562508699999
01058074,1155.5283100496717,44857.832299999995,273.78000000000003,322.7275017137728,396.09465920899993
01058101,844.7913004326632,42560.0524,612.838,235.9417622978385,375.805262692
01058106,1028.653598814419,48150.45,301.21999999999997,287.29266361287904,425.16847349999995
01058115,2820.1495937941036,119379.87829999998,871.297,787.6395800507552,1054.1243253889998
01058120,685.9816446568988,32429.8251,371.03,191.58781353622524,286.355355633
01058131,1157.3154755420683,32026.252800000002,166.13500000000002,323.2266391641442,282.791812224
01058159,1576.232892092749,61786.3614,685.1949999999999,440.22608443258383,545.573571162
01058024,5416.074494573035,200861.76570000005,1330.282,1512.6554455893029,1773.6093911310002
01058035,3682.5037618430974,120618.5298,830.062,1028.4864756451586,1065.061618134
01058111,1108.7646858965963,37181.3707,222.902,309.6668891240604,328.31150328099994
01058122,1827.2386304981096,84891.1827,609.235,510.329477111817,749.589143241
01058124,11569.34710820027,509486.6875,4088.857,3231.2029538492534,4498.767450625
01058132,955.01213798626,42827.493,219.82,266.7253400181825,378.16676319
01058140,6606.925647909464,417430.3523,2012.259,1845.248264204634,3685.910010809
01058146,2410.248066714844,104067.21340000001,1019.03,673.1581825527887,918.913494322
01058039,1315.4127910348898,55727.4258,612.585,367.38163840813434,492.0731698139999
01058066,3673.739627305056,165053.42469999997,1578.475,1026.038740510029,1457.4217401009996
01058083,1100.1571702815004,44892.827600000004,371.605,307.26289608792024,396.403667708
01058088,1314.5309240034628,45670.9214,731.1,367.1353417649271,403.274235962
01058123,2594.1728696902996,107901.9622,1106.985,724.5265407758037,952.7743262259999
01058052,3638.9620931854242,200887.5385,1393.185,1016.325723005757,1773.8369649549998
01058090,3881.3705276224346,188965.9959,1249.63,1084.0279746596698,1668.569743797
01058173,2968.764036243247,130851.9621,957.395,829.1461076823764,1155.4228253429999
01059094,3908.1952986137753,154151.7829,1994.275,1091.5198649498413,1361.1602430069997
01059189,4027.999046254052,150180.727,1471.03,1124.979853628294,1326.09581941
01059055,1927.5359633671096,54157.201,743.825,538.3415192088,478.20808482999996
01059063,1175.1600611719123,65733.47339999999,601.576,328.21045348470335,580.4265701219998
01059065,502.97377565326224,24301.892,83.73,140.4755458021996,214.58570636
01059072,1443.739744453817,48916.2825,662.943,403.2220732285065,431.93077447499996
01059080,3683.218877191606,109689.62030000001,919.298,1028.6862002108437,968.559347249
01059083,13637.797286355193,564817.2096,4851.685,3808.9004041061417,4987.3359607679995
01059070,1307.859698152602,47621.7739,733.23,365.2721350970402,420.50026353699997
01059102,948.3769044257957,37299.6663,532.626,264.87218563708046,329.3560534289999
01059167,5371.434918130394,225120.522,2288.201,1500.1880582846377,1987.8142092599999
09776114,9538.029134920713,409947.73809999996,4683.575,2663.8761570920055,3619.8385274229995
09776117,23777.972783447403,841573.7002,6410.57,6640.950018689025,7431.095772765999
09776122,7380.454504549799,311117.13869999995,4018.347,2061.287138575713,2747.1643347209992
09776131,10502.3191449414,330555.4373,4345.769,2933.192713990684,2918.8045113589997
08436052,43835.170897194585,1144426.9929,24651.749,12242.724879877474,10105.290347306998
08436010,51678.17489052612,2061007.0755999999,38247.431,14433.197465175039,18198.692477547997
08426120,11391.117385986012,438469.4281,7910.47,3181.425174732033,3871.6850501229997
08426071,10936.83551726765,557421.8008000001,9914.596,3054.5487916176817,4922.034501064
08426073,41863.90018457918,540096.3775,9998.427,11692.168682551119,4769.051013324999
08426001,13445.531347509457,456834.7309,14067.835000000001,3755.202450045916,4033.850673847
08426070,238000.70385199465,2298194.2319,27747.628,66471.21657882359,20293.055067677
08421000,70280.52407258899,2747163.2391,65438.946,19628.647568233377,24257.451401252998
08425039,7918.004268053204,447220.2304,24649.351,2211.4194120245793,3948.9546344319997
08425088,3826.289811317316,201432.0956,5084.109,1068.6444814028132,1778.645404148
08425093,3469.293549408925,217176.18349999998,4932.336,968.9389954144186,1917.6657003049997
08425141,24161.242677628183,1155184.8047,16834.455,6747.993467434775,10200.281825500999
08425008,14186.149674923387,620617.2966,8789.013,3962.0497427093524,5480.050728978
08425031,27975.994049523535,1034108.1658,13652.847,7813.415378091428,9131.175104013999
08425075,15920.486252982719,593146.0869,8736.546,4446.4326055955435,5237.4799473269995
08117010,16496.693394090926,781062.3832,10629.284,4607.361498035654,6896.780843656
08117015,19973.151568299712,949019.9596,9714.253,5578.3015015104265,8379.846243267999
08117033,5758.215163935325,360477.7737,3630.36,1608.2119131354968,3183.018741771
08117061,3926.680768638429,240809.09170000002,2166.955,1096.6826718730267,2126.344279711
08136079,9017.877142920921,516607.43999999994,6717.73,2518.602907246384,4561.6436951999995
08127013,10523.551457066096,365646.42860000004,5520.045,2939.12268644399,3228.657964538
08127063,69864.85988429852,789426.2171,12042.712,19512.556717085732,6970.633496992999
08127079,4223.41854747469,95452.9455,4205.306,1179.5585661242062,842.849508765
08127043,30484.677841395864,970833.3714999998,21670.989,8514.06567432345,8572.458670344997
08127089,13301.800357389862,509398.77699999994,6759.73,3715.0598218154146,4497.991200909999
08127099,15587.242964374716,433252.57790000003,9981.42,4353.361087520214,3825.620262857
08127032,16324.618505750906,620570.4676,11860.499,4559.30270247117,5479.637228907999
08127047,9823.512945006052,298452.77530000004,5592.925,2743.60893041074,2635.338005899
08127008,49995.621296062534,1231398.1304,22250.402,13963.277071777304,10873.245491431999
08127075,37471.515424071564,1147939.8969,20670.52,10465.419542788946,10136.309289626999
08128082,25138.52383539211,938731.852,14727.865,7020.938321986661,8289.002253159999
08128126,25932.889036120363,1020671.3357,16459.057,7242.7965788980555,9012.527894231
08128058,12945.43990564311,571537.9477,8895.045,3615.531911247064,5046.680078191
09679122,7536.788787423763,276905.7815,5996.298,2104.9497404395825,2445.0780506449996
08128137,5878.935552441444,290321.9978,5373.647,1641.9279104413708,2563.543240574
09679153,5362.630817171101,263093.82430000004,4262.531,1497.7291609277165,2323.118468569
09679126,4252.166328896868,248084.7521,3397.13,1187.5875339976062,2190.588361043
09679147,14718.678001468714,584626.5746,6922.66,4110.779579030197,5162.252653718
09679154,3752.438924524168,199662.3356,2360.091,1048.0186672303548,1763.0184233479997
09679155,3996.569896392471,215749.3518,2136.19,1116.2020063634532,1905.0667763939998
09679204,3312.6384074076523,211515.25540000002,3472.14,925.1867808048831,1867.6797051820001
09679128,1729.0874664119294,130214.75219999999,1800.724,482.91683849418774,1149.7962619259997
09679142,5474.665057962928,336793.8602,4651.497,1529.019204038466,2973.889785566
09679146,4957.634752378069,299508.4962,4173.21,1384.6178099916708,2644.6600214459995
09679161,3070.7033270338898,213426.21870000003,2339.846,857.6167322072951,1884.5535111210002
09679194,3596.333276895075,245386.6412,2498.397,1004.4199209040254,2166.764041796
09679209,3919.1808445044217,225398.3674,2558.5,1094.5880180616398,1990.2675841419998
09677127,5387.763531301519,360213.42000000004,4221.618,1504.748476657201,3180.6844986
09677175,3109.8668296774163,177216.8739,3148.928,868.5547068606055,1564.8249965369998
09677189,3266.942573099847,170928.7923,1787.717,912.4243912410561,1509.301236009
09672127,2304.610235005429,153796.06389999998,13337.968,643.6545925346662,1358.0192442369996
06631010,12831.946966497182,686029.4789999999,7557.92,3583.8344682729976,6057.640299569999
06631021,8914.53558216844,461146.28479999996,5536.748,2489.7406427438236,4071.9216947839996
06631003,9260.523947083793,467821.8259,7914.324,2586.3717331810326,4130.866722696999
06631013,15438.563359502628,827169.2592,13161.709,4311.836360675489,7303.904558735999
06631019,7051.554778762549,411547.19130000006,6283.374,1969.4287341605923,3633.9616991790003
06631022,4615.820335242249,253199.39979999998,3403.888,1289.1524614298075,2235.750700234
06632006,12364.801089010049,406433.59609999997,3396.15,3453.3652961496164,3588.8086535629996
06632017,3723.4642691676722,267833.7959,2552.652,1039.926335735839,2364.972417797
06632005,3525.0216964941123,195653.3801,1974.627,984.5033096138405,1727.619346283
06636011,19986.64809128526,965780.3339,8173.272,5582.07094541506,8527.840348336998
06636012,11185.926490847165,646893.6093,6159.215,3124.1174096287045,5712.070570119
06636001,15661.656769911804,815410.7274000001,6001.305,4374.144119268667,7200.076722942
06636008,7343.211999909338,445492.58719999995,3093.527,2050.885679454679,3933.6995449759993
03159013,73121.30419327569,800682.1826000002,7582.215,20422.049048139965,7070.023672358001
03159021,2282.569409940956,143071.3637,1360.19,637.4988105024096,1263.3201414709997
06636009,3619.5927341396546,234905.2367,2246.598,1010.9160547178641,2074.213240061
03159016,173903.71330551128,6385381.635999999,33411.371,48569.56808909624,56382.91984587999
03159007,22607.11071371471,1176313.4214,9237.489,6313.93995123338,10386.847510962
03155013,70940.953237226,3465773.8936,21279.278,19813.098829624847,30602.783480487997
03254042,8348.772123969735,516758.63080000004,2689.788,2331.728566503507,4562.978709964
03254045,9811.99577639031,687107.0056999999,5002.978,2740.3923003880495,6067.154860330998
03254017,13752.402170909056,813791.809,7404.4039999999995,3840.90840231319,7185.781673469999
03254021,205525.50261178278,6238364.9074,28956.046,57401.217624444806,55084.762132341995
03241009,102242.49577155012,2457949.7142000003,11157.748,28555.30664403623,21703.695976386
03254028,40149.1037816214,1583580.7244,9963.657,11213.24319516904,13983.017796451999
03241016,49032.32979485282,2134646.421,16262.191,13694.239388404443,18848.92789743
03241008,54925.14750699483,2335394.8557,14023.665,15340.044447228585,20621.536575831
03241004,54499.732969573284,2115594.1671999996,14204.565,15221.230421072121,18680.696496375993
03353029,26942.412999212087,1308217.6987,7069.12,7524.746526549943,11551.562279521
01056013,8703.008494766551,431483.0171,2532.805,2430.66324250335,3809.9950409929997
01056018,25073.397582840676,1083573.1083,5647.255,7002.749210911572,9567.950546289
01056039,53421.87322504701,2257824.6659999997,9764.057,14920.19497302338,19936.591800779996
01056043,34070.14585112266,1251750.8687999998,5880.581,9515.451034760046,11052.960171503997
01056044,28154.870634520932,1107880.2225999997,4079.621,7863.373819515351,9782.582365557997
01056047,6369.413680325128,267757.0999,1775.526,1778.9135467780047,2364.2951921169997
01056004,6020.9624997465,160539.53720000002,412.38,1681.5946165541998,1417.564113476
01056009,6621.29623587813,263508.05059999996,2216.02,1849.2618257184026,2326.7760867979996
01056022,3175.4618129368373,144727.0374,926.01,886.8747297351292,1277.939740242
01056026,6936.35553392972,268117.1946,1855.362,1937.2547370712314,2367.4748283179997
01056032,5179.928770723231,204777.5317,1837.117,1446.702306375291,1808.1856049109997
01056041,35083.53973372685,1613637.7211,9675.781,9798.481812232572,14248.421077312998
01056034,2590.194950896884,110064.3401,319.841,723.4155478359908,971.8681230829999
01060037,993.7777664283785,50758.277500000004,440.716,277.55219238578184,448.195590325
01060044,59348.14759669827,1813641.5229000002,7620.254,16575.344142281858,16014.454647207001
01060054,5088.431222711628,248194.14889999997,1774.705,1421.1479561911306,2191.554334787
01060003,1556.8099195195903,81530.4468,629.67,434.80144242262634,719.913845244
01060004,21459.820797214707,1070762.1428,5947.532,5993.513350454095,9454.829720923999
01060013,556.8176921827251,24961.2375,393.315,155.51361324971327,220.40772712499998
01060031,1278.6406584875808,65553.7939,434.29,357.1115495089964,578.840000137
01060040,3133.718781339727,138803.0531,1432.21,875.2163184403722,1225.6309588729998
01061019,4086.6657103655098,234627.26429999998,1943.71,1141.3648662479832,2071.7587437689995
01058007,993.3628347160736,56132.3442,431.025,277.4363061078522,495.648599286
01058044,1972.8474365796014,90403.94179999999,609.7,550.9965605623169,798.2668060939998
01058169,9247.438722924651,315095.8112,2125.065,2582.7171609256256,2782.296012896
01060033,1465.5680826730968,77289.3885,399.205,409.3185098097692,682.4653004549999
01060035,943.2381132343357,51570.301,824.77,263.4369726452176,455.36575782999995
01061112,726.0353705380546,34343.1634,466.835,202.77441863757326,303.25013282199996
01058059,3786.0342186617618,211126.5862,1419.58,1057.4014969300433,1864.2477561459998
01058117,19083.602513042573,661488.5406,3716.159,5329.85934586766,5840.943813497999
01058147,2256.900270184106,101546.1173,645.46,630.3296764597189,896.6522157589999
01058163,3360.280331633998,154435.5959,1431.155,938.4926938220592,1363.6663117969997
01058021,2210.9779108295515,102094.3412,511.295,617.5040207155854,901.4930327959999
01058023,1081.8787957571556,60819.212300000014,246.64499999999998,302.157928867016,537.0336446090001
01058027,1411.7334654466983,29457.306299999997,685.225,394.2830395646084,260.10801462899997
01058045,1199.9073160374915,56412.034700000004,176.155,335.12211429611096,498.11826640099997
01058046,1477.7506536884798,73295.6229,496.445,412.7209800686555,647.2003502069999
01058049,7919.837528424809,241207.1658,1132.41,2211.9314233137648,2129.8592740139998
01058065,2334.8334775024655,118149.6974,1041.205,652.0956419316635,1043.261828042
01058073,1905.0784340487853,63167.4811,414.665,532.0693558454852,557.768858113
01058168,1659.1629025719562,95954.08709999999,695.3199999999999,463.3876070593216,847.2745890929998
01058026,4124.903744229348,172558.46020000003,1320.275,1152.0443667258146,1523.6912035660002
01058028,3816.3658110548236,171423.86719999998,1534.0729999999999,1065.8728073695015,1513.6727473759997
01058152,2197.958373213506,91600.9209,757.955,613.8677940548001,808.8361315469999
01058171,3355.206386916361,168369.7647,1119.7450000000001,937.0755918018705,1486.7050223009999
01058004,932.9333910698159,42752.4991,330.775,260.55896679188885,377.50456705299996
01058043,30691.443863140055,1322910.5614999998,6742.267,8571.813356536386,11681.300258044997
01058069,1095.6107022918884,60030.475799999986,607.08,305.9931130431015,530.0691013139998
01058080,6614.515575821337,240110.4167,1684.06,1847.3680551711411,2120.174979461
01058102,1943.7965590118513,86970.7163,724.255,542.8829409664199,767.9514249289999
01058012,3586.454022519857,173165.48660000003,1634.635,1001.6607439495708,1529.051246678
01058057,1206.063581714231,61438.7512,319.29,336.8414977369676,542.5041730959999
01058099,1864.7922912201914,91461.4535,731.305,520.8178390148872,807.604634405
01058137,5024.106674514629,259159.7331,1720.475,1403.1827531251906,2288.380443273
01058082,3612.1631711952655,153840.11920000002,1307.003,1008.8410520831256,1358.408252536
01058162,1877.0896545536793,86818.03039999999,937.96,524.252369620297,766.6032084319999
01059067,1312.3308961990128,54829.73440000001,560.355,366.5208959994223,484.14655475200004
01059068,2921.749750821858,114058.1572,1170.118,816.0154879070367,1007.133528076
01059074,1364.3335390146717,59969.66099999999,446.645,381.04471411140764,529.5321066299999
01059095,996.6403217607794,42230.805700000004,328.08,278.3516754645681,372.898014331
01059187,6863.733443314658,261435.9411,2978.437,1916.9721133833507,2308.479359913
01059109,3464.393691801023,151898.7926,1452.19,967.5705141831077,1341.2663386579998
01059148,2208.8743388692083,95801.87150000001,966.675,616.9165141027811,845.930525345
01059163,1464.955551544352,55138.4471,503.96500000000003,409.14743599082203,486.8724878929999
01059168,4562.610043753125,144869.2526,1098.8700000000001,1274.2913591198103,1279.195500458
09776121,4214.277995875793,248782.17089999997,3169.567,1177.0057014681502,2196.7465690469994
09776129,15149.47016358304,683044.2544000001,7655.701,4231.0955219871075,6031.280766352001
09780132,15989.405206388139,814538.232,8406.436,4465.680980092143,7192.372588559999
08436094,31330.686604663017,974076.2622,17577.554,8750.347461816333,8601.093395226
09776124,5768.820247074692,253797.0289,3911.946,1611.1738068054906,2241.0277651869997
09776127,6527.3189793296015,302472.2806,4902.308,1823.0149177369642,2670.8302376979996
08436055,83548.59004267516,2950284.6097,45482.095,23334.285713018744,26051.013103650996
08426100,15428.329954450159,628365.6264,13065.225,4308.978272978385,5548.468481111999
08426087,25389.9605123076,635860.8808,17843.795000000002,7091.162071482389,5614.651577464
08426108,20710.21422077746,845711.5323000001,10597.305,5784.1557297209365,7467.6328302090005
08426135,5899.209789507594,296668.8344,3928.266,1647.5903021115757,2619.5858077519997
08426028,8426.27389267191,431586.32489999995,7325.459,2353.3740354843376,3810.9072488669995
08425014,5789.391633840309,228204.2067,3972.428,1616.9191894152598,2015.043145161
08425130,3549.920856715985,174762.9104,2791.296,991.4573960722073,1543.156498832
08425135,5960.278066963677,234771.75620000003,5077.481,1664.6460613222853,2073.034607246
08135015,39850.60633414433,1479691.3108,20150.282,11129.87584306317,13065.674274364
08425005,5588.129501522077,253406.2768,4402.305,1560.7086884801006,2237.577424144
08136007,4871.808646552183,250685.98400000003,4239.18,1360.6474368955592,2213.55723872
08136021,26971.171615103398,819704.1879,8829.522,7532.778520382228,7237.987979156999
08136028,15566.25264311181,704539.0716000001,7265.164,4347.498700694697,6221.080002228001
08136002,52109.60198580136,1028904.3222,10443.637,14553.690738614461,9085.225165026
08136009,8843.947922883137,425519.6593,5396.986,2470.0262153820313,3757.3385916189995
08136024,4618.185580966293,253331.43649999998,3493.22,1289.8130509080759,2236.9165842949997
08136029,2978.8431382838007,175484.99740000002,2898.633,831.9611000912827,1549.532527042
08136034,4362.818098874759,234177.936,3183.745,1218.4914668347315,2067.7911748799997
08136040,1931.685832055678,131075.43,1346.52,539.5005360348302,1157.3960468999999
08136043,9265.49627376494,419710.82050000003,4111.453,2587.76045429981,3706.046545015
08136062,4489.3631912672045,229247.1759,3630.25,1253.8342456890175,2024.252563197
08136003,5495.670797868444,221955.5702,3432.583,1534.8858971366778,1959.8676848659998
08136020,3642.369609654007,174705.5268,4166.69,1017.2774082802675,1542.6498016439998
08136049,1913.0350141432505,73621.1477,952.138,534.2915491000684,650.074734191
08127012,7956.546474150584,367383.22479999997,5724.394,2222.1838647655163,3243.9938749839994
08127103,13468.834185382013,799397.674,14351.19,3761.7106996353423,7058.681461419999
08127014,112292.39031396343,3394803.8742,39928.119,31362.141690786844,29976.118209185996
08127046,17661.831213306214,618657.5131999999,10995.347,4932.772839564292,5462.745841555999
08127071,30552.41400042759,1059077.1117,20640.964,8532.98370617942,9351.650896310999
09679179,3341.722205103973,160851.6065,3661.831,933.3095946634886,1420.3196853949999
09679182,7275.7361334043335,281327.6521,5060.421,2032.0403446984963,2484.123168043
09679192,1904.4787548662894,101587.0612,1739.195,531.9018714466059,897.0137503959999
09679137,3482.239642101813,176332.3988,3485.584,972.5547096426153,1557.0150814039998
09679138,21888.42536875955,733168.4667000001,14206.163,6113.218321240854,6473.877560961
09679188,3800.777367775514,165283.1951,3945.957,1061.5191110460232,1459.450612733
09663000,195373.04862746136,7289883.8050999995,44488.64,54565.738751163684,64369.67399903299
09679175,3683.5543212800526,241236.79059999998,2553.095,1028.7798863903058,2130.1208609979994
09679176,12156.024202264698,504205.3672,7487.352,3395.0559994505074,4452.133392375999
09679180,10426.248162009459,635116.6278,7867.986,2911.9468491676216,5608.079823474
09679202,32460.45839328871,727972.2015,5642.598,9065.881424661604,6427.994539244999
09677114,18889.00015560855,990542.1476,12130.682999999999,5275.508853459912,8746.487163308
09672121,52243.59834687106,302950.93309999997,3360.229,14591.114582297618,2675.0567392729995
09672124,0.460014577598574,48.3293,2720.719,0.12847747137750573,0.42674771899999997
09672139,5405.822637506299,326941.76200000005,9312.285,1509.792204429134,2886.8957584600003
06631005,8552.741675129033,401843.7417,3668.724,2388.6952224467873,3548.2802392109998
06631012,11016.789619660323,682833.2767,7808.3730000000005,3076.8791728749316,6029.417833261
06631023,10527.45708350168,693033.4375,5915.5380000000005,2940.213488851184,6119.485253125
16063032,11464.685988039535,576087.5174,6169.528,3201.9721495995614,5086.852778642
16063068,1567.6231194048426,124961.2033,1235.315,437.8214610185785,1103.4074251389998
16063011,2503.571985897271,134541.96529999998,2326.217,699.2226199412488,1188.0055535989998
06632009,16771.29741721516,920497.0612,5986.748,4684.055655654021,8127.989050396
06632010,6738.987292598957,447202.788,2908.684,1882.1317609499624,3948.80061804
06632016,11088.8146540539,543240.1539,3252.565,3096.9950447307137,4796.810558937
16063078,14098.309666171755,430298.47959999996,2674.7889999999998,3937.516906665109,3799.5355748679995
06632013,6363.225734085917,365404.30270000006,3103.5099999999998,1777.1853152728556,3226.519992841
06632020,8786.1528807256,579113.1236,4793.13,2453.8846380578525,5113.568881388
06636014,7483.59791079043,558980.5719,4868.686,2090.0940605046594,4935.798449876999
06636002,5307.22660704412,256982.1481,2334.487,1482.2553190813521,2269.1523677229998
06636003,46524.153771381396,1660768.2280000001,14247.984,12993.730906809109,14664.58345324
16061014,815.0490617365226,42381.9834,166.395,227.63505245239338,374.23291342199997
16061036,922.7966360764066,75692.6693,714.513,257.7278724897796,668.3662699189999
16061048,1764.4411758120907,83973.4427,453.63,492.7907759925588,741.4854990409999
16061066,326.5473454800199,28726.1578,141.7,91.20140811911475,253.651973374
03159015,96086.49680627957,1027053.4335999999,10862.707,26835.99769302582,9068.881818687998
16061001,57605.785809827954,114985.48079999999,1037.42,16088.719918826848,1015.3217954639998
16061057,7441.491741335096,77619.0337,694.45,2078.334228437479,685.3760675709999
03155010,15509.901684219738,811259.9194999998,6353.366,4331.760441385731,7163.425089184998
03155011,59103.03196488861,2738887.5708,15058.314,16506.885797473737,24184.377250163998
03155001,18944.400618950876,1091475.9572,7155.433,5290.98164886679,9637.732702076
03254044,10646.0862429581,639951.6548,4653.467,2973.3454267957673,5650.773111884
03254005,22068.40173299485,1132754.7004999998,8828.722,6163.4839200081315,10002.224005414997
03254011,7201.453513851696,460167.6716,4216.795,2011.29395188364,4063.2805402279996
03254003,12711.692963968573,761623.5333,7358.055,3550.2487279067827,6725.135799039
03254020,29481.24498860241,1143209.304,8537.495,8233.816912866767,10094.53815432
03241011,97224.33197951643,3523181.9569,21687.236,27153.783678559143,31109.696679426997
03241003,45679.017654692085,2347478.2601,14632.936,12757.692840778951,20728.233036683
03351012,18932.072667955923,1025178.0596,6864.195,5287.538575433409,9052.322266268
03351004,37817.28901657376,1788364.344,12437.124,10561.990649438885,15791.25715752
03358023,17461.493246340287,706122.2752,4986.24,4876.820448770379,6235.059690016
03358002,21761.471678935297,927441.5531999998,6070.917,6077.761425209838,8189.308914755998
03353003,3403.4356837901273,196669.48570000002,1020.586,950.5455521257446,1736.591558731
03353017,1379.8170357248764,81494.22180000001,340.965,385.3690999076007,719.5939784940001
03353020,11545.190140310093,656448.8603,3498.901,3224.4561542872057,5796.443436448999
03353031,83074.89272096763,3147555.7372000003,15790.068,23201.98678803905,27792.917159476
01056005,10422.098869887428,392824.65380000003,2242.745,2910.7879933708596,3468.641693054
01060063,188311.7298490325,4803029.6601,16952.666,52593.58302953628,42410.751898683
01056021,5365.546427263558,291138.7214,1780.548,1498.543461670439,2570.7549099619996
01060002,7880.90992488325,340589.6229,2024.553,2201.0593329206426,3007.406370207
01060019,10848.59274733971,451660.2268,2971.875,3029.9034684045073,3988.1598026439997
01060039,86395.87120822868,2279204.371,12515.013,24129.502869746186,20125.374595929996
01060064,10739.62774718913,266619.8294,1184.815,2999.470633512452,2354.253093602
01060073,6607.309201856195,274368.9583,1504.38,1845.3553869864165,2422.677901789
01060009,3534.409078151515,154103.9356,1411.145,987.1251114369365,1360.7377513479998
01060023,3848.3429542092763,118461.0131,551.12,1074.8037036811088,1046.010745673
01060027,7038.020562097151,385247.46460000006,3534.63,1965.6487627881131,3401.7351124180004
01060036,3789.2567687798573,151397.0123,853.155,1058.3015229525263,1336.835618609
01060099,3880.840838925191,202602.0945,1887.6299999999999,1083.8800379034165,1788.976494435
01004000,178838.96892403433,6209301.001300001,24038.328,49947.935630793545,54828.127841479
01058128,3073.358711088224,182853.98440000002,1753.195,858.35835441983,1614.600682252
01058038,2765.3794910816146,107701.7319,1146.725,772.3428380641841,951.0062926769999
01058091,1619.686544527979,81852.4006,553.785,452.36225502121926,722.7566972979998
01058098,1559.5194626246512,56556.625,445.965,435.5581907164388,499.39499874999996
01058144,1482.1875404458785,44644.16560000001,438.81,413.96015817112936,394.207982248
01058076,1097.4356932443384,37540.48479999999,239.605,306.50281476621126,331.4824807839999
01058094,3708.3391666678654,200374.28340000001,1597.475,1035.702045858668,1769.304922422
01058141,1235.1484772066517,61289.4429,248.445,344.96461819904573,541.185780807
01058153,747.2233891753584,34370.069800000005,72.96,208.69202036278585,303.487716334
01058001,2118.0459760442645,107567.39540000001,679.09,591.5490606494026,949.820101382
01058050,4803.182429507679,145379.0799,2029.4850000000001,1341.4808207371998,1283.697275517
01058093,2101.7276584953115,94280.6693,893.122,586.9915177411555,832.4983099189999
01058096,4644.029523653655,189783.61580000003,1700.412,1297.0310056612293,1675.7893275140002
01058130,2939.3564868341946,173361.00089999998,1225.025,820.9328732079222,1530.7776379469997
01058142,2389.0014234725454,121262.27309999999,1166.22,667.2242075616472,1070.7458714729999
01058058,13283.778549350367,598431.8339,5120.023,3710.0265110480636,5284.1530933369995
01058110,1797.3092618647229,100901.731,1035.51,501.9705037461984,890.96228473
01058116,2971.2180658160933,133919.0696,914.27,829.8314936017766,1182.5053845679997
01058121,5942.886732691448,281403.6812,2683.15,1659.7888355733944,2484.794504996
01058165,3790.062380269327,163692.7273,1507.26,1058.5265221854204,1445.4067820589999
01058040,4141.013355052641,189885.30379999997,1749.305,1156.5436199326518,1676.6872325539996
01058166,2030.6996927446935,96302.2041,1493.85,567.1541171866654,850.3484622029999
01058087,854.6204271428946,57676.85830000001,517.03,238.68693909673902,509.286658789
01058174,2151.016891215203,79224.6354,736.8,600.757507547494,699.5535305819999
01059002,440.0462099880864,30395.2432,85.275,122.90050598757264,268.389997456
01059034,1180.0352159467302,48244.1151,639.019,329.57203546176225,425.995536333
01059045,23153.220970813214,973060.6241000001,7150.561,6466.463084938422,8592.125310803
01059112,7379.668133603012,317201.2889,2703.337,2061.067513033985,2800.8873809869997
01059121,3518.965119129733,163762.2155,1474.273,982.8117681217431,1446.0203628649997
01059136,1183.678468681292,64316.994699999996,461.345,330.58955951799805,567.919063201
01059152,1181.316813249629,53650.8593,322.495,329.92997277248884,473.7370876189999
01059154,1578.15223608676,66756.3797,409.395,440.7621380166712,589.458832751
01059155,926.2331479117429,43139.466199999995,534.755,258.68765588027065,380.9214865459999
09776112,3974.5078139830507,196798.2978,3544.494,1110.040287367326,1737.7289695739998
09776113,4781.108100216761,237226.2061,3777.154,1335.315681309539,2094.707399863
09776118,4623.045127370122,216907.2273,2921.189,1291.1702736232012,1915.290817059
09780127,4715.745735859426,257115.4859,3408.701,1317.0606265681788,2270.329740497
08436049,33790.52006564468,1277909.6068,15876.532,9437.354349133902,11283.941828043999
09780112,32663.26972427741,1462121.0741,21725.514,9122.524601293437,12910.529084303
08436003,13247.845599940487,463716.9912,8087.168,3699.990797607378,4094.6210322959996
08436004,11749.904269158751,403300.6172,6333.847,3281.630763333347,3561.1444498759997
08426019,11951.498161148615,429077.69619999995,8318.402,3337.9339214271963,3788.7560574459994
08426043,4828.043851395736,254518.0943,4633.931,1348.424367256315,2247.394772669
08426066,25009.847254193635,605203.6046000001,7567.053,6985.00023962374,5343.947828618
08426113,643.6832646460088,25610.141799999998,5977.539,179.77429898298377,226.13755209399997
08426117,8007.353337891265,357125.1764,6660.338,2236.3737137396515,3153.4153076119997
08425140,4766.970118923694,250723.207,3488.625,1331.3670845141985,2213.8859178099997
08426044,10399.280107852599,434682.2479,7088.714,2904.414941322152,3838.244248957
08426065,7557.470761623134,340966.41909999994,4109.324,2110.726009013725,3010.7334806529993
08426125,9452.258772788538,249570.3867,3470.771,2639.9213526521107,2203.706514561
08425028,22744.986102001058,611103.9121,7970.559,6352.447168427875,5396.047543842999
08425066,7322.011225528334,339823.2093,5652.707,2044.9645151778082,3000.6389381189997
08425110,3218.8979350120576,165971.12829999998,2839.541,899.0060042695175,1465.5250628889996
09775451,287.3069556116625,14955.7212,11.83,80.24195963278122,132.05901819599998
08425137,6620.258488779384,367074.29970000003,6615.789,1848.971993331194,3241.266066351
08425138,6765.863179469514,313711.6901,6344.057,1889.6379273940404,2770.074223583
09775135,15807.740328508886,767027.4771,38758.847,4414.943796349246,6772.852622793
09775152,43598.82656851398,1498880.6149,14465.468,12176.716272320267,13235.115829566997
09775162,35937.618359904634,1259565.5546000001,17005.43,10037.017431737764,11121.963847118
08425013,3530.303837096006,135101.42560000002,1853.7450000000001,985.9785586625435,1192.945588048
08425019,4653.983876865997,239606.9867,3718.94,1299.8111569699045,2115.729692561
08425022,1019.5401158548145,42244.7205,865.69,284.74735895709114,373.020882015
08425024,1305.05527977814,52644.6698,928.635,364.4888890892367,464.852434334
08425062,1574.758210724615,64889.359800000006,1346.4,439.8142206732777,572.973047034
08425072,40282.28570593214,1558092.8336000002,21378.484,11250.439574809787,13757.959720688
08425083,7096.230670177159,170958.74050000004,1896.1,1981.9062638737785,1509.5656786150003
08135032,10892.211701934655,604759.1921999998,10722.853,3042.0858062333295,5340.023667125998
08135025,318.0089266262144,18470.010800000004,5913.167,88.81671311743541,163.090195364
08136088,123646.33848614292,5141441.576900001,48596.912,34533.18587579486,45398.929124027
08136019,93430.87031396634,2729222.8154999996,35962.137,26094.30776998766,24099.037460864995
08136033,10257.173933224198,525983.9767,8927.262,2864.726107810186,4644.438514261
08136046,8744.68780908577,420089.9206,7124.351,2442.3038581995647,3709.3939988979996
08136035,9745.945307820239,352533.1824,6241.919,2721.9450650211143,3112.8680005919996
08136060,2146.812265007733,444773.0013,5321.5,599.5831974940097,3927.345601479
08127073,17767.506520619143,738171.8607999999,10702.663,4962.28689614372,6518.057530863999
08127091,8219.029155096552,440147.6991,6404.417,2295.492652726916,3886.504183053
08128020,24309.95915482998,1013248.7242000002,19140.915,6789.528492352464,8946.986234686
09679114,4145.905533744777,224799.51919999998,3835.781,1157.9099565195788,1984.9797545359997
09679118,2762.157231085815,134551.7511,2535.362,771.4428930699572,1188.0919622129998
09679135,4424.930077657928,185250.8721,4243.09,1235.8387213890828,1635.7652006429998
09679134,8134.919828042998,377992.49669999996,10279.269,2272.001758774129,3337.6737458609996
09679170,28397.962793872015,1071766.7924000002,14469.009,7931.267028700515,9463.700776892001
09675113,839.0033251884156,49106.8659,3096.806,234.32523869187258,433.61362589699996
09679124,6780.57441187197,249049.33250000002,3050.48,1893.7466274917224,2199.105605975
09679131,338.5332759455955,18079.0529,3375.33,94.54895863884536,159.63803710699997
09679187,3185.815412888219,179200.11450000003,1865.99,889.7663866655506,1582.3370110350002
09679193,2812.680197733555,188590.3641,2212.19,785.5534524250045,1665.252915003
09679206,2249.97737841426,142622.698,1204.435,628.3961820173186,1259.35842334
09675117,29669.702523054737,1022122.8840999999,12018.432,8286.451217663956,9025.345066602998
09679130,8864.744516585744,452744.37069999997,6107.343,2475.8344960372324,3997.7327932809994
09679136,5139.969144846693,306451.2199,3350.82,1435.5419824642327,2705.964271717
09679156,7828.693144590099,347627.6379,5520.072,2186.4757083525687,3069.5520426569997
09679185,12916.31894271044,496471.76619999995,5835.204,3607.3987175095986,4383.845695546
09679201,6666.50321923118,327964.869,8030.551,1861.887684099076,2895.9297932699997
09678193,20506.71178408027,1013974.2916,19990.357,5727.319534175778,8953.392994828
09679117,0.07510217125680628,20.9223,8158.455,0.020975285410313425,0.18474390899999998
09679143,5239.465374164042,267652.44370000006,5471.249,1463.3302843502752,2363.3710778710006
09678192,65768.29196459996,492112.15969999996,6267.742,18368.426262793124,4345.350370150999
09672111,31528.597175895684,112746.6125,1500.605,8805.621905255904,995.5525883749999
09672122,66495.92072501787,202287.57940000002,2654.293,18571.645699290242,1786.199326102
09672142,13633.86866452367,117929.9975,1553.65,3807.8031793148157,1041.3218779249999
09672155,39181.11354739676,120830.48849999999,1523.915,10942.89320265244,1066.9332134549998
09672112,9850.926288525294,528984.8411000001,6073.355,2751.265203122229,4670.936146913
09672114,40540.751059389935,1923565.7873,15126.741,11322.626363377014,16985.085901858998
09673149,6466.066119517473,408218.3127,3883.734,1805.907606520035,3604.567701141
09673123,5211.419862154492,350966.053,3273.6,1455.497453301128,3099.0302479899997
09673129,1949.4390260807836,128345.5806,755.225,544.458825594102,1133.291476698
16066012,173.43520878030915,17626.654199999997,63.894999999999996,48.43871946025254,155.64335658599995
16066024,1630.8110959416683,103637.47329999998,621.835,455.4692309855485,915.1188892389998
16066052,952.7531432457508,66779.5143,285.045,266.0944253771057,589.663111269
16066095,18356.65108365607,848324.2326000001,3298.022,5126.829081154304,7490.702973858
16063015,16747.596421531438,987161.3341000001,4972.838,4677.436204569515,8716.634580103
16063033,136.84181804307906,9617.095000000001,179.82999999999998,38.21855136125155,84.91894885
16063062,1165.2735507942543,84406.131,578.565,325.4492500013273,745.3061367299999
16063082,10232.771767757893,585598.2691,3137.065,2857.910827017102,5170.832716153
16063101,11124.093851805004,567958.0908,2493.822,3106.8481718706194,5015.069941764
16063003,37428.069110053104,2106255.0962,8563.307999999999,10453.28542174673,18598.232499446
16063097,23913.788110666002,1206328.0922,4470.999,6678.8818814279075,10651.877054126
16063103,22926.07429062828,911868.8588,3188.4900000000002,6403.023288629572,8051.802023204
06636005,6005.668695841839,404231.81669999997,2925.984,1677.323210061667,3569.3669414609994
06636010,7543.454213447192,443912.5268,5415.502,2106.8113272736664,3919.747611644
06636007,8245.713701372277,497850.0665,3682.23,2302.945379656263,4396.016087195
16061098,317.6571725050142,30734.493,127.09,88.71847170892542,271.38557318999995
16061002,239.12619524052226,19412.853900000002,138.755,66.78555506872546,171.415499937
16061024,430.90659189734964,24918.154100000003,197.45,120.34790205101078,220.027300703
16061033,311.16559911206247,24699.2013,118.825,86.90544017600791,218.09394747899998
16061102,1658.2690688136224,61211.96430000001,620.494,463.1379682289566,540.501644769
16061021,21139.598620656114,31849.4094,199.73000000000002,5904.078498763046,281.23028500199996
16061032,27558.091817695156,40050.365000000005,165.255,7696.69946376408,353.64472295
16061069,73993.51613192553,87472.2419,301.175,20665.64912048548,772.3798959769999
16061078,18399.430345403824,27599.5918,197.16,5138.776901167834,243.70439559399998
16061082,38292.120996663,58346.4453,320.63,10694.606473158008,515.1991119989999
16061083,29183.25839171274,41515.4632,265.51,8150.5922362214515,366.58154005599994
03159023,2685.2452781308702,161597.28990000003,1840.349,749.9621537291707,1426.9040698170002
03159035,1601.0218776906067,121033.4305,1008.39,447.14940022020954,1068.7251913149998
03155007,14332.078080887044,896156.7464000001,5681.185,4002.806087210942,7913.064070712
03159011,2265.4375692652957,164910.9754,2026.802,632.7140587201044,1456.163912782
03155006,17201.046069555734,902152.7835,5831.504,4804.080156766221,7966.009078305
03254008,23787.424776590044,1289755.5946000002,8847.747,6643.589865853833,11388.541900318001
03254029,25865.224431251503,970110.8783999999,7923.094,7223.898531404232,8566.079056272
03157002,19833.633492988898,1156302.7622,9329.091,5539.335498256869,10210.153390226
03241018,39289.20525813714,2132351.9494000003,14723.097,10973.082136545121,18828.667713202
03351001,12334.962218945568,485469.35929999995,2766.505,3445.0315981293074,4286.694442618999
03351018,10460.395158965304,542331.7982,5064.982,2921.4837639474194,4788.789778105999
03351006,147733.41693209697,5477919.672,27622.283,41260.46601496536,48370.03070376
03355029,2574.295844373068,122554.3639,933.965,718.9750863749541,1082.155033237
03353009,2936.506860285806,141019.4889,1785.79,820.1370010092227,1245.2020869869998
03353004,3921.899094256598,208600.60300000003,1200.265,1095.3471980349252,1841.9433244900001
03353024,4312.403452724912,193838.1908,909.415,1204.4111603115407,1711.591224764
01060094,2845.8384659697617,152309.2931,897.806,794.8142251606947,1344.891058073
01062076,12791.989283521667,622811.4911999999,3573.987,3572.674686994766,5499.425467295999
01060042,1760.476364523199,51833.059799999995,365.245,491.6834438476842,457.68591803399994
01060045,2201.579027821984,96143.52590000001,564.375,614.8790066804019,848.947333697
01060047,10428.860032748513,401027.03839999996,2676.8849999999998,2912.676318546332,3541.0687490719993
01060066,1418.3239833242878,86363.7396,405.35,396.1237053026403,762.591820668
01060082,3295.207156666965,143321.0495,818.0649999999999,920.3184067855167,1265.5248670849999
01060100,979.6828113825342,48792.2436,447.44,273.6156123910279,430.83551098799995
01060034,4497.143986558219,222142.4927,1254.44,1256.0073440058447,1961.518210541
01060038,3069.4231500573633,134582.17,885.288,857.2591915795209,1188.3605611
01057008,3909.408765699428,226889.3581,1890.495,1091.858774172193,2003.433032023
01060011,8351.119060304805,443617.1666,3024.461,2332.384042352529,3917.1395810779995
01060028,5538.918155565603,265311.2008,1606.32,1546.9644516679173,2342.6979030639995
01060052,2324.4847677367648,106224.71789999999,787.875,649.205350781201,937.9642590569998
01057024,2027.415306776537,99976.14790000001,611.55,566.2368210296189,882.789385957
01057083,1177.3813669540032,59823.7991,369.44,328.83084197658354,528.2441460529999
01058022,13089.088777811832,605307.2507,5906.151,3655.6516047550663,5344.8630236809995
01058108,1375.0528706467553,74269.2613,1050.755,384.03851624293225,655.7975772789999
01058109,1612.0089473123282,69129.6097,607.92,450.21797889486015,610.4144536509999
01058170,4685.48726103777,239793.6118,2233.785,1308.6097371352387,2117.377592194
01058018,1534.1772609750396,81905.0245,590.095,428.4803672177188,723.221366335
01058019,963.851391631145,46994.037599999996,409.975,269.1940551686625,414.95735200799993
01058033,3528.6416246038966,133309.5281,1222.6,985.5143193356222,1177.123133123
01058053,14285.009554692098,577040.2984,3274.916,3989.660318529956,5095.265834872
01058063,943.3106324410355,38300.125700000004,377.305,263.4572265344568,338.190109931
01058107,6996.171262482216,379549.0713,2226.391,1953.960671898658,3351.4182995789997
01058133,856.3964545968311,33830.1566,432.765,239.18296580434892,298.720282778
01058138,1192.6043897658308,61884.6928,434.775,333.08248001769886,546.4418374239999
01058139,1956.3212730228076,94514.41630000001,712.445,546.3809683425399,834.562295929
01058143,1340.0632224309077,52061.6875,395.005,374.26625739272816,459.704700625
01058160,452.69559577527235,21250.4183,157.59,126.4333529440758,187.64119358899998
01002000,327797.35923201323,11242376.6202,34117.481,91550.52445990896,99270.18555636599
01058092,12101.941031156308,583677.6863,2924.723,3379.951110591645,5153.873970028999
01058104,8650.579945334586,254880.14450000002,1518.813,2416.0204729324964,2250.5916759350002
01058105,2347.1619259942718,123145.0976,892.266,655.5388543109401,1087.3712118079998
01058112,3977.574653099579,154738.2876,1062.845,1110.8968248641813,1366.339079508
01058126,1787.6222801367203,99618.54639999999,885.86,499.26502661938457,879.6317647119998
01058051,2758.003422038784,140044.9204,1041.645,770.2827757412119,1236.5966471319998
01058150,6486.203883191398,310627.0409,2509.76,1811.5318825365255,2742.836771147
01058032,2673.708040026566,129191.60089999999,1191.04,746.7399184990195,1140.7618359469998
01058042,3403.7245247913092,146619.764,1445.451,950.6262225289647,1294.65251612
01059142,1623.1216299193925,95985.61300000001,497.225,453.3216400201871,847.55296279
09780124,26908.877662872284,1265232.8475,13128.034,7515.3804424636,11172.006043424999
09780144,13556.986595622611,675004.7312,7765.724,3786.330786291439,5960.291776496
09780117,7344.4326389269,443227.7339,6942.342,2051.2265917258937,3913.7008903369997
09780146,16305.916447274307,626335.2063000002,9724.739,4554.079404559241,5530.539871629001
09778164,2927.683679909317,161234.6764,3215.4900000000002,817.6727749618731,1423.7021926119999
09778165,11789.484813690451,590698.3822999998,8128.367,3292.685213615606,5215.866715708998
09764000,102275.21781333021,3716010.8575999998,38503.491,28564.44558308499,32812.375872608
09778123,10908.35461399334,350364.3097,3618.864,3046.5943601422,3093.7168546509997
09778161,5332.760641477427,292524.69980000006,4362.1720000000005,1489.3867195582307,2582.9930992340005
09778219,7254.594650623016,344609.14239999995,5224.278,2026.1357399725018,3042.8987273919993
09778139,3821.650676064436,160844.3281,2352.885,1067.3488173180363,1420.255417123
09778150,8503.448687696784,299060.2591,3730.09,2374.9281839868345,2640.702087853
08426031,38399.627764880184,393156.4883,5732.229,10724.632038453386,3471.571791689
09775111,16103.79837153846,638098.2929,10803.691,4497.629847186976,5634.407926307
09775132,2507.485744506545,154203.02,2479.914,700.3156935832329,1361.6126665999998
09775142,2736.8646658094494,159578.0403,1889.12,764.3789325139211,1409.0740958489998
09778188,3189.711986843217,167066.22850000003,2995.369,890.854660805442,1475.1947976550002
09775115,7372.4655282197855,413302.79250000004,6245.94,2059.0558973765037,3649.4636577750002
09775118,15546.603578145045,651444.6942,11736.246,4342.010913340129,5752.256649786
09775129,44684.02770214301,1734458.5273000002,24633.436,12479.80209693152,15315.268796059001
09775161,3213.590484864113,173760.4128,2774.04,897.523686517698,1534.3044450239997
09775164,32271.908468679852,1552846.2430000002,17498.734,9013.221316217596,13711.632325690001
09775126,60.89767183821796,2738.9856,3060.479,17.008110767695893,24.185242847999998
09775143,13659.26757416744,727645.7134,12699.591,3814.896840789224,6425.111649322
08135020,46784.63066116493,1413767.7135,11969.36,13066.479497356751,12483.568910205
08425085,1254.827333689601,63266.77589999999,1053.235,350.46072602616863,558.645631197
08425092,1733.8192925352291,89324.50589999999,1540.7,484.2383902121641,788.7353870969998
08425097,4533.414823341667,188684.66079999998,2301.32,1266.1374260110942,1666.0855548639997
08425112,1883.9255334732,95984.4371,1441.157,526.16156224373,847.5425795929999
08135019,37028.390318192345,1437946.5422999999,26213.004,10341.65913196794,12697.067968508998
08136050,12455.628724663673,533276.1831,3938.992,3478.732546511317,4708.828696773
08136082,18042.62705034192,715116.092,9923.033,5039.125308889994,6314.475092359999
08136089,6306.1307116821,359865.0276,5375.53,1761.2392464656937,3177.6081937079994
08127104,9428.870787648504,421531.0321,5484.241,2633.3893222823503,3722.119013443
08127101,13314.124516027126,600617.6301000001,9516.512,3718.501836081216,5303.453673783
08127102,13441.48756459557,585941.024,6906.243,3754.0730619158967,5173.8592419199995
09571199,22239.592973002298,654594.6597999999,9752.215,6211.295921429812,5780.070846033998
09571222,3412.000250800553,165216.02909999999,1861.19,952.9375500460865,1458.8575369529997
09571169,3870.36576309868,245247.09929999997,4354.584,1080.9544539758303,2165.5318868189997
09571193,32158.58755189415,1240562.8891,10241.964,8981.571917368517,10954.170310753
09571111,5304.275237857119,241320.7549,4613.893,1481.4310311811146,2130.862265767
09571205,8760.14952334565,331937.5302,4946.115,2446.6221603752065,2931.0083916659996
09575127,7431.5666103097365,227532.536,3998.095,2075.562238593406,2009.1122928799998
09575130,3760.1082412775586,186176.9755,3223.035,1050.1606307064092,1643.942693665
09575163,5784.690377946887,278926.08249999996,4610.63,1615.6061756567858,2462.9173084749996
09575168,46679.22403334893,1185224.2171000002,15222.755,13037.040480274023,10465.529836993
09575155,3217.989433633522,162965.03249999997,3841.88,898.7522689195063,1438.9812369749995
09675147,7615.626049347258,370181.8116,5644.127,2126.9681993221957,3268.705396428
09675150,4318.642691362256,216640.1368,4682.349,1206.1537172705646,1912.9324079439998
09675156,3284.203100203491,178499.35580000002,2634.307,917.245083855833,1576.149311714
09675166,129.33376780418672,6190.316000000001,1211.232,36.12162801003131,54.660490280000005
09675112,6983.507660603448,167607.8158,3606.532,1950.423854529937,1479.977013514
09675141,48961.940169569956,1226194.7042,20122.638,13674.580269959191,10827.299238086
09675146,2108.4006574325917,120507.6991,2166.84,588.8552196143485,1064.082983053
09678115,10899.717650409337,444080.7482999999,7527.384,3044.1821425828234,3921.233007488999
09678128,5427.133720598606,313953.3421,4455.626,1515.7441768259844,2772.2080107429997
09678132,6067.733993981539,347931.69029999996,3244.595,1694.657427179104,3072.2368253489994
09678160,9133.273841498358,536563.0801,5600.224,2550.832051192076,4737.851997283
09672140,11926.414075252911,627499.9283,7344.41,3330.9281870773852,5540.824366889
09678168,9251.939628832124,532325.1203000001,7007.505,2583.974218936524,4700.430812249
09672135,16983.70892740821,999888.3147000001,8802.796,4743.380066335839,8829.013818801
09672136,6755.589688201639,427842.5636,5783.243,1886.7686440178356,3777.8498365879996
09673186,2864.5396619055596,184471.32,1918.6290000000001,800.0372821736037,1628.8817556
09673114,63776.474723953026,1755175.6118,15424.477,17812.13162565284,15498.200652194
09673116,6628.883201333615,344735.2768,4169.151,1851.3807893004653,3044.012494144
09673135,7784.733638585967,392615.2006999999,4981.702,2174.1982579206747,3466.792222180999
09673146,4074.3304304984476,208241.71800000002,2245.755,1137.9197459339114,1838.77436994
09673163,2910.6679416849283,166010.2409,1902.601,812.9204494331835,1465.8704271469999
09673153,8986.178310339528,490712.6365,4513.131,2509.7497402947265,4332.992580295
09673167,2732.4397304645404,169870.19950000002,1353.735,763.1430923214415,1499.9538615850001
09673147,2612.574847539094,171421.919,1240.182,729.6660291691936,1513.6555447699998
16066019,1713.1893248884992,101985.11050000001,521.335,478.47664654810893,900.528525715
16063023,1223.6047120519916,85271.7808,371.002,341.7405600290007,752.9498244639999
16063084,1123.459158423538,91474.63680000001,358.3,313.7709083561099,807.721042944
16063086,1582.4696222519497,91039.71100000001,237.8,441.967940798747,803.88064813
16063076,472375.4364688336,713043.2878999999,2929.332,131929.73565138053,6296.172232156999
06636013,137905.8021621333,502174.4221,2968.032,38515.71148586221,4434.200147143
06636015,1660.3563036804003,135226.0203,606.155,463.720912054899,1194.045759249
16061035,4468.051223838114,167785.6638,689.26,1247.8820263057469,1481.547411354
16061056,649.3755603990278,52157.0289,493.91499999999996,181.36410026384445,460.54656518699994
16061075,985.006673666539,46710.683399999994,198.19,275.1025138883277,412.4553344219999
16061086,186.44315065323198,17942.6145,102.205,52.07170754594116,158.43328603499998
16061105,984.4414482723488,44974.642100000005,178.875,274.94465208798425,397.126089743
16061113,4128.499794373003,256979.6324,2458.535,1153.048707570436,2269.130154092
16061023,193.1606435976326,14932.339100000001,43.58,53.947836150382805,131.852554253
16061045,43121.360713112976,1651373.7048,9878.794,12043.364833565322,14581.629813384
16061062,381.5991818498311,28283.4212,291.295,106.57683549883932,249.742609196
16061085,203.61494016298448,15658.390900000002,170.49,56.867616638119934,138.263591647
16061114,5403.660073461648,341155.4572,2923.532,1509.1882219171034,3012.402687076
03159010,43590.25377537902,2296342.5694,17978.585,12174.321976925605,20276.704887801996
03159032,3633.4321151768704,219412.88420000003,1965.92,1014.7812554477481,1937.415767486
03159033,3723.918887604492,194025.7494,2249.105,1040.0533061190586,1713.2473672019999
03159005,6403.579442509187,282515.8156,1635.02,1788.4557024983908,2494.6146517479997
03159006,1591.4422358798843,103240.41809999998,1362.54,444.47390205889286,911.6128918229998
03159022,1990.908962566286,131399.17979999998,1080.952,556.040964155138,1160.2547576339998
03159037,1461.3199055170126,92598.1226,747.32,408.1320364118464,817.6414225579999
03159039,3544.1607666751374,226713.59429999997,1608.405,989.8486605246991,2001.8810376689996
03159002,19011.420882310387,913083.4077999999,5157.069,5309.699738220468,8062.526490873999
03159026,44996.48049396383,2348107.8628,12947.621,12567.067037159157,20733.792428523997
03153012,49289.68877548256,2045351.5917,10760.189,13766.117178104523,18060.454554711
03254022,11359.126744733223,753669.1327999999,6829.101,3172.4905085365417,6654.898442623999
03254032,12296.227172308529,878187.5301999999,8246.42,3434.2132869540487,7754.3958916659985
03157009,32120.11346465267,2154404.2884000004,15369.475,8970.826489542844,19023.389866572
03157001,21257.336387318726,1425163.5529000002,12149.022,5936.961479614247,12584.194172107002
03157006,107175.39914460055,4627497.2729,27575.75,29933.017227095486,40860.800919707
03351007,12352.665121165037,474378.50590000005,4011.505,3449.9758416901827,4188.762207097
03351021,8582.838187521718,521142.63490000006,3284.13,2397.1008773929407,4601.689466167
03351022,8209.513953973981,486922.7504,2971.331,2292.835152205393,4299.5278860319995
03355002,6987.926275913616,391673.2246,2877.197,1951.6579295999138,3458.474573218
03355034,3787.8868381286156,185956.59249999997,2270.65,1057.918915020941,1641.9967117749995
03353010,2490.783224000417,142014.9796,1029.975,695.6508466310763,1253.9922698679998
03353011,1782.6576165643035,111112.9603,522.669,497.87844573024427,981.127439449
03353013,2205.449255153176,127423.9796,741.7330000000001,615.9599224717306,1125.153739868
03353030,13023.575421024158,567278.8729,3841.45,3637.3543793378367,5009.072447706999
03353034,5246.992027242006,263027.4998,1621.702,1465.4324032884197,2322.532823234
03353012,3722.532675694236,187884.52279999998,897.295,1039.666150994643,1659.0203363239996
03353032,45052.86978555573,1209723.3377,6151.677,12582.81600240786,10681.857071891
03353040,79041.13463168756,3223270.7558999998,18381.333,22075.398491284017,28461.480774596996
03353042,2661.464499046456,169420.59399999998,1235.11,743.3204199386846,1495.9838450199998
01062009,31447.808979516194,1164041.77,4877.88,8783.058569889077,10278.488829099999
01062053,19344.693526094103,654771.8025999999,2900.796,5402.779454902821,5781.635016957999
01060046,3146.8156072020097,125533.15610000001,873.655,878.8741309354492,1108.457768363
01062005,6277.652435086708,288591.9655,1953.059,1753.2855485953664,2548.2670553649996
01062090,11251.722519350775,596107.3833000001,3470.747,3142.4935824294776,5263.628194539
01060043,3293.5141743941176,183568.3707,1413.085,919.8455737665331,1620.9087132809998
01060058,6580.604057362731,287469.2349,1686.636,1837.896907180837,2538.3533441669997
01060065,2428.958838152036,139519.2885,1045.5629999999999,678.3839139074821,1231.9553174549999
01060076,7099.679605491985,223269.42870000002,1863.365,1982.8695170178564,1971.4690554210001
01060077,4456.786239093062,121925.99549999999,516.515,1244.7358287163013,1076.606540265
01060084,2925.5995030081754,118241.02320000001,1055.109,817.0906851951532,1044.0682348560001
01062051,1519.0132668606072,65517.18459999999,339.37,424.24521530149894,578.516740018
01060007,2378.695424900915,131409.0123,655.266,664.3458452205765,1160.341578609
01060088,3473.1229938986253,153995.4321,1426.53,970.008520965947,1359.7796654429999
01060092,21381.584820283002,831471.201,3269.661,5971.662824456839,7341.89070483
01057068,4450.51449515507,160788.4346,1165.385,1242.9841933518594,1419.761877518
01060026,14374.510964033678,300744.5751,499.987,4014.6571671449656,2655.574598133
01060068,6476.557990931409,374844.6869,1688.845,1808.8378812872331,3309.8785853269997
01057011,1184.1102149447545,57843.4158,403.14,330.7101419319205,510.75736151399997
01057071,3969.4315389653602,179864.2633,1517.355,1108.6225345176354,1588.2014449389999
01057085,5904.4959422128195,313808.8274,1615.26,1649.0666717006181,2770.931945942
01058064,1729.5242626386678,70337.81189999999,436.809,483.03883131235347,621.0828790769998
01057002,693.8480976559043,31450.9037,303.19,193.7848351943175,277.71147967099995
01057010,1200.2694157798892,56607.45880000001,543.155,335.2232451331652,499.843861204
01057023,830.6824201968243,36356.9601,206.14000000000001,232.00129313677104,321.0319576829999
01057031,1696.5868699071868,65812.55179999999,333.64300000000003,473.8397468963782,581.1248323939998
01057033,1011.4521567103959,59677.0838,476.585,282.48847284764645,526.948649954
01057037,1052.1744836679243,43636.0819,388.375,293.8618115436146,385.30660317699994
01057086,627.9933517383582,38480.466,239.95000000000002,175.39226320700607,339.78251478
01058016,1298.5514659306446,46072.5356,347.435,362.6724389197697,406.82048934799997
01058145,1235.7948043455922,53436.3299,213.085,345.14513090568045,471.84279301699996
01058005,13027.938139574308,609641.0157,4412.497,3638.572843001708,5383.130168631
01058037,5872.854135900469,324047.75950000004,3036.563,1640.229431615642,2861.3417163850004
01058157,3575.0459600936156,154818.5426,1364.755,998.4745861945459,1367.0477311579998
09780116,3081.429252505109,166260.06560000003,1333.815,860.6123759321518,1468.0763792480002
09780121,6372.506482051713,336773.393,4390.0199999999995,1779.7773353722228,2973.7090601899995
09780118,229.60807428734344,12996.8458,4180.398,64.12723906771214,114.76214841399998
09780134,6194.925066944611,273221.7962,3212.573,1730.1806219469604,2412.548460446
09780137,10297.127823861727,544417.5709999999,8386.47,2875.8848299263414,4807.207151929999
09780139,3199.775557247562,158134.57100000003,12205.0,893.6653153836716,1396.32826193
09780143,12793.102467489958,667120.5741000001,14153.154,3572.9855881452704,5890.674669303
09763000,1842.9496304412323,88739.1125,31525.783,514.7174022859317,783.5663633749999
09778144,29563.91088003704,895881.2898,13384.502,8256.904669685544,7910.631788934
09780119,22797.09481706009,1030618.7973,16980.148,6367.000611456712,9100.363980159
09778118,5599.680224642664,251649.3554,3590.942,1563.9346899404495,2222.063808182
09778149,10224.167540429426,286994.3864,4738.643,2855.507752366534,2534.160431912
09778162,5618.143877560227,255334.07499999995,4508.83,1569.091403563796,2254.5998822499996
09778218,13669.789756261498,361058.71630000003,3987.83,3817.8355810262738,3188.148464929
09778120,4580.40761023718,258949.01160000003,5180.093,1279.262041463142,2286.519772428
09778151,8495.304978771224,222163.77200000003,3865.835,2372.6537275210153,1961.70610676
09778163,4583.283327565478,252350.798,4436.824,1280.0652005557624,2228.25754634
09778171,7257.105783099838,315033.7207,4508.923,2026.8370741619535,2781.747753781
09778177,3495.649156973735,192531.54080000002,3874.05,976.2998530511944,1700.053505264
09778202,2248.5765817700694,129619.37460000001,1582.31,628.0049535225627,1144.539077718
09778205,6708.603944365739,176183.576,2208.735,1873.645995621907,1555.70097608
09778214,8749.926383164071,349178.8965,6816.263,2443.7669395538933,3083.2496560949994
09775141,2562.7272442653516,140597.77279999998,2516.639,715.74409205087,1241.4783338239997
09778115,17801.730634149666,727633.9436,10353.77,4971.84534881166,6425.0077219879995
09778130,4395.369140008472,242667.71730000002,4275.41,1227.582647112966,2142.755943759
09778217,3742.9228186132505,159385.27370000002,3423.619,1045.3609140104948,1407.371966771
09778221,5308.915129346062,333528.6176,4315.543,1482.7269064750615,2945.0576934079995
09775149,6854.648191573351,400450.72289999994,6667.9800000000005,1914.4346934245211,3535.979883206999
09774119,12380.661850017248,611529.6242000001,10213.96,3457.795048091317,5399.806581686
09774143,20136.598193471316,916536.7048,9849.227,5623.950509454604,8093.019103383999
09774118,26652.531166760324,242975.3551,2928.99,7443.78542956449,2145.472385533
09774135,43889.393565028935,1885548.1372,19036.2,12257.86872877693,16649.390051476
09774148,7597.4662319629715,449783.3121,5439.616,2121.8963439249383,3971.5866458429996
09774155,18725.37954552323,683947.974,8773.71,5229.811253269182,6039.26061042
09775134,146.22007374876654,8251.8849,10199.756,40.837804397293006,72.864143667
08135027,12820.588740840587,546386.2369,6974.445,3580.6622294293675,4824.590471826999
08135031,934.8599967175525,54760.1187,9713.007,261.0970484832452,483.53184812099994
08425011,3748.3946509662082,159299.3965,3156.331,1046.8891420683522,1406.613671095
08135016,38733.891800027915,1592609.6732,13815.481,10817.988640829795,14062.743414356
08135021,10916.180610379786,314803.3911,4052.758,3048.7800826729704,2779.713943413
08135026,14222.223324202525,641101.8430999999,7655.375,3972.124752216523,5660.929274572999
08136038,13240.887704479332,527615.5207,7854.84,3698.047526984032,4658.845047780999
08136045,36343.09433035864,1192612.4735,17930.058,10150.262815525864,10530.768141004999
08136018,4835.842304231446,246437.6486,4276.23,1350.6023971488005,2176.044437138
08136084,7457.451384314769,243810.32749999996,3710.78,2082.7915971252714,2152.8451918249993
09571136,46432.997678262116,1687876.2905000001,17057.612,12968.271921561825,14903.947645115
09571145,67022.48010481049,1938259.3054,24703.568,18718.70846847252,17114.829666682
09571198,11797.31372615281,386473.55819999997,3955.237,3294.871750577218,3412.5615189059995
09571228,14897.154188253091,372305.5139,5323.787,4160.626193237205,3287.457687737
09571125,5168.070769194737,226996.3664,4473.83,1443.390485128398,2004.377915312
09571134,1331.5589982806396,208507.8823,2810.959,371.8911126297998,1841.1246007089999
09571152,2018.0705885845646,246410.25800000003,3872.828,563.626934685783,2175.80257814
09571155,9580.870573317878,392871.74079999997,8481.657,2675.84134242195,3469.0574712639996
09571181,3907.1706538664052,250230.4781,3903.641,1091.2336919183483,2209.5351216229997
09571188,6080.738068431661,233066.21769999998,4621.899,1698.2893351322787,2057.9747022909996
09571225,1045.5826278484226,228822.6708,3384.728,292.0207721317859,2020.5041831639999
09575124,2708.47816165517,170699.9463,2284.041,756.4508657686724,1507.280525829
09575122,12251.733684593475,329883.9364,4422.893,3421.7867007701116,2912.875158412
09575179,3944.528457379179,199197.47510000004,3529.3650000000002,1101.6673528614308,1758.9137051330001
09575134,7764.935324189009,261569.05299999999,3559.936,2168.668786692748,2309.65473799
09675167,3819.4076251057268,190017.1488,2538.755,1066.7223556157783,1677.8514239039998
09675179,5122.976635543705,274558.6355,4635.74,1430.7961445410012,2424.3527514649995
09675131,3714.1775480526235,193297.84309999997,2720.322,1037.3326473956172,1706.8199545729997
09675139,30432.021978824334,836532.0509,8230.231,8499.359418465847,7386.578009447
09675144,4352.902916236424,250286.989,3054.03,1215.7222554756709,2210.0341128699997
09675149,1213.5169401111118,70505.4372,3208.915,338.92314620363237,622.5630104759999
09675161,4933.436414201732,222767.14649999997,5637.555,1377.8594561224018,1967.0339035949996
09675142,4901.540260723718,276097.06340000004,3996.659,1368.951179417527,2437.937069822
09675165,11268.654352517444,509289.10300000006,6695.09,3147.2224741145965,4497.02277949
09675169,2414.281560608709,168230.9888,2415.252,674.2846970624063,1485.4796311039997
09675174,667.1226126789292,36854.7398,11955.645,186.3206744950981,325.427352434
09662000,189886.74340842062,4123237.1657000002,21968.167,53033.46856653779,36408.184173131
09678123,11451.42954693835,637623.182,8253.034,3198.2697581644115,5630.21269706
09678135,43461.16097952261,818845.95,6228.821,12138.267649970869,7230.409738499999
09678136,7608.50490338268,365998.843,5682.545,2124.9793344657487,3231.7697836899997
09678170,21437.102330827176,425060.1616,7069.598,5987.1683099767215,3753.281226928
09678176,16901.88426397985,492962.5601,4476.537,4720.527256086932,4352.859405683
09678178,10426.725179943402,442471.2783,4754.497,2912.0800755063924,3907.0213873889998
09672131,6659.794430458806,628677.8437000001,7025.676,1860.01398648284,5551.225359871
09672143,3274.318592403166,161160.20440000002,2377.744,914.4844396722801,1423.044604852
09678186,7134.230732410277,463469.08729999996,5255.048,1992.5193012548661,4092.4320408589992
09673171,2194.557410317028,121560.22919999999,1468.103,612.9179391274427,1073.3768238359999
09673133,3502.2706653332925,169543.5996,2627.116,978.1491741209352,1497.0699844679998
09673156,1959.9764872475728,111445.29359999999,1313.145,547.4018331233746,984.0619424879999
09673161,12059.618680660202,339193.0811,3920.745,3368.1309013215878,2995.074906113
09673175,4026.3904616422074,173355.0215,2134.405,1124.530592032052,1530.724839845
09673183,3104.2481825665654,169968.0856,2691.358,866.985474909016,1500.8181958479997
09673142,21832.74436939717,894578.5493000001,7450.27,6097.667174928935,7899.128590319
09673151,4081.8828765076933,233229.3514,2607.143,1140.0290685798336,2059.415172862
09673170,2901.215812985061,159415.17990000002,1858.315,810.2805644085976,1407.636038517
09673182,1288.9783605672615,90259.66789999999,809.27,359.9987663228304,796.9928675569998
16066093,10066.790319407708,435110.0131,2408.61,2811.5538683073787,3842.0214156729994
16066025,1222.89615639979,52171.4111,128.245,341.54266752089734,460.6735600129999
16066086,11159.977633604421,616852.5929,1964.634,3116.870153289379,5446.808395307
16066013,9937.228895606293,528887.5528000001,3828.935,2775.368658253881,4670.0770912240005
16066059,2234.4111263866494,94228.6834,293.695,624.0486834885272,832.0392744219998
16066061,1061.2619246483869,86139.50839999999,515.636,296.39984293504796,760.6118591719999
16066063,39226.499981553,1905418.3895999999,6592.927,10955.569179847938,16824.844380167997
16066064,5544.4400699395865,354695.8273,1089.545,1548.506667133427,3131.964155059
16063004,14617.508484141174,651848.6407,2565.7400000000002,4082.523944535788,5755.8234973809995
16063051,6262.331209292409,247286.1317,1275.492,1749.0064834432767,2183.5365429109997
16063105,72691.28485903335,2902812.8929,8953.406,20301.948948279423,25631.837844306996
16063046,21876.526648760824,236243.361,1066.035,6109.89512773241,2086.02887763
16063104,62488.692057859625,624641.2526,2295.379,17452.466804839612,5515.582260458
16064074,78378.24128827233,677197.2393,4977.186,21890.259009401576,5979.651623019
16061027,1744.7828444726556,135096.3032,903.259,487.30040063276795,1192.9003572559998
16061041,1229.45786715402,100666.06460000001,589.895,343.3752877174462,888.881350418
16061101,645.2188130640544,60008.084,236.395,180.20316230065976,529.8713817199999
16061118,24967.35878375196,1447669.9974,9063.609,6973.133634714084,12782.926077041999
16061034,3497.300676255538,155742.894,783.651,976.7611058714091,1375.20975402
16061047,1429.618377347308,92061.28890000001,605.534,399.27811660932963,812.9011809870001
16061115,10029.956825774025,2111938.3383000004,13370.114,2801.266641870427,18648.415527189
16061003,3395.3536705286456,155434.55920000002,697.057,948.2883266419453,1372.487157736
16061012,1944.8033096565523,144988.1292,672.62,543.1641163539784,1280.245180836
16061076,1812.4118661812176,98560.1833,780.325,506.18851010575224,870.286418539
16061089,1717.6762706742634,94901.9017,602.043,479.72980563661497,837.983792011
16061107,2827.7881880692953,131928.3665,791.195,789.7729630458734,1164.927476195
03159025,1889.226993159315,136012.6384,1287.064,527.642206919465,1200.9915970719999
03159028,2025.1665462153226,133860.94439999998,1539.707,565.6087646924774,1181.9921390519996
03159030,1758.9676860836025,116839.74070000002,991.74,491.2620850462893,1031.6949103810002
03159014,9903.195251902625,438358.70790000004,3221.558,2765.863401903884,3870.707390757
03159018,7939.892868199693,454135.43809999997,2811.225,2217.532679159492,4010.015918422999
03159038,969.7419068439448,67907.8698,517.9399999999999,270.8392171624453,599.626490334
03153019,36815.990092171574,1797183.3527999998,8148.405,10282.337872842598,15869.129005223997
03158018,1593.2167019422018,129545.5971,954.9200000000001,444.9694926854375,1143.887622393
03158028,1415.9795129610416,107287.5691,646.42,395.46891817488927,947.3492351529999
03102000,213930.56623455632,8268614.303799998,31994.568,59748.66784364923,73011.86430255398
03158002,5094.100144819213,330841.7758,2957.36,1422.7312294465578,2921.332880314
03158004,3796.060493668474,257193.4079,2447.0,1060.201735276668,2271.017791757
03158011,3340.09717622026,210693.6385,1784.237,932.8557403465563,1860.424827955
03157005,21247.66727970783,1258015.3353,11169.897,5934.2609945496,11108.275410698998
03151017,15193.98421869658,881034.0677,6629.682,4243.527852439767,7779.530817790999
03351005,3854.586511405668,246846.9296,2149.162,1076.5474667704889,2179.658388368
03351017,7171.782389381164,376564.8157,1956.435,2003.007103530265,3325.0673226309996
03351002,3357.974919132969,200263.09170000002,1607.875,937.8488151646468,1768.323099711
03351003,3189.1284368969273,148211.5861,875.96,890.6916811409427,1308.7083052629998
03351016,15333.979865819812,747828.9546999999,5143.774,4282.627236724815,6603.329670000999
03355027,2775.8934254940873,144426.79059999998,1271.15,775.2792748062436,1275.2885609979996
03353037,1918.7130530193294,116043.95039999999,740.239,535.8773685777685,1024.6680820319998
03355020,4803.390901221403,220002.9118,1515.189,1341.5390448021255,1942.625711194
03355035,3244.789583864086,173495.2444,1144.64,906.2372828774005,1531.9630080519999
03355041,3444.950244234611,190678.1644,2134.684,962.1401537122845,1683.688191652
03355028,5059.397837527781,246424.7679,2152.691,1413.0392220431338,2175.930700557
03353007,8967.983589470052,478602.4595,3069.814,2504.6681367030906,4226.059717384999
01053012,3729.636350565252,249881.801,2253.02,1041.6501363493692,2206.45630283
01053129,15316.909958827635,648131.2261,3314.626,4277.85978240097,5722.998726462999
01062018,26216.688589940368,933689.5179000001,3470.265,7322.058956284445,8244.478443057
01062060,51791.32680327575,1813107.7914,8392.604,14464.799662886882,16009.741798062
01062001,65223.3423419002,2254844.2514000004,12932.639,18216.227282669304,19910.274739862
01062011,10021.662268323209,240556.2885,1279.845,2798.950054919989,2124.112027455
01062023,17368.376449789866,521089.43669999996,2896.271,4850.8138586618115,4601.219726060999
01062069,10654.5557246091,307941.25,1822.97,2975.7108683260753,2719.1212375
01062071,4823.3692998646875,230527.6857,1385.51,1347.1188117592085,2035.559464731
01062088,3972.9150204455095,184524.04249999998,1485.982,1109.5954360602263,1629.3472952749996
01062006,35134.60883939985,1142069.9926,7275.874,9812.744902755983,10084.478034658
01062014,3144.47845797253,169321.91989999998,941.33,878.2213885271478,1495.1125527169997
01062016,5639.37250911937,278896.36830000003,1761.235,1575.0203480719488,2462.654932089
01062036,3902.701389134021,194566.88379999998,1299.475,1089.9854709712406,1718.0255839539998
01060029,1502.1729287872183,73477.53880000001,522.204,419.5418772809822,648.806667604
01060053,4557.702667986489,231315.20609999998,1936.45,1272.9207781419466,2042.5132698629998
01060062,1502.2788563234117,84071.67299999998,630.52,419.5714617825656,742.3528725899997
01060085,6811.432963296036,354440.6287,2242.26,1902.3651123189497,3129.7107514209997
01062019,1882.331628016359,98045.02540000001,261.35,525.7164003886888,865.7375742820001
01062050,1193.580104790413,51738.456699999995,374.675,333.35498746691445,456.85057266099994
01062092,4033.2696225021814,196346.2945,1198.448,1126.4518728686342,1733.7377804349999
01060020,5113.773479094962,186646.74109999998,1304.305,1428.2257949764316,1648.0907239129997
01060022,1045.3183977920517,52496.00899999999,438.127,291.9469753193421,463.53975946999986
01060041,783.4192942651889,38317.23909999999,467.705,218.8011746953246,338.3412212529999
01060051,1940.9192220742502,72633.4914,503.331,542.0793295331173,641.353729062
01060057,1704.2776699632852,60417.85599999999,323.305,475.9877104440459,533.4896684799999
01060059,2793.9935348936074,133456.99839999998,1458.689,780.3344543604355,1178.4252958719997
01060070,2334.056720185151,109897.2522,618.115,651.8787013805107,970.392736926
01060101,2968.991664306541,137603.4559,931.505,829.2096819241739,1215.038515597
01060012,9377.91754649366,364829.2442,2145.938,2619.158591560214,3221.442226286
01060016,2667.1853033422335,122298.0966,542.2,744.9181833704523,1079.892192978
01060086,917.81805917324,45513.157400000004,74.64,256.3374057464942,401.881179842
01060089,11610.455957502483,457313.4625,1917.415,3242.6842443708683,4038.077873875
01057005,1970.5807025803106,67952.4061,532.4,550.3634844236549,600.0197458629999
01057032,2131.0128075442594,90649.406,817.79,595.1705670190362,800.43425498
01057042,1927.7937260488939,93498.4441,827.875,538.4135097481956,825.5912614029999
01057054,1440.8872318385504,55772.719300000004,583.46,402.42539498018874,492.473111419
01057069,5132.481458670212,187032.85710000002,1205.645,1433.4507465920035,1651.5001281930001
01057080,4335.668969887235,155076.35429999998,1499.615,1210.9089865998058,1369.3242084689996
01060072,1403.867927047592,68849.4974,560.768,392.086273345122,607.9410620419999
01057047,901.1144996022942,44825.966100000005,193.935,251.67226859392474,395.813280663
01057058,2305.904569520453,81585.67979999998,546.29,644.0160872213673,720.4015526339998
01057059,1451.4978163893645,65529.9589,551.41,405.3888251393856,578.6295370869999
01057062,19120.432975099353,1010792.9573000001,5102.082,5340.145725615498,8925.301812959
01057091,28549.687611505426,1097870.8758,6373.297,7973.6422530173495,9694.199833314
01057016,2768.6780141916242,144345.1639,1480.42,773.2640825835787,1274.567797237
01057025,10080.286008818468,592068.8159,3848.045,2815.3230794029096,5227.967644397
01057051,3536.2943057800817,218489.61059999999,1536.89,987.651636661319,1929.2632615979996
01057063,4873.359175695704,216855.97660000002,1869.255,1361.080484180053,1914.8382733780002
01057066,3320.9507245350133,143474.5103,943.915,927.5083278553838,1266.879925949
01057074,11034.126373154517,512907.99909999996,3204.7780000000002,3081.7211547583247,4528.977632052999
01057012,1001.2985831190714,43020.5643,403.155,279.6526812793254,379.87158276899993
01057043,5944.6996669008495,346255.951,1831.926,1660.295169968738,3057.4400473299997
01057079,2351.7694146305203,119723.5075,844.42,656.825679812158,1057.158571225
09780128,14779.677316023595,700515.2584,9799.254,4127.81607759223,6185.549731672
09780140,10817.033630792323,506742.429,10416.526,3021.0893227439874,4474.535648069999
09780145,8014.8355556658025,389265.9188,4713.483,2238.463422341902,3437.2180630039998
09777176,6666.118610310357,307002.60250000004,6220.525,1861.7802666735795,2710.8329800750003
09778119,4584.05318366229,217258.4824,3233.035,1280.280213665041,1918.392399592
09780122,13234.823023992063,482453.11989999993,7475.651,3696.353722370743,4260.061048716999
09780125,6390.01775588815,316558.8378,4848.292,1784.6680590420012,2795.2145377739994
09777165,6208.003588605503,284413.9085,3379.669,1733.8333222616309,2511.374812055
09778168,13314.946927325323,694412.5831,11235.193,3718.7315273326894,6131.663108773
09778186,27361.216134404465,1080458.4364000002,13587.939,7641.714054177823,9540.447993412
09778136,12221.299696315129,554760.7128000001,10175.617,3413.286792183852,4898.537094024001
09778180,13302.749048821883,403944.8836,5598.725,3715.3247818454633,3566.833322188
09778196,6377.156767827785,385950.80480000004,5688.959,1781.076113686622,3407.9456063840003
09774192,2143.560672739044,125757.413,1953.693,598.6750602892876,1110.4379567899998
09778121,8719.883413015481,503255.04049999994,7368.085,2435.3762384210936,4443.742007614999
09778157,5434.693452002844,278527.02910000004,4125.968,1517.8555342098743,2459.3936669530003
09778184,4437.034960335522,228423.3968,3926.313,1239.2194940721079,2016.9785937439997
09774117,3145.0062307456833,195119.8518,2886.6,878.3687901849619,1722.908291394
09774124,3767.418751246054,226446.9913,2758.763,1052.2023830355104,1999.5269331789998
09774129,2140.6333354464928,111599.14980000001,2006.07,597.857484256851,985.420492734
09774150,29890.98946033389,1342774.6898,15092.476,8348.254446376652,11856.700510933999
09774189,2731.2727354453145,165390.93309999997,2144.355,762.8171622825218,1460.4019392729995
09774133,4548.720585170997,232599.759,2831.844,1270.4121722324076,2053.85587197
09774145,9590.707918417273,524113.4006,7478.647,2678.58881453476,4627.921327298
09774162,9648.12968538588,495573.41240000003,5869.365,2694.6261398314223,4375.913231492
09774191,4174.7681374317,194506.6774,3716.595,1165.9709931032994,1717.4939614419998
09774121,32990.95542642899,1159428.6478,11487.311,9214.043941047352,10237.754960073999
09774174,4043.3643669160138,218564.63270000002,3261.08,1129.2712340359735,1929.9257067409999
09773112,7000.738818560623,340637.25800000003,5520.999,1955.2363446357963,3007.82698814
09773136,477.69277916287825,22036.1952,12746.725,133.41481629240025,194.57960361599996
09773137,4791.683462193884,225472.1139,4141.315,1338.2692741561298,1990.9187657369998
09773144,26104.030962724326,861765.7421,11854.887,7290.594807579277,7609.391502742999
09773153,1936.0434142359195,87710.2546,2505.45,540.7175651619499,774.481548118
09773170,8847.26001858768,427801.8896,6543.9,2470.951250591353,3777.490685168
09773187,2509.456111691447,120836.9687,1361.385,700.8659974343042,1066.990433621
08135010,18393.908143953024,772544.4294,12261.265,5137.23460552464,6821.567311602
08136010,58181.96292816122,1511388.5138,14954.42,16249.640426206146,13345.560576853999
08136071,8319.845537343419,274145.8354,4164.447,2323.6496601246436,2420.707726582
08136075,22565.760019032197,839592.1977000001,16977.611,6302.391115715502,7413.599105691001
08136068,8340.164892300205,327050.8123,5384.22,2329.324652770524,2887.8586726089998
09571179,5200.022088131337,214342.83190000002,2819.833,1452.314168994201,1892.647205677
09571224,16813.43559706757,466353.10520000005,5481.304,4695.824427905001,4117.897918916
09571139,5239.777820995514,308622.2766,3995.8,1463.417547625837,2725.1347023779995
09571200,7215.355517699225,365872.2391,4868.362,2015.1766425382164,3230.6518712529996
09571114,2385.0016769768768,104065.3309,7372.227,666.1071183628719,918.8968718469999
09571137,5826.178994231018,235563.5836,3311.568,1627.193531298781,2080.026443188
09571174,32436.542322956826,1014276.879,18559.04,9059.201905378612,8956.06484157
09571130,8758.061245247858,392907.9658,6928.648,2446.038925185274,3469.3773380139996
09575115,4587.327410666807,622805.1499000001,8569.938,1281.1946725251323,5499.369473617
09575143,1709.905874507678,302318.4591,4242.085,477.55961169124936,2669.4719938529997
09575112,34306.80485230579,1431707.2437999998,18138.254,9581.547527200482,12641.974962753997
09575133,6292.838354245936,292445.7798,2957.185,1757.5268239573475,2582.296235634
09575146,8310.388250387761,299329.81070000003,6271.873,2321.0083344507975,2643.082228481
09575165,10073.96797997966,474959.3657,6428.847,2813.558517128519,4193.891199131
09575144,8911.732864613175,373218.41250000003,4682.6230000000005,2488.957871757814,3295.518582375
09675111,3432.8149898228257,151567.6808,2043.585,958.750898507617,1338.3426214639999
09675116,2692.712011033397,146562.1566,1444.096,752.0475375615174,1294.1438427779997
09675148,2814.273881853942,154613.5036,1726.825,785.9985524629874,1365.2372367879998
09675162,1902.17474393227,119466.59689999999,1211.231,531.2583842328437,1054.890050627
09675177,2961.5804718945237,160293.9655,2149.235,827.1398099954215,1415.395715365
09675158,12075.42688838285,442989.00549999997,7471.006,3372.545975656446,3911.5929185649993
09675178,26155.078185094488,744212.4811999999,8936.834,7304.851786315039,6571.396208995999
09674139,3181.8575840287153,154394.5364,2557.15,888.6610046433799,1363.303756412
09678138,8633.992026770105,419775.7454,6222.305,2411.3876331566225,3706.6198318819997
09678174,14349.906482040209,807876.9985999999,10669.751,4007.78538136901,7133.5538976379985
09678181,9047.583457839793,669030.8147,7150.479,2526.899583940076,5907.542093800999
09672157,0.7032387610856173,172163.94759999998,1782.26,0.19640755358360204,1520.2076573079999
09673126,2856.290415139336,161447.81939999998,2030.743,797.7333500442651,1425.5842453019998
09673127,3979.003790149107,189782.6147,2890.486,1111.295968550744,1675.780487801
09673136,4980.012459812178,253747.72590000002,3664.45,1390.8676799009431,2240.592419697
09673160,4098.180527777127,222841.25220000002,2811.874,1144.5808396028738,1967.688256926
09673184,5804.1376919018385,239384.021,3126.1349999999998,1621.0376159712644,2113.76090543
09673130,2873.925578212208,163488.68680000002,1639.496,802.6586747388876,1443.605104444
16066042,535293.8130928781,2225469.0413,12430.669,149502.2090587099,19650.891634679
16066041,909.9084098850817,45387.0304,346.4,254.12831979680445,400.767478432
16066056,3628.747808374217,147384.10359999997,846.36,1013.472975400835,1301.4016347879997
16066022,4451.097920712054,277085.5329,1160.567,1243.1471382756695,2446.6652555069995
16063066,6855.344014024152,487325.5928,1188.45,1914.6290296768052,4303.084984423999
16063099,10424.74798272047,729446.1109,3488.551,2911.5278640939996,6441.009159246999
16063092,9560.506529530154,609039.8705,2427.065,2670.1538686324766,5377.8220565149995
16063008,886.5255177994023,78104.9914,310.8,247.59771186619506,689.667074062
16063049,1034.2850708331166,77978.9083,446.108,288.8654774329811,688.5537602889999
16063058,1028.7508664873278,78480.21269999999,217.69,287.31982950124575,692.9802781409999
16064075,9702.457388535744,619984.2557999999,3379.826,2709.799324044148,5474.460978713999
16061018,1264.8099440758442,99910.8884,627.548,353.2487692809425,882.2131445719999
16061063,2483.204643600753,162865.4957,1497.308,693.5342249112543,1438.102327031
16064046,79902.13765518778,3270159.6841,17606.119,22315.86802571739,28875.510010603
16064071,14996.59209186173,728441.2948,3230.904,4188.398205336062,6432.136633084
16061074,13464.048664929269,759747.1059999999,4612.599,3760.374151628095,6708.566945979998
16061031,7.639382647748684,63373.4592,176.61,2.13360317968973,559.5876447359999
16061094,16.788431885381918,41176.166999999994,127.55,4.688841141268315,363.5855546099999
16061015,1031.9893347909776,87931.3958,394.88100000000003,288.2243013137721,776.434224914
16061026,864.205206006392,70714.0361,306.44,241.3638719855252,624.4049387629999
16061103,622.2662413554589,44127.7025,446.715,173.79273854816608,389.647613075
16061117,11578.03013219679,664413.5374,2568.225,3233.6280356212415,5866.771535242
03159012,1338.0317100282284,70466.3294,436.375,373.6988762937839,622.217688602
03159020,4405.977719977382,131930.9055,1109.786,1230.545517412483,1164.949895565
03159027,3883.2119475338673,230356.5479,2217.065,1084.5422648267338,2034.0483179569999
03153018,23814.751767555135,1251686.9919,4155.296,6651.222021160474,11052.396138477
03153017,107025.6867725151,4438750.203400001,19308.659,29891.204058695737,39194.164296022005
03153008,13802.072750449228,867966.1927000001,7711.736,3854.7808984729645,7664.141481541001
03158016,2554.643130731559,170253.2354,1073.461,713.486279982017,1503.3360685819998
03157007,23319.67206504271,1532163.7428000001,14375.019,6512.951211045778,13529.005848924
03157008,16661.273416639957,1068535.4505,9877.048,4653.327052533373,9435.168027914999
03151012,4199.721184276949,278335.4845,2246.958,1172.940129556709,2457.702328135
03151018,13008.099374209907,706961.3148999999,3957.4809999999998,3633.0320742230847,6242.4684105669985
03351008,6865.593766692607,377818.3432,2138.925,1917.491683099578,3336.1359704559995
03351015,4476.6598695841585,257500.97589999996,2257.765,1250.2863349761597,2273.7336171969996
03360007,5909.263930060731,183270.4229,1196.695,1650.3983230266613,1618.2778342069998
03360009,217635.79069047965,297461.48519999994,2504.525,60783.499981944056,2626.5849143159994
03360010,4012.467801619098,212773.344,1394.987,1120.6421323141979,1878.7886275199999
03360019,3782.621123846622,164270.2694,1713.7350000000001,1056.4482536791231,1450.5064788019997
03355006,1202.5709402672876,74957.26689999999,619.93,335.86603790725076,661.8726667269998
03355008,3089.581698414914,157765.30060000002,1153.615,862.8892725503014,1393.067604298
03355016,5365.539690544622,279797.7233,1778.215,1498.5415801722074,2470.6138967389998
03355022,137740.82763118908,4970278.5239,26247.695,38469.635749114794,43887.559366037
03355031,7529.999177200091,451179.519,4347.91,2103.0534702002133,3983.9151527699996
03355039,4171.447818604169,197181.4745,1834.421,1165.0436612579583,1741.1124198349999
03353023,10714.285590347732,462631.6276,3289.743,2992.392822528218,4085.037271708
03355004,18214.056214942164,687776.2481,3400.629,5087.003760271196,6073.064270722999
03355017,4760.572560967386,228680.9926,1615.579,1329.5803105525813,2019.2531646579998
03355023,2014.6644404777026,96366.7705,687.415,562.6756315810175,850.9185835149999
03355042,8574.234751645288,225905.2547,1717.405,2394.6980237870125,1994.7433990009997
01053028,3350.561104164934,211927.8911,2390.987,935.7782107822244,1871.323278413
01053032,49145.96732426094,1921646.3206,8758.345,13725.977213992837,16968.137010897997
01053053,1048.3637375072904,66578.0119,454.33,292.7975082484111,587.8838450769999
01053072,1821.4999808198045,115735.1035,947.5600000000001,508.72672964316314,1021.9409639049999
01053003,2441.4440539519724,165244.9168,827.49,681.8709098282463,1459.112615344
01053023,4780.883370422476,287357.5818,2032.186,1335.2529165252934,2537.3674472939997
01053133,2799.8136124366397,182603.49240000002,987.705,781.959943817429,1612.388837892
01062086,2974.3571863235584,156899.45789999998,752.165,830.7082185683066,1385.4222132569996
01062020,2397.4774071495603,103458.42189999999,638.05,669.5914650428007,913.5378653769998
01062022,2581.609633894818,162442.96740000002,932.9499999999999,721.0177546504838,1434.371402142
01062035,5992.732051931902,325727.80170000007,2169.27,1673.7101347840608,2876.1764890110003
01062045,4445.186911901868,256355.13799999998,1850.1970000000001,1241.4962526250727,2263.6158685399996
01062058,831.982511675383,40625.297999999995,235.83,232.3643956858177,358.72138133999994
01062082,18200.95211911448,734793.4274999999,4365.194,5083.3439173474835,6488.225964824998
01062027,2232.972858466216,122995.2967,884.09,623.6469896410294,1086.048469861
01062056,2344.3726547816023,130719.156,535.09,654.7598387539537,1154.25014748
01062065,2520.668151336257,124127.69660000001,1284.6,703.9974079867031,1096.047560978
01062078,2373.112216587009,130863.64229999999,1240.76,662.7865109705856,1155.525961509
01062081,3199.115897780336,178822.20440000002,1504.87,893.48107909107,1579.000064852
01062089,2938.1040242214635,146023.5609,720.36,820.5830729248125,1289.388042747
01062091,5607.824382059929,297432.44029999996,1565.69,1566.2092716655175,2626.3284478489995
01060006,770.5274825493386,35253.1439,346.265,215.20062060120478,311.285260637
01060093,1598.5493212158008,56603.560900000004,332.12,446.458839922361,499.809442747
01062004,52584.2795523938,1796680.2089,8235.137,14686.263436188063,15864.686244587
01060005,30590.85832179743,1289334.1737,6534.059,8543.720820694803,11384.820753770999
01060008,1534.371144762464,82482.5527,472.37,428.5345170207085,728.320940341
01060018,320.78518088407975,10805.7313,231.29500000000002,89.59209316911463,95.41460737899999
01060030,1188.1643143732822,68849.06000000001,611.937,331.84241136131396,607.9371998
01060048,2340.960265609968,65974.58679999999,384.69,653.8067925822079,582.5556014439999
01060049,2868.2068901057983,161801.70030000003,1240.965,801.0615023376483,1428.709013649
01060061,3782.2545330746752,138549.47849999997,1250.97,1056.345868542426,1223.3918951549997
01060069,2557.8943315500655,131243.4162,755.236,714.3943078586177,1158.879365046
01060074,687.6514123059201,32884.9775,241.75,192.0541629429204,290.37435132499996
01060079,516.303426659122,25198.296000000002,170.65,144.19838403162618,222.50095368
01060091,1234.663183168391,58345.83930000001,274.02500000000003,344.8290804270999,515.193761019
01060096,3219.7525618534164,143756.99420000002,1071.305,899.2446930000406,1269.374258786
01060010,2152.7932253136014,96330.58840000001,689.0,601.2536198978357,850.599095572
01060017,954.3775171036048,43903.725999999995,255.25,266.5480967518658,387.66990057999993
01060050,1426.5435188383742,73734.1975,511.88,398.4193393763695,651.072963925
01060060,2721.4504858144237,120127.8315,542.495,760.0739061831104,1060.7287521449998
01060075,10243.766636384587,369406.44430000003,2350.305,2860.9815838758514,3261.858903169
01060087,1527.0034886999292,86804.798,673.345,426.4768043590032,766.4863663399999
01057001,5268.77169342544,296965.10589999997,2591.875,1471.5152462567912,2622.2018850969994
01057015,2134.9636468580857,127544.1333,750.23,596.2739969309947,1126.214697039
01057017,788.0540481976195,40703.0576,219.93,220.09561512111316,359.40799860799996
01057053,1888.9423192438137,69960.6474,541.251,527.5627003416047,617.752516542
01057084,1882.7730372099893,82714.0931,447.81,525.8396815623779,730.3654420729999
01057089,648.2010511172377,29312.819200000005,206.815,181.0360715665333,258.83219353600003
01060080,1164.6891626403033,66994.9287,415.69,325.2860362338103,591.5652204209999
01057046,4097.834861079516,198046.5671,1051.18,1144.484298350898,1748.7511874929996
01057057,9559.942519761966,561721.7228000001,2459.613,2669.996346344319,4960.002812324001
01057070,2224.7105341516626,136577.48249999998,830.126,621.3394050832178,1205.9791704749998
01057018,358.9248762959459,18811.722300000005,152.595,100.24412870069473,166.10750790900002
01057020,1331.457455948427,62745.312099999996,707.61,371.86275287183616,554.041105843
01057056,1588.8822310127348,51492.2953,566.14,443.7589182995467,454.67696749899994
01057060,1004.7585764528822,56185.645,513.515,280.61902281752543,496.1192453499999
01057072,1264.7818530252903,65779.2972,600.245,353.2409237314333,580.8311942759999
01057081,718.2197770964384,42700.534199999995,233.125,200.59160154526427,377.04571698599995
01057090,2966.585843917812,126511.09279999998,844.401,828.5377603478056,1117.0929494239997
01057003,1180.4710635259275,68853.2131,482.668,329.69376333215627,607.9738716729998
01057040,959.4287048441497,49099.2367,371.455,267.95884297592255,433.546260061
01057049,606.3340417043888,34510.4548,378.55,169.34303450761874,304.72731588399995
01057073,13137.346478321275,627958.8141,3586.132,3669.1294979303484,5544.876328502999
01057087,2173.346591180739,121374.7283,795.505,606.9939694508686,1071.7388508889999
01057088,2134.8557970619872,131926.5056,532.535,596.2438755614423,1164.911044448
09777153,10909.286440851984,514004.9141,6701.515,3046.8546100655503,4538.663391503
09777131,6713.102256570429,263035.7632,4202.367,1874.902329237555,2322.6057890559996
09777144,2742.0820038253673,180787.3468,3712.017,765.8360828483868,1596.3522722439998
09780114,9594.487963385094,431772.65369999997,6279.91,2679.6445432938226,3812.5525321709993
09780120,1879.2315282841744,83351.7877,7411.649,524.850573534487,735.9962853909999
09780147,7953.9318092156245,351387.10719999997,6832.492,2221.4536149958317,3102.7481565759995
09777138,7915.668313477038,305834.766,5604.246,2210.767003271002,2700.52098378
09777154,15006.658655284189,843239.2536,13296.151,4191.209695834321,7445.802609288
09777175,7355.211111422139,534717.3397,9134.764,2054.236911309089,4721.554109551
09777124,6143.1561903933425,288871.21540000004,4797.938,1715.7220924149565,2550.7328319820003
09778113,3538.5855922087376,203492.21870000003,2416.078,988.2915700479782,1796.8362911210002
09778207,5140.14293318481,291500.0219,3805.719,1435.5905198091855,2573.9451933769997
09778173,49686.43820373492,1732625.8281,17115.337,13876.925325921125,15299.086062122999
09778199,5324.679991454565,255398.3517,3958.679,1487.1298748133454,2255.1674455109996
09778158,20372.565033235573,549554.4146,6886.177,5689.853688132363,4852.565480918
09778183,4699.050483404482,253727.19660000002,4765.345,1312.3978095100379,2240.411145978
09778187,8989.047751616012,419136.0871,6085.969,2510.5511465488357,3700.9716490929995
09778190,11822.762298531692,406791.94670000003,6124.089,3301.979282356916,3591.972889361
09774111,3663.8290547552,216505.9311,3329.4900000000002,1023.2708167025797,1911.7473716129998
09774115,10061.836539799313,264866.8618,3458.639,2810.1703272005498,2338.774389694
09774116,8260.484772940727,427927.7926,4484.599,2307.0707922346155,3778.6024086579996
09774122,17073.413241702234,533351.0351,6259.765,4768.433584275017,4709.489639932999
09774144,35418.93163471111,1046753.87,10793.205,9892.153416258465,9242.836672099998
09774160,5707.769424156887,293449.544,3595.028,1594.122922472777,2591.1594735199997
09774185,13971.904398759969,681288.1082,7154.292,3902.2131795296714,6015.773995406
09774127,4532.005300062324,176351.0829,3166.494,1265.7437602544064,1557.180062007
09774140,4982.027003508406,268010.2259,4729.926,1391.4303218098626,2366.530294697
09774178,2434.7699546621975,148324.3369,2299.2,680.0069006376051,1309.7038948269999
09773125,65085.08742612854,2259036.2216,25224.168,18177.61406724344,19947.289836727996
09773147,5425.98919643261,247301.79340000002,4360.615,1515.4245226716635,2183.674835722
09773183,7118.075091701839,342182.7148,5382.389,1988.0071923614064,3021.473371684
09773186,6255.1605192924035,227330.00460000001,2789.575,1747.0037814331752,2007.323940618
09779112,3450.5729440200867,165212.6065,3444.148,963.71051753537,1458.827315395
09779146,2981.6922609511616,142348.6978,2377.405,832.7568315610499,1256.9390015739998
08136037,5741.083695917048,275255.2859,4930.905,1603.4272654326724,2430.504174497
08136087,5519.042693049304,282430.4975,4157.095,1541.41343374174,2493.861292925
09779136,3338.0593001635343,178448.7951,2937.165,932.2865819426735,1575.7028607329999
09779194,78948.11574660499,2484462.1991999997,32051.751,22049.419246869307,21937.801218935994
09779147,8941.529095210944,407943.83879999997,8775.44,2497.2796610014643,3602.1440966039995
09779177,5489.777355327836,242769.91030000002,5926.225,1533.2399175695111,2143.658307949
09779224,11932.9496907367,493353.5591,8741.281,3332.7535191258526,4356.311926853
09571218,4607.4114583734845,249321.2317,3079.871,1286.8039462091303,2201.506475911
09571227,5538.957568641368,269631.6975,4164.322,1546.9754593458476,2380.847888925
09571128,3561.034047661355,144194.04330000002,2463.414,994.5611991713398,1273.2334023390001
09571132,5297.497619005557,285789.8875,4471.875,1479.538110012062,2523.524706625
09571170,5925.522618894538,303833.07790000003,4129.001,1654.9392122310555,2682.846077857
09571223,6559.016177421659,239099.0471,3383.9230000000002,1831.8676281920953,2111.244585893
09561000,85786.43463692101,3802620.0547,30745.703,23959.29332974567,33577.135083001
09571166,38870.63076144399,1006769.3078000002,17430.929,10856.17846536369,8889.772987874001
09571171,2669.859768384298,461344.31,7398.986,745.6651347120505,4073.6702573
09571183,7731.979909065843,270487.2628,4523.891,2159.464668802999,2388.402530524
09575156,8605.837467414478,411565.385,5800.919,2403.5243462741896,3634.12234955
09575135,515.9329863308328,24256.302399999997,5965.911,144.09492375233827,214.18315019199994
09575161,12938.703664759694,622487.8407,7978.925,3613.6505465307346,5496.567633380999
09575157,6430.714814884249,283424.71700000006,3386.184,1796.0343406490217,2502.6402511100005
09675127,9431.187520292187,485926.93240000005,5664.835,2634.0363625424047,4290.734813092
09678164,616.3043623480235,39565.5208,3315.239,172.12764536017946,349.36354866399995
09674147,39739.740775591454,1575078.3696999997,15516.373,11098.912201214936,13907.942004450997
09674180,5595.0191325445085,317437.4417,3999.78,1562.6328935283557,2802.972610211
09674219,5969.306173909821,285410.65839999996,4218.586,1667.167521311274,2520.1761136719992
09678124,3996.6432246207714,92811.69719999998,5599.694,1116.2224862043352,819.5272862759998
09674111,6624.365500749594,355261.747,4830.384,1850.119040704354,3136.9612260099993
09674153,4339.650140200835,256355.6762,3498.571,1212.0208876566912,2263.620620846
09674164,15366.588734814468,689311.3698,5411.829,4291.734567746333,6086.619395334
09673141,20149.490764070804,936217.7286999999,10272.514,5627.551275497334,8266.802544420998
09673173,4465.7331203357635,256102.8519,3370.213,1247.2346031785753,2261.388182277
09674120,4384.701912113336,231549.61359999998,1939.389,1224.6033970341336,2044.5830880879996
09673113,2007.0062440668419,111181.90129999998,1814.88,560.5367739054283,981.7361884789998
09673131,3212.276690648552,153589.3184,1595.448,897.1567569312341,1356.1936814719998
09673134,3615.1615057401054,209762.2208,2325.44,1009.678456938154,1852.2004096639998
16066094,114147.91911616712,926522.8816999999,5225.016,31880.372329954313,8181.197045410999
16069062,25515.72213531593,1119820.2866,10271.352,7126.286035172386,9888.013130677999
16066017,27638.793006956057,61217.3118,492.385,7719.238498912757,540.548863194
16066018,330.15049889638806,26934.524,85.43,92.20773283677221,237.83184692
16066045,19058.3298062154,75065.731,81.55,5322.800931577898,662.8304047299999
16066049,120978.76414299384,172178.2559,830.355,33788.15903749675,1520.3339995969998
16066057,89105.45484381271,109951.57870000001,393.04,24886.26248332845,970.872439921
16066076,80259.14073798504,133445.39990000002,1220.125,22415.57541671184,1178.3228811170002
16066015,1351.505707806016,70486.5741,385.415,377.4620291331422,622.3964493029999
16066038,2108.205901591987,132102.8698,511.693,588.800826255626,1166.4683403339998
16066079,664.3892774773351,46766.2893,224.82999999999998,185.5572813066449,412.94633451899995
16066023,15857.340064023083,734258.1432000002,4014.062,4428.796506481007,6483.499404456001
16066074,11589.00149938818,715036.4260999999,2329.32,3236.6922287641246,6313.771642462999
16067072,29874.249002450328,1349729.3025,5525.175,8343.579003894352,11918.109741074999
16063071,6281.193800889304,161451.166,413.1,1754.2746166503737,1425.61379578
16063098,53354.40674323262,1043348.8832,4237.3550000000005,14901.352259317437,9212.770638656
16063006,782.966219932304,76743.7792,391.73,218.67463556489318,677.647570336
16064032,1606.8860764445799,113136.0444,431.675,448.7872122902067,998.9912720519999
16064053,432.9627144328442,38960.6727,228.765,120.92215651394906,344.022739941
16064076,23720.356071945687,957909.8427,3204.102,6624.858247333711,8458.343911041
16061017,6462.544858525871,400867.72660000005,3560.258,1804.9241535376905,3539.6620258780003
16061037,2388.4947086727725,188479.33370000002,1404.14,667.0826871852186,1664.272516571
16061044,1299.790500242874,126717.7854,250.435,363.0184888128323,1118.918045082
16061058,1835.3607000961317,151411.0325,1142.59,512.5978899298486,1336.9594169749998
16061116,7777.138306849877,428624.1826,3346.433,2172.076957720102,3784.7515323579996
03159003,1041.5270321727132,758206.9004,5591.359,290.88808481551706,6694.966930531999
03158005,1439.6436676058174,109543.66679999999,779.26,402.07807992562874,967.2705778439998
03158014,1833.1899246026028,129814.4657,1447.61,511.9916140422609,1146.261732131
03158037,69366.20441807676,3168667.4806000004,23485.59,19373.287231924656,27979.333853698
03101000,432128.23635115114,13094770.8087,77863.843,120689.095130513,115626.826240821
03151027,20467.37297551441,786621.4062000001,6325.733,5716.332598331419,6945.867016746
03151001,2900.45509715445,195198.61599999998,2019.7450000000001,810.0681040842662,1723.6037792799998
03151015,6089.214972065752,415655.16660000006,3551.5,1700.6568495482436,3670.2351210780002
03151022,3866.7483798824824,245055.5087,1733.65,1079.9441550173785,2163.840141821
03151034,5323.813417063501,314280.0712,2897.212,1486.887849251665,2775.0930286959997
03151041,1910.985873130711,134389.48129999998,975.415,533.7192445066763,1186.6591198789997
03151009,87084.98941894727,3409864.3239,20331.498,24321.96669481778,30109.101980036998
03151033,3919.4522926372947,209882.8783,1547.436,1094.6638308106699,1853.265815389
03151010,7257.125798004089,344983.82,2734.83,2026.842664124562,3046.2071306
03151029,3367.2201781248605,198664.6828,970.695,940.4309235484923,1754.2091491239999
03360006,9262.495601448536,552097.8246,4440.169,2586.9223965285614,4875.023791218
03360014,2891.2418432207296,165610.2212,1297.5049999999999,807.4949343931175,1462.3382531959999
03355024,5537.123974069295,300600.4065,2415.638,1546.4633547178134,2654.3015893949996
03360004,13869.994306483117,771323.8184999999,5458.513,3873.7507098576693,6810.789317354999
03355014,4947.070729251082,307080.1189,2429.635,1381.6673839725347,2711.5174498869997
03355040,2541.6509658863483,152207.0348,944.732,709.8576982623982,1343.9881172839998
03353033,9597.856782324834,496311.2269,2832.815,2680.585420735503,4382.428133527
03355001,18016.809042118955,836938.1099,5982.239,5031.914597373403,7390.163510417
03355003,3304.0168782761302,179896.25449999998,1348.335,922.7788739337403,1588.4839272349998
03355007,3839.039225316543,200293.3598,1450.583,1072.2052652386571,1768.5903670339999
03355011,6475.027708669366,372638.4079,2753.814,1808.4104887542671,3290.3971417569996
03355033,8341.795442460454,387385.1605,2280.381,2329.78004912478,3420.6109672149996
01053017,1904.1251485373737,84473.23950000001,509.077,531.8031127350031,745.8987047850001
01053047,2361.5058135968557,116473.9634,699.61,659.5449586794658,1028.4650968219999
01053050,1458.265232014195,82051.0382,444.99,407.2788966492445,724.510667306
01053071,1438.7103796969618,69742.6944,488.745,401.81742194556443,615.8279915519998
01053074,1084.3201249970366,48863.69210000001,285.295,302.83976771042234,431.466401243
01053111,1555.1118149030085,85561.3355,432.005,434.3271787842612,755.5065924649999
01053131,1104.2235823224646,45131.037,473.1,308.3986043068411,398.5070567099999
01053135,1341.206353592507,44491.637299999995,306.37,374.58552249485126,392.86115735899995
01053052,816.1377197869692,33447.3598,463.6,227.9391037593026,295.34018703399994
01053060,1157.5289926451367,65828.446,553.919,323.2862723558602,581.2651781799999
01053076,2077.244793653584,129990.32059999999,928.16,580.1536984195095,1147.814530898
01053089,1748.1230369378104,85481.569,329.585,488.233282986361,754.8022542699999
01053116,24150.942043064704,1025208.9527000001,7041.925,6745.116603207541,9052.595052341001
01053007,1001.784512908871,55075.3675,341.815,279.78839661031856,486.31549502499996
01053021,619.8813160182236,25520.345800000003,398.36,173.12665275072968,225.34465341400002
01053049,727.6292130785587,44347.8215,225.975,203.21956292071064,391.59126384499996
01053085,2588.690545596808,133191.2199,779.045,722.9953824797325,1176.078471717
01053112,3283.878846455141,170830.95269999997,1814.195,917.1545230264562,1508.4373123409996
01053130,27862.78197369217,85571.62830000001,602.009,7781.796377432485,755.5974778890001
01062021,2387.714552997503,138034.7673,809.615,666.8647975066725,1218.8469952589999
01062026,735.8655162324428,44161.97779999999,281.755,205.51988002855893,389.95026397399994
01053039,627.2056870132823,29470.944299999996,180.478,175.1722763259396,260.22843816899996
01053109,1866.7308135438668,80288.581,644.99,521.3592489146665,708.94817023
01053114,13314.129979220206,25490.2357,107.86,3718.503361896411,225.078781231
01053122,24629.48940459902,58143.1296,230.195,6878.77009581046,513.4038343679999
01053124,1255.562162888892,57216.149600000004,333.995,350.6659564732386,505.218600968
01062062,3726.2711189956544,148695.1691,1167.405,1040.7102608242963,1312.978343153
01062008,3497.0463639970194,102018.4919,448.755,976.6900790007275,900.8232834769999
01062046,953.0347192230304,67493.9167,492.89500000000004,266.17306673180013,595.971284461
01062059,1948.993887677935,100669.69,606.4,544.3345028895704,888.9133627
01062061,49073.483835972125,678994.7908999999,3974.157,13705.733300548654,5995.524003646999
01062093,1889.5798700171092,93454.8015,414.28000000000003,527.7407618970784,825.205897245
01060015,901.089522004577,43239.0944,204.12,251.6652926006583,381.801203552
01060024,1117.5118067048381,62673.2466,651.288,312.10987249459424,553.4047674779999
01060067,4894.046726369039,239493.6481,1585.849,1366.8583102076088,2114.7289127229997
01060071,1139.5593389623405,47899.6823,310.87,318.26752777879204,422.954194709
01060081,1747.5987130940973,47300.0427,567.0,488.0868445800504,417.65937704099997
01060098,1487.419415237454,66520.08739999999,554.201,415.4213684816685,587.3723717419998
01055007,9672.318535902668,471551.62210000004,3224.75,2701.3818438922563,4163.800823143
01060090,920.0753630601414,39694.89409999999,270.285,256.96784814906687,350.5059149029999
01060097,2146.4091241472242,107143.51650000001,535.035,599.4706042830783,946.0772506950001
01057009,3909.382718841878,203044.2759,1126.24,1091.8514995453481,1792.880956197
01057067,1865.189651851115,77506.5034,478.265,520.9288178654979,684.382425022
01057022,68.20947008239114,2454.8228,1091.94,19.05022289931102,21.676085324
01057044,554.1867001082028,31400.020300000004,57.849999999999994,154.77880347321994,277.262179249
01057045,2253.7644596097384,87020.2401,420.955,629.4538759244039,768.388720083
01057050,2538.694357350887,130159.8649,923.085,709.0319470645292,1149.3116070669998
01057052,1664.830587581345,86142.37830000001,281.11,464.97053480559384,760.637200389
01057006,540.2534625861259,31049.441,128.89000000000001,150.8873895656791,274.16656402999996
01057028,1522.637848729676,61766.2564,403.625,425.2575247717112,545.396044012
01057039,2994.1112711115825,112674.4565,1111.41,836.2253369087538,994.9154508949999
01057041,1092.380287402908,53476.5049,566.835,305.0908904687581,472.19753826699997
01057076,1303.5647233818236,89474.1705,521.635,364.0725915933095,790.0569255149999
01057077,3372.5419926759096,148236.7661,1556.326,941.9172531344548,1308.930644663
01057078,2170.841590760137,105414.8963,605.165,606.2943478833986,930.8135343289998
09777125,4496.867787706627,207139.6073,3754.93,1255.9302044285837,1829.0427324589998
09777168,5696.342582356432,204337.96570000003,3471.72,1590.9315198263278,1804.304237131
09777170,11689.752612378496,546151.5784,8051.213,3264.8310071111896,4822.518437272
09777149,6809.109625566629,313178.22299999994,4646.502,1901.7162273245037,2765.3637090899992
09777151,57650.94188244877,2240474.5370000005,25709.827,16101.331558349117,19783.390161710002
09777179,4188.330152158763,220909.4207,3345.58,1169.7587281964209,1950.6301847809998
09777111,3442.831274371213,395053.5093,6273.27,961.548346619136,3488.3224871189996
09777128,4521.243236433367,255281.9709,5464.71,1262.738023503475,2254.1398030469995
09777167,10362.78264827751,350437.5033,7274.888,2894.2215658374257,3094.3631541389996
09762000,76365.09671823187,2808232.3298,23801.216,21328.007862434977,24796.691472133996
09777114,6618.424751846963,296887.8907,5987.551,1848.459848943338,2621.520074881
09777139,3883.2023193205137,208262.84329999998,3725.69,1084.5395757630263,1838.9609063389996
09778116,36922.333185539275,1619287.3016,19185.825,10312.038435389264,14298.306873127998
09778127,6840.244128543212,356050.87639999995,5493.813,1910.4117826608338,3143.929238611999
09778209,3721.6983483418658,282683.0612,4051.352,1039.4331317083995,2496.091430396
09778134,7931.919384358565,394003.0156,7861.449,2215.3057648575036,3479.0466277479995
09778169,1460.7250557207908,393591.5747,5817.736,407.96590081225963,3475.413604601
09778204,10150.988827246845,520393.5785,7456.539,2835.069669561771,4595.0752981549995
09772214,3124.1247751654755,171531.78290000002,2327.71,872.5368084559656,1514.625643007
09774166,5081.861250021851,236215.5085,3892.71,1419.3130285186028,2085.782940055
09774198,18194.644174879766,558048.3857,7813.1449999999995,5081.582171602169,4927.567245730999
09772131,17075.836454405147,939219.0299,12730.74,4769.110363350814,8293.304034017
09772115,11252.258673752815,574735.0057000001,9162.671,3142.6433249924235,5074.910100331001
09772223,39141.85450137273,849378.8844,10047.208,10931.928543688387,7500.015549251999
09774151,2172.48782974452,109211.45569999999,1421.145,606.7541259693469,964.3371538309998
09774196,2323.4976990481323,128786.91410000001,2051.052,648.9296723671529,1137.188451503
09773111,6.374448108472135,551.025,3884.135,1.7803196122151825,4.86555075
09773133,3042.880399062392,167607.6421,2352.14,849.8460666541354,1479.9754797429998
09773140,12429.485812994213,587076.4324,9422.803,3471.4310927111537,5183.884898092
09773139,20418.67495590141,874313.1866000001,11529.023,5702.731728433704,7720.185437678
09773146,3989.4381964714507,188700.46829999998,2735.094,1114.2101938925114,1666.2251350889997
09773150,6694.775841805895,334842.5631,6215.415,1869.7839448579682,2956.659832173
09773117,16918.529160548234,712843.2836,12289.018,4725.176009249516,6294.406194187999
09779162,2778.524747068664,135645.0404,1617.795,776.0141766088071,1197.745706732
09779184,5513.944561207714,287054.31909999996,3339.875,1539.9895764997025,2534.6896376529994
09779130,7798.043624564868,296075.5662,5830.047,2177.915603904722,2614.3472495459996
09779185,13475.076571271144,555036.1094,10836.715,3763.4541355903175,4900.968846001999
09779203,4844.5311088535545,193711.68170000002,4611.344,1353.0290933917092,1710.474149411
09779138,4249.095729825853,182909.3682,3596.427,1186.7299463830623,1615.089721206
09779176,4348.678097258704,206450.35499999998,5110.666,1214.5423057833834,1822.9566346499996
09779197,24858.89040271998,850282.2924,11084.833,6942.839500575662,7507.9926418919995
09571141,7739.070694273563,387149.29800000007,4727.336,2161.4450542036634,3418.5283013400003
09571154,3975.847492182014,187276.2592,2720.185,1110.4144460915145,1653.6493687359998
09571192,2394.0388211125537,129561.7065,1805.866,668.6311023485251,1144.029868395
09571214,21290.7347308428,880769.1451999999,9425.525,5946.289302977085,7777.191552115999
09571115,20552.242191030455,883592.8614,12622.052,5740.035721532895,7802.1249661619995
09571146,7351.766496339904,403929.5355,5570.109,2053.274864762772,3566.697798465
09571194,5373.043274336816,222997.02579999997,4228.013,1500.637256089529,1969.0637378139995
09575166,6043.283599731555,211306.8872,2454.059,1687.828676569026,1865.8398139759997
09575113,5246.919656332886,223907.4807,2617.512,1465.4121908172117,1977.1030545809997
09575138,2947.4089706802843,137309.1505,2023.1490000000001,823.1818514212965,1212.4397989149998
09575147,3795.151587241517,189729.08699999997,2072.227,1059.9478868006831,1675.3078382099995
09575150,6723.9920150426915,233998.4377,2474.497,1877.9437298812732,2066.2062048909997
09575153,35057.88677915562,1401132.9977,15185.184,9791.317198550372,12372.004369690998
09471220,34381.61761893224,882021.2313000001,8967.182,9602.441984791585,7788.247472379
09575116,11860.104050736347,487932.0203000001,5756.454,3312.408460330154,4308.439739249
09471122,4584.83665121337,234550.2015,3102.533,1280.499028317382,2071.078279245
09674221,27841.418156332886,725589.199,6931.894,7775.829676882211,6406.95262717
09674149,17215.68104863091,817633.3482,9390.536,4808.167560072127,7219.702464606
09673172,7660.326689372684,282272.00760000007,3143.655,2139.4526410748967,2492.4618271080003
09673174,3461.5602807165496,189446.3456,2190.87,966.7791708013251,1672.8112316479999
16066005,539.4536039668936,42284.7672,133.62,150.66399705191373,373.374494376
16066016,2923.6333552116203,130138.8011,312.665,816.5415597770534,1149.125613713
16066039,646.6058292600363,38713.62269999999,389.954,180.59054205403552,341.8412884409999
16066058,4133.170000181532,153186.6503,469.535,1154.3530493506998,1352.6381221489999
16066081,2664.4419174029535,114173.6216,735.88,744.1519831114708,1008.1530787279999
16069028,2374.9809430796154,73627.6459,518.425,663.3084275927057,650.1321132969999
16069051,11087.36605403984,369235.97319999995,1367.722,3096.5904652327868,3260.3536433559993
16054000,62528.07584259819,2771198.7146,11189.87,17463.466302079247,24469.684649918
16066065,2152.0870967301844,141201.959,781.49,601.0564052457731,1246.81329797
16066069,22269.23716621561,1125057.6242999998,5093.079,6219.575248152358,9934.258822568998
16066092,32714.300020722036,1275012.675,4921.755,9136.776852787456,11258.36192025
16067019,14664.30322680761,665504.5015,2452.622,4095.593248215097,5876.404748245
16067064,5827.8305473989385,367106.7911,1842.762,1627.6547935830495,3241.5529654129996
16067065,8596.887929719245,440390.7179,1605.789,2401.024829891288,3888.6500390569995
16067092,105256.67263151763,957037.478,4027.971,29397.136099256557,8450.640930739999
16067088,18830.367680321113,765737.9263,3151.868,5259.133389436884,6761.465889229
16067091,14846.94695419691,952225.8647999999,6750.571,4146.603814837655,8408.154386183998
16064003,43052.96597629514,1798544.7713000001,7662.068,12024.26286751947,15881.150330579
16064037,6303.521953957659,249888.7203,1639.958,1760.5106465208346,2206.517400249
16065032,3418.3837071585485,188967.9899,1326.78,954.720385572311,1668.5873508169998
16061019,825.0325033816707,66741.69959999999,145.10500000000002,230.4233278694668,589.3292074679999
16062033,842.4540616448619,68463.5463,383.55,235.28899487679345,604.533113829
16062049,4774.457197600216,318732.02949999995,972.21,1333.4581507177643,2814.4038204849994
16062066,24623.167706413366,1366819.4521,3265.595,6877.004508724189,12069.015762043
03159004,927.1349397259387,73480.69720000001,2629.175,258.9395173160574,648.8345562760001
16062062,8992.850440537128,418013.8909,1132.689,2511.613199537614,3691.0626566469996
03153016,11103.874907372407,661323.5579,2224.875,3101.201222880039,5839.487016257
03158019,1137.497601105251,73924.1941,426.29,317.69170501268553,652.7506339029999
03158039,14267.920158451587,897177.2476000001,6448.684,3984.8874210539434,7922.075096308001
03158010,887.5440477003635,69421.7898,488.61,247.8821770822345,612.9944039339999
03158023,844.9302495986046,65572.0655,474.63,235.98056941039428,579.0013383649999
03151016,12262.023259235353,731148.1701999999,6905.643,3424.6604760718415,6456.038342865999
03151013,13498.979382679461,639722.7640999999,5041.686,3770.1299517885464,5648.752007002999
03151023,3037.3557595027423,204111.32299999997,1720.18,848.3030900715208,1802.3029820899997
03151035,1863.1784448282206,113839.1605,843.375,520.3671078560737,1005.1997872149999
03151038,13405.252746768345,564417.7370000001,3837.735,3743.953039644931,4983.80861771
03151007,5229.98642142438,267506.6367,1634.534,1460.682907639615,2362.0836020609995
03360025,83483.11311752797,3309107.6031000004,20750.616,23315.998662594386,29219.420135373002
03360002,19953.97127305909,940306.9018,4713.644,5572.944636852673,8302.909942893999
03360003,2328.7243955903396,125974.721,1340.658,650.3894364444259,1112.35678643
03360008,2248.003795609869,110003.3463,654.355,627.8449800758802,971.3295478289999
03360012,1726.424833871799,102563.0273,492.475,482.1731918520547,905.6315310589999
03355005,2522.4761074883572,155373.22989999998,1403.43,704.5023520604233,1371.9456200169998
03355030,3752.4945121683995,189460.175,904.225,1048.0341923035123,1672.9333452499998
03355038,2583.263738398569,130931.622,1069.541,721.4797294973363,1156.1262222599998
03360001,4674.683073643648,252380.9064,1034.145,1305.5922356379342,2228.5234035119997
01053083,19226.749009647956,750931.8629,3344.36,5369.8387309045775,6630.728349406999
03355015,3426.6160108181352,152343.5379,1044.27,957.019585661397,1345.1934396569998
03355019,4558.869439839016,253628.8075,1739.193,1273.2466458526387,2239.5423702249996
03355021,2198.2634976396157,117765.88650000002,742.115,613.9530122557683,1039.872777795
03355026,7140.899320061395,332643.9728,1943.244,1994.381771099947,2937.246279824
03355032,3421.9900628195182,190361.9877,1372.612,955.7276046448632,1680.8963513909998
01053006,1168.2837899281028,75242.5284,404.77500000000003,326.2899796890198,664.3915257719999
01053019,2199.1482080631963,65172.1083,369.87,614.20010302997,575.469716289
01053058,618.0446930520332,27301.536699999997,321.125,172.61370232250232,241.07256906099997
01053073,1124.34801542391,56007.7324,373.59,314.01915722774385,494.548277092
01053087,2006.6834303915475,101410.9195,687.4,560.4466152740553,895.4584191849999
01053115,1324.7380606761803,73078.255,600.22,369.9860929662504,645.28099165
01053128,726.6134401285697,38144.350300000006,65.71000000000001,202.93586769350821,336.814613149
01053132,1806.3210146134409,99154.1533,461.06,504.48739617138784,875.531173639
01053027,6813.348154574552,186461.9647,1015.662,1902.9000060911264,1646.459148301
01053031,1023.7436536767347,52624.2506,354.5,285.92136503537523,464.67213279799995
01053036,718.5558942441116,40036.8128,351.5,200.68547570343793,353.525057024
01053042,544.3467572021011,31269.330799999996,162.375,152.0306058189748,276.10819096399996
01053045,941.4753435905416,39480.9588,218.415,262.94464871140235,348.61686620399996
01053059,599.3296587084872,28808.079999999998,345.28,167.38678038069338,254.37534639999996
01053064,1115.779943879473,61309.0434,555.525,311.626180526098,541.358853222
01053092,2646.957950716583,143179.209,1042.995,739.2688860556344,1264.27241547
01053106,875.8167080514619,50609.605500000005,426.455,244.60684839169278,446.882816565
01053125,927.7194932247412,54642.3924,460.68,259.10277726273796,482.49232489199994
01053013,969.225590768707,46833.061400000006,151.055,270.69501524579215,413.535932162
01053069,1642.6407308620467,89639.1651,319.885,458.77312972246096,791.5138278329999
01053070,600.7051861150948,31978.335100000004,126.727,167.7709514300848,282.368698933
01053091,470.80598637255775,24544.216,77.5,131.49140393399165,216.72542728
01053099,713.3744880942739,37578.78119999999,221.325,199.23836077984976,331.8206379959999
01053101,658.4541863859507,37784.1688,332.16,183.89966971573216,333.63421050399995
01053113,1706.1864429090715,75570.44559999999,657.874,476.52081164007456,667.2870346479999
01053121,552.5763646930932,24859.1283,278.43,154.329052895134,219.50610288899998
01053127,432.19050219144304,24215.5062,275.782,120.70648535704812,213.82291974599997
01062033,328.42892187008454,14504.476900000001,91.2,91.7269135890959,128.074531027
01062040,700.4851566221224,39773.320799999994,289.72,195.63849939299257,351.1984226639999
01053025,20953.372972626876,82050.7924,447.23,5852.067537524959,724.508496892
01053061,34380.004791886466,144420.9632,1641.47,9601.99153832597,1275.2371050559998
01053068,29089.6844720464,65461.87730000001,486.895,8124.457976197838,578.028376559
01053079,49189.15365847871,103392.0724,839.21,13738.038725276518,912.951999292
01053086,22853.791861514303,39456.0805,164.715,6382.835529002329,348.39719081499993
01053108,95147.71814598463,172417.08409999998,1425.245,26573.806200992047,1522.4428526029997
01053118,42876.44878373557,85445.072,296.55,11974.963380809506,754.47998576
01062083,20976.018204950335,111314.5343,377.345,5858.392124460579,982.9073378689999
01003000,364614.8941287526,12460096.563600002,36369.965,101833.2937812193,110022.652656588
01053038,625.0584568412102,30781.0029,84.0,174.5725764111816,271.796255607
01053044,1424.041445916246,67097.9219,446.245,397.7205354299483,592.474650377
01062003,2178.3388141429523,83756.47690000001,378.649,608.3882474019852,739.569691027
01062025,2696.2759954539133,147041.3007,1120.465,753.0429227703235,1298.374685181
01062031,1315.8048310381066,42159.1088,346.07,367.49113126063276,372.264930704
01062039,4367.763880082883,98324.1083,624.49,1219.8727740683482,868.201876289
01062087,3534.6064173484287,149830.54369999998,998.209,987.1802263012426,1323.0037008709996
01062094,6154.873229790935,160194.7305,1777.82,1718.99454434831,1414.519470315
01055001,19757.103595851564,959438.6934999999,6317.907,5517.961463285383,8471.843663605
01055040,26746.243375720784,1309664.9534,7206.591,7469.958312405057,11564.341538522
01062032,1770.692566071183,78328.2907,310.855,494.53672677802064,691.6388068809999
01062048,1524.9346603996396,74530.0011,335.93,425.8990013030153,658.0999097129999
01060025,2479.732191466938,128885.7292,855.951,692.564403754801,1138.060988836
01055012,27576.85551476904,1404488.6429,6702.284,7701.939976719845,12401.634716807
01055028,12287.662627972308,620455.3264,4835.07,3431.8212953663856,5478.620532112
01057021,2138.4266391794963,117215.29969999999,1093.535,597.2411760564415,1035.0110963509999
01057026,1261.370974003586,60621.23090000001,193.775,352.28829932946155,535.2854688470001
01057029,3120.8655993426405,185595.3604,1045.465,871.626553240406,1638.8070323319998
01057035,1434.150665549243,78750.9239,397.595,400.5439393812481,695.3706580369999
01057048,9123.38488442444,397025.0061,2443.025,2548.0701643709017,3505.730803863
01057055,4297.536685556996,221203.79330000002,1165.794,1200.2590209092134,1953.229494839
01057082,1579.4988897350631,68459.8896,416.63,441.13824491410577,604.5008251679999
09777135,5354.051748907807,218277.6266,3343.71,1495.3331129524615,1927.3914428779997
09777166,8507.76912370028,399340.1886,4956.046,2376.134838558251,3526.173865338
09777112,23492.065226639606,636835.056,8987.474,6561.098897148176,5623.25354448
09777152,39206.27419416846,432147.26080000005,5988.913,10949.920319689309,3815.860312864
09777130,43066.21087987961,549109.6907999999,8075.064,12027.962036641577,4848.638569763998
09777158,9469.808598412536,364151.0407,5817.746,2644.822843450637,3215.453689381
09777164,3436.3118054278216,181312.87,3027.22,959.7275241379363,1600.9926420999998
09777140,11485.406425174191,457699.92960000003,9672.382,3207.7591604868994,4041.490378368
09778111,4497.160187111487,197227.9783,3350.589,1256.0118686583671,1741.5230483889998
09778203,18147.789696617037,922221.1542,12402.403,5068.496184368172,8143.212791585999
09778216,5782.1207193269765,219407.03090000004,4294.961,1614.888495700831,1937.3640828470002
09772179,2681.4654120798255,177295.4171,2387.469,748.9064749397744,1565.5185329929998
09772197,2956.9833879816647,181709.01200000002,2688.735,825.8558904293991,1604.4905759600001
09778137,8286.573837562417,686595.3082000001,8623.741,2314.357207092807,6062.636571406
09772141,11799.118210762686,607566.415,7028.26,3295.3757250839103,5364.81144445
09772168,5225.207517043507,241242.01909999998,3144.375,1459.3482074350811,2130.1670286529998
09772178,3372.44875959391,201709.5705,3010.49,941.891214066983,1781.0955075149998
09772167,17597.32703497308,412621.8026,5942.706,4914.757467597631,3643.4505169579998
09772211,6664.387360498561,190844.01919999998,2634.841,1861.296745913643,1685.1526895359998
09772159,8468.526637847379,350562.3231999999,6321.239,2365.174804684394,3095.4653138559993
09772216,7961.981523781374,410135.1535,5809.42,2223.7018197769,3621.493405405
09772137,2258.692568149725,138959.1506,2155.646,630.8302473585367,1227.0092997979998
09773116,4434.477803292912,205903.3034,3399.017,1238.505305681677,1818.1261690219999
09773143,5232.9595551450575,269217.5296,3932.43,1461.513274156463,2377.190786368
09773179,4313.5507527651225,224513.2314,3600.846,1204.731589739771,1982.4518332619998
09773182,40108.70221438342,1385610.7312,15007.91,11201.959441455145,12234.942756495999
09773188,3815.6996323769035,200777.6593,3302.428,1065.6867503265453,1772.866731619
09773119,7975.366253748674,322442.87020000006,6081.084,2227.440041009467,2847.170543866
09773122,26080.030918673725,1021909.6778,13799.411,7283.891835276384,9023.462454973998
09773164,5398.258179462886,286831.69659999997,3636.907,1507.6795269421893,2532.7238809779997
09779218,10778.705703537082,591122.1031,9731.076,3010.3847159408715,5219.608170372999
09779155,17093.91288737348,888947.8781000001,11832.95,4774.158930314539,7849.409763623
09779111,8536.691609336289,354854.6802,5922.46,2384.212599571532,3133.3668261659996
09779226,9466.045402855885,285287.8662,5940.42,2643.77182056362,2519.091858546
09779154,4545.727867455862,230468.4646,4521.442,1269.5763361017475,2035.036542418
09779180,3136.915317713376,151593.42659999998,2146.445,876.1090790841688,1338.5699568779996
09779188,7705.002617359764,343883.89379999996,7298.5,2151.9301810024085,3036.4947822539993
09577179,8844.57955594706,290219.3335,5582.181,2470.202624180454,2562.636714805
09779117,5850.568044340492,235428.8564,3437.58,1634.0051491038557,2078.8368020119997
09571113,6733.11103718178,335246.1742,5508.15,1880.4905815744994,2960.223718186
09571189,4640.301799431745,235474.70490000004,3595.263,1295.989889563292,2079.241644267
09571208,4497.028161670538,197897.69299999997,3174.235,1255.9749952729644,1747.4366291899996
09577136,45543.83424289465,1956798.9791,24448.252,12719.937465698045,17278.534985453
09571127,10026.581477511474,413137.82889999996,7399.166,2800.3239408541795,3648.0070291869993
09571175,11510.317304563554,549696.7907,7183.918,3214.716519991555,4853.8226618809995
09571177,15568.46797800493,496690.8442,9805.496,4348.117421576997,4385.780154286
09571196,9407.146424568524,416027.684,5485.94,2627.3219249177428,3673.5244497199997
09571216,7416.699686264728,351973.8206,4622.387,2071.410055376876,3107.9288358979998
09571190,12816.626103451994,605632.5845000001,9097.465,3579.555504433107,5347.735721135001
09571217,12031.925654212268,474950.098,9532.476,3360.396515964944,4193.809365339999
09571135,24979.22118404135,826982.3025000001,11228.137,6976.446684490908,7302.253731075
09575152,6690.92329652524,317993.42019999993,3172.509,1868.7079674865342,2807.881900365999
09575119,1010.0476581842502,57804.4247,5474.679,282.09621045427923,510.413070101
09575121,19362.460769804635,875571.6751999999,12015.753,5407.741668398736,7731.2978920159985
09575145,10750.253516289089,776265.8156000001,9774.128,3002.4383045643795,6854.427151748
09575117,4711.56471215755,261558.27700000003,2608.665,1315.8929084584822,2309.55958591
09575118,12216.365991974117,484920.8948,5876.742,3411.908857898451,4281.851501084
09575125,6367.931062027907,328974.10920000006,4541.605,1778.4994663137738,2904.8413842360005
09575128,5019.086217527788,229858.12829999998,2771.178,1401.7805896933357,2029.6472728889996
09575167,11880.9844198058,482043.18570000003,4942.865,3318.2401386075617,4256.441329731
09572159,9326.473458803963,329991.32050000003,5098.519,2604.7907723093585,2913.823360015
09471120,101936.3898510524,743955.5127999999,12853.796,28469.814321500424,6569.127178023999
09471186,25078.97132546739,249604.91890000005,3065.345,7004.305901489787,2204.0114338870003
09674133,15355.626376120686,619744.0429,5419.884,4288.672890586747,5472.339898806999
09674195,7605.980196804026,325231.2749,4903.723,2124.2742091653963,2871.792157367
09674129,4831.2759678066805,303469.7849,4532.67,1349.3270650487277,2679.638200667
09674160,2758.9783054713826,179499.53850000002,2081.491,770.5550509351024,1584.980924955
09674121,5653.000355250027,279695.44550000003,2978.43,1578.8264692177797,2469.710783765
09674130,31398.791723268223,1071774.8113,13991.381,8769.36854039158,9463.771583778998
09674171,12034.097774846698,598527.3963,7546.74,3361.003167536934,5284.996909329
09674223,1515.6089446321548,90098.9104,969.752,423.2944221463145,795.5733788319999
16069046,714.9155830313514,30373.780899999998,108.51,199.6687731848261,268.200485347
16069063,16373.60026065422,639586.7863,2758.9809999999998,4572.982816798117,5647.551323029
16069041,286.72848277148404,20446.729199999998,190.725,80.08039795324777,180.54461883599996
16069049,11728.53782102344,465068.2612,4730.804,3275.6633280336364,4106.552746396
16069056,2934.7917352859804,99116.8133,600.225,819.6579837480214,875.2014614389999
16069003,958.5995623041154,51590.692500000005,228.64,267.7272717559164,455.545814775
16069008,833.1233603404689,48494.2641,292.145,232.68302330948956,428.204352003
16069024,41040.584859176764,1180141.4584000001,5881.701,11462.224945319478,10420.649077672
16069037,2705.153353557594,115996.5049,864.85,755.5222801151004,1024.2491382669998
16069047,791.3514269924558,38140.7821,199.39,221.01654004472297,336.78310594299995
16069004,367.2265123567273,25713.703999999998,28.13,102.56269263611037,227.05200631999998
16069009,561.3661373719465,27627.235800000002,322.025,156.78394850661093,243.948492114
16069011,377.03641577387157,23608.2925,65.425,105.30250056148458,208.46122277499998
16069016,867.5494714927981,27864.9859,95.78,242.29789189322358,246.047825497
16069017,566.2252270935866,24595.0609,18.84,158.1410436749678,217.174387747
16069021,2830.3138172229014,69826.0552,601.005,790.4783460121841,616.564067416
16069025,2285.1234274030494,70450.2863,211.82,638.2121220393976,622.076028029
16069026,917.8188499554147,58930.6481,206.014,256.3376266040478,520.357622723
16069035,1082.869169671169,51373.1185,202.43,302.4345303974608,453.62463635499995
16069044,522.371888191971,35738.592699999994,139.22,145.89324465313558,315.5717735409999
16066047,3800.264389460814,143046.3195,621.881,1061.3758413325106,1263.099001185
16067044,24599.302939648092,136886.6827,267.365,6870.339318014316,1208.709408241
16067053,469327.137885435,1275672.0287,4933.402,131078.37634002313,11264.184013420998
16067013,7026.179375707752,210645.8917,797.736,1962.3416378414179,1860.003223711
16067029,78817.16681727303,3107091.5039999997,9309.008,22012.846520396182,27435.617980319996
16067063,9065.576244540312,267910.88839999994,1085.369,2531.9247893376637,2365.6531445719993
16064077,24265.481415474824,772553.5157999999,2553.39,6777.106304527963,6821.647544513999
16062009,1267.8953764979055,98762.64360000001,294.671,354.1104997021,872.0741429880001
16062024,784.9288732808739,61316.314300000005,377.921,219.22278501861524,541.423055269
16062037,2009.2365791186094,107965.1644,255.215,561.1596841820364,953.3324016519999
16065067,54396.07827253986,2205109.5381,8733.714,15192.280700737656,19471.117221423
03159036,328.8500501941982,17019.008800000003,1984.36,91.84453051873761,150.277847704
16062063,9876.936509750303,487817.11779999995,2339.969,2758.529597808162,4307.425150173999
15085228,16245.095068920396,1053001.1811,4423.584,4537.092601798778,9298.000429112999
15085227,24183.693721034193,1109523.0215,5647.271,6754.26381934764,9797.088279845
15085230,40469.399282900085,1762983.9418,8420.215,11302.698525721164,15567.148206093998
03158038,4387.267325058944,320695.9774999999,3014.909,1225.3198912157125,2831.745481324999
03158008,4025.658447341749,267604.2908,2332.89,1124.326147758077,2362.945887764
03158009,1694.3495833110833,112129.67369999998,1339.58,473.21489512295244,990.1050187709998
03158021,2612.3004431072422,158738.5148,1577.782,729.5893907554216,1401.661085684
03158036,1259.7677951106393,79027.6676,613.625,351.8405474964504,697.8143049079999
03158040,5313.797353677188,304581.7313,2242.691,1484.0904629085016,2689.4566873789995
03103000,290971.0266440897,8957552.746700002,44693.381,81265.29803142781,79095.190753361
03151006,7109.843667823034,472898.78750000003,3411.724,1985.708237986295,4175.696293625
03151020,2796.168996500249,174505.65360000002,1753.155,780.9420390325545,1540.884921288
03151037,2743.531397039555,174634.2575,1840.694,766.2408838791773,1542.020493725
03154014,16371.197952240203,744744.9242000001,9558.602,4572.311876081166,6576.097680686001
03151011,16927.847771167195,588382.1300000001,3811.566,4727.778604009285,5195.4142079
03360005,11588.06034958741,533455.3593,2403.135,3236.429375036267,4710.410822619
03360013,6425.2223499805405,261186.31040000002,1906.155,1794.500350126065,2306.275120832
03360016,1558.9625316819488,72949.33090000002,609.38,435.40264547345146,644.1425918470001
03360015,4584.646099404517,222096.6628,1735.306,1280.4458091026877,1961.1135325239998
03360026,3680.577014107067,167355.413,628.885,1027.9483542699627,1477.7482967899998
03355013,11749.687925974587,502386.8031,3050.794,3281.5703408454424,4436.075471373
03360017,2496.5105528760937,128918.3702,966.335,697.2504323127641,1138.349208866
03355036,3800.9094585054486,193461.60809999998,1519.52,1061.5560026659866,1708.2659995229997
03355009,284269.39804259,1262313.2334999999,6842.559,79393.60017931496,11146.225851804998
03355018,2986.1669219542855,142573.9855,712.295,834.0065596326124,1258.928291965
01053015,918.666186529698,45668.7795,398.18,256.5742792358794,403.25532298499996
01053020,15957.433724051036,581476.9965,4578.983,4456.751664790214,5134.441879094999
01053022,981.0433366127173,47240.5472,252.01500000000001,273.9955934825658,417.134031776
01053082,1100.4155177340147,48863.6868,503.99,307.33504994793293,431.466354444
13076106,2454.2993056137325,96152.344,363.545,685.4612530648593,849.0251975199999
13076122,4110.523027481259,121006.48060000001,425.84000000000003,1148.0279763452409,1068.487223698
01053029,1125.3507475759732,62954.3227,415.435,314.29921029049353,555.886669441
01053048,5208.439976004523,169028.0972,952.08,1454.665200898303,1492.5180982759998
01053056,456.6338574886496,25917.905,129.88,127.53327005800494,228.85510114999997
01053104,1452.9301685977955,78025.21960000001,626.6560000000001,405.7888667876783,688.962689068
01053119,652.484361844695,33170.7331,133.645,182.23235741960485,292.897573273
01053126,900.5135705479536,47002.468,433.42,251.50443511833794,415.03179243999995
01053134,1133.0763874245506,54093.9353,395.47,316.45690424380274,477.64944869899995
01053002,2571.0342936233556,118700.49199999998,909.48,718.0641678660669,1048.1253443599999
01053005,1340.9564014090352,48260.0103,343.315,374.5157133495294,426.135890949
01053014,4500.849341317711,235797.03009999997,1763.745,1257.0422125366235,2082.0877757829994
01053081,1486.4956283556717,72807.07489999999,255.895,415.1633640434555,642.8864713669999
01053090,30962.51705682184,1260809.9851,4955.48,8647.52138879977,11132.952168433
01053095,1330.4058329490836,75868.7532,428.21,371.5690450843495,669.921090756
01053096,2142.183478306657,117909.9424,560.435,598.2904236562662,1041.144791392
01053097,2549.1869460493976,94074.8186,688.25,711.9624221621362,830.6806482379999
01053008,1299.4597742961505,59646.926799999994,282.825,362.92612036317183,526.6823636439999
01053009,4874.493685568639,206887.2366,1437.925,1361.3973414424652,1826.8142991779998
01053011,1282.005812180716,70184.18029999999,555.73,358.05140328395214,619.726312049
01053024,480.4576765036291,23179.647100000002,76.545,134.18702447069856,204.676283893
01053034,749.8647824788454,34143.3446,234.535,209.42973509851672,301.485732818
01053067,2164.336911005016,99296.5484,606.295,604.4776558745909,876.7885223719999
01053077,1042.7750190731895,45994.636000000006,211.12,291.2366350769511,406.13263588
01053094,722.3876063975054,29971.579400000002,227.285,201.75563459075926,264.649046102
01053103,2313.203250663081,104359.5579,523.705,646.0545358776918,921.4948962569999
01053120,670.8358211958116,37975.0787,172.13,187.35773650177822,335.31994492099994
01053075,2033.863430715737,135413.8221,957.109,568.0377175645981,1195.7040491429998
01055004,28190.692564273726,1213725.5709,5145.263,7873.378526276008,10717.196791047
01055035,24400.98945749359,1182948.2273,6819.61,6814.952345583384,10445.432847058999
01055041,13036.008428314359,621945.7508,4794.544,3640.826793943917,5491.780979564
01055044,28073.122417659804,1275561.2439,5562.075,7840.5423600282065,11263.205783636999
01055024,4210.322169045846,204527.21900000004,1118.975,1175.9008785928143,1805.97534377
01057007,8420.21962128655,370535.8208,1925.522,2351.68313802912,3271.8312976639995
01057013,976.9463684454013,25780.6053,585.98,272.8513512431161,227.64274479899998
01057027,1368.6376341579894,62792.2138,482.09000000000003,382.2468048439848,554.4552478539999
01057034,834.9330161469967,39337.7391,129.17,233.18844207969468,347.35223625299994
01057038,2910.2471807402653,54941.86229999999,298.45,812.8029351089486,485.1366441089999
01057004,2694.213239356859,135582.4627,493.725,752.4668156199771,1197.193145641
01057030,2500.00469203429,157023.4198,593.321,698.2263104382569,1386.516796834
09777147,7276.102296176752,390021.3918,4123.015,2032.142610299205,3443.8888895939995
09777163,5738.389499341763,211152.8218,3311.803,1602.674803271161,1864.479416494
09190114,9011.367314984054,467156.6942,5545.808,2516.7847774018965,4124.993609786
09777171,7368.69113583309,391484.17030000006,5629.216,2058.0017473268235,3456.805223749
09777183,3740.9511328344774,168868.6459,3818.845,1044.8102418893411,1491.110143297
09181113,14199.558303995449,504648.45360000007,5999.894,3965.7946387228885,4456.045845288
09190133,4365.3886413121545,198551.7934,3843.715,1219.2093936320716,1753.2123357219998
09190151,17685.330562139683,295045.1299,3755.839,4939.3359726999915,2605.248497017
09777118,7475.34111701765,353496.4545,5801.004,2087.7880205718593,3121.373693235
09777157,8187.663484848679,132424.2126,2764.094,2286.7325346833873,1169.305797258
09777172,30776.91254385521,298904.341,5500.52,8595.683904373322,2639.32533103
09777141,31535.47089394578,311756.0029,5345.832,8807.541665970117,2752.8055056069998
09777155,26402.544360157623,303099.5389,5724.447,7373.966614348422,2676.3689284869997
09777182,27458.243715850374,275190.011,5802.471,7668.81288739985,2429.92779713
09181127,7572.756159796954,349630.9318,6420.435,2114.9950678696914,3087.241127794
09777121,40539.82944048665,1284851.3856000002,19613.158,11322.368964433515,11345.237734848
09777145,11154.482001615423,426618.0468,7334.96,3115.3352782311713,3767.037353244
09777177,7467.192161678579,367548.166,5891.813,2085.5120988352105,3245.45030578
09772157,3893.914509162298,224028.9226,3579.209,1087.531383263938,1978.1753865579997
09772170,12747.811430857415,613665.204,11553.178,3560.336254524167,5418.663751319999
09772200,34089.49896982171,1384820.2818999998,18099.763,9520.856167281505,12227.963089176998
09772125,38490.86366021685,1511356.9387,18649.489,10750.113311661962,13345.281768720999
09772148,13006.445327051173,566594.4143,6442.581,3632.570115392122,5003.028678268999
09772151,11271.637011610765,596228.7819000001,9093.144,3148.0555009727705,5264.700144177
09772130,16755.01706884249,829351.1115,10216.064,4679.508717157019,7323.170314544999
09772111,4823.092150627776,253061.07169999997,3528.798,1347.0414067488316,2234.5292631109996
09772117,3437.52314116702,221590.0598,2511.17,960.065838096537,1956.6402280339998
09772126,2178.5527418740203,132584.0982,2028.73,608.4479952779951,1170.7175871059999
09772147,86194.83371497033,2098957.3778,14015.591,24073.35510825406,18533.793645973998
09772156,2418.1856929703317,129929.59150000001,1657.42,675.3750821896839,1147.278292945
09772121,7588.576456710718,425980.65270000004,7168.484,2119.413518594736,3761.409163341
09772177,28388.887629198434,1288819.0297000003,14627.851,7928.73242595883,11380.272032251001
09779181,13923.746853233348,605010.1494,6584.679,3888.7632586395416,5342.239619202
09779131,53947.441097477495,2158437.8567,23158.276,15066.98082411449,19059.006274661
09779169,10130.798560632149,431341.8889,6470.082,2829.4307299989528,3808.748878987
09779148,5067.606109278311,257879.7285,4367.85,1415.3317102603394,2277.0780026549996
09779167,6728.046165780743,296777.8192,5294.491,1879.0760136409035,2620.548143536
09779228,30329.055583798992,825168.5503,9850.523,8470.60193399922,7286.238299148999
09577140,9973.880448547576,483278.8340000001,7148.872,2785.6050704748523,4267.352104220001
09577162,7532.012144977307,340588.97640000004,4428.08,2103.615671970712,3007.400661612
09577173,49091.95423534943,1503956.7339000003,16830.411,13710.891898390742,13279.937960337002
09779231,5423.910397460384,239905.29820000002,4590.335,1514.8439349067105,2118.363783106
09577122,8301.78497913999,356427.2002,7447.5960000000005,2318.6055268240075,3147.252177766
09577133,2675.197312237903,143200.90219999998,2512.893,747.1558573349239,1264.4639664259998
09577114,4156.828955099432,228363.9108,4213.62,1160.9607588697204,2016.453332364
09571226,21060.807832404887,876627.9518999999,10793.829,5882.073019512361,7740.624815276999
09571229,10186.161316510214,448065.8592,8704.477,2844.892994088137,3956.421536736
09577138,7004.019066059284,375193.48050000006,6172.184,1956.1524849596974,3312.9584328150004
09571122,2506.7130862070903,130573.4865,1583.285,700.0998978467782,1152.963885795
09571165,24789.680657067343,1074545.9105999998,11632.9,6923.509910712338,9488.240390597997
09571180,15460.941949281136,750305.3308,9158.688,4318.086477014728,6625.196070964
09573115,8328.779836407986,480180.19060000003,5720.478,2326.1449205103863,4239.991082998
09573120,28558.47711687556,1155026.4501999998,13029.744,7976.097073972175,10198.883555265998
09573133,10511.742047954878,580764.6238,6567.87,2935.8244365733176,5128.151628153999
09575129,3129.0416662700845,175147.24550000002,2993.705,873.9100469725719,1546.550177765
09575181,4692.136425365279,176206.1723,2877.981,1310.4667822402687,1555.9005014089998
09572135,34805.44569299061,1462459.3109,15431.795,9720.812927595347,12913.515715246998
09572147,3069.8530767659654,136187.9265,1998.915,857.3792658099665,1202.5393909949998
09572164,11387.576276838061,632453.4106999999,9063.679,3180.4361783581016,5584.5636164809985
09572139,5198.103649734665,285623.3041,4578.741,1451.7783683343944,2522.053775203
09572143,8390.208941261873,239404.49569999997,4587.81,2343.3014552050286,2113.9416970309994
09572160,9145.377597220175,356911.1787,3831.32,2554.2125091276225,3151.5257079209996
09471117,11360.902985287337,543450.3454,6656.1630000000005,3172.9865947609,4798.666549881999
09471154,4371.200701210728,187343.1589,2074.001,1220.832643841144,1654.2400930869999
09471165,10508.714682488513,475064.3116,5409.857,2934.9789236722168,4194.817871428
09471173,3175.972077912245,164651.0752,2344.53,887.0172416401108,1453.8689940159998
09471207,7071.211000055886,352729.123,4540.131,1974.9185202056083,3114.59815609
09471208,4741.7573120077905,252997.16879999998,3469.815,1324.3253996706558,2233.965000504
09674201,2895.6514155509376,159573.174,1679.082,808.7264838492213,1409.03112642
09471115,8955.261438752128,420091.5309,5561.063,2501.1149672290817,3709.408217847
09471152,2705.482124196044,162076.85340000002,1762.741,755.6141024667131,1431.138615522
09674118,2270.7805482975846,136154.68430000002,1761.116,634.2062993340323,1202.2458623690002
09674190,4541.202909309181,225223.25,3365.326,1268.3125605409612,1988.7212974999998
09674184,4765.695839654107,258040.8994,3548.133,1331.0111910569954,2278.5011417019996
09473165,34598.83781476367,757189.6866000001,6863.656,9663.109413285345,6685.984932678
09473158,21008.452705410447,955512.7315000001,7923.499,5867.450756094084,8437.177419145
16069053,7966.685100004369,340251.2823,3038.755,2225.0154815802202,3004.418822709
16069001,154.25530512240178,13319.002299999998,63.29,43.08196416763559,117.60679030899998
16069043,49723.86266193189,1438523.6649,6012.545,13887.377602850956,12702.163961066999
16070057,19953.030973370955,977493.7955,3615.639,5572.682020552774,8631.270214265
16067059,3773.708387071816,170595.1862,816.14,1053.9590154252874,1506.355494146
16067089,23674.047011625407,1121173.761,6657.107,6611.9245898768595,9899.964309629999
16067016,1091.672379757635,80227.6687,487.649,304.8931789425099,708.4103146209999
16067022,2438.4178561415956,141598.20750000002,545.805,681.0257230417863,1250.312172225
16067047,2204.541788316829,135700.3548,720.46,615.7064760590071,1198.234132884
16067067,6029.452906162295,341962.335,1564.173,1683.9659021620673,3019.52741805
16064019,2264.170072042317,114822.3525,481.625,632.3600594206987,1013.8813725749999
16064061,1196.7049987576324,57822.65139999999,98.72,334.22773910301913,510.57401186199985
16064062,555.2438763771722,31502.142799999998,179.78,155.07406223338043,278.16392092399997
16064064,3044.5463735893572,97665.8908,357.954,850.3113566797715,862.3898157639999
16064007,558.6869398554355,32554.6786,202.64000000000001,156.03567543222456,287.457812038
16064009,813.5962770365194,50568.789800000006,119.495,227.22930421352947,446.52241393400004
16064033,3176.559832299713,133954.7265,720.13,887.1813955629868,1182.8202349949997
16064043,938.9050808506424,51967.10829999999,209.2,262.2268000307759,458.8695662889999
16065001,2257.8453648376494,90006.0992,297.64,630.593631945507,794.7538559359999
16065014,14347.094418158596,476807.93029999995,1175.73,4007.0000000475143,4210.214024548999
16065018,838.5790176906199,47388.0734,74.49,234.20673385081324,418.43668812199996
16065038,1550.8610525036693,64603.62010000001,144.1,433.13998335374976,570.449965483
16065058,546.3206004788126,39360.9286,154.37,152.58188050772756,347.55699953799996
16062026,2749.8802727942616,158075.55,466.36,768.0140613887093,1395.8071064999997
16062005,6526.809363379564,406272.81250000006,1861.649,1822.8725870982785,3587.388934375
16062041,90561.2533537213,3635170.5315000005,12721.324,25292.852449160822,32098.555793145002
16062065,13884.560375255822,800523.5514,3139.042,3877.8188672051983,7068.622958861999
03158017,1455.454726069257,95245.29430000001,682.91,406.4939504438828,841.015948669
03158025,952.6322752824447,64971.808800000006,503.628,266.060668163634,573.701071704
03158035,1555.1389174710678,108565.82720000001,816.545,434.3347482604945,958.6362541760001
03158022,1605.0448230585723,113565.96740000001,1267.686,448.2729686320286,1002.787492142
03158027,9970.471888848648,568772.9031,4197.851,2784.6530938365386,5022.264734373
03158031,2289.3591433057163,158560.35129999998,1094.26,639.3951151338534,1400.0879019789998
03158032,1623.4059639045086,108777.6026,957.667,453.40105165889014,960.506230958
03154013,27416.318975318773,1695356.7583,9561.832,7657.10372661678,14970.000175789
03158006,8180.021298023125,514509.5995,11621.877,2284.5981483248784,4543.119763584999
03158012,1284.8109470411061,80156.5099,994.955,358.8348493991105,707.781982417
03158013,2125.213161893711,144158.2841,1662.847,593.5507839852945,1272.9176486029999
03158030,0.5338229710828967,38.3344,5095.929,0.1490914175937422,0.338492752
03158033,1476.1710151677253,103271.8228,1014.105,412.279802826194,911.8901953239999
03151030,2984.2039993641793,160519.82649999997,1582.621,833.4583349824215,1417.3900679949995
03151039,5469.791485475718,275419.5003,1804.505,1527.6580639785132,2431.954187649
03151002,2306.2643452619177,123328.1352,810.04,644.1165689882009,1088.987433816
03151004,2227.725459981404,135452.07510000002,1402.91,622.1814437182063,1196.041823133
03151014,4955.913331084059,218370.0204,2367.816,1384.1370342384666,1928.2072801319998
03360020,5222.056445155251,219433.68459999998,1554.829,1458.46814456741,1937.5994350179997
03360018,11744.977124085637,420607.78820000007,3764.915,3280.2546609858773,3713.9667698060002
03360024,10335.95599069654,484090.0412,3650.327,2886.7291486416366,4274.515063796
03355012,4010.6547874276603,95385.28159999999,501.98199999999997,1120.1357755806712,842.2520365279998
13076014,30192.379435779225,1005508.0106,3321.98,8432.429652618779,8878.635733598
13076136,4443.358312876688,167449.7102,457.93,1240.98554320333,1478.580941066
13076054,2970.3398313203625,110635.59779999999,387.11,829.586211489464,976.9123285739998
13076055,5647.867946958242,142726.2455,430.432,1577.3930389059674,1260.2727477649998
01053010,772.302304621028,31156.320399999997,157.07,215.69631065760692,275.11030913199994
01053035,324.2964352378431,14254.108,151.155,90.5727513975772,125.86377363999999
01053037,1183.308450404781,56495.3973,371.295,330.4862171135513,498.85435815899996
01053046,4862.355889388666,233160.08190000002,1612.64,1358.0073763473604,2058.803523177
01053080,737.4457418968898,27177.8035,165.945,205.96122125438234,239.980004905
01053084,1336.505802371418,69181.13350000001,238.96,373.2727055443133,610.869408805
01053016,460.04389220944495,22709.5801,146.645,128.48565865517588,200.52559228299998
01053030,365.8373698725392,13213.3299,30.58,102.17471903170147,116.673703017
01053057,964.2096254069229,48479.861000000004,193.35999999999999,269.2941062798995,428.07717263
01053110,55867.70052419307,568042.3547,381.615,15603.29007940188,5015.813992001
01053001,207.25763002975614,11178.113800000001,42.11,57.88498349101059,98.702744854
01053018,816.7988371590643,33858.000100000005,345.64,228.12374723015506,298.96614088300004
01053026,859.0787831894017,39984.8405,376.105,239.932113356968,353.06614161499994
01053033,393.6901878115416,19041.017399999997,66.72,109.95373255388544,168.13218364199997
01053040,338.1321558292013,16062.341,123.77,94.43692980153762,141.83047102999998
01053043,2695.133062413646,133658.0364,864.841,752.7237130015071,1180.200461412
01053051,917.4993732163588,38195.2867,273.865,256.2483999455968,337.26438156099994
01053078,754.0886599410233,33909.9692,240.55,210.60942183492838,299.42502803599996
01053098,1241.2177466298017,52939.951199999996,521.11,346.6597044562373,467.45976909599995
01053100,20811.140170665214,973524.8045999999,3876.15,5812.343338265087,8596.224024617999
13074080,720.6172211531405,40332.01760000001,402.875,201.26118369586058,356.13171540800005
01053041,6177.7934109446405,290394.5317,1559.023,1725.3959217427284,2564.1837149109997
13074049,16303.643782623416,479077.6064000001,2708.618,4553.444672048893,4230.255264512
01055042,1508.0675746286663,89063.80129999999,2417.942,421.18819291804016,786.4333654789999
01055039,7412.889178047764,250305.5247,1546.255,2070.34581853696,2210.197783101
01055002,4560.7198009982085,191447.4561,1251.815,1273.7634332207895,1690.481037363
01055038,7795.979495965223,329672.3659,2121.28,2177.339113428127,2911.0069908969995
01055043,11239.05352497059,442554.1742,2780.14,3138.955258989036,3907.753358186
09190143,3890.199301113434,209608.9187,1622.587,1086.493762807971,1850.846752121
09190118,8281.587932193832,325811.35199999996,5484.6720000000005,2312.9646935824153,2876.9142381599995
09190140,33709.27447094009,1328992.7609,16100.123,9414.663266988857,11735.006078747
09190111,9207.126692221593,372989.9864,5443.452,2571.4584138705686,3293.5015799119997
09190148,44879.37935070215,1251442.5014,10474.701,12534.361858857603,11050.237287361999
09190149,2577.4784317214826,134212.5365,2045.645,719.8639511954929,1185.0966972949998
09181121,13906.161250081295,561998.6887999999,9382.73,3883.8517755352045,4962.448422103998
09181133,7520.66777467992,384317.56719999993,6267.9,2100.4473027903546,3393.524118375999
09181143,4390.669529187782,199621.74219999998,3082.657,1226.2700928068557,1762.6599836259998
09181130,93227.59762894695,2383143.4101000004,22188.077,26037.535741788593,21043.156311183004
09181126,7868.142570097408,267325.63300000003,5207.05,2197.493538402505,2360.4853393900003
09181128,18989.51812714176,757549.0959999999,11430.629,5303.582517729422,6689.158517679999
09181131,33723.90669423704,320573.6785,3117.552,9418.749900633462,2830.6655811549995
09181138,4403.943296971991,238345.95130000002,4019.265,1229.9773234113072,2104.594749979
09772162,3539.4658555723536,200585.4389,3030.666,988.5374188028026,1771.169425487
09772209,14150.656914833078,650088.3531,9824.274,3952.1369697437303,5740.280157873
09772149,28534.434475010585,594404.6965999999,7047.484,7969.382204525706,5248.593470977999
09772160,24282.730028240883,260882.3843,2103.798,6781.923669587396,2303.5914533689997
09772186,11166.024055286522,211298.6478,3220.907,3118.5588584009724,1865.7670600739998
09772215,7510.675512400539,346820.4902,4571.243,2097.6565638583465,3062.424928466
09761000,388320.3823876795,13231114.2997,69074.534,108453.999597055,116830.73926635098
09772184,31483.33839515027,1524313.3358,14745.769,8792.981580381518,13459.686755113999
09772202,18823.30876701084,883844.2518999999,8688.228,5257.161905538457,7804.344744276998
09772145,11005.768340830566,516292.4281,6391.625,3073.8010399105683,4558.862140123
09772171,20114.933853387804,724325.3785,7475.929,5617.899875912679,6395.793092155
09772166,2744.673358455728,126804.50149999998,2338.145,766.5598222831002,1119.6837482449998
09772217,6768.398908136118,251355.4167,3395.913,1890.3461310533362,2219.468329461
09772114,1946.6810565094806,123936.7854,1633.921,543.6885522725328,1094.3618150819998
09772134,2360.294501500638,149964.20190000001,1998.925,659.2066513241132,1324.183902777
09772136,1840.95206857893,70832.2179,3111.115,514.1595032334093,625.448484057
09772185,5348.110156271172,287346.4862,4476.091,1493.6736855449756,2537.2694731459997
09779115,19635.520846466112,632417.3030000001,6591.169,5484.00461720952,5584.24478549
09779196,3405.3328026736217,177207.6598,5856.954,951.0753984587158,1564.7436360339998
09779149,1338.2867458974144,33167.27079999999,4401.185,373.77010526168885,292.8670011639999
09779126,6847.849465573619,310440.4556,6024.287,1912.5358772400562,2741.1892229479995
09779129,3326.064684739357,166188.10220000002,2383.416,928.9366058008549,1467.440942426
09779186,29291.42730856148,964945.5883,13518.999,8180.802733008135,8520.469544688998
09779198,2479.27255636831,126379.38180000002,1797.125,692.4360322681052,1115.9299412940002
09577113,5244.713612751334,238802.6383,3736.31,1464.79606490532,2108.627296189
09577149,3980.091306947181,198498.07640000002,2737.155,1111.599701117278,1752.7380146120001
09577150,3245.026805422558,168311.73369999998,3451.635,906.3035364864662,1486.1926085709997
09577172,5654.126143080525,254158.1664,4605.03,1579.1408905009598,2244.2166093119995
09577111,4105.201057865459,215001.28949999998,2697.933,1146.5416034512439,1898.4613862849997
09577159,4728.013141563331,262776.85480000003,3298.415,1320.4867903072227,2320.319627884
09571178,4156.997326014583,221982.7207,4647.665,1161.007783182613,1960.1074237809999
09576147,14900.778971425403,708377.3169000001,7769.56,4161.6385589294005,6254.971708227
09573125,16166.367532652974,893765.8265,10707.574,4515.104788194649,7891.952247994999
09573111,3018.6105877744094,170432.48140000002,1224.075,843.0677510595148,1504.918810762
09573114,25450.36214120261,1117571.9086,11332.609,7108.031642416477,9868.159952937998
09572114,5527.052090075324,313773.4085,4731.06,1543.650378237137,2770.619197055
09572132,46882.86669358429,1951653.6782999998,16047.802,13093.915838851157,17233.101979388997
09573124,3240.8582228522655,177179.25579999998,1901.161,905.1392930604092,1564.4928287139996
09573126,3832.70963461221,250814.37420000002,3403.217,1070.437473850844,2214.690924186
09573129,2460.334423948476,139564.6605,1653.748,687.1468012645698,1232.355952215
09573130,15180.735803191652,536324.0728,6025.112,4239.827702473396,4735.741562824
09572126,4894.740618417518,228655.6853,1982.903,1367.0521073178286,2019.0297011989999
09572127,3183.1225378791373,182256.8754,3618.6150000000002,889.0142936042643,1609.3282097819997
09572133,7471.68953874092,386632.33160000003,5184.269,2086.7681712749513,3413.963488028
09471172,3658.1127098935203,172895.0299,6089.8,1021.6742987461612,1526.6631140169998
09461000,15496.08805146669,620660.8578000001,24262.435,4327.902431894131,5480.435374374
09471140,5352.831916302664,173273.35090000002,6253.995,1494.992425904171,1530.003688447
09471150,22.914832154356233,1599.1117,2487.767,6.399883472390152,14.120156310999999
09471191,2160.567562937468,128325.95259999999,6721.044,603.4249146528055,1133.1181614579998
09471133,1735.626942582138,103086.5362,982.067,484.7432487937653,910.254114646
09471174,10620.269802863842,590791.3855999999,6678.551,2966.1351532418425,5216.687934847999
09471175,3798.363824122491,228808.026,2519.235,1060.8450324391706,2020.37486958
09473138,7547.711717119503,404977.4235,4233.575,2108.000405474306,3575.9506495049995
09674210,11844.757614939903,364377.6456,2980.851,3308.122354276565,3217.4546106479997
09473175,9846.90344711953,481917.8931,4227.715,2750.1416637460134,4255.334996072999
16069052,3430.775343617709,84937.90250000001,334.456,958.1812457189899,750.0016790750001
09473144,3387.2056501048205,181996.66400000005,8393.174,946.0126660177752,1607.0305431200004
16069006,1151.0125242590025,56005.304599999996,243.895,321.4662879002968,494.52683961799994
16069012,25179.318993545847,969926.0181,3572.983,7032.332001707419,8564.446739822999
16069058,14885.332352315374,479564.25850000005,2223.359,4157.32447267816,4234.552402555
16069042,5340.000454938028,345517.941,896.87,1491.408727059642,3050.92341903
16070029,75762.73389306862,3227074.1525,13510.866,21159.773948995135,28495.064766574997
16070011,1374.6335174018254,100842.56760000001,514.205,383.92139507515583,890.439871908
16070034,2579.6991508343567,145600.49420000002,692.13,720.4841758365275,1285.652363786
16070043,4041.589489914374,240900.043,1072.8,1128.7755286381855,2127.14737969
16070028,75844.27410696888,1543491.7866999998,5646.977,21182.547315335338,13629.032476560997
16067052,1552.9873621319746,76587.079,573.71,433.73384036983913,676.2639075699999
16067055,896.7301779512077,55699.3125,276.1,250.44777139999277,491.82492937499995
16067071,1740.527935141501,99575.21049999999,535.39,486.1120470056698,879.2491087149998
16067087,27303.137630529796,813989.571,3940.064,7625.493308830666,7187.527911929999
16067004,4879.696719378869,86576.86660000001,396.13,1362.8504967553242,764.473732078
16067011,3310.7481462409196,134885.99040000004,1023.225,924.6588497636263,1191.0432952320002
16067026,4687.745176096043,138740.6672,640.245,1309.2403502318637,1225.080091376
16067033,2174.1222612273677,110727.26939999999,391.917,607.2106063381915,977.7217888019999
16067068,758.2752555160268,42604.413799999995,148.225,211.77869611307113,376.1969738539999
16067082,12613.403472703338,47469.0168,72.13499999999999,3522.797455891315,419.1514183439999
16064004,6782.365138982069,329949.20839999994,1670.603,1894.2467596663018,2913.4515101719994
16064022,6339.391062438939,358285.5529,2090.13,1770.5285298285712,3163.6614321069997
16067009,3259.8486671211836,181390.9816,944.365,910.4431342402753,1601.6823675279998
16064021,1876.6990626105576,58621.659499999994,291.90999999999997,524.1432811965026,517.6292533849999
16064027,512.3733947147837,30002.1583,104.95,143.10076540989192,264.91905778899996
16064038,1745.8268299745487,106912.49050000001,458.995,487.5919753435917,944.037291115
16064045,935.6656332154656,48951.148100000006,57.78,261.3220547007474,432.238637723
16065005,1364.4535539730844,36650.22290000001,52.61,381.0782330891427,323.621468207
16065089,50480.484000333985,835185.3249000001,2804.461,14098.694376453277,7374.686418867001
16062064,16196.928345437465,689743.449,2413.2,4523.64011759723,6090.43465467
15085055,16225.643939552172,907982.5704,8569.775,4531.660095877526,8017.486096631999
03154002,920.8763074468362,64858.255699999994,485.12,257.1915439068269,572.6983978309999
15085185,24335.103449862643,1090972.4056000002,5187.172,6796.551042512137,9633.286341448002
03154006,1787.0162913822362,106632.41260000001,887.424,499.09578002014473,941.564203258
03158007,1514.939003666169,110478.97299999998,1002.5889999999999,423.1073143339243,975.5293315899997
03154017,1428.9177052839518,110473.4631,491.315,399.0824259087549,975.4806791729999
03154009,4667.283925528254,337846.69039999996,2579.721,1303.525727560786,2983.1862762319993
03151003,1736.758968468603,111339.1023,852.41,485.0594123035961,983.1242733089999
03151024,8088.960436322118,533246.8952,4979.075,2259.165760260404,4708.570084616
03151031,3120.681598524243,179697.3163,1337.742,871.5751636518357,1586.727302929
03151032,4548.023870584197,251827.09749999997,1858.69,1270.2175868154602,2223.6332709249996
03151005,7014.098065022249,292307.8042000001,3573.424,1958.9674485800638,2581.0779110860003
15081105,21887.004374123266,595038.0854,2687.192,6112.821451648886,5254.186294081999
15081225,16637.277352544133,449494.02359999996,1704.257,4646.625191792051,3969.032228387999
03354022,8116.391280724892,343312.5471,2431.166,2266.826920793655,3031.4497908929998
15081095,20396.83902980476,461873.91569999995,1852.921,5696.633172634171,4078.3466756309995
03354019,2956.4533784539276,178178.0545,1059.3,825.7078640683974,1573.312221235
03355037,87642.48955500264,89600.5598,589.11,24477.670907816686,791.172943034
03355049,37747.21687261188,1081516.5158,3840.173,10542.420200351773,9549.790834513999
13076010,1827.6405212245602,84332.9249,344.636,510.4417211728074,744.6597268669999
13076102,2741.545969565411,123096.1975,827.34,765.6863738399236,1086.9394239249998
13076138,2199.1563656777735,77088.43669999999,168.29,614.2023813701453,680.6908960609999
13076009,2985.375514222271,107264.0479,506.413,833.785527367138,947.141542957
13076030,1587.5525082001216,74093.3739,161.295,443.3875400152119,654.244491537
13076039,20402.837885466506,305518.8825,776.29,5698.30859303194,2697.7317324749997
13076092,28118.48655259126,338506.8814000001,629.905,7853.212109273213,2989.0157627620006
13076159,21052.714118164637,615023.1151,2628.419,5879.812526062201,5430.654106333
01053054,1441.2017182630352,59008.5561,330.23,402.5132278936831,521.045550363
01053066,1746.4620484732886,54204.3994,622.815,487.76938551810474,478.62484670199996
01053107,2123.8090342901405,117227.72259999998,693.975,593.1586251868933,1035.1207905579997
01053117,1981.7455344549055,97955.85949999999,688.7,553.4817103179105,864.9502393849998
01053123,2957.476657428433,148249.0606,658.0889999999999,825.993655653187,1309.039205098
01053004,1153.9737984621863,72994.7837,519.669,322.293342172504,644.543940071
01053088,619.4947240853321,26055.3916,229.41,173.01868148979239,230.06910782799997
01053093,1586.7008707921666,83112.43620000001,476.785,443.1496862035442,733.882811646
01053102,385.96464112250067,17138.034700000004,53.07,107.7960646191032,151.32884640100002
01053136,2317.2383013336084,118121.9786,1314.815,647.1814851794635,1043.017071038
13074028,1476.688739628558,60112.6324,151.293,412.42439809085994,530.794544092
13074073,2923.82295785046,139327.8987,770.946,816.594513898055,1230.2653455209997
13074078,799.8802703456305,33572.2974,135.4,223.3985607048311,296.443386042
13074066,1160.5892149787176,56863.37699999999,416.04,324.140961851406,502.1036189099999
13074074,18967.99480573854,563162.8051,1599.676,5297.571269294716,4972.727569033
13074076,10864.69428094711,349271.5809,1498.283,3034.400465725718,3084.0680593469997
01055032,27159.772693507235,1237106.7668,7058.417,7585.4529155696355,10923.652750844
01055037,10467.297823374336,460815.3971,2233.67,2923.411609090218,4068.9999563929996
01055006,1489.1093333325728,75434.11709999999,482.76,415.8933457064542,666.0832539929999
01055020,1955.2272301937587,89799.9936,556.225,546.0754131208148,792.933943488
01055027,13071.708708067225,524572.4363000001,3560.695,3650.797525076095,4631.974612529
01055033,23593.03162114958,952540.2367,4862.242,6589.297801470866,8410.930290061
01055015,7693.405145505403,275320.23740000004,3551.095,2148.6911230882038,2431.077696242
09190117,6466.374856740776,325090.15239999996,3924.484,1805.993833739131,2870.5460456919996
09190145,6151.609956577124,323741.89910000004,3831.0099999999998,1718.0831447724247,2858.640969053
09181111,3272.861742027264,180839.6064,2714.932,914.0775559307945,1596.8137245119997
09181129,3324.459166443339,154367.29129999998,3382.462,928.4882005959602,1363.0631821789998
09190129,4571.5433526856195,231806.867,4477.352,1276.7863429715667,2046.8546356099998
09181135,4989.59205308855,280075.873,3515.56,1393.543164507101,2473.06995859
09181137,4584.8680360334465,238427.3607,3101.492,1280.5077937837812,2105.313594981
09181142,2649.441089549999,144565.15600000002,2004.8899999999999,739.9624019004192,1276.5103274800001
09181124,5898.252335966503,272631.41860000003,4366.664,1647.3228949120844,2407.3354262380003
09181132,11997.024693749017,564613.846,6654.769,3350.649026717163,4985.54026018
09181140,2300.3590840556813,120089.1689,1967.502,642.4672885859112,1060.387361387
09181141,9390.607292779323,413678.4104,6867.623,2622.702710800337,3652.7803638319997
09181122,11015.061330287499,577677.4429,8165.384,3076.396478935995,5100.891820807
09181134,7384.80441597326,347003.6144,5577.46,2062.5020253371717,3064.041915152
09181145,10611.699748541872,555427.4589000001,9310.687,2963.7416227702593,4904.424462087
09181116,5352.583062929271,299214.6725,5353.203,1494.922923645516,2642.0655581749998
09771145,6316.74075900354,333981.5774,6630.733,1764.2025265820985,2949.0573284419997
09771146,19365.915413568917,970041.5589,13517.024,5408.7065158556625,8565.466965086998
09771163,3452.5257401745876,171307.80769999998,2997.38,964.2559139733605,1512.6479419909997
09772163,49810.291518388854,1856695.7256999998,19412.839,13911.516318170823,16394.623257930998
09771130,65859.68926147003,2619737.3127,31464.354,18393.952613835965,23132.280471141
09771142,24411.563235161182,928065.6595000001,12982.935,6817.905495948166,8194.819773385
09771112,14344.425103195008,757825.8681000001,9537.3,4006.2544870713336,6691.602415323
09771158,7041.494858277243,339618.28239999997,5575.8460000000005,1966.6190989682511,2998.8294335919995
09771114,10586.359402939632,581155.7006,8731.667,2956.6643176470097,5131.604836297999
09771169,8315.115315984203,238379.2008,3671.398,2322.3285566012282,2104.888343064
09772207,10605.315988150172,476221.91219999996,9616.658,2961.9587023304616,4205.0394847259995
09779178,3035.3638796828504,146714.7991,6796.364,847.7467779566232,1295.491676053
09779206,1874.1686347263699,98076.3265,1440.42,523.4365579927278,866.0139629949999
09779217,4007.270939660879,196393.38549999997,2837.95,1119.1907007378868,1734.1535939649996
09577148,9991.328165171291,384671.39560000005,5733.153,2790.47804325069,3396.6484231480003
09577158,17299.860035864123,643805.0906,8132.66,4831.67790941649,5684.798949997999
09577125,10706.670728295905,524025.3055,7843.9619999999995,2990.2660677057634,4627.143447564999
09577177,64297.35372786441,2103113.5843999996,22553.245,17957.60792265525,18570.492950251995
09577161,21451.003062467415,942630.7278,12091.387,5991.0506453165235,8323.429326473999
09576111,21510.46021970222,761975.2669000002,8778.935,6007.656434760633,6728.2416067270005
09576121,22955.401005299413,881531.3363,9417.909,6411.213946770073,7783.921699528999
09576128,9125.214758093374,443560.7324,5176.257,2548.5812297878983,3916.6412670919995
09576142,11377.27850028863,523808.60250000004,7237.556,3177.5601123456113,4625.229960075
09563000,133443.91074433358,4850025.152799999,37602.112,37269.54983178493,42825.72209922399
09573122,6804.682976189099,367976.4352,8247.751,1900.4799084198532,3249.231922816
09573127,940.9379831603412,51572.3344,5882.457,262.79456931685166,455.38371275199995
09573134,28968.638301523744,1450938.4929,14760.603,8090.650991232566,12811.786892306998
09562000,68022.51360215413,2477338.4954999997,46563.271,18998.007823945623,21874.898915264996
09573123,6440.2544112297155,324546.50029999996,4320.39,1798.698654512347,2865.7455976489996
09572149,8339.67509351032,427132.6098,5112.037,2329.187856866497,3771.5809445339996
09474133,10503.07682977271,540855.8782,7115.875,2933.40432778722,4775.757404506
09474135,7589.111017233538,441024.3759,5376.917,2119.5628160031547,3894.2452391969996
09572111,30047.76183422496,818001.2636,10131.828,8392.039402680688,7222.951157587999
09572130,9547.613352832994,432666.9779,4650.04,2666.5529333127265,3820.4494148569997
09471131,5586.075495062394,346000.53020000004,8229.931,1560.135025015976,3055.184681666
09471145,23674.414729654614,1212072.0065,13582.186,6612.027289845237,10702.595817394998
09471169,6940.458494030481,258182.06070000003,3735.612,1938.400652797773,2279.747595981
09471195,21014.831729565434,880314.9578,7473.209,5869.23235375033,7773.181077373999
09471119,3730.817006918098,163781.1718,5101.91,1041.9798818621555,1446.187746994
09471159,3227.0438271122466,197116.17720000003,6663.35,901.2810704741793,1740.5358446760001
09471214,11004.343320187996,591869.2434,7704.394,3073.4030458953052,5226.205419222
09478120,15729.08927291906,781128.8611000001,12090.242,4392.977343033564,6897.3678435130005
09473132,11038.014224293556,425875.75840000005,5158.625,3082.8069927029474,3760.4829466720003
09478165,6805.332985454633,348302.18929999997,12958.235,1900.6614495076242,3075.5083315189995
09463000,71975.02458501491,2741671.2553999997,18705.493,20101.904616348813,24208.957185181996
09473112,10336.671853664095,453697.5641,3759.201,2886.929082009845,4006.1494910029996
09473170,16003.657248731213,615534.4985,6199.32,4469.66143299814,5435.169621755
09473141,11019.472141360788,453853.23600000003,4798.665,3077.628374360654,4007.52407388
16072015,9883.742077630082,457712.3841,1640.95,2760.4303248613055,4041.600351603
16069061,2472.1997748946706,174615.9852,671.22,690.4606751303324,1541.8591493159997
16070058,15437.613683226118,753644.2449,1885.29,4311.5711255882225,6654.678682467
16070004,80969.20684218797,2482744.3474000003,7645.284,22613.889778954675,21922.632587542
16051000,471063.1161067161,11306676.0489,49207.918,131563.21769744472,99837.949511787
16068009,136045.31317553952,323540.6248,1620.5049999999999,37996.09551679643,2856.863716984
16068057,51169.97026496389,194407.1821,1174.694,14291.260995301765,1716.615417943
16068061,35588.0285946123,144587.61920000002,1124.757,9939.380506189267,1276.708677536
16064005,2390.1755172656913,130171.0291,357.67,667.5521202171349,1149.410186953
16068002,2573.5825816086485,90035.5291,345.115,718.7758792174794,795.013721953
16068014,6117.701956550123,288281.50080000004,1462.595,1708.6129794448839,2545.525652064
16068045,1603.8419269522285,83512.3283,236.588,447.9370117784879,737.4138588889999
16068049,1466.2391084779167,82501.275,368.21,409.50592060679736,728.4862582499999
16068053,16672.915904881604,323045.07509999996,1409.825,4656.578683074383,2852.488013132999
16065012,1859.4879743680203,122481.472,673.159,519.3363963612444,1081.51139776
16065074,2451.0221724895655,98473.9987,503.745,684.5459825546108,869.5254085209999
16065077,655.8170479852728,52254.909799999994,96.265,183.16314333180682,461.4108535339999
16065079,582.3502087043687,47553.7592,196.073,162.64458978904312,419.89969373599996
16068013,1859.9372207130536,119129.62180000001,551.668,519.4618663729487,1051.914560494
16065085,15076.71772775611,605135.1651,1806.364,4210.776494185004,5343.343507832999
16062008,1743.8512673152177,141368.3509,569.1,487.0402204484671,1248.2825384469998
16062054,1777.0376482915733,125170.375,572.028,496.30884479135347,1105.25441125
15087412,46085.47725352148,1487097.0919,5341.736,12871.212942136013,13131.067321477
15085145,29425.269460581203,1293245.5377,5158.882,8218.183507645723,11419.358097891
15085330,43214.71006661213,1836794.0839,9492.083,12069.436374504103,16218.891760837
15085135,78988.62785719532,3453625.5791,16030.281,22060.733874236077,30495.513863453
03154012,2072.216560234507,147179.1402,892.9,578.7493631078954,1299.5918079659998
03154027,4497.53952139198,295844.0386,1532.28,1256.117812929566,2612.302860838
03154019,16395.028432341067,976991.6569,5396.568,4578.9674908685365,8626.836330426999
15083320,12727.40829945802,507485.39820000005,1238.215,3554.63786395563,4481.096066106
03154005,1929.078611397234,107737.46720000001,914.181,538.7723653771335,951.3218353760001
03154021,3077.2011732234014,205081.7107,1529.98,859.4315156695637,1810.8715054809998
03154022,1096.0087227217116,84857.86159999999,665.39,306.1042761689468,749.2949179279998
03154025,1422.244801454061,114411.8757,696.455,397.21875059810463,1010.256862431
03154026,1497.5281293671223,110633.56290000002,623.985,418.2446312509436,976.8943604070001
03154028,45551.49214830231,2157973.571,11443.862,12722.076242099352,19054.90663193
03154001,5523.636882676296,296350.9857,1580.822,1542.6965449626628,2616.779203731
03154015,3148.282096787494,129900.50140000001,553.798,879.2837068117792,1147.021427362
03154016,1162.1463225670961,70697.21209999999,441.92,324.5758464297643,624.2563828429999
03154018,1703.6881932127676,104669.80990000001,1363.17,475.82307548239385,924.234421417
03154004,2797.830606949128,215655.3793,1682.263,781.406110214822,1904.236999219
03154007,1484.7286856937114,114822.90030000001,1013.45,414.66987462739667,1013.886209649
03154024,4946.935585574759,301381.51879999996,3028.932,1381.6296396951743,2661.1988110039993
15083411,41896.113181867906,2160186.2833,8646.109,11701.165450563887,19074.444881538995
03151021,4878.184530682921,262629.72599999997,2230.535,1362.4281575744328,2319.0204805799995
15081280,81668.73789208083,2135355.7964000003,11626.816,22809.261805879254,18855.191682212
15081545,8648.953035794297,270914.10730000003,899.273,2415.566093366989,2392.171567459
03354001,4802.287449109149,247762.93749999997,1102.035,1341.230861661694,2187.7467381249994
15081455,917070.7640176881,3362581.8527,19649.968,256128.6936825001,29691.597759341
03354002,10332.889706366459,473026.5107,3130.558,2885.872766091088,4176.824089481
03354024,4458.320308236016,234253.6471,1393.777,1245.1642788872368,2068.4597038929996
03354006,2461.4517907886425,144042.5036,630.99,687.4588706493599,1271.895306788
03354009,12328.707684058889,601513.6544,2926.393,3443.2847690808067,5311.365568351999
03354012,4065.024926482346,143914.2719,685.9209999999999,1135.3208117172544,1270.763020877
13076016,2329.939095523537,96332.5572,567.885,650.7286899887687,850.6164800759999
13076073,2970.325330764674,131997.87730000002,687.425,829.5821616292658,1165.5412565590002
13076142,14013.607570844155,507185.72450000007,1961.625,3913.860458461064,4478.449947335001
01053062,1104.729278676801,52775.0471,455.995,308.53984024164373,466.003665893
13074040,895.7659104084553,44187.8811,172.24,250.17846111797746,390.17899011299994
13074013,5193.786090219117,187129.3594,1073.006,1450.5725171372972,1652.3522435019997
13074018,586.6814545352662,25859.1772,109.86,163.8542634371545,228.33653467599996
13074042,4491.787101371009,192385.63439999998,639.325,1254.511219541909,1698.7651517519996
13074068,4148.3385165981335,160062.51989999998,655.95,1158.5894643006927,1413.3520507169997
13074094,3586.317722022182,104858.8879,144.555,1001.6226765835751,925.903980157
01055016,23715.416468828975,1087078.7498,4715.668,6623.478665579244,9598.905360734001
01055011,1654.6698301549575,77495.2064,509.975,462.13273686397804,684.2826725119999
01055014,3210.7805551844363,149774.9762,960.212,896.7389012574612,1322.5130398459999
01055023,1665.4335331663895,66282.8978,269.005,465.1389314780409,585.277987574
01055029,1261.9904289718565,58127.1397,223.314,352.4613069075498,513.262643551
01055036,4961.553751039713,183836.3359,1261.714,1385.7123471278812,1623.2748459969998
01055022,5567.889050958337,232184.1408,1226.93,1555.0557330421539,2050.185963264
09180116,4783.907636211729,315275.94619999995,2438.535,1336.0975637175738,2783.8866049459994
09180112,4239.222942802325,295809.8037,2824.815,1183.9725756952612,2612.000566671
09180125,4323.410239236668,244950.4029,3636.358,1207.4852457164088,2162.9120576069995
09180135,3252.728154384162,213890.6974,1512.065,908.4544462379525,1888.654858042
09180113,2488.6945112716544,177144.5142,2363.135,695.0674900530603,1564.186060386
09180134,6908.03378838519,400384.6339,5600.805,1929.3447567580995,3535.396317337
09190139,25398.450260785467,1142026.2310000001,11320.315,7093.533173334772,10084.091619730001
09190130,6647.888710500939,381236.95129999996,5606.355,1856.6888379558072,3366.322279978999
09190142,10044.2438365136,486054.855,5673.596,2805.2568610998833,4291.864369649999
09190157,41517.11340695137,1757107.1419,15184.031,11595.314603427449,15515.256062976998
09190158,8707.974534546775,425425.26780000003,5089.045,2432.0502077535684,3756.505114674
09181114,19918.55869033814,1091432.3436999999,11277.385,5563.054256624539,9637.347594870998
09181120,5556.520801261262,274260.4562,3627.996,1551.8806945842578,2421.719828246
09181123,4125.797350802395,208040.44939999998,2838.155,1152.2939421056008,1836.9971682019998
09181139,3952.6631069348,220656.2914,3674.168,1103.9392791358202,1948.3950530619998
09181144,8013.291047438655,411270.68889999995,4599.488,2238.032056639142,3631.5201829869993
09181146,14152.84586633104,407303.05220000003,5683.489,3952.7483220075956,3596.485950926
09179138,10840.323724619695,550912.5726999999,8212.192,3027.5940130490344,4864.558016940999
09179149,6141.070715162435,341489.1662,5092.597,1715.1396400377162,3015.349337546
09181118,5344.005310298005,261252.55370000002,4401.176,1492.5272431131295,2306.860049171
09179114,2807.905308700099,170472.5199,2404.654,784.2198736668506,1505.272350717
09771168,3174.067992385863,166421.0312,2667.461,886.4854495934476,1469.4977054959998
09179137,3964.142096972982,218991.764,2729.32,1107.145246263584,1933.6972761199997
09771122,30247.76958361367,863203.2181,12890.589,8447.899567007462,7622.084415823
09771129,6049.256634757156,219781.42389999997,3583.65,1689.4968855213258,1940.6699730369996
09771160,8469.453783275145,447934.4233,7555.212,2365.433747130915,3955.260957739
09771113,36966.97690708723,1430774.5762999998,24980.094,10324.50698038039,12633.739508728997
09771140,471.3380069137306,18648.540699999998,5531.305,131.6399919509358,164.66661438099996
09771149,3069.8189496054993,207187.1369,3292.12,857.3697344353199,1829.462418827
09771155,4865.2737947095175,256661.4185,3763.518,1358.8223181244211,2266.320325355
09771156,4719.818598245015,242673.95100000003,16171.84,1318.19813630385,2142.81098733
09771176,999.1714082927219,50175.0661,2904.009,279.0585826220743,443.04583366299994
09185125,12539.971438243118,482004.09650000004,11024.546,3502.28862298692,4256.096172095
09185127,3.101975035511545,137.4217,12855.82,0.8663506076680194,1.2134336109999997
09779163,974.990370730932,32912.96690000001,4779.399,272.30506064144197,290.621497727
09779201,6084.484102383125,305783.2557,17701.618,1699.3355649545829,2700.0661478309994
09779192,110.39989468481343,3688.5151,3155.681,30.83358658652154,32.569588333
09176148,5377.1035805509955,237687.4296,2344.255,1501.7712590120875,2098.780003368
09577168,10266.091091237466,243993.0623,2126.094,2867.216580871712,2154.458740109
09577115,4279.84619955378,217169.54359999998,3457.049,1195.3182450733752,1917.6070699879997
09577127,2985.282191815749,167713.54820000002,2239.58,833.7594633522205,1480.910630606
09577141,3785.990535967064,199818.46240000002,2920.313,1057.3892967902411,1764.397022992
09577163,4128.2348552000285,193849.3102,2864.451,1152.9747127088158,1711.6894090659998
09576126,13850.716737507388,683131.7848,7962.177,3868.366677618438,6032.053659784
09576141,10220.588554812413,383390.53300000005,4928.287,2854.5081774735586,3385.3384063900003
09576117,10982.695544957463,497448.6703,6298.271,3067.35703875117,4392.4717587489995
09576143,72221.57946424342,2177307.1784,18099.278,20170.764928568544,19225.622385272
09564000,444065.61436863744,15722840.3698,93599.998,124023.08543701674,138832.68046533398
09565000,62254.897446379124,2665469.7032000003,21532.066,17387.170307799224,23536.097479256
09576137,5701.425489201263,310212.65369999997,5848.742,1592.3511248790207,2739.1777321709997
09572455,12.62816243490407,871.8919,16.25,3.5269194864443576,7.698805476999999
09474123,22977.718567464442,845579.0889000001,9865.725,6417.447018707144,7466.4633549870005
09474126,65404.18877063005,2519047.4363,16306.399,18266.735881749264,22243.188862529
09474134,5973.178793196608,363989.55700000003,4247.078,1668.2491051518807,3214.0277883100002
09474160,4764.245202074263,156298.63470000002,2124.712,1330.6060424873208,1380.1169444010002
09572115,465.74221361083227,16713.2032,6606.402,130.07714283936934,147.577584256
09471111,8639.654399305164,239154.00900000002,2341.25,2412.969077181939,2111.72989947
09471123,11834.63567261994,488035.3296,5634.385,3305.2953970060225,4309.351960368
09471155,8309.22393860632,560981.9162,6508.107,2320.683153813359,4953.470320046
09471185,24678.138693259818,1080654.6289999997,9771.635,6892.3573556405345,9542.180374069996
09473121,30062.303590464413,813455.3743,5586.167,8396.100769780805,7182.810955069
09473134,9954.547423903201,383376.654,3184.568,2780.205550021925,3385.2158548199995
09473153,5173.352132393541,191591.6983,1459.868,1444.865517056192,1691.7546959889999
09478139,25415.340870157448,1252377.1392,16625.213,7098.250551626274,11058.490139136
09473120,9281.68202836295,330237.07979999995,1866.383,2592.280973701488,2915.9934146339992
09473151,53101.720344594665,1785422.4194,10968.209,14830.779475041843,15765.279963301999
09473159,34453.2634182277,1296733.8487999998,9876.103,9622.451940076815,11450.159884903996
16072023,5982.108856074514,235628.2844,2147.611,1670.7431824130508,2080.597751252
16072013,296.0648087505744,14100.310899999997,2238.689,82.68794043594792,124.50574524699996
16073112,23749.912976725387,927460.9173000001,4373.195,6633.113195269633,8189.479899759001
16070048,21261.30769061995,1022994.1772,4327.808,5938.070624913245,9033.038584676
16070001,780.8826321925765,47919.270300000004,264.53,218.09271034506466,423.127156749
16070006,2646.583231746217,114375.2625,848.48,739.1642307944009,1009.9335678749999
16070008,1422.666102571867,79018.9529,439.237,397.3364157872967,697.737354107
16070013,336.60796130709656,17775.490599999997,811.95,94.011237513459,156.95758199799997
16068037,991.5945733142709,68614.16990000001,360.675,276.94244838094266,605.8631202170001
16068001,2584.923984953134,105211.477,824.13,721.9434197575608,929.0173419099999
16068025,2229.0967348725285,128883.68860000001,644.38,622.5644270825485,1138.042970338
16068044,1580.4428274049815,109117.68389999999,740.088,441.40187726593723,963.5091488369999
16068051,43811.72888326421,1719264.0595,6962.834,12236.17775980686,15181.101645384999
16068059,1246.6499993145537,84852.1302,287.01,348.1768783085617,749.2443096659999
16068062,1062.7737606667188,75756.22950000002,594.355,296.82208361660787,668.9275064850001
16068022,1315.3720969633946,93520.4654,394.005,367.37027296090645,825.7857094819999
16068058,18383.859763447133,549641.0489,2511.568,5134.4281933331495,4853.330461787
16068064,108086.18150300898,573581.6252,1686.48,30187.389631975377,5064.725750516
16065003,419480.6992064735,1029598.9335999999,4753.816,117156.76448137597,9091.358583687997
16065048,549.9550679634497,30832.614300000005,52.23,153.59695093151186,272.25198426900005
16065051,1380.9100622437709,74240.7447,251.465,385.6743712840628,655.5457757009999
16065075,1190.8442009526996,68731.81139999999,600.441,332.5908768840794,606.9018946619999
15087055,16549.37095735169,356588.74,1782.039,4622.0738146787535,3148.6785741999997
15087250,10586.685091378484,464259.16890000005,1331.494,2956.7552791710964,4099.408461387
15085235,43659.3163304453,2163899.4582999996,9859.254,12193.610457930066,19107.232216788994
15085285,5212.887772232005,229830.03420000002,1325.875,1455.9074259066765,2029.399201986
15083025,6941.002060917642,344288.95440000005,1104.018,1938.552465593688,3040.071467352
15083275,5255.573337115839,193168.154,824.465,1467.8290773230826,1705.6747998199999
03154008,5293.008673817519,284555.8481,2065.505,1478.2843925104946,2512.6281387229997
15081045,16166.874556255287,702243.7532,3832.443,4515.246394816539,6200.812340756
15081290,7534.297422799388,281938.6311,1014.4110000000001,2104.253927213641,2489.5181126129996
15081440,5829.135286594315,245808.88319999998,1058.682,1628.0191941929263,2170.4924386559996
03354013,4314.450919373536,229945.22490000003,1976.175,1204.9829972718346,2030.416335867
03354016,3788.0174225530627,167986.0193,1210.24,1057.955385944845,1483.3165504190001
03354004,24114.224599315516,1000611.4176,6345.903,6734.86178834283,8835.398817408
03354011,2988.996244340179,136683.03259999998,1778.655,834.7967610817686,1206.9111778579997
13076088,20360.682172518795,745190.8116,1430.333,5686.534923962774,6580.034866428
13076116,2496.175264116376,79066.2749,312.838,697.1567895150627,698.155207367
13076152,45411.135990374874,935748.6292999999,3303.276,12682.876170751799,8262.660396718999
13076169,3723.623118900891,155537.1078,450.825,1039.9707008778298,1373.392661874
13076153,18299.53285697315,623562.3420000001,1999.069,5110.876531624031,5506.055479860001
13074043,3267.1464433073606,153054.673,675.648,912.4813301513127,1351.47276259
13074070,867.9955491520186,43014.6468,87.845,242.42247692266727,379.819331244
13074021,20412.95882241572,616828.6935,1701.09,5701.135269512486,5446.597363605
13074033,1676.930814861454,57657.70130000001,170.775,468.3500072826555,509.11750247900005
13074065,10615.534523870632,416956.1159,1806.042,2964.8126371718286,3681.7225033969994
13074027,655.425361434365,30184.759099999996,151.12,183.05374919500377,266.5314228529999
13074052,665.6045333656073,35782.581699999995,101.115,185.89669012368043,315.9601964109999
13074067,1073.5289356980486,44347.8474,200.485,299.82589645110795,391.59149254199997
13074093,7456.329625155651,277382.3087,771.6610000000001,2082.4783010097217,2449.2857858209995
13074069,2804.2402793881256,91875.4467,195.88,783.1962676303095,811.2601943609999
01055010,177442.4820686,269484.97069999995,1147.87,49557.910816939286,2379.5522912809993
01055018,54640.91104523436,204365.26529999997,854.79,15260.660045823503,1804.5452925989996
01055025,12385.85827284986,199134.2037,1130.987,3459.246357024237,1758.355018671
01055017,12433.377628842463,385592.95839999994,2289.59,3472.5180379594112,3404.785822671999
01055031,7927.050722415966,335674.7419,1335.78,2213.945996263555,2964.007970977
09180126,6518.486467396328,286759.1131,2126.46,1820.5480854791203,2532.082968673
09180124,19291.726439613816,977961.8929999999,8261.724,5387.986277319743,8635.403515189999
09180132,3042.344367485846,209782.59319999997,2291.37,849.6963583951218,1852.3802979559996
09190121,3758.417032656487,187423.99810000003,2447.6,1049.6882930506301,1654.953903223
09190131,6083.444195533475,347279.3935,3615.38,1699.0451293705441,3066.4770446049997
09190135,4532.8262506782185,251265.92449999996,2805.69,1265.9730435519195,2218.6781133349996
09190159,8940.659810466039,456823.3618,5087.345,2497.03687846506,4033.7502846939997
09188124,13033.106159705421,702351.3467,6544.404,3640.016219344127,6201.762391361
09190138,8489.645714477072,378653.6363,3853.599,2371.073151596301,3343.5116085289997
09190144,7965.441875235649,326703.10579999996,4442.179,2224.6682613345642,2884.7884242139994
09181115,3270.730546985934,177490.63919999998,2712.272,913.4823344677014,1567.2423441359997
09188126,9810.789475021249,488594.9338,5423.135,2740.0553924786846,4314.293265454
09179111,3589.347815779024,193636.6612,3131.87,1002.4689514689236,1709.8117183959998
09179125,5452.626578709593,296504.3062,4194.1449999999995,1522.864077167802,2618.1330237459997
09179130,3533.8792002357977,191634.8268,2202.068,986.9771218338559,1692.135520644
09179131,2620.8936811590324,142603.52380000002,2226.037,731.9893962109061,1259.189115154
09179132,3317.8049263760063,163064.385,2083.268,926.6297378875547,1439.85851955
09179117,13475.477238276064,470264.2966,6417.18,3763.5660378781217,4152.433738977999
09179128,2585.9644482755684,148808.885,2758.145,722.2340107588834,1313.98245455
09179136,9525.10491704468,449519.6015,6336.518,2660.2665522814086,3969.2580812449996
09179140,2267.92989073832,147204.9634,2187.664,633.4101391843053,1299.8198268219999
09174135,16294.991210774011,568594.1185,8324.797,4551.028095257073,5020.686066355
09174137,5335.159460289564,271261.54439999996,6114.255,1490.0566856642722,2395.2394370519996
09771111,6964.6227988740375,257398.462,4928.701,1945.1495014975299,2272.8284194599996
09771165,5736.241279418231,270514.4251,6562.835,1602.0748269287176,2388.642373633
09176155,6692.302270409733,309275.7094,7721.353,1869.0931011027342,2730.904514002
09176160,5862.103362055323,180756.8831,8462.728,1637.226847988431,1596.083277773
09176164,16003.386170862603,550667.2667,7518.525,4469.585723660216,4862.391964961
09577120,4919.848386029883,209658.1227,2803.843,1374.064455734286,1851.2812234409998
09577151,4857.467048581237,259311.27650000004,3287.658,1356.6419719982534,2289.718571495
09576127,36798.90062408858,1646738.3638000002,18112.68,10277.5649553017,14540.699752354
09576151,12951.237842811819,376039.12889999995,11136.867,3617.151217118913,3320.425508186999
09572121,22404.417629503572,1165892.8564000002,11777.025,6257.329799744052,10294.833922012001
09572131,9854.806397786779,496974.5077000001,5381.209,2752.348878837869,4388.284902991
09572137,4667.436141258497,281347.9552,2895.102,1303.5682398920856,2484.302444416
09474119,2832.038082276573,172720.2379,2380.058,790.959915999024,1525.1197006569998
09474122,4547.416345139994,281695.147,2267.963,1270.0479110341487,2487.36814801
09474137,2513.7476895986356,163163.3597,1710.335,702.0645922280029,1440.732466151
09474140,10074.951646902986,566060.9317999999,7557.563,2813.8332454635347,4998.318027793999
09474144,2802.026925886348,161080.1937,1453.731,782.5781001307981,1422.3381103709999
09474145,2563.510679530655,165121.1938,1530.804,715.9628976861167,1458.020141254
09474146,2619.9070176870514,171909.2695,3162.308,731.7138309698165,1517.958849685
09474154,13293.510961208463,764142.6812,7616.809,3712.7446763559115,6747.379874996
09572141,380.7575912986864,23850.179799999998,1502.088,106.34178767381012,210.59708763399996
09572154,0.8368224070743897,56.6102,1903.163,0.23371613007180628,0.49986806599999994
09572158,4902.183577979237,294762.554,3435.269,1369.1308514938212,2602.75335182
09474121,182554.25266827978,742280.0643999999,8793.71,50985.57722772386,6554.332968651999
09474143,2933.5026356623175,199069.37319999997,2146.702,819.2979511141286,1757.7825653559996
09474147,3723.604358809548,238850.3568,2322.36,1039.9654613719185,2109.048650544
09474158,3713.464068489833,228324.1936,2533.084,1037.1333796885253,2016.1026294879998
09474161,4908.5934377419435,308000.646,2576.074,1370.9210612269474,2719.64570418
09474171,2928.9471894527705,188721.5759,2551.169,818.0256605422643,1666.4115151969997
09474175,2630.399063951888,160269.53619999997,2048.974,734.6441545711227,1415.1800046459996
09471142,68413.852244626,561286.5194,5678.625,19107.304793401596,4956.159966302
09474168,28209.716524894407,131027.39259999999,999.144,7878.691728237759,1156.971876658
09471151,4712.181698061366,272428.91270000004,2857.643,1316.0652264515588,2405.547299141
09471189,6854.034284356001,273542.09990000003,2830.835,1914.2632352777873,2415.376742117
09471209,1927.1996656519718,126268.05540000001,922.48,538.2475946199392,1114.946929182
09478176,31837.88813109399,794030.2642,6458.228,8892.00377613324,7011.287232885999
09478127,6919.791334026659,256804.13419999997,1863.571,1932.6285216803053,2267.5805049859996
09478144,5157.524797917864,187029.3783,1965.174,1440.4451008104802,1651.469410389
09478145,26117.47229321287,946873.5586,5370.775,7294.348836771423,8360.893522437998
09473166,17391.80054443794,558677.7297,6330.051,4857.355974056072,4933.124353251
09473174,14481.336934925284,375719.635,2781.795,4044.4925925552825,3317.60437705
09478453,29.468889468860777,1649.7629,23.63,8.230366139758125,14.567406406999998
16072018,62415.425592556916,2056355.9290999998,7026.642,17432.00421374522,18157.622853953
16072024,32608.720863542472,1054577.6989,3609.267,9107.289649978777,9311.921081286999
16073001,1188.9604742997158,59790.2461,278.195,332.0647708671676,527.947873063
16073013,1138.4296037848674,51785.93089999999,398.695,317.9520040410756,457.2697698469999
16073014,21.019572751129754,1135.0591000000002,113.64,5.8705564736630285,10.022571853
16073084,1498.2824828338212,75468.2635,351.37,418.4553146306579,666.384766705
16073094,1623.1239642575865,81472.70180000001,235.075,453.3222919775013,719.403956894
16073113,8336.588374014576,371455.9928,1611.2450000000001,2328.3257669785307,3279.9564164239996
16070012,1800.9397738793245,116597.8022,1185.12,502.9844694467565,1029.558593426
16070041,1703.0900600787318,88581.94410000001,647.919,475.65602287938896,782.178566403
16070054,4098.13537326802,135723.72950000002,650.37,1144.5682284000252,1198.440531485
16071046,16918.803883526518,331385.30329999997,2205.63,4725.252736630121,2926.1322281389994
16071032,1212.651696848924,78029.9781,351.26,338.681492412936,689.0047066229998
16071043,2213.4349913289357,119916.0641,686.771,618.1902587282584,1058.858846003
16071103,57427.90205128093,1153186.2187000003,4678.703,16039.03876390225,10182.634311121003
16068007,1259.0100554716912,73655.60660000001,252.759,351.6289183926886,650.379006278
16068017,922.6158415018504,46435.7698,412.64,257.6773783730518,410.027847334
16068032,1383.386432517962,47014.514,259.525,386.3659967379416,415.13815862
16068055,2178.538616769257,128861.73840000002,582.616,608.4440502774856,1137.8491500720002
16068021,5698.554548910919,250108.25290000002,1254.156,1591.5492999653304,2208.455873107
16068048,4423.9565573128275,234043.84879999998,829.9300000000001,1235.5668268918996,2066.6071849039995
16065016,518.1609673675167,42177.194800000005,128.815,144.71717657607374,372.424630084
16068005,848.1005800623041,49874.751500000006,184.35000000000002,236.86601100560088,440.394055745
16068015,823.0622107780155,42848.8754,317.933,229.87304484819194,378.3555697819999
16065088,104533.53220037356,937053.5011,2427.305,29195.170208242333,8274.182414713
15087101,2791.292979492268,140290.38830000002,529.05,779.5802162423954,1238.764128689
15087440,9090.746327237568,407455.8895,1636.305,2538.95454173418,3597.835504285
15087370,91924.4890643991,2723737.6404,13418.989,25673.590550796023,24050.603364731996
15085040,22015.004173943697,1153233.8819000002,4982.558,6148.570515740735,10183.055177177
15085140,5884.311919058975,266121.5219,1377.72,1643.4294758739811,2349.853038377
15085125,2622.4437130080933,124956.2179,574.735,732.4223046060304,1103.363404057
15085365,8715.852416426778,398800.9229,1251.175,2434.2504213838347,3521.412149207
15083415,57030.02121785502,2299673.4964,8125.853,15927.914625934727,20306.116973212
15083035,4301.2836854476345,268835.9127,788.7950000000001,1201.3055205086698,2373.821109141
15083485,3490.192613229488,206943.5848,873.52,974.7758949488637,1827.311853784
15083505,2784.9660869513223,148242.2473,403.793,777.8131784246348,1308.979043659
15083515,4052.512487740724,205579.7022,682.539,1131.8262127011067,1815.268770426
15083060,1478.0870063450686,86941.3049,392.28499999999997,412.8149200021142,767.6917222669999
15083205,14067.531279189192,577921.5919,1673.5,3928.9208109647493,5103.047656477
15083323,6141.057517026493,281650.4122,1104.06,1715.1359539303292,2486.9731397259998
15083535,3086.113518081762,187708.2709,860.542,861.9206444650553,1657.4640320469998
15083230,11970.058850696949,499680.0403,1269.54,3343.1177364111504,4412.174755849
15081135,111472.76057358364,3982340.2701999997,19621.047,31133.227300596172,35164.06458586599
15083125,41616.40860320578,819532.3656000001,2383.32,11623.046758789342,7236.470788248001
15081026,27599.98232119854,460378.9265,2901.229,7708.39906248754,4065.145920995
03354017,4314.545385666716,175051.27049999998,1063.253,1205.009380762857,1545.7027185149998
03354018,20357.142542961305,926865.0015,8942.737,5685.546340823663,8184.217963245
03354026,7533.609395677458,387277.635,2930.486,2104.0617681187573,3419.66151705
03354003,1811.6540976724589,88677.1726,393.936,505.976872938941,783.019434058
03354008,4852.633142654304,259716.718,1315.8700000000001,1355.2919104119205,2293.2986199399998
13076143,6251.239563204361,325379.1966,771.625,1745.9086976073459,2873.098305978
13076008,1358.536327302715,64252.86580000001,216.73,379.42561085237526,567.3528050140001
13076145,1544.6072969095558,75030.90009999998,392.705,431.3933719538698,662.5228478829998
13076060,27583.559481708675,1125389.1454,3518.433,7703.812327646416,9937.186153882
13076110,1325.0111556997715,66054.04969999999,245.95,370.0623656753892,583.2572588509998
13076013,1916.2331537624596,66640.90669999999,279.098,535.1847575143173,588.4392061609999
13076036,4224.449296089195,225399.0574,1091.353,1179.8464439047511,1990.2736768419998
13074050,7939.4004027034525,230694.14409999998,1311.474,2217.395138471047,2037.0292924029995
13074061,1208.2133315540568,65590.70520000001,158.195,337.44190136973253,579.1659269160001
13074064,1990.3258678631953,99122.89809999999,480.89,555.8781116355118,875.2551902229999
13074072,2263.677609783219,118165.9248,462.855,632.2225196363552,1043.4051159839998
13074081,5187.990705329459,135206.2794,332.165,1448.9539240914646,1193.8714471019998
13074092,3525.9542157148007,145635.6789,524.87,984.7637529069866,1285.9630446869999
13074005,1860.6593018262324,73207.268,365.195,519.6635364070485,646.4201764399999
13074026,24415.05284904204,943517.4927,3936.179,6818.880110208951,8331.259460541
13074079,15741.790671896353,403942.6377,1238.545,4396.524716753932,3566.813490891
13074016,6275.76814800582,189250.9245,762.075,1752.7592860565453,1671.0856633349997
13074039,12117.701676128929,404286.2961,1596.599,3384.3529011260484,3569.8479945629997
13074010,6978.937278422078,381024.38759999996,858.95,1949.147392490502,3364.445342507999
09180122,4112.160360347951,243103.50419999997,1928.452,1148.4852670415792,2146.6039420859997
09180114,3648.288027246094,193106.84759999998,1493.6299999999999,1018.9303631295614,1705.1334643079997
09180136,2733.8181486338062,175689.57940000002,1061.865,763.5280707319357,1551.338986102
09180127,6038.899068025816,378546.32070000004,3350.876,1686.60412070893,3342.5640117810003
09180128,3203.1055866931197,203705.49719999998,1972.2,894.5953593075213,1798.7195402759996
09180119,3610.446529801012,219228.9082,2214.761,1008.3616113081246,1935.7912594059999
09180133,2694.413259342566,150073.6085,1457.26,752.5226792017852,1325.149963055
09190113,5059.575006080701,239913.03860000003,3318.295,1413.088703448279,2118.432130838
09190120,4343.23060944152,220636.7024,2815.785,1213.020876910922,1948.222082192
09190126,3340.804891137313,151351.1871,2247.77,933.0533980457401,1336.430982093
09190136,4696.984335879538,252508.5336,2748.868,1311.820755167796,2229.650351688
09190115,5155.57513705814,227287.28469999996,2573.588,1439.9005800289679,2006.9467239009996
09190152,7032.8746698107225,361688.9791,4877.525,1964.2115665314366,3193.713685453
09188117,9634.197080184204,460300.91260000004,5423.45,2690.7349025246463,4064.457058258
09188118,6684.466749238492,356544.8749,3756.868,1866.9047183948185,3148.2912453669996
09188137,9196.174630693271,491298.99720000004,4169.757,2568.3996126063234,4338.170145276
09188141,13296.370904972482,747131.2443,5984.825,3713.543430049764,6597.168887168999
09188132,12421.599655332078,662426.3378999999,7127.938,3469.228567737696,5849.224563656999
09188139,32246.215057736234,1609310.7088999997,12857.293,9006.045403475153,14210.213559586997
09188144,10594.50685406631,520135.281,4937.504,2958.9398192721796,4592.79453123
09188145,7408.745760359004,429802.4619,5971.985,2069.188603410666,3795.1557385769997
09179113,7686.018255880735,405600.3224,4695.008,2146.6280386849303,3581.4508467919995
09179121,53415.167957980404,1939512.0210999998,14792.643,14918.322258984346,17125.891146312995
09179147,2570.373202900192,150392.7753,2033.76,717.8795318379946,1327.968205899
09188121,24707.28230245772,1185289.9991,12678.623,6900.496874253416,10466.110692052998
09174146,11156.196195433877,359134.2276,5064.188,3115.814035422727,3171.1552297079998
09179119,8251.27062159438,439852.34510000004,4572.529,2304.497371905094,3883.896207233
09179134,38670.19663006654,1301224.5209,15044.406,10800.199216811283,11489.812519546998
09174111,16544.71670523803,996634.7741,20777.545,4620.773928605929,8800.285055303
09174118,11103.836348391493,586449.2791,9935.901,3101.1904537422597,5178.347134453
09174147,1042.5071251507013,440538.6089,8613.95,291.16181498333935,3889.9559165869996
09185131,8053.051559145577,168647.0981,6922.621,2249.136769953768,1489.153876223
09771162,3011.73743934267,201250.07409999997,4614.446,841.1481494340142,1777.0381543029996
09185113,46940.45210747215,476233.6930999999,8132.082,13109.998869095896,4205.143510072999
09185158,97993.01369572784,1544206.6776,21048.238,27368.46879507983,13635.344963208
09185116,2435.0996461735604,144939.97950000002,3707.904,680.0989801798137,1279.820018985
09185139,13890.3208884906,764884.4775,10243.268,3879.4277209465395,6753.929936325
09185143,2.5968436605251015,228.2596,5410.889,0.7252724659480556,2.015532268
09185118,2265.1585665229773,128185.55420000001,3743.418,632.6361360442023,1131.878443586
09161000,503042.61671565514,9726964.996900002,70440.276,140494.77242251532,85889.10092262701
09176118,6589.256270438624,392409.47380000004,6043.99,1840.313383770803,3464.975653654
09176122,54.18846281077306,2342.2617999999998,1657.7359999999999,15.134295778420807,20.682171693999997
09176165,3768.2139556153734,148796.1603,4778.17,1052.4244756638175,1313.8700954489998
09576122,26936.5608620884,1075571.6531,12502.154,7523.112083172669,9497.297696873
09576148,21136.276638504944,1000323.6788000001,11126.426,5903.150702368045,8832.858083804
09576113,15227.221803639093,908040.1449,8900.414,4252.810777538362,8017.994479466999
09373156,11678.542045494174,665705.8093999999,6300.183,3261.700007886068,5878.182297001998
09574123,17303.56348190417,837190.1088,6074.104,4832.712244861015,7392.388660703999
09574157,36684.42216110367,705942.4028,5798.615,10245.592265374644,6233.471416724
09574152,1848.9909896061051,100776.791,3908.061,516.404693487089,889.85906453
09574156,3498.4130898961203,134519.8294,4966.085,977.0717918770873,1187.8100936019998
09474132,9871.148649581162,545058.2804999999,5188.8279999999995,2756.9131063415225,4812.864616814999
09474173,1476.976019397975,95409.38240000002,1152.909,412.5046324576604,842.4648465920001
09574138,39103.89898574145,1432205.2315,14982.699,10921.327947727728,12646.372194144999
09474124,5082.6649544138845,303608.273,2555.085,1419.5374951182537,2680.8610505899996
09474129,8532.538582573397,527895.3157,5343.547,2383.052700726924,4661.315637631
09472197,8878.487996286258,489312.0819,5061.089,2479.672912482789,4320.625683177
09474176,117547.41974821065,401287.09180000005,5049.131,32829.818861477754,3543.3650205940003
09472115,3891.5578505992517,239085.2172,2507.171,1086.8731920938649,2111.122467876
09472154,13494.593411553793,713686.9364,7053.41,3768.9049939128586,6301.855648412
09477164,5416.410849881253,248115.1148,2899.694,1512.749386263335,2190.856463684
09478111,18786.438762802973,637730.7818,4991.399,5246.864482063242,5631.162803294
09478116,19692.33289835903,802307.9105,7498.651,5499.871655182693,7084.378849714999
09478155,2698.327898584508,99094.7856,4352.5289999999995,753.6159987956672,875.006956848
09476154,592.3164202929084,20769.533199999998,3551.107,165.4280530236064,183.39497815599998
09476178,13393.242671906028,617533.4985999999,4816.251,3740.5987458366344,5452.820792637999
09476179,5490.59870952728,174866.13030000002,1130.494,1533.469313583874,1544.067930549
16072019,1836.0499696485604,67708.9245,709.0,512.7903960231464,597.8698033349999
16073005,16618.76346450283,573952.1426,1837.925,4641.454448000995,5067.9974191579995
16073006,338.5058619795777,22428.220200000003,80.77,94.54130219227625,198.041184366
16073017,525.1469423125342,32783.6965,93.59,146.66828951846767,289.48004009499994
16073055,1565.1496118693356,60773.7175,282.765,437.1306350989867,536.6319255249999
16073074,329.0918617985393,20391.8226,88.96000000000001,91.91206608171403,180.059793558
16073077,60255.78331988571,2340358.0593999997,11742.905,16828.837723410878,20665.361664501994
16073082,1047.7373117739394,57485.628000000004,186.725,292.6225538053435,507.59809524
16073076,57126.52550775276,2329614.4964,9303.903,15954.867309060268,20570.496003212
16071003,15723.407931828151,643263.9804,3166.142,4391.390601280284,5680.020946932
16071008,21076.561347148512,913450.1084999999,3776.903,5886.4728186451075,8065.764458054998
16071079,1874.0416798301953,37872.724899999994,200.26,523.4011007597752,334.4161608669999
16055000,141736.58711402045,3453869.8997000004,16797.991,39585.61141507477,30497.671214351
16071059,419.99054394091803,31124.8553,254.785,117.29915901725899,274.83247229899996
16071087,2045.2640538713028,92165.6424,366.835,571.2217976057161,813.8226223919999
16068036,1001.9736008894356,69204.87599999999,360.234,279.84120699241043,611.0790550799999
16068039,1113.1377414039125,69702.22,354.81,310.8882397966987,615.4706026
16071005,446.9495988445881,34120.5161,267.72,124.82855346130499,301.284157163
16071017,1095.0982632706066,62745.98090000001,471.07,305.84999394884767,554.0470113470001
16071102,53718.68922923228,1004386.1173000002,5217.159,15003.092714832283,8868.729415759
16068019,1586.3577690548886,105581.3382,502.481,443.05386131933983,932.2832163059999
16068033,1800.4499246760497,79169.36850000001,208.221,502.8476594627739,699.065523855
16068034,49343.10029240527,1127034.7584000002,3378.792,13781.034480665867,9951.716916672001
16068052,1829.4212454409053,103521.0936,264.08,510.9390596391904,914.0912564879999
16068056,1770.6601121731946,106918.95619999999,467.724,494.5276627288515,944.0943832459998
16068063,20527.542189405118,1011746.6231,4025.61,5733.137258078955,8933.722681972999
16071061,3125.959463127886,121450.0014,337.38,873.0492184569872,1072.403512362
16065052,3906.776079411035,137313.3319,370.33500000000004,1091.1234912187078,1212.4767206769998
16065056,6641.083807071629,120766.21290000001,427.247,1854.7882964770351,1066.365659907
16065086,42581.64523321919,794134.7325,1948.151,11892.627697185788,7012.209687975
16065008,639.1359135466389,48540.778399999996,241.685,178.50426929444077,428.6150732719999
15085110,20321.38584538401,837341.2170999998,3061.82,5675.5598527573,7393.722946992997
15087275,33272.42516187494,1495608.9773000001,4646.796,9292.655623460052,13206.227269559
15085090,9358.031316472843,243126.9529,867.194,2613.6045663777004,2146.8109941069997
15085160,4133.909927127482,224905.7878,708.38,1154.5597035474343,1985.9181062739997
15085287,6888.337913724076,234271.28710000002,987.805,1923.8438959239973,2068.615465093
15089307,34161.54380447608,1216492.8815000001,3887.018,9540.977569152124,10741.632143645
15083245,11842.628576164929,489421.46660000004,1762.275,3307.527735037103,4321.591550078
15083355,7864.892399454564,266626.9757,624.285,2196.585798243665,2354.316195431
15083190,12950.867382836042,556517.5557,2511.984,3617.0477513522783,4914.050016831
15083531,52564.10683550655,2081520.2905,8170.72,14680.629398088624,18379.824165115
15083020,3565.420959687922,216755.83479999998,669.465,995.7864198312396,1913.9540212839997
15081240,56113.56117846944,1840438.5116000003,10252.817000000001,15671.956501534729,16251.072057428002
03354015,7040.476752216275,359672.5304,2406.926,1966.3347521264832,3175.908443432
03354025,4194.1226690795,200241.3505,1298.105,1171.3765202472134,1768.1311249149999
03354014,3247.3173030749313,166542.41809999998,912.723,906.9432495757975,1470.5695518229998
03354023,6596.623178911479,285863.14690000005,2293.867,1842.3708876381868,2524.1715871270003
13076034,10538.209284499608,474756.1476,1284.15,2943.2164710678953,4192.096783308
13076046,2264.4742484645444,131161.0159,424.713,632.4450128536625,1158.1517703969998
13076053,4737.68186587762,160285.1606,515.355,1323.1871683209604,1415.317968098
13076103,6857.460247770135,311489.1201,1198.144,1915.2200725997209,2750.448930483
13076001,2986.575986808612,154217.9375,635.953,834.1208073557772,1361.744388125
13076019,2258.5222925071166,82581.6532,577.345,630.7826910743125,729.195997756
13076057,721.3590915773441,37906.464,63.719,201.4683806866364,334.71407711999996
13076119,2431.321216229756,111236.85599999999,256.96500000000003,679.0437024808085,982.2214384799998
13076070,1848.1863059233006,87555.84240000001,370.76,516.1799533813186,773.118088392
13076079,2152.01758346058,108727.01729999999,714.28,601.0369908847055,960.0595627589998
13076004,2608.6004980902085,107654.0337,404.48,728.5560331116143,950.585117571
13076041,1315.757520628535,72181.20319999999,477.66999999999996,367.47791793634354,637.3600242559999
13076065,700.54331154797,36801.6486,76.81,195.65474148223254,324.958557138
13076121,1246.8164014820993,50101.8492,372.995,348.2233527699355,442.39932843599996
13076147,2125.199071318264,99487.2781,443.635,593.546848628478,878.4726656229999
13074012,8811.78675131752,293166.8701,1254.038,2461.04392177547,2588.6634629829996
13074024,2750.366961784828,109733.6842,495.48,768.1499887568846,968.948431486
13074025,3131.4713089969296,106392.5949,358.14,874.5886218897524,939.4466129669999
13076163,497.74967920455924,29602.359200000003,33.83,139.01650790504135,261.388831736
13074015,1257.502615465908,65617.37709999998,362.237,351.20790547347343,579.4014397929998
13074020,4386.471080023046,121103.1456,552.8,1225.0975079396364,1069.3407756479999
13074054,3219.214559438047,135744.28540000002,407.325,899.0944343054522,1198.622040082
13074077,3492.946354628242,124856.88450000001,555.38,975.5449873841216,1102.486290135
13074071,2349.4287529111175,95908.55179999999,131.595,656.1719564005459,846.8725123939998
13074032,17592.73911230799,629107.9797,842.15,4913.476106676499,5555.023460751
13074085,2308.189783870596,96727.5951,389.698,644.6543247372186,854.1046647329999
09173133,8103.200641833066,483212.11199999996,3768.08,2263.142907257557,4266.762948959999
09173142,3318.3182324117465,183411.3052,1427.323,926.7730991302766,1619.5218249159998
09190132,4937.357003106277,272818.63899999997,3608.988,1378.954437397552,2408.9885823699997
09190141,34172.238626000486,1288265.3431,13146.975,9543.964525855676,11375.382979572998
09190153,2750.407534196705,172538.3452,1927.82,768.1613202257977,1523.513588116
09173123,12103.519963811252,590938.7639,5854.773,3380.3920906928442,5217.989285236999
09173137,10487.478871370531,586116.3663999999,6675.954,2929.0479739850753,5175.407515311999
09188451,223.34603606735953,11621.923400000001,10.4,62.37831441325284,102.621583622
09188113,13828.60110380684,794779.9331999999,7393.305,3862.190002282212,7017.906810155998
09188120,23499.771884217673,1310860.546,12698.583,6563.251289543154,11574.89862118
09179118,12387.737040912994,623267.8103,7164.21,3459.77107815659,5503.454764949
09179123,31020.71018800472,1483148.527,11064.74,8663.774148407838,13096.201493409999
09179145,23887.77449710839,982716.3859000001,10340.966,6671.616539297402,8677.385687497
09188127,9707.441858169794,491128.92929999996,4500.223,2711.1914365682414,4336.6684457189995
09174113,32211.663831815495,1172936.4184,13032.913,8996.395591587749,10357.028574472
09179126,16653.160146020993,991399.6988,10469.303,4651.0610971822025,8754.059340404
09179142,39057.392833708036,1544519.4033,14756.692,10908.339244526316,13638.106331138997
09174131,19798.199986409614,1092991.7656,18640.894,5529.439274204341,9651.117290248
09174143,10732.80590771353,553315.5800999999,8370.189,2997.5653619653112,4885.776572282999
09186125,103419.79385147578,624362.9342,10181.779,28884.11422477867,5513.124708986
09186132,7310.872194079443,356642.3162,5709.921,2041.8534950844476,3149.151652046
09185166,11417.312631403322,345428.0321,5197.03,3188.7412448246337,3050.129523443
09186128,36408.500454577224,762500.5447999999,9945.882,10168.530091958872,6732.879810583999
09185123,7186.7839949308345,337775.4832,4867.024,2007.1969019442326,2982.5575166559997
09185140,15935.382929393174,718257.9072,9609.213,4450.593098350219,6342.217320576
09185168,6972.345623712859,328298.9273999999,5054.965,1947.3064092467644,2898.879528941999
09176116,2820.418124061443,164258.4772,2815.26,787.7145778691204,1450.4023536759998
09176124,5955.198130484672,308292.34290000005,4922.194,1663.227285863064,2722.221387807
09176126,30899.3838067605,1190509.8042,14802.479,8629.88890339014,10512.201571085998
09176132,5903.7091371227325,324044.25340000005,5543.572,1648.8469249070079,2861.310757522
09176138,4119.598626153661,223366.934,8947.852,1150.5627002984559,1972.33002722
09176137,8321.523442773121,347032.2221,5876.892,2324.118282332105,3064.2945211429997
09373126,29214.657100715885,1330965.9009000002,15891.049,8159.361581658939,11752.428904947
09373114,7429.6669926128325,394987.8769,4878.02,2075.0316943668377,3487.7429530269997
09373155,25224.84126960348,834159.4293999999,9619.161,7045.045918187555,7365.627761601999
09574117,16725.667453959006,1015574.2472,11543.354,4671.31166321621,8967.520602776
09574112,29441.503594285125,1377678.0471,11808.529,8222.717538847892,12164.897155893
09574139,13733.064528431869,680923.8803000001,5235.325,3835.5075921457365,6012.557863049
09574164,6291.604056283908,346380.6147,2908.407,1757.1820968795325,3058.5408278009995
09574120,2246.520164170347,148359.5298,1536.462,627.4306166511362,1310.0146481339998
09574141,11239.23777004523,441496.86819999997,3334.52,3139.0067167959323,3898.4173462059994
09574146,3792.040116877085,206712.993,1704.118,1059.078884242601,1825.2757281899997
09574150,3475.9890020077746,225354.81600000002,1906.426,970.8089683707514,1989.88302528
09574154,6.3786952871262885,261.61990000000003,3487.895,1.781505806741501,2.310103717
09574155,14433.044945889866,780716.8016000001,7892.073,4031.0051229375804,6893.729358128001
09474138,4651.585254094505,252396.1126,2589.11,1299.1412456160542,2228.6576742579996
09574158,6679.610539500179,371816.4986,3001.209,1865.5484275770048,3283.1396826379996
09474156,4195.4626693489745,250150.2606,2133.877,1171.7507689224751,2208.826801098
09472111,6185.392348174024,347181.85719999997,4492.645,1727.5182289215231,3065.6157990759993
09472179,14561.609470618825,706172.4437999999,6405.846,4066.9119090491313,6235.502678753998
09472167,11392.802409919757,523171.242,6247.428,3181.8957850664888,4619.6020668599995
09472176,2455.3793640584026,140658.8088,1514.26,685.7629025878713,1242.017281704
09477157,16015.37483115587,653684.6576,6784.746,4472.934036593523,5772.035526608
09477124,11758.736953665373,429372.13769999996,3612.802,3284.097643789202,3791.355975890999
09477136,7734.682901416817,391881.85589999997,8223.588,2160.219587536703,3460.3167875969993
09476146,11116.751794356465,560038.5297,8362.232,3104.797608645817,4945.140217250999
09476145,58207.29357607891,2071852.3815,12706.196,16256.715022863078,18294.456528644998
09476183,10715.790183753586,499775.81120000005,3908.494,2992.813040420539,4413.020412896
09476185,6654.690039793524,364617.61549999996,3138.041,1858.5883812139332,3219.5735448649993
09477128,8555.23149181606,414919.2869,21162.517,2389.390603349307,3663.7373033269996
09476164,9176.724093415212,449587.065,3086.233,2562.9672720499343,3969.8537839499995
09476189,7811.346768659291,433692.9774,2914.858,2181.6310390188532,3829.5089904419997
09476152,2638.580287823343,132493.4294,1641.4,736.9290885861815,1169.9169816019999
16073028,5905.512765521509,218416.1823,500.95,1649.3506602825023,1928.6148897089997
16073067,3189.394964693205,169876.51380000002,1283.78,890.7661196891652,1500.0096168540001
16073109,18582.562262002655,834766.9131000001,4407.501,5189.923814154721,7370.991842673
16073111,21123.688863055424,1030215.6939000001,4513.217,5899.635062562749,9096.804577137
16071009,416.5385958627831,24589.235500000003,80.12,116.33506443851668,217.122949465
16071031,382.2623817758403,22201.207700000003,244.82,106.76206060617443,196.036663991
16071038,332.4012814448012,22858.5022,266.81,92.83635389471853,201.840574426
16071056,4276.7254913108045,202885.09720000002,1636.555,1194.4466624681945,1791.475408276
16071071,287.04418109521424,19312.812799999996,88.045,80.16856933808238,170.53213702399995
16071093,297.86810792069446,21956.0471,104.66,83.19158386117076,193.871895893
16071101,431310.58116914966,899572.1694000002,3720.58,120460.7322147318,7943.222255802001
16068041,1551.070405223794,94668.6398,356.665,433.1984534749534,835.9240894339999
16068042,9399.651003587838,349381.3258,1504.515,2625.228528792047,3085.037106814
16065019,5301.9631519664745,101199.11039999999,279.365,1480.7852887127165,893.5881448319999
16065042,5254.885139197205,112519.99130000001,565.405,1467.6368705263872,993.551523179
16065046,3982.0980360417043,76020.55960000001,171.735,1112.1601604860875,671.261541268
16065087,25519.88619041857,1037232.4696999999,4199.474,7127.449014122001,9158.762707450998
15087015,26524.648378258986,1188342.8415999997,5806.561,7408.0690455639515,10493.067291327996
15087125,2856.325094015769,138954.1141,1077.549,797.7430355076641,1226.964827503
15087031,19586.48990380188,1051267.1399,3384.9900000000002,5470.310765232827,9282.688845317
15089043,10846.04038948979,420004.5616000001,1525.214,3029.1906203806034,3708.6402789280005
15083298,65233.383615345796,2398517.6498,12685.596,18219.031709929925,21178.910847733998
15083115,25117.10522091726,268995.9665,905.895,7014.956317149981,2375.2343841949996
15083270,95584.44533396435,2329636.4047999997,8304.208,26695.7797373229,20570.689454383995
15081030,64037.93962684089,1701997.9995999997,8797.384,17885.156158380392,15028.642336467996
03354020,3683.5850956334666,150460.55440000002,701.43,1028.7884813594708,1328.5666953520001
03354007,3496.7802141799357,162436.7083,1023.777,976.6157460183142,1434.3161342889998
12070246,4723.741417087344,186998.58139999997,577.96,1319.2937403783244,1651.1974737619996
13076018,2091.1521655652728,82501.659,372.895,584.037888320725,728.48964897
13076067,956.9613723106606,47996.7106,235.085,267.2697416726444,423.81095459799997
13076090,39465.255443872345,1407183.7174,5292.428,11022.251192919106,12425.432224641998
13076093,1675.750280641511,94918.6847,346.88,468.02029588036754,838.1319859009999
13076094,3045.1755561716327,182831.7975,519.225,850.4870810831752,1614.4047719249997
13076111,3477.872501165037,139268.5222,401.055,971.3350108503831,1229.741051026
13076064,1801.0866821666955,103693.64670000001,543.495,503.02549946233637,915.6149003610001
13076099,1428.4814805118413,72196.9062,386.067,398.96059269215215,637.4986817459999
13076118,10233.361805215733,345000.8017,1268.238,2858.075618578702,3046.3570790109998
13076131,742.5720287232439,45917.3239,213.0,207.39294190211476,405.449970037
13076002,1047.0759507950067,50820.1174,264.74,292.43784229753743,448.741636642
13076063,3603.798087404596,163225.8438,830.945,1006.5047678312296,1441.2842007539998
13076107,4862.295122737314,266245.5165,1725.957,1357.9904048293045,2350.9479106950002
13076130,3857.4132747737185,162159.57779999997,658.55,1077.3369535115519,1431.8690719739996
13076134,4917.48327316882,141143.07760000002,644.241,1373.4039033633196,1246.293375208
13004000,232336.79062209136,5770303.0363,18434.924,64889.34225284389,50951.775810529
13076071,2191.364786357833,107640.7279,546.535,612.0262711818791,950.4676273569999
13076154,5988.7509230204505,260660.4234,1162.008,1672.5982452903816,2301.631538622
13074001,3728.987602204988,164010.24019999997,779.497,1041.468947419831,1448.2104209659997
13074008,7784.204506886985,348002.46869999997,1654.769,2174.050476728466,3072.8617986209997
13074014,1872.31551747405,78937.28850000001,463.8,522.9190008753274,697.0162574550001
13074038,1676.783930927872,103067.6531,558.815,468.30898406884535,910.0873768729999
13074062,865.8179734112348,47416.7022,190.505,241.81430179402375,418.689480426
13074088,1682.9391366337672,74633.7581,241.9,470.02807147044484,659.016084023
13074003,1400.467646260172,65953.2257,309.73,391.1366089240034,582.3669829309999
13074022,8871.617748241986,300613.82700000005,805.662,2477.7541209065043,2654.42009241
13074089,2663.034409439902,124814.1331,710.19,743.7588802124702,1102.108795273
09173111,7506.710768251228,430706.39100000006,4298.372,2096.549250464885,3803.1374325300003
09173115,3603.6400294695704,225003.7028,2410.475,1006.4606238305563,1986.7826957239997
09173126,42332.29473902818,1592481.3055,13435.197,11822.986597663179,14061.609927565
09173134,8743.349249607405,429203.4414,5328.224,2441.930011922852,3789.866387562
09173120,13406.871710120051,781471.3104999999,8177.735,3744.405199919429,6900.391671714999
09173130,6337.237381978641,381857.7348,4773.527,1769.9270284128145,3371.8037982839996
09173147,23043.64545125988,1087641.6402,8633.095,6435.859738082371,9603.875682966
09184113,5023.15346955111,253413.7417,3008.17,1402.9165325109295,2237.643339211
09184132,6932.088185108893,350479.7774,3726.328,1936.0629092190627,3094.736434442
09184142,7158.7691278847315,463769.8942,4816.921,1999.3726297269266,4095.0881657859995
09162000,1100995.6340012606,44323820.0991,181226.334,307497.07062021206,391379.331475053
09184120,15961.444521107785,894465.9855,8583.99,4457.871840300193,7898.134651964999
09184138,16099.610784031891,639555.8308,4090.786,4496.460295872266,5647.2779859639995
09174115,56373.67921942938,2453200.3507000003,19260.714,15744.60486919443,21661.759096681002
09174126,20802.81597387022,954456.1353000001,8522.135,5810.018473342213,8427.847674699
09174122,11617.164568947012,576379.0090000001,8974.518,3244.5578924612105,5089.4266494700005
09174141,9438.099311529593,529496.9407,6897.503,2635.9667567171,4675.4579863809995
09174150,11530.515428729947,465645.1917,6233.497,3220.3576540899867,4111.647042711
09174151,7009.71304843273,322383.7965,5940.36,1957.742757296777,2846.6489230949996
09174136,9947.407628621666,535061.4826,5965.832,2778.211476597745,4724.592891357999
09186146,7845.588550406498,479565.93289999996,6031.754,2191.1944262430306,4234.567187506999
09186151,393152.7622321008,603704.3701,7133.571,109803.63496380343,5330.709587982999
09186143,216515.60349289238,2255190.5936000003,28230.759000000002,60470.64289952991,19913.332941488
09186113,15817.715378766925,615033.5656000001,5638.303,4417.729728135814,5430.746384248
09186144,5602.6929771773775,313078.53520000004,4502.495,1564.7761215958697,2764.4834658160003
09186147,32777.26677971933,1023643.5754,10657.363,9154.362838907811,9038.772770782
09186137,23424.111464689977,1054067.4506,10058.209,6542.120090973263,9307.415588798
09176131,4839.528754841226,244103.39359999998,2751.845,1351.631985939606,2155.432965488
09176143,9962.038120378147,426630.74230000004,4581.322,2782.2976266404125,3767.149454509
09176161,7778.663879243918,415938.1933,6342.974,2172.5030348340338,3672.7342468389998
09176167,7008.986943410937,399203.7309,6252.3,1957.5399634252403,3524.968943847
09176120,2186.871606986617,110871.459,9365.127,610.7713711152921,978.9949829699999
09176114,25508.693152240114,1044092.962,20744.308,7124.322910489141,9219.34085446
09373112,30435.943631531703,1489073.9327999998,20042.21,8500.45469685049,13148.522826623997
09373146,32035.157197088578,779102.1324,9972.732,8947.099053574868,6879.471829091999
09373147,94948.87512285326,3550643.9579,28147.975,26518.271333061686,31352.186148256995
09373159,15565.606907912243,545822.4692,4678.54,4347.31835331081,4819.612403036
09373113,19523.830933992453,1004292.7351000002,12658.236,5452.810741554752,8867.904850933
09373140,20120.10503129457,739314.8607,7962.691,5619.34413419026,6528.150219980999
09574128,7040.003469737498,404656.0259,3309.518,1966.2025690629855,3573.1127086969996
09574145,4543.586817621514,244897.4557,2100.305,1268.9783622935124,2162.4445338309997
09574131,2324.2908316834373,164975.85330000002,1659.052,649.1511863808672,1456.736784639
09574132,25220.584653681766,1038345.89,7437.27,7043.85708792678,9168.5942087
09574135,4900.219339655474,304704.2921,2520.873,1368.5822593723772,2690.538899243
09574147,10648.305382349146,562491.0801,4260.027,2973.965210236293,4966.796237283
09574161,2527.4839556585234,168768.9993,1196.852,705.9009939758689,1490.230263819
09472118,7267.8237460568125,420075.2476,3606.896,2029.830494036207,3709.264436308
09472177,3438.63933183113,184458.7261,1569.721,960.3775789871163,1628.770551463
09574129,4872.9921636414465,232067.92620000002,1187.01,1360.9779813834195,2049.159788346
09574160,3925.656831547848,211909.67299999998,2045.24,1096.3966964829983,1871.1624125899996
09472175,30619.30215735766,1508897.7427,14777.307,8551.66489952842,13323.567068041
09472131,9542.8659654279,514945.0002,6026.454,2665.227035484358,4546.964351766
09472141,2237.053167872059,124652.1896,1664.5910000000001,624.7865792549874,1100.6788341679999
09477142,15275.211007469201,589259.0360999999,6697.177,4266.213682276073,5203.157288762999
09476184,4423.794435756587,239685.499,2369.239,1235.521547962457,2116.42295617
09477148,5629.013445282554,295001.9469,2509.057,1572.1271651329644,2604.867191127
09477151,4365.245351264947,201551.8923,2530.45,1219.169374154787,1779.703209009
09477156,8424.269627794336,426132.4279,4428.605,2352.81426434668,3762.749338357
09476177,6514.417104451549,317733.637,3013.263,1819.411553102273,2805.5880147099997
09476180,7698.3505271327385,270558.98120000004,1318.79,2150.0723187229023,2389.035803996
09476182,2648.773795665198,82758.2069,262.81,739.7760333913332,730.7549669269999
09476166,1674.4676445093742,81774.6862,418.312,467.66206843502306,722.0704791459999
09476175,3386.9849343658366,158359.52730000002,2038.518,945.9510223190345,1398.314626059
16073046,1254.3351864910658,54398.2234,653.701,350.32327423508974,480.336312622
16073038,4394.457740099217,261099.6571,1977.27,1227.3281022323101,2305.509972193
16073106,2319.6953652014763,68522.7634,1029.2160000000001,647.8677185471203,605.0560008219999
16074008,4668.719480727277,182119.1184,1053.75,1303.9266637723213,1608.111815472
16074057,3248.2836821191845,136817.1777,945.041,907.213149579067,1208.095679091
16074076,1435.8245738407668,80961.499,342.605,401.01144522798774,714.8900361699999
16071019,720.415442027966,22615.6041,254.77,201.2048288039906,199.695784203
16071027,353.0871118023917,24462.621700000003,123.32,98.61369945528998,216.004949611
16071042,1093.599207657906,51987.798800000004,269.135,305.43132270677654,459.052263404
16071049,687.5475059288194,49235.6929,292.473,192.02514293085997,434.751168307
16071053,3926.341232966254,210933.5122,2191.395,1096.587842955145,1862.542912726
16071055,1535.2811888279975,45531.410099999994,376.245,428.7886832277714,402.04235118299994
16071089,78377.4879485635,101183.24829999999,654.585,21890.0486091543,893.4480824889998
16071001,111610.61259560818,1722745.8009000001,6029.909,31171.727991827407,15211.845421947
16071037,21767.35788770492,58938.577999999994,238.45499999999998,6079.405384457106,520.4276437399999
16071095,30231.57680634799,40499.3611,266.585,8443.377086244931,357.60935851299996
15084132,5553.1989009934305,212968.9141,922.7620000000001,1550.952921058455,1880.5155115029997
15084246,11901.178559362068,310405.8944,1765.61,3323.880159844232,2740.8840475519996
15088305,41407.08325265047,1471751.4249999998,7108.816,11564.584281632748,12995.565082749998
15087010,2195.9272873080467,169387.7195,577.634,613.3005320722643,1495.693563185
15087045,2412.357062365696,149582.63290000003,1482.874,673.7472039481152,1320.8146485070001
15087070,3426.3591622719423,145794.9397,878.746,956.9478504309307,1287.3693175509998
15087075,1527.9335375081525,106110.7689,415.869,426.7365576906519,936.9580893869999
15087210,2436.569021156509,183423.4023,556.23,680.5093619188013,1619.6286423089998
15087470,1534.1046288635046,123745.101,438.6,428.46008179528815,1092.66924183
15087220,37419.51995638144,1159333.5824999998,3691.622,10450.89772861777,10236.915533474998
15089015,103212.94746025112,2877713.1898000003,10023.547,28826.344096173532,25410.207465934
15089175,23670.797036141965,934374.3214,3876.005,6611.016904224089,8250.525257962
15089041,8555.96450958849,297175.92749999993,958.14,2389.5953278829693,2624.063439824999
15089075,8869.896138549286,451657.6761999999,1544.675,2477.27329253543,3988.137280845999
15089365,4111.237394078356,200135.3392,1291.295,1148.227491792144,1767.1950451359999
15083490,273032.6913307103,2152104.2233,6271.835,76255.30036175408,19003.080291739
15083557,5694.529844319898,275196.40009999997,1205.066,1590.4252402201043,2429.9842128829996
15090070,51209.542177084986,1926085.1306,9585.313,14302.313034638066,17007.331703198
03354005,5551.525075684063,260408.9519,1380.87,1550.4854383878019,2299.4110452769996
03354010,2772.438035392425,135254.7467,850.51,774.3142189047503,1194.2994133609998
12070244,9616.721276251024,448994.2125000001,1878.54,2685.8540852441483,3964.6188963750005
13076049,3343.0630509623684,135874.71779999998,549.215,933.6840795032798,1199.7737581739998
13076097,2826.9217705110073,119086.99500000001,649.86,789.5309812860191,1051.53816585
13076037,7635.715678776864,290191.9865,1059.875,2132.5790319255902,2562.3952407949996
13076069,2273.371783645797,95666.5295,326.96500000000003,634.9300054544346,844.735455485
13076146,1532.0763477307337,88831.1402,376.086,427.8936031577166,784.3789679659999
13076087,2166.165668065081,115728.72810000002,330.525,604.9884094338964,1021.8846691230001
13076141,1007.3158565579695,66226.3399,338.325,281.33324557807526,584.778581317
13076086,4442.773761333665,136547.56939999998,693.8050000000001,1240.8222838028792,1205.7150378019996
13076113,7988.741843860853,381641.4585,1786.84,2231.1757095718976,3369.894078555
13074002,13494.586456282032,424319.5377,1168.927,3768.9030513750085,3746.7415178909996
13074048,3082.949657132354,178755.4999,836.701,861.037009740495,1578.4110641169998
13074075,2227.2699287636087,105253.3432,507.17,622.0542184043883,929.387020456
13076082,10245.98711794652,291009.6239,1798.84,2861.6017421712836,2569.614979037
13074019,8887.824471389009,371752.5979,1584.919,2482.280496614236,3282.575439457
13074030,4648.206525546263,118128.8389,1790.55,1298.1976005198158,1043.077647487
13074053,1370.2402274088033,69346.1737,398.56,382.69439311300465,612.326713771
13074087,88237.14864407835,2790873.0819,7875.949,24643.75324480464,24643.409313177
13074035,7246.652759728527,410183.765,1658.204,2023.9176492645802,3621.9226449499997
09173112,24586.594320943488,1255918.1432999999,9293.514,6866.789927896306,11089.757205338998
09173124,6871.600600925016,419741.7504,4222.984,1919.1693318323476,3706.319656032
09173118,16783.616237756883,906329.6079,9524.122,4687.49617904312,8002.890437756999
09184134,19714.00401249611,1027627.7367000001,11788.125,5505.924180650038,9073.952915061
09184144,6334.94476366534,382894.52390000003,4072.249,1769.2867230440927,3380.958646037
09184122,13871.791014768633,813002.2563,6206.986,3874.2525125147313,7178.809923129
09184139,13273.389134731518,533911.0352,4131.694,3707.1248514391655,4714.434440816
09184454,79.36953469458584,5660.512700000001,5.76,22.167117344850876,49.982327141000006
09184135,20798.329676246,771308.3469,4559.249,5808.765495278745,6810.652703127
09184149,37867.45582330339,1476303.7286,10060.263,10576.001736890403,13035.761923537999
09174121,7704.6415420475205,443932.3806,7602.119,2151.829336278452,3919.9229206979994
09178123,10152.443235176703,559710.4234,6454.614,2835.475871152501,4942.243038621999
09178113,13192.57218899658,597517.3409000001,8011.709,3684.553486664855,5276.078120147
09178133,7604.338944687552,382210.24549999996,5421.074,2123.815823861786,3374.916467764999
09178137,10724.9303279815,550363.8503,7951.37,2995.365791301953,4859.712798149
09178150,3196.7216983473363,198509.44919999997,2545.571,892.8124031314275,1752.8384364359997
09186130,4020.75566236978,220761.0909,3294.332,1122.9568489432559,1949.320432647
09186126,4687.738130900484,257399.354,3088.985,1309.238382579196,2272.8362958199996
09186122,36097.130476784325,1485865.7281,20277.762,10081.567570861094,13120.194379122999
09186149,16215.932235244501,681326.5581,12847.104,4528.947713981436,6016.113508023
09186162,30786.421569128204,1545716.9491,18793.029,8598.339680041816,13648.680660553
09176129,31099.557394150306,930145.3699,11338.003,8685.795384612238,8213.183616217
09186116,3693.5308395271013,180072.6088,3066.056,1031.566228171524,1590.0411357039998
09186158,21841.862427399792,1038506.9144000001,12193.44,6100.213757348488,9170.016054152
09176139,41372.90090952204,1134579.641,12460.087,11555.03749502041,10018.33823003
09176112,17480.33311729943,845483.4715,16893.679,4882.082236330557,7465.619053344999
09373121,22014.401066606795,909497.3483999998,15939.749,6148.402073892611,8030.861586371998
09373115,14144.57683571416,655363.2868000001,8810.484,3950.4388644466076,5786.857822444001
09373160,15196.391873635686,803340.9678999999,11129.8,4244.200286387711,7093.500746556999
09373119,14042.798428467333,754668.4766,9371.408,3922.013173086641,6663.722648378
09373167,62070.54936702154,1077093.4428,12112.866,17335.683732715443,9510.735099924
09373153,9847.143431391942,489942.0515,5730.008,2750.2086889534553,4326.188314745
09371116,6895.557997193319,370770.8071,4820.839,1925.860393036122,3273.9062266929996
09574111,2492.225626231613,150531.39130000002,1759.655,696.0536951502272,1329.192185179
09371128,3326.52192461207,193402.7106,1959.37,929.064308324905,1707.7459345979998
09371140,3202.4187139186242,188020.178,1677.628,894.4035226103325,1660.21817174
09371157,2993.262236891648,144213.77039999998,1479.519,835.9882101414684,1273.4075926319997
09371113,7724.011137971041,297800.5061,13183.075,2157.239070723932,2629.5784688629997
09574140,34346.176162001866,387346.8215,2521.65,9592.5435402855,3420.272433845
09472127,6002.882596978763,274167.4247,6991.773,1676.5450805101987,2420.8983601009995
09472146,1884.8872359073343,112174.96340000001,1001.665,526.4301561165594,990.504926822
09472155,4843.33856424458,260146.4856,3361.385,1352.6960276078687,2297.093467848
09472184,2369.274678112299,126743.2263,1727.845,661.714724849984,1119.1426882289998
09462000,136909.17004608273,4818143.2384,27995.007,38237.362102170446,42544.204795072
09472140,3063.8637313765603,138623.86729999998,1687.381,855.7065015361595,1224.0487482589997
09472150,6348.0756737545635,353881.31919999997,4169.0,1772.9540549229118,3124.7720485359996
09472166,3160.152000892672,170831.6911,1579.645,882.5988523293142,1508.4438324129999
09472119,29456.314675178288,898381.4788,10263.02,8226.854125630543,7932.708457803999
09477119,2193.0272531920955,124966.2106,1491.275,612.4905815440203,1103.451639598
09477127,3679.5092186922943,206388.1789,2060.035,1027.6501296885708,1822.4076196869999
09477158,3328.9644092880726,196295.972,2153.069,929.7464698700658,1733.2934327599999
09477118,1192.7225876572197,71545.0547,535.48,333.11549150678485,631.7428330009999
09477129,8013.372492901927,141215.6798,1248.294,2238.054803542579,1246.934452634
09477135,1781.7415459877795,107743.2642,1262.212,497.6225963789269,951.373022886
09477143,8976.169090907568,402805.4554,4854.336,2506.9542653995745,3556.7721711819995
09477159,4267.331659218773,225508.2167,2479.239,1191.823059103211,1991.2375534609998
09475169,14388.143724037,526083.2101,2944.07,4018.4646606862934,4645.314745183
09476159,2786.7038158698424,165072.5761,885.39,778.2985087342882,1457.5908469629999
16075133,6923.083805204541,287110.1359,1068.539,1933.5480759555762,2535.182499997
16075136,11459.148887235235,462923.60219999996,1147.7160000000001,3200.4256927159286,4087.6154074259994
16073035,664.6722845009538,29047.610099999998,30.869999999999997,185.63632233827136,256.49039718299997
16073107,2856.654762871268,125784.8934,597.35,797.8351087223164,1110.680608722
16075035,1265.0192978477942,73455.8952,164.12,353.3072396959104,648.6155546159999
16075088,2923.8883266476555,167872.53,464.85,816.6127707494237,1482.3144398999998
16075103,419.6197032661789,25631.0212,62.68,117.19558692521109,226.321917196
16075125,2124.785549496222,57640.1639,67.32,593.4313561187997,508.96264723699994
16075129,8818.205970459678,368769.2746,1114.6,2462.8367454896834,3256.232694718
16074021,690.2564955883267,41275.6113,218.45499999999998,192.78173665286377,364.4636477789999
16074065,1323.717484686949,94632.78039999999,382.228,369.70105629821796,835.6074509319998
16075054,2646.8239872948307,135527.4065,556.116,739.2314714115732,1196.706999395
16075085,23673.130787551974,1030367.3524,3508.561,6611.66869765539,9098.143721691999
16053000,378734.19424874755,4625644.048599999,21243.463,105776.6731117327,40844.43694913799
16074002,1789.5585988850971,105599.4932,503.716,499.80582108261876,932.4435249559999
16074004,738.4845205505237,41949.986000000004,238.46,206.25134174455576,370.41837638
16074016,1078.5783443225318,60661.4015,214.235,301.2361457858399,535.6401752449999
16074031,396.1434754703998,32254.961900000002,130.855,110.63891126412794,284.811313577
16074034,778.0412705435647,54026.95880000001,386.52,217.29914645011218,477.05804620400005
16074044,22028.16337164253,555349.1634000001,2125.368,6152.245748066042,4903.733112822
16071013,375.29100087585965,30497.3843,137.93,104.81502363461884,269.291903369
16071025,1870.8722093282117,124375.03970000001,1103.198,522.5158993432763,1098.231600551
16071004,26865.411130884986,1086319.9732,4898.704,7503.240674744868,9592.205363355999
16071069,1311.0586709724457,39735.0423,168.755,366.16557621589436,350.860423509
16074051,1721.75163978904,105591.22300000001,699.969,480.8680154766809,932.3704990900001
15084012,13011.332739309872,349552.7222,1919.13,3633.935120761854,3086.550537026
15084125,7428.172700715999,327064.92159999994,1733.989,2074.614353582971,2887.9832577279994
15084015,10576.874205355798,444052.8154,2772.454,2954.0151968138207,3920.986359982
15084133,5844.144294386686,223812.3489,1185.83,1632.2110599792575,1976.263040787
15084360,15095.710590494924,370411.18340000004,1300.06,4216.081010819327,3270.730749422
15087130,57241.65556435352,2424089.7287999997,9832.449,15987.021982568293,21404.712305303994
15088100,6139.040933920522,252946.7462,2012.473,1714.5727424346624,2233.5197689459997
15087205,7081.309728549639,419591.17610000004,2029.4660000000001,1977.7389940866285,3704.990084963
15087165,28022.277280122806,1037593.0559,4093.762,7826.341821565498,9161.946683597
15087260,6174.543596263802,301602.0557,1812.705,1724.4882810005172,2663.146151831
15089130,2242.999813654472,129933.5067,889.968,626.4474179555574,1147.3128641609999
15089310,69452.86694725513,2982831.5841,11053.306,19397.491209698885,26338.402887603
15089045,2298.442628632461,157994.2253,758.94,641.93204175076,1395.089009399
15003000,307965.1343502469,12464702.1376,50759.094,86011.58237268045,110063.31987500799
15083040,5077.67771514501,183810.8295,6301.06,1418.1446090628497,1623.0496244849999
15083390,33311.6988025396,858519.8263,4865.21,9303.624358561285,7580.730066228999
15090415,46245.639024209224,1826556.5616999997,7234.804,12915.944523071394,16128.494439810996
15090007,15195.682737755436,548864.8858999999,2013.25,4244.002231827715,4846.476942496998
15090635,9144.085804838158,257280.20819999996,1196.84,2553.851724433249,2271.7842384059995
03354021,3315.2251396982333,147864.03340000001,610.635,925.9092292663195,1305.639414922
12070236,5003.790718616185,186359.29989999998,622.077,1397.5087098023141,1645.5526181169998
15090003,10514.154745372954,364153.9248,1167.955,2936.498278835212,3215.4791559839996
13076050,15854.833570324776,701864.3384,2473.515,4428.096467856007,6197.462108072
12070173,40154.2228848503,1546123.9316999998,6791.857,11214.67290950984,13652.274316910998
13076058,2243.249441801713,138149.671,524.465,626.5171366008004,1219.86159493
13076105,28116.047230783493,869871.2285,4084.572,7852.530831085522,7680.962947654999
13076005,13646.018678916806,463759.27790000004,1484.106,3811.1965568346745,4094.994423857
13076156,6786.151054723416,212709.6484,700.895,1895.3041280737027,1878.226195372
13076133,4593.675659247695,203846.9989,1058.805,1282.9676748712886,1799.969000287
13076044,1014.0335158504136,42599.809,435.675,283.209420641862,376.15631347
13076080,1351.2817816775043,81438.41189999999,417.88,377.3994888047102,719.1011770769999
13076112,3147.4780743126043,206697.4377,1496.186,879.0591513747672,1825.138374891
13076117,1534.2332535181067,83578.9719,402.14,428.496005375072,738.002321877
13074031,2377.508593024336,117162.69990000002,851.875,664.0143749457667,1034.5466401170002
13074082,2025.9686948073095,99386.9574,171.04,565.8327967727334,877.5868338419999
13076024,1242.0664708479078,77975.1033,259.445,346.89674464311213,688.5201621389999
13076033,4593.606128113566,260844.62430000002,1511.575,1282.9482555208378,2303.258032569
13074036,1477.3556222704087,74607.93080000002,552.9250000000001,412.61065174390245,658.7880289640001
13074047,6443.345218121419,211248.42350000003,1028.17,1799.561885969131,1865.3235795050002
13074090,3411.2137941744686,207570.4868,836.525,952.7179005749873,1832.847398444
13074004,2136.1585415259933,90323.96049999999,412.02500000000003,596.6077190627947,797.5605712149999
13074007,3439.975953407142,164131.0981,871.517,960.7508840270806,1449.2775962229998
13074034,6570.561832208087,205462.9025,1092.55,1835.0922141173967,1814.237429075
13074044,3017.480687704187,74672.31210000001,600.885,842.7521812689023,659.356515843
13074056,6869.748807636537,312876.3547,1601.905,1918.6521444848083,2762.6982120010002
13072005,2109.1523662789828,117792.93280000001,614.27,589.065164378057,1040.111596624
13074009,2330.9533702988147,108348.2358,735.277,651.0119667907559,956.7149221139999
09173127,2418.6480561063645,146509.4317,1586.155,675.5042155899465,1293.6782819109999
09173140,4431.216433729654,255092.6888,2126.325,1237.594437776355,2252.4684421039997
09182111,24.954397469533816,972.1788000000001,2692.352,6.9695136692660995,8.584338804
09182134,9092.071231281434,438825.1402,5966.1,2539.3245741845917,3874.825987966
09173141,4077.4701255121213,166804.9766,1977.398,1138.7966313542802,1472.8879433779998
09182120,29193.805765870147,1345574.6701000002,13282.444,8153.538012349873,11881.424336983002
09182127,10443.994118199029,470444.73659999995,5339.03,2916.9031172718064,4154.027024177999
09184141,15859.296560791185,773034.8711999998,8216.456,4429.342936463369,6825.897912695998
09184114,12838.053029580307,543728.5719,6316.395,3585.5398306314837,4801.1232898769995
09184136,23437.12465914708,1047312.9964000001,7593.495,6545.754546053187,9247.773758211999
09184145,27125.754777752627,908310.8645,5094.295,7575.952051878531,8020.384933535
09184146,19661.27655861153,744758.8467999999,5103.158,5491.1979300546145,6576.220617243999
09184148,24494.11014232472,918618.9892,6438.783,6840.96002164987,8111.405674635999
09184119,70416.37934051642,1632586.6263000001,7861.879,19666.59058601283,14415.739910229
09184130,33293.57419108444,1250400.0568,10045.887,9298.562335827972,11041.032501543998
09184147,22356.48505837922,732058.0970999999,2660.944,6243.942711954733,6464.072997392998
09178120,63654.24262385727,1225845.1924,8980.373,17777.993422417097,10824.213048892
09178145,52463.2479419389,1445121.5106,11820.234,14652.460517704114,12760.422938597998
09178124,67985.5844074454,2729470.3624,21470.564,18987.693869155428,24101.223299991998
09178136,8740.930388415383,416052.3809,5672.344,2441.254448180532,3673.7425233469994
09186152,22805.34357292943,904670.917,10987.116,6369.304406483459,7988.24419711
09178116,16271.910626495908,822027.0754999999,11620.738,4544.581918874042,7258.499076664999
09186139,18428.60346882659,504847.4412,4521.802,5146.924662808578,4457.802905795999
09273113,7315.862777765486,342737.8478,6268.175,2043.2473152021223,3026.3751960739996
09176147,4555.021303750957,258511.29690000002,4231.801,1272.1718999246045,2282.6547516269998
09176150,4266.763453465411,214440.35219999996,3388.506,1191.6643649183545,1893.5083099259996
09176153,14526.323582128633,626186.4109000001,9051.32,4057.0569132527057,5529.226008247001
09273164,3524.902087529735,161025.52419999999,14182.71,984.4699040261796,1421.8553786859998
09375148,828401.466899761,1387819.0795,24793.846,231364.24569043424,12254.442471985
09373151,25698.03612096633,892224.4928999998,11297.299,7177.204508224686,7878.342272306998
09371132,8891.155056159278,412524.7056,6171.98,2483.2106956347243,3642.5931504479995
09371131,8734.651058906595,337277.58389999997,5737.846,2439.5006942420227,2978.1610658369996
09371141,6821.849521099926,321849.24340000004,4242.296,1905.2743527479984,2841.928819222
09371135,5457.231453426736,271054.0524,3710.617,1524.150172627553,2393.4072826919996
09472116,11922.895803174657,558096.8463,3468.233,3329.94556886865,4927.995152828999
09472143,9704.347797275339,428863.39650000003,4271.532,2710.327296301029,3786.863791095
09477121,13757.608392492335,496805.37840000005,4465.606,3842.362447939184,4386.791491272
09475175,8819.280588603775,394859.1693,3354.491,2463.136875591148,3486.606464919
09477138,9785.248180940882,437459.3051,3434.249,2732.921964454979,3862.7656640329997
09477139,5932.61782268636,212436.1101,1446.453,1656.9208316980735,1875.8108521829997
09477163,4895.706423663258,213076.8809,2494.291,1367.3218470649113,1881.4688583469997
09475136,35682.05493704128,1100305.3326,7488.089,9965.641123366258,9715.696086858
09477117,3934.56797177022,167523.2438,904.11,1098.8854888357048,1479.2302427539998
09475112,10954.15765511213,425795.00210000004,2583.04,3059.386691496267,3759.769868543
09475128,5997.858281096003,292033.0769,1551.7549999999999,1675.1418393273027,2578.6520690269995
09475146,2837.9516909102513,124377.4915,459.195,792.611527754324,1098.2532499449999
09475156,23287.124810971567,838840.9227,5040.586,6503.861088456249,7406.965347441
16075062,15102.290500945754,579578.2276,2718.429,4217.918714009139,5117.675749708
16075135,29102.722583090508,732781.7551,1894.545,8128.099390231348,6470.462897532999
16075134,14873.873382598174,490646.89849999995,3437.57,4154.124097025844,4332.412113754999
16073002,627.1635727166627,38134.9102,79.44,175.1605142240367,336.73125706599996
16075069,396.6471229291693,21464.7276,22.0,110.7795749628877,189.53354470799997
16075079,648.3642604819343,36998.674,50.06,181.0816543099994,326.69829142
16075081,1400.922166735445,72863.7691,143.84,391.2635519475424,643.3870811529999
16075101,336.2959746628186,17434.5075,137.45,93.9241027635786,153.946701225
16075124,1875.3279733120407,80849.56409999999,552.125,523.7603496663198,713.9016510029999
16075127,1343.8701349226726,80514.7478,99.045,375.3294899825532,710.945223074
16074042,1144.1225534788862,65327.5333,341.314,319.5419879611181,576.842119039
16074048,502.22397600983334,39734.9143,206.389,140.26613425978636,350.8592932689999
16075006,1328.0781121737364,66017.9292,350.495,370.9189359490028,582.9383148359999
16075016,377.54097895577644,26262.032400000004,94.37,105.44342001255879,231.89374609200001
16075031,422.3418125935857,24524.743199999997,93.14,117.95584483926254,216.55348245599995
16075056,701.3839178960502,41073.0248,93.125,195.88951442918784,362.674808984
16075074,514.0548221859035,34967.4425,300.25,143.57037128830098,308.76251727499994
16075077,6149.756972823403,194017.44539999997,738.841,1717.565624939848,1713.1740428819996
16074029,763.0530514673344,33788.8685,128.22,213.1130867443118,298.35570885499993
16074033,485.57123851552745,38868.1755,251.03,135.61519120500165,343.20598966499995
16074046,139.95471613799543,8495.169300000001,173.07500000000002,39.08795267018074,75.012344919
16074049,2540.9808602313083,89455.23150000001,443.56,709.6705444540021,789.889694145
16074052,500.23110796315626,33620.688,221.665,139.7095461430299,296.87067504
16074064,606.0781778892153,36008.2049,250.286,169.27157430267894,317.95244926699996
16074079,2408.490743001361,133226.41830000002,759.495,672.66737961285,1176.3892735890001
16074087,3862.9193628746807,64324.3024,222.70000000000002,1078.8747488572694,567.983590192
16074089,347.0461306602233,25228.7053,140.42,96.92651383209376,222.76946779899998
16074095,3206.7397411591082,50273.7854,102.91499999999999,895.6103423083273,443.917525082
16074104,348.8423388457349,25160.504800000002,100.43,97.42817681622529,222.167257384
16074114,17833.64143701707,137581.3061,695.555,4980.757716944498,1214.8429328629998
16074026,1342.1764538892655,88736.42559999999,728.23,374.85646180673297,783.5426380479998
16074063,1295.7622251413352,74005.7373,323.90500000000003,361.8934318597235,653.4706603589999
16074085,3058.4845832354804,124731.4301,883.262,854.2041592518373,1101.378527783
16071064,2568.613404472897,111975.90960000001,721.3199999999999,717.3880377352353,988.747281768
16071083,1446.5999936844553,66997.89229999999,88.88,404.0209122361315,591.5913890089998
16074011,10057.045454840663,564574.8326000001,2640.27,2808.8322250824485,4985.195771858001
16074036,454.20650860141336,32602.984900000003,125.17999999999999,126.85533578728872,287.884356667
16074113,2994.154126476163,56969.3825,107.22999999999999,836.2373059835276,503.039647475
15084282,5754.822677228704,224271.06960000002,1421.764,1607.2644255232046,1980.313544568
15084355,16915.6311083925,883101.0488,11156.117,4724.366612262941,7797.7822609039995
16071015,574.5709973356661,28910.5807,171.445,160.47193384587817,255.28042758099997
16071022,6913.863942823529,145280.0216,221.055,1930.9730605911834,1282.822590728
15084025,7229.888911059161,207817.7243,1224.411,2019.235673969713,1835.0305055689998
15084250,5685.48300608014,298410.52560000005,843.301,1587.898548768122,2634.964941048
15084285,11511.598883493501,452218.56409999996,1784.44,3215.0744521709,3993.0899210029993
15088030,3933.723369758228,185276.57429999998,1541.855,1098.6495999397753,1635.9921510689996
15088250,4721.893201892392,180547.1785,950.64,1318.7775523565263,1594.231586155
15088355,10305.478809974562,270351.7938,1019.106,2878.2171768377953,2387.206339254
15087386,26502.81563250851,1274593.0107,5232.484,7401.971378003302,11254.656284481
15088265,7587.358061216405,344944.4247,1981.316,2119.0732329171296,3045.8592701009993
15088340,2748.623941135344,141416.61239999998,826.604,767.6631805196902,1248.7086874919999
15089195,13314.551426699278,1414174.6382999998,4664.339,3718.621067962841,12487.162056188998
15089005,9480.943764932397,328130.2329,1769.34,2647.932784107969,2897.3899565069996
15089245,5010.893805286707,187879.8637,613.24,1399.4925308785243,1658.9791964709998
15089165,12289.157441530497,496295.38700000005,1856.68,3432.238781845052,4382.28826721
15089185,2691.5537503339983,151957.6962,585.145,751.7240469307824,1341.786457446
15089042,22173.87328173581,877454.8651999999,4125.5380000000005,6192.941068855994,7747.926459715998
15083361,6998.029198393667,251474.24809999997,407.89300000000003,1954.4795748193671,2220.5176107229995
15083565,4096.423319220073,178791.7902,5266.368,1144.090068824974,1578.7315074659998
15083580,6998.814621328229,229787.1628,1116.765,1954.698935590761,2029.0206475239997
15090535,106625.51771128882,3800740.3227000004,13560.066,29779.440841585852,33560.537049441
15090546,47333.7960909301,1832568.3206999998,8338.789,13219.855910235865,16181.578271780996
12070060,3270.5245390867194,162367.2026,824.055,913.4247985215299,1433.7023989579998
13076076,1700.0934314380727,67982.0037,196.12,474.81909446633927,600.281092671
13076115,2738.0161461803173,128894.7555,411.415,764.7005294667008,1138.1406910649998
13076012,2177.802680344437,85156.92349999999,313.77,608.2385105933977,751.9356345049998
13076017,5369.94323286323,137065.92990000002,446.83,1499.7714455063715,1210.2921610170001
13076100,3639.9085099956346,69428.51640000001,262.915,1016.5900477566807,613.053799812
13076161,7099.4559919242165,119395.5642,264.23,1982.8070639845143,1054.262831886
13076108,49333.01677337902,1743148.3377,4668.627,13778.218254637026,15391.999821890999
13076140,4054.3200946257916,169693.74030000003,658.597,1132.3310592280372,1498.395726849
13076025,16888.352712710952,598364.5638,1945.325,4716.748029133041,5283.559098354
13076085,7305.008211178747,279836.99679999996,699.73,2040.215743300112,2470.9606817439994
13076158,1349.0509968780398,67495.113,196.95499999999998,376.7764529180677,595.98184779
13076029,7239.41433625423,220221.0427,781.218,2021.8960299724438,1944.5518070409998
13076078,3737.777175292031,161569.4414,431.27,1043.9237872873114,1426.658167562
13074006,879.1965501368128,51359.951100000006,216.26500000000001,245.55080448771042,453.50836821300004
13076020,8697.101347380565,340161.1101,938.7909999999999,2429.013435309918,3003.622602183
13076167,2498.097033586377,109778.20390000001,250.22,697.6935205103392,969.341540437
13074057,7978.786485931562,398339.19200000004,1753.92,2228.395277655826,3517.33506536
13074091,2193.52434340058,76900.0849,377.92,612.629413868348,679.027749667
13072002,1588.2707229308562,86459.13160000001,391.59,443.5881302073588,763.434132028
13072022,5568.407691414554,237671.46429999996,675.585,1555.2005841351709,2098.6390297689995
13072074,9847.337300313146,381721.3261,1239.357,2750.262834604458,3370.599309463
13072008,5084.130512661478,193253.54510000002,1571.263,1419.946810881224,1706.428803233
09182116,11081.309490094794,98550.5312,5743.229,3094.898927488575,870.2011904959999
09182133,14731.826906285718,508258.8786,5199.619,4114.451936656538,4487.925898038
09182136,12970.688913876667,577773.0722,5049.326,3622.583706756614,5101.736227526
09184137,11436.730303974537,601795.8474,6767.899,3194.164406597048,5313.857332541999
09184121,8401.594515293986,430340.8988,6559.305,2346.4813321764573,3799.910136404
09184127,11069.75696412192,576434.1282,7609.027,3091.672422509611,5089.9133520059995
09184129,15207.27076432962,667245.6229,7701.368,4247.2386517696195,5891.778850206999
09184140,15840.702460883747,439134.35000000003,5643.338,4424.149790300222,3877.5563105
09175132,46847.1587229521,1661993.7704,18914.843,13083.942959733293,14675.404992631999
09184112,26691.42344032983,826105.4905999999,6271.79,7454.647652649717,7294.511481997999
09184118,15673.465160149082,493051.6964,3810.95,4377.442084578037,4353.646479212
09184123,20272.99452972606,839573.0737000001,6835.923,5662.044642207191,7413.430240771
09184131,42258.67444576856,1016122.4114,8068.51,11802.425185958702,8972.360892662
09175133,10479.019917714959,528013.7045999999,7062.375,2926.685472818611,4662.361011617999
09177118,12478.915671128574,518823.4721,6820.6449999999995,3485.2363577894994,4581.211258642999
09177130,12820.856458010443,670904.4174,6989.127,3580.7370001577365,5924.086005642
09177133,26486.744119278304,945405.1287,7344.214,7397.482765073237,8347.927286421
09178130,26776.737513067204,931255.289,8954.387,7478.475020024539,8222.98420187
09178156,6943.078636013028,354134.03459999996,4800.792,1939.1324322520784,3127.003525517999
09178157,12626.987029555452,585582.3026,6459.613,3526.591207484542,5170.691731958
09178115,6312.928567646773,294370.2436,3970.89,1763.1378196580672,2599.289250988
09178144,11664.910738951705,578761.9788,8390.071,3257.8929202818213,5110.468272804
09178122,10398.179305020794,543847.225,8225.905,2904.1074980992576,4802.170996749999
09273147,44266.58711065829,1663465.4921,24410.693,12363.215114135754,14688.400295242998
09273152,69228.24876829455,2070985.3553,25936.345,19334.757598496984,18286.800687298997
09273163,15957.374895816723,420804.9124999999,8031.299,4456.735234652652,3715.707377374999
09273137,8777.801899959275,344032.9959,22250.053,2451.5522926396256,3037.811353797
09373143,8591.110271759608,351557.5511,5601.915,2399.4111877997407,3104.2531762129997
09375118,18459.844477354804,737161.3383999999,10673.55,5155.649964080423,6509.134618071998
09371129,6674.655311013035,283924.4843,5075.129,1864.1644818128304,2507.053196369
09371154,18037.612960774208,657308.9101,10395.932999999999,5037.724923814628,5804.037676182999
09371111,4170.1812532308295,218994.5198,3802.309,1164.6899222148384,1933.721609834
09371151,136.29911759789732,7765.514499999998,14782.844,38.06698055391674,68.56949303499998
09371119,7316.886758796687,286268.9311,4559.7789999999995,2043.5333028643265,2527.754661613
09371156,27612.492316589873,1203801.7629,8901.983,7711.892979100385,10629.569566406999
09472121,4547.919997501714,213986.4755,1343.392,1270.1885761022536,1889.500578665
09472139,18336.22558850137,702097.4303000001,5814.388,5121.124444612547,6199.520309549001
09472198,5957.443229833173,261926.0744,1791.557,1663.8543196601067,2312.807236952
09472199,27.383599109565615,1644.9004,6935.928,7.64796539531058,14.524470531999999
09475154,35764.02931447262,1320675.1946,7472.974,9988.535747239057,11661.561968318
09475189,6421.429815417604,294681.28630000004,1458.463,1793.4411331479826,2602.035758029
09475165,7152.661691881418,295017.6614,2157.7309999999998,1997.666883925561,2605.005950162
09475113,10278.056991742342,363300.9207,2378.11,2870.5585372237183,3207.947129781
09475137,3639.992866469941,152856.16919999997,940.13,1016.6136076763897,1349.7199740359997
09475171,17309.44034487752,564986.4958,4242.73,4834.353593920842,4988.830757914
16075098,35145.55758213568,1109590.473,3257.975,9815.802777114674,9797.68387659
16075023,3119.5329313041348,47265.221999999994,86.62,871.2543523839317,417.3519102599999
16075033,1077.0169473946798,49482.3105,275.14,300.8000632378601,436.92880171499996
16075039,878.9542807046562,42892.0721,74.03,245.4831410580034,378.73699664299994
16075072,2806.660045640214,56783.0973,315.49,783.8720841468553,501.39474915899996
16075073,35927.44798641774,1152598.3338000001,4587.895,10034.176948126611,10177.443287454
16075075,377.96847215477646,25170.507899999997,70.64,105.56281458810751,222.25558475699995
16075083,1626.9703938878138,66908.6659,247.29,454.39656130892746,590.803519897
16075087,316.6814895246776,14655.394199999997,31.994999999999997,88.4459732093472,129.40713078599995
16075102,1710.0237938883345,69163.06539999999,159.196,477.59254539507293,610.7098674819999
16075119,1475.5158194199635,59719.1823,295.52,412.0968132058016,527.320379709
16074102,1304.222698528161,72934.14809999999,556.275,364.25635747193,644.0085277229998
16075051,917.5732076699762,56111.2724,166.3,256.26902117014765,495.462535292
16075121,9295.962237272139,217843.0611,714.05,2596.2692932477353,1923.5542295129999
16074007,410.65657368108054,26558.775500000003,89.913,114.69227446338898,234.513987665
16074022,382.36689859438485,22085.5845,82.61,106.79125110842574,195.015711135
16074024,620.5621367014793,29757.759700000002,179.655,173.31679915935615,262.761018151
16074056,117.90357040118359,9321.0618,6.29,32.929288177346564,82.30497569399999
16074058,313.6705231794941,20773.633,7.699999999999999,87.60504041880091,183.43117939
16074071,216.43782932448067,14593.282900000002,33.36,60.448921352034205,128.858688007
16074074,265.025021446362,20286.649400000002,138.3,74.01883823975444,179.131114202
16074094,10251.317101022925,516098.22789999994,2794.83,2863.0903531446925,4557.147352356999
16074101,535.80507888775,25850.430299999993,141.89,149.6450004825597,228.2592995489999
16074103,672.7352910452885,48104.9213,237.965,187.88823943603862,424.76645507899997
16074107,251.61538505107308,17938.2349,95.56,70.2736608909142,158.394614167
16074009,4057.737454415632,247979.4643,1745.319,1133.2854936437418,2189.658669769
16074028,555.3197124396419,42739.001,174.24,155.09524248726757,377.3853788299999
16074032,1937.127120651954,80586.5006,632.955,541.0202335268842,711.5788002979999
16074043,366.7609540073198,24536.430399999997,98.39,102.43266684470434,216.65668043199997
16074054,451.16031470947064,24599.0168,119.065,126.00456429520804,217.209318344
16074061,149.4632303044779,9739.5192,51.47,41.74358559173763,85.999954536
16074068,1395.380165389957,24912.309500000003,62.58,389.71572639176105,219.975692885
16074081,842.8194268697453,52404.7578,337.885,235.39103773045113,462.734011374
16074082,238.5658214308503,11955.1032,83.77,66.62904826742218,105.56356125599999
16074086,4649.50975153481,95297.1414,304.335,1298.561578506157,841.4737585619998
16074105,58.78822191888039,2035.6836,202.9,16.418962499724103,17.975086188
15084341,5951.007110101607,213212.6001,1011.54,1662.0567757802778,1882.667258883
16074019,3880.404105434574,156684.2728,560.258,1083.758062606822,1383.522128824
16074096,442.0304707984095,33492.73850000001,71.25,123.45469018928779,295.740880955
16074099,305.85124012731507,18037.6705,79.115,85.42119285515781,159.272630515
16074112,871.0794041328624,42081.878899999996,127.48,243.28376678026711,371.58299068699995
16074116,18552.36514909094,535464.1966,1352.858,5181.490062489608,4728.148855978
15084135,13829.751875089172,588285.7908999999,2458.783,3862.511401193655,5194.563533646999
15084150,4718.3922459683745,215011.9268,1358.588,1317.7997703765072,1898.5553136439996
15088235,24606.915947943067,1126917.6603,6571.066,6872.465555101019,9950.682940449
15088025,17627.235663823696,991862.3456,4139.219,4923.11064854932,8758.144511647999
15088365,30824.29096261937,1438929.3299,8654.023,8608.916222949963,12705.745983017
15088319,26392.99319662059,1318121.2196000002,7108.202,7371.299069884164,11639.010369068
15088216,13692.889623964604,1142694.9732,5471.728,3824.287143077074,10089.996613355997
15089030,86414.02986427296,3103924.6903000004,10808.07,24134.574400792793,27407.655015349002
15089055,31652.339141794004,1099926.6885000002,3180.479,8840.181798911646,9712.352659455
15089235,22152.36882217083,861091.8222,2733.884,6186.93508834409,7603.440790026
15089305,72565.1699845969,2892842.9913,11386.009,20266.726324998068,25543.803613178996
15086005,12148.585188283181,695276.1249,5610.783,3392.9783572356096,6139.288182867
15086055,39713.57978101218,1574981.7697000003,9419.806,11091.60569703889,13907.089026451002
15083030,12747.563203870566,451633.3968,2658.047,3560.26692720901,3987.922893744
15083440,5055.8150237224,284397.69779999997,1380.575,1412.038577975429,2511.2316715739994
15086015,72108.83872787732,2439362.7972,10333.995,20139.277568308855,21539.573499275997
15090435,7973.843959444421,270337.3675,1256.789,2227.014879433232,2387.0789550249997
15090520,19314.931452382163,811792.4028000002,2676.673,5394.467205335814,7168.126916724001
12070296,32026.05817200382,1549580.8862,8660.022,8944.557786858946,13682.799225146
12070416,168.89582527605526,166226.70889999997,815.6899999999999,47.170915041349474,1467.7818395869997
12070424,34829.80271531067,1665096.0456,6386.214,9727.615600359115,14702.798082648
13076003,1163.565851986037,69335.879,229.42,324.97230680118025,612.23581157
13076027,2237.9435531789995,97202.6457,246.44,625.0352549673628,858.2993615309999
13076098,1012.7930487197565,44591.3767,240.64000000000001,282.86297057694077,393.74185626099995
13076068,4186.366195159248,158442.3495,535.473,1169.210214646026,1399.045946085
13076126,7897.411569573834,266900.2241,1330.515,2205.6680772662758,2356.728978803
13076129,2100.5231514273505,86880.3046,210.935,586.6551109621447,767.153089618
13076035,5998.152277037536,269224.5427,1211.242,1675.2239494538132,2377.2527120409995
13076056,1815.8410005746357,77975.99830000002,264.942,507.14623305048997,688.5280649890001
13076007,1424.5787914103994,79106.7525,393.543,397.87061065301043,698.512624575
13076038,4198.695949494319,202795.35710000002,691.105,1172.6537917342685,1790.683003193
13076023,1463.364330864394,69806.48150000001,234.095,408.7030239671166,616.3912316450001
13076148,1831.1422341517698,80412.3901,146.75,511.41971457624777,710.041404583
13076011,1198.677299782039,63732.9176,164.825,334.7785830561256,562.761662408
13074046,501.1204667301181,31331.872499999998,128.375,139.95793515305468,276.660434175
13074084,14544.184421448608,404928.4803,1519.992,4062.0452670663817,3575.5184810489995
13072013,7538.250927436688,299271.9534,1046.325,2105.3581015237924,2642.571348522
13074023,4851.356173760494,172135.36130000002,355.415,1354.9352657695683,1519.955240279
13074060,577.3196095207423,33190.130300000004,178.91500000000002,161.23959374304812,293.068850549
13072014,10674.160989369822,311520.90890000004,3175.21,2981.1864227210976,2750.729625587
13072058,15415.095224779576,612242.0918,2806.838,4305.2819453286875,5406.097670594
13072060,14661.75839596543,786723.4487,3433.911,4094.8825024091843,6946.768052020999
09182119,387.88235924296265,15269.895400000001,4982.735,108.33166411296703,134.833176382
09182123,12128.124681615103,537371.1146,6847.344,3387.263942328282,4744.9869419179995
09182125,24942.12190160096,1005768.6721999999,9868.301,6966.085225898131,8880.937375525999
09182137,11625.273631569165,520433.9275,5790.664,3246.822672560952,4595.431579825
09187130,27974.485065339755,1239808.6701,18097.135,7812.99393389874,10947.510556983
09175116,4286.457299658009,228955.93579999998,3579.708,1197.1646592214852,2021.6809131139996
09175121,6354.618602838622,505801.2966,6236.493,1774.7814295867986,4466.225448978
09175124,10842.727037968976,559811.1784999999,6412.4130000000005,3028.265234434355,4943.132706154999
09175128,2590.9197957937004,180608.3183,2123.747,723.6179897672225,1594.771450589
09175131,4805.394889832863,268594.3497,3688.448,1342.09873878142,2371.688107851
09175139,11777.506452082609,553255.3113,6856.376,3289.3397770021515,4885.244398778999
09175111,14224.201285677587,481749.9913,5282.954,3972.6771770768933,4253.852423179
09175135,36254.58796688768,869874.9025000001,7821.754,10125.54387327206,7680.995389075
09175127,21216.19112238264,732307.9249,6376.897,5925.470018570247,6466.278976866999
09177131,6450.300847535396,340899.2127,4334.11,1801.5045237081608,3010.1400481409996
09177134,4095.4212413362216,210732.615,2441.075,1143.8101984927932,1860.7689904499998
09177116,54509.467501223364,524711.0375,4361.112,15223.949178416673,4633.198461124999
09178129,5945.452654987623,309918.7292,4566.981,1660.505472011493,2736.582378836
09178138,14029.536570225024,465383.3835,5082.362,3918.3092686981468,4109.335276305
09178140,5634.010068582637,290535.7594,4821.415,1573.5226720544447,2565.4307555019996
09178132,5517.425796382884,296421.8078,4202.099,1540.9618506717757,2617.404562874
09178142,6913.4016683417385,361207.02489999996,5333.699,1930.843951951164,3189.4580298669994
09178155,11785.156135562383,352842.0443,5694.254,3291.476257101218,3115.5952511689998
09273115,9965.089715251224,280460.9325,7500.14,2783.1499065725143,2476.4700339749998
09273178,13256.933357737296,380435.6619,7255.429,3702.5289174824493,3359.2468945769997
09273119,6888.624887170406,245980.24670000002,4951.551,1923.9240447378224,2172.005578361
09273172,18887.602513528214,558644.2476,11739.166,5275.118506003295,4932.828706308
09273177,17500.300541549608,305603.58290000004,4957.489,4887.658938249389,2698.4796370070003
09273111,40623.07370826698,1540610.2824,27841.578,11345.618255981884,13603.588793591998
09273121,0.4813871482375591,31.0674,1789.545,0.1344466166312679,0.27432514199999997
09273159,168334.8594378417,191747.25310000003,5346.695,47014.2428923948,1693.128244873
09375162,17469.3196217818,568983.3324,9087.172,4879.006277167438,5024.122825091999
09373134,15751.243169618936,676745.7423,4533.946,4399.164704842872,5975.664904509
09375156,7518.636920784835,370071.6635,4414.279,2099.8801056059965,3267.732788705
09371120,5256.511680755219,234805.16120000003,4539.51,1468.091147318125,2073.3295733960003
09361000,99233.98131287775,3294368.1017,29819.627,27715.058640873624,29089.270338010996
09371136,28711.287690996538,1015784.7836000001,12939.995,8018.775539218423,8969.379639188
09371144,125.42476144503641,5588.2496,4385.0960000000005,35.02988162398422,49.344243967999994
09371121,10802.127790513574,428833.031,4356.823,3016.926270612536,3786.59566373
09371126,2022.7807902659042,55553.08060000001,11876.359,564.9424469133644,490.533701698
09472138,4943.660312739781,232972.0574,1594.275,1380.7148887450935,2057.143266842
09472164,1049.5455649635348,41490.212700000004,1631.205,293.1275808386656,366.358578141
09472453,63.13637069419792,3464.5645999999992,6.3,17.633356971182536,30.592105417999992
09479166,15224.471016668489,511800.85069999995,3354.668,4252.042510245342,4519.201511680999
09475174,5248.24063373978,215755.9443,1394.16,1465.781126597183,1905.1249881689998
09475142,18684.03670112214,570182.4018999999,5113.665,5218.264610256402,5034.710608776999
09475145,4606.794880731687,178063.2244,1337.866,1286.6317422395528,1572.2982714519999
09475168,38789.11078951971,977016.3519000001,6655.602,10833.41075240496,8627.054387277001
09475184,4827.907853286197,206637.70400000003,1365.661,1348.3863843443019,1824.61092632
09464000,120300.54565156462,3630016.0329,14471.089,33598.739395025485,32053.041570506997
09475141,10255.448811008135,385742.6241,2912.064,2864.2442984264617,3406.107370803
16075014,3461.06261444446,123360.77399999999,680.825,966.6401775881932,1089.2756344199997
16075034,1049.657713104821,46374.749599999996,63.17,293.15890269304543,409.48903896799993
16075063,1583.296497182757,46055.1339,174.29,442.1988786981722,406.66683233699996
16075068,3035.719588085472,89849.05340000002,256.495,847.8461237563914,793.3671415220001
16075076,5234.651298826078,157597.599,905.113,1461.9857612491353,1391.5867991699997
16075084,720.0706047622291,30969.870100000004,127.44,201.10851920404295,273.463952983
16075109,2431.434826563155,82232.6128,374.355,679.0754327108235,726.113971024
16075019,1956.3680626403589,72592.97940000001,435.84,546.3940362148257,640.996008102
16075057,1108.3625574785492,63778.03629999999,226.735,309.554578678184,563.1600605289999
16075065,1107.704687352265,51222.4949,258.61,309.37084213061405,452.29462996699993
16075093,565.3757031417194,29722.174600000002,53.86,157.90378013045083,262.446801718
16075099,2212.303256064021,71469.9828,222.245,617.8741763861203,631.0799481239999
16075114,663.3548315912005,29237.0967,116.915,185.26837091510637,258.16356386099994
16075116,29763.86109848378,624467.2167,2695.314,8312.748766195535,5514.045523461
16074017,1402.3225414982876,62913.9004,288.36,391.65466261505674,555.5297405319999
16074045,339.1054800096926,20358.034499999998,47.89,94.70876951190704,179.76144463499998
16074047,499.2535088066287,28500.874,156.19,139.43651247460332,251.66271741999998
16074053,956.3310874616612,65131.695,379.235,267.09370941716736,575.1128668499999
16074059,2541.034813509993,56001.796600000016,461.7,709.6856130652059,494.4958639780001
16074066,1186.8502928008481,58291.988399999995,277.555,331.4754182763489,514.7182575719999
16074075,1779.9903399315394,104178.87730000001,426.35,497.1335020394796,919.899486559
16074077,1860.9805493565968,82842.5767,280.6,519.7532576298039,731.499952261
16074084,37.309875909824626,1816.3873,104.625,10.420275242854919,16.038699859
16074093,4289.633666763768,176497.48330000002,551.256,1198.0517867904528,1558.4727775390002
16074108,1154.5001221023233,28565.2761,102.855,322.4403391019579,252.23138796299997
16076068,557.3429907253862,32133.000999999993,117.64,155.66032387969312,283.7343988299999
15084335,7984.063003457978,192421.0048,1497.317,2229.8689562357786,1699.0774723839997
16074018,27237.965722091776,916882.3728,4137.557,7607.2914465230115,8096.071351823999
16074039,18202.97812743998,429379.0054,1442.692,5083.909761212712,3791.416617682
16074055,1456.4358428897438,36797.970199999996,99.19500000000001,406.7679665606765,324.92607686599996
16074067,841.3640132249911,43155.674699999996,281.34,234.98455525360777,381.0646076009999
16074073,2762.3965310421104,49005.72290000001,207.18,771.509727154751,432.720533207
15084170,2198.2062672086004,132355.1955,545.61,613.93702836869,1168.696376265
15084550,77462.93239687002,3084620.9586,13943.554,21634.622389121825,27237.203064438
15088065,6462.851386738264,353440.26490000007,4253.213,1805.0097638021298,3120.8775390670003
15002000,86794.96263571772,2648776.8718,40061.862,24240.9651145296,23388.699777993996
15082180,53669.8198477136,2071563.8286000001,8216.341,14989.443985267932,18291.908606538
15082377,70177.71543749254,2118535.1568,8636.487,19599.934144537292,18706.665434544
15089026,36964.148264092495,1185943.5609999998,5201.961,10323.716968678393,10471.881643629997
15086140,84999.26881437066,2699201.1199,12533.496,23739.44578716558,23833.945888716997
15086145,13204.99937529646,613610.7982000001,5323.159,3688.024275526548,5418.183348106
15090135,5918.808729407169,203449.1106,588.54,1653.0640900361282,1796.455646598
15090180,11485.786667506414,303039.15129999997,1048.968,3207.865358367866,2675.8357059789996
15090008,5369.063030550538,218278.9019,593.08,1499.5256138024597,1927.4027037769997
12070008,9010.724630234328,408083.53390000004,1815.7160000000001,2516.6052819781453,3603.377604337
12070348,2726.058193805484,129082.3005,960.921,761.3607929479335,1139.7967134149999
12070052,0.03677295548929919,200245.89599999998,1224.684,0.01027031873860637,1768.1712616799996
12070145,2748.555112210535,139895.6773,472.51,767.6439572892803,1235.278830559
12070028,4716.858786876061,210895.4743,767.775,1317.371490586615,1862.207038069
12070300,3093.393507960005,155787.7649,672.608,863.9538728381498,1375.605964067
13076021,2020.948811039912,104598.3167,403.485,564.430793435337,923.6031364609998
13076160,3960.0192591256646,168108.8197,635.005,1105.9937788812067,1484.4008779509998
13076168,11035.582406321431,449689.15669999993,1134.565,3082.1278102615124,3970.755253660999
13076162,3676.9635181019457,164418.1551,420.263,1026.9391409706923,1451.812309533
13076164,6109.792182305533,203263.7029,419.875,1706.4038585961123,1794.8184966069998
13076026,6513.759712244775,268671.22,936.865,1819.2279500328432,2372.3668725999996
13076072,3556.496335155498,121364.4904,548.175,993.293861445579,1071.648450232
13076128,8325.450160025463,431826.47000000003,1395.222,2325.2149751935112,3813.0277301
13072114,3301.353553434002,177602.7571,495.53499999999997,922.0350339385824,1568.2323451929997
13072009,4180.924154035614,147390.2738,445.565,1167.6903069806067,1301.4561176539999
13072050,4657.512879063968,203214.4499,784.762,1300.7967719937756,1794.383592617
13072093,16838.79891132382,838639.3441000001,4497.82,4702.90814794363,7405.185408403
13072086,2543.272207336382,121548.6952,697.639,710.3104947869781,1073.274978616
13072006,21179.719931895972,956758.3891999999,4220.978,5915.283979779226,8448.176576635999
13072083,1522.9687157318585,106687.4429,572.0699999999999,425.3499326167507,942.0501208069999
13072099,1936.1944492816956,87246.1963,343.784,540.7597477398847,770.3839133289999
13072117,1620.8966608427763,96735.9377,568.245,452.700228406779,854.1783298909999
09182114,14540.635525034235,744208.2685,7533.725,4061.054095786811,6571.359010855
09187117,24175.168663906512,946144.3993,15437.814,6751.882856142449,8354.455045819
09187122,38403.0969943151,1698950.4908999999,20330.766,10725.600959542264,15001.732834646997
09187129,12706.38422578823,569745.8171999999,11844.835000000001,3548.7660504203945,5030.855565875999
09175113,5092.636834687497,276647.0737,3753.377,1422.3225415598708,2442.793660771
09187179,13666.854382005182,600442.8483,15814.767,3817.015760350227,5301.910350488999
09175112,10475.806846145098,518415.2799,6593.858,2925.7880940598643,4577.606921517
09175114,2362.3306943467896,228794.5158,3311.344,659.7753396241148,2020.2555745139998
09175115,12189.916494442565,624310.6902999999,10837.82,3404.5217777328635,5512.663395348999
09175122,11494.570763661764,643349.2513,10475.267,3210.3186685830938,5680.773888979
09175118,8736.26841190024,375577.5592,5300.03,2439.9524047596183,3316.349847736
09175123,7675.57224821674,371368.11689999996,4585.923,2143.7105732044533,3279.1804722269994
09177119,284952.55667478294,349873.58999999997,5490.497,79584.39955370012,3089.3837996999996
09177117,58415.814992296524,2267083.9066000003,17492.407,16314.952969198495,20018.350895278003
09177135,25725.577463267284,276382.6634,4181.979,7184.896529715919,2440.458917822
09177142,208818.47138193416,283496.0194,3504.262,58320.910872260385,2503.2698513019996
09177144,8429.978211663783,424295.10860000004,5436.294,2354.408614735578,3746.525808938
09177112,11250.459226158979,338556.8482,3376.11,3142.140757273941,2989.456969606
09177113,4401.02696122425,592372.351,8129.036,1229.1628200003206,5230.64785933
09177120,5294.198974973644,545270.4103999999,9385.609,1478.616831720389,4814.737723831999
09177126,6950.459704321093,364692.4265,5333.545,1941.193890819838,3220.234125995
09177143,9172.981255422806,468094.9425,6999.405,2561.9219348270353,4133.278342275
09178143,35424.045706340694,1492846.8179999997,15379.827,9893.581725323891,13181.837402939997
09178125,4551.581986205913,222718.0259,4204.784,1271.2113329274496,1966.6001686969998
09274194,45345.797711994244,954384.931,12134.01,12664.627842982873,8427.21894073
09274165,7968.16873261151,307735.02530000004,7544.351,2225.4298453310685,2717.300273399
09274172,33271.54852320933,820638.7239999999,18233.045,9292.410787047133,7246.239932919999
09273139,14559.861697258117,199463.2329,7145.408,4066.423773427219,1761.260346507
09273165,17635.07928639658,602489.147,13945.265,4925.301293897701,5319.97916801
09273181,18175.088634172025,242498.78639999998,4838.948,5076.120504637905,2141.264283912
09274176,44202.99877528597,1420337.0254,24074.184,12345.455527949616,12541.575934281998
09273125,4192.2194688230275,306983.8058,7480.023,1170.8449754475832,2710.6670052139993
09273166,4767.583430307708,215212.4333,11010.116,1331.5383762506397,1900.325786039
09375122,4083.162759995585,177897.9808,3819.285,1140.386527239167,1570.8391704639998
09375127,3789.235548051608,201042.66950000002,3440.818,1058.2955962153335,1775.206771685
09375175,13396.670635729624,714688.0375000001,11089.578,3741.5561418529264,6310.695371125001
09375184,2054.115744723188,136639.4559,2502.349,573.6939863437392,1206.526395597
09375199,11344.367642605743,621582.4896,11861.632,3168.368438903358,5488.573383167999
09375131,4562.564242483514,225445.7411,3759.781,1274.2785672832206,1990.685893913
09375211,1909.0473883474715,153984.65840000001,2429.749,533.1778450915652,1359.684533672
09371148,7956.710104158182,342208.5775,6219.74,2222.2295649903385,3021.701739325
09376119,27248.19965782581,1446132.2023000002,17079.093,7610.14968243417,12769.347346309001
09371146,7527.437807635344,270104.2598,5069.28,2102.338105294475,2385.0206140339997
09371118,9923.911143481435,366593.5046,4626.39,2771.64914326293,3237.0206456179994
09371122,87770.9847082923,577498.8085,9491.364,24513.558319178952,5099.3144790549995
09371123,12000.863660726685,114254.53020000001,2936.354,3351.721211804356,1008.867501666
09371127,287362.4826666591,724819.592,10837.527,80257.46778397122,6400.156997359999
09374166,58658.96175439444,633218.3865,5926.093,16382.861428384822,5591.318352795
09374149,19700.56398066034,296313.6593,7179.74,5502.170514158626,2616.449611619
09377128,0.6254622161485349,66.8161,2734.352,0.1746853423481243,0.589986163
09377129,1909.2319896302843,91997.3128,7490.516,533.2294023838421,812.336272024
09377115,125.05010577928503,3258.1182999999996,1420.352,34.92524404309651,28.769184588999995
09377133,65.92073093826741,2611.2457999999997,3033.846,18.411000943748704,23.057300413999997
09377143,1493.464453678007,265185.1,3064.464,417.1096872677305,2341.5844329999995
09377148,437.01255105278057,314396.0563,3227.544,122.05323538353107,2776.1171771289996
09479138,2046.6973756112068,92668.7791,1338.309,571.622110034454,818.265319453
09479145,9413.795075040005,312624.6361,2098.353,2629.1788265079226,2760.475536763
09479161,6398.390532144038,280613.7103,2610.02,1787.0064917225081,2477.8190619489997
09479169,25920.522014379963,958344.1003999999,7366.938,7239.34259339618,8462.178406531999
09479460,42.17480932536941,3502.0921000000008,48.84,11.779002496482422,30.923473243000004
09479129,13261.361760674421,483016.2307,4640.938,3703.765726138759,4265.033317081
09475158,14684.93256274696,559092.5377999999,3674.183,4101.354815449598,4936.787108773999
09475162,4063.1471080147207,1101934.264,5997.312,1134.7963557974313,9730.07955112
09475120,12794.21862434567,363547.66959999996,3670.705,3573.2973195935024,3210.1259225679996
09475127,4598.202966358151,51426.0525,2016.065,1284.2321064741677,454.09204357499993
14523310,27210.01451592479,781781.5696,2737.742,7599.484954152635,6903.131259568
14523365,15601.745192480626,605275.0391,3117.027,4357.411414807914,5344.5785952530005
16075048,2547.0380232975435,43854.2024,143.65,711.3622495267709,387.232607192
16076041,5050.817763378035,118991.2706,488.974,1410.6428931338514,1050.692919398
16076087,59012.12214526806,1886441.1287999998,9217.554,16481.495593951917,16657.275167303997
16076092,19401.99432254199,598696.5065,2625.175,5418.782994342751,5286.490152394999
16075029,1059.552833329443,45472.982599999996,204.51999999999998,295.92251082058016,401.52643635799996
16075066,1327.1144396372088,51475.1115,146.875,370.649791846276,454.52523454499993
16076088,14577.449606058732,573123.4603,2304.11,4071.335900476143,5060.680154449
16074097,1343.4898885689788,40293.7313,67.725,375.22329097843004,355.793647379
16076007,983.891785124513,54979.7251,343.553,274.79113666742523,485.470972633
16076042,2349.421863642876,72335.84839999999,226.71,656.1700322968188,638.7255413719998
16076044,1547.4143660617378,79466.6376,211.173,432.17735829738274,701.690410008
16076049,7062.03345884837,294236.29179999995,1019.505,1972.3553247217612,2598.106456593999
16076064,1891.548939696988,93746.3615,328.447,528.2907033679718,827.7803720449999
16076089,9496.56196371473,464367.7603,2548.468,2652.294790845887,4100.367323449
16074003,3119.914274032274,155765.0509,923.432,871.3608575944738,1375.4053994469998
16074041,9652.056053201617,77127.8445,2586.763,2695.7227350986795,681.038866935
16074072,530.5291842287077,33727.6614,174.365,148.17149586323575,297.8152501619999
16074092,1739.5159733574592,89811.38680000001,212.975,485.82941619900475,793.0345454440001
16074098,5276.060750512226,130341.1072,745.02,1473.5510070105595,1150.911976576
16074109,1772.9052062914893,115968.7537,440.907,495.15469506515,1024.004095171
16076003,9766.55121861494,440008.3408,1779.917,2727.700089846967,3885.2736492639997
16076012,4125.844014839386,87113.22540000001,368.43,1152.3069749044919,769.209780282
15084013,32027.01481317547,370291.06200000003,991.7,8944.824967171777,3269.67007746
15084115,711.5127979630361,190206.9553,1132.265,198.71840934309634,1679.5274152989998
15084375,13833.90055553109,387084.578,1251.725,3863.670086154278,3417.9568237399994
16074012,4430.789578588698,208086.96240000002,794.086,1237.4752214040373,1837.407877992
16074025,385.28673851998485,24358.455299999998,92.185,107.60673320124656,215.08516029899997
16074106,723.0871575818355,34574.72749999999,159.75,201.95101224103084,305.29484382499993
15084445,3593.8125959665117,104028.54239999999,915.021,1003.715919927487,918.5720293919999
15084470,2143.436603067767,107874.67139999999,496.59,598.6404088707966,952.5333484619998
15084490,22698.650133120595,977717.8430000001,4133.508,6339.50599567925,8633.24855369
15084560,823.4646420921214,45416.145300000004,562.225,229.98543988990858,401.024562999
15088220,46771.45758463179,1895870.4034,10652.669,13062.800388811811,16740.535662021997
15088330,42695.01979937495,1625304.9690999999,6012.836,11924.29207976743,14351.442877152998
15088295,11858.987013688886,622892.8329,6655.223,3312.096483053169,5500.1437145069995
15082256,34257.307241294235,1332906.0389,5924.26,9567.723339421067,11769.560323487
15082005,19727.659963261445,848218.5821999998,3764.787,5509.738151139289,7489.770080825998
15082430,169355.95896402746,3398996.6058,16109.412,47299.425779063225,30013.140029214
15086035,20011.33614380507,967415.4964999999,3820.626,5588.966071603318,8542.278834095
15090550,46957.26201196352,1310125.0632,4490.602,13114.69370732129,11568.404308055999
15090220,3099.8299775444493,151679.1526,988.75,865.7515144283892,1339.3269174579998
15090010,21342.100274914366,462913.83209999994,888.646,5960.635185780833,4087.529137442999
15090245,10319.292779641271,294795.99559999997,1086.487,2882.0752804260105,2603.0486411479997
15090270,4525.334088311483,179188.3883,754.646,1263.8805575245142,1582.233468689
15090610,4776.320545981704,223533.97049999997,961.59,1333.97856528723,1973.8049595149996
12070241,3987.1906198397164,171420.8395,689.608,1113.5824682150344,1513.6460127849998
12070302,18367.97229021507,890527.6061,4260.253,5129.990980934167,7863.358761862999
12070125,30104.173216785955,1085643.2961,4631.875,8407.794537716149,9586.230304562998
12070325,14594.354139106177,569827.0698,1895.005,4076.057167510964,5031.573026334
13076120,3663.1286523630083,172584.9351,518.269,1023.0752013184646,1523.924976933
13076125,4213.640693002741,190788.4997,552.13,1176.8277091487353,1684.6624523509997
13076051,1776.9189629283437,92482.6528,376.565,496.2756971562571,816.6218242239999
13076096,2681.9930946999207,132769.0884,730.135,749.0538514187408,1172.351050572
13076135,2838.0752390080884,162034.3098,844.855,792.6460335025689,1430.7629555339997
13076015,1306.7333206424255,73005.06730000001,210.256,364.957549122223,644.6347442590001
13076062,1451.9228994702223,81474.6814,219.78,405.50754659303834,719.421436762
13072104,3714.9977916799426,179484.6069,618.3100000000001,1037.561733238291,1584.849078927
13076101,1944.2448040437148,85694.7817,242.28,543.0081313213691,756.684922411
13076155,2089.4383223350987,89419.8963,348.98,583.5592290449697,789.5776843289999
13072020,17605.43970542207,720671.9645,2229.518,4917.02325532733,6363.533446535
13072028,1017.102148243851,48162.462,135.105,284.06645898302514,425.27453945999997
13072089,1453.8138553671545,91049.4041,324.358,406.03567166549254,803.966238203
13072101,2662.0222151159937,129884.97390000001,480.146,743.4761844597458,1146.884319537
13072053,3296.859973990352,169622.53889999999,717.055,920.7800221357654,1497.7670184869999
13072078,460.25588508718306,28134.6944,289.575,128.54486614599935,248.42935155199999
13072007,5382.724386737602,191489.69900000002,1197.877,1503.3410939719447,1690.85404217
13072047,1611.6416510766717,88174.598,522.879,450.1153967292036,778.5817003399999
13072001,11179.320896180892,297079.2064,2315.094,3122.2725330943613,2623.209392512
13072017,9524.043000702373,236155.1349,898.518,2659.9699696661655,2085.249841167
13072075,2817.0856674536108,182377.3622,1233.781,786.783856063119,1610.392108226
09187150,160.7085449645887,8993.7586,12207.875,44.88428952315997,79.41488843799999
09175119,6439.585678310562,293657.26060000004,4476.494,1798.5118840953567,2592.993611098
09175136,3719.1765653353327,191580.3397,3226.584,1038.728822932505,1691.6543995509999
09175137,10319.10471170595,528109.4585,6389.082,2882.0227549323545,4663.206518554999
09177123,514773.7387968554,763197.1857,8242.58,143771.15750857373,6739.0311497309995
09183126,4132.936789974828,340132.26660000003,5217.281,1154.2879160720695,3003.367914078
09177114,230029.7870178435,237955.6813,2433.065,64245.01921621351,2101.148665879
09177127,295039.1294953759,477142.6138,4884.104,82401.47847676353,4213.169279854
09177122,3246.6213986020307,204230.21120000002,3166.52,906.748890415561,1803.352764896
09177138,4409.772910987918,227690.0603,3586.84,1231.6054763098157,2010.503232449
09177139,29718.668778225332,1365597.9611999998,17769.362,8300.127003070553,12058.229997395998
09177124,4360.560284395569,218140.53850000002,3159.573,1217.8608818288385,1926.180954955
09274121,11114.907653298844,513138.6008,7814.6539999999995,3104.2825584898337,4531.013845064
09274124,20619.42514888206,607139.1457999999,10475.691,5758.79924983127,5361.038657413999
09261000,108020.60241199557,4548139.6384000005,38851.506,30169.07404764624,40160.073007072
09274113,21499.889873807682,933938.2176,12420.008,6004.704242855747,8246.674461408
09274132,9959.08745861288,460468.5594,8123.094,2781.4735363159907,4065.937379502
09274141,21622.712362988244,852086.3518,14654.364,6039.007335858986,7523.922486393999
09274187,9607.258959702041,431309.19060000003,7433.398,2683.211354855183,3808.460152998
09273127,4276.483393424624,311697.8677,4766.936,1194.3790469495632,2752.292171791
09273141,7663.840081035162,827127.2284,13977.054,2140.4338962323104,7303.533426772
09273116,19537.138926408817,1005579.274,15775.815,5456.527530756718,8879.264989419999
09273175,5437.510393625838,227894.4368,3720.48,1518.6422778357603,2012.3078769439999
09375180,35448.46970888438,657740.7061000001,8798.395,9900.403104994319,5807.850434863
09362000,375811.32750597264,8459739.981099999,55812.878,104960.34565914309,74699.50403311299
09375165,13493.46679374536,830326.7039999999,14955.571,3768.590340825141,7331.784796319998
09375181,6181.005508730359,372621.52400000003,5831.971,1726.2930285333018,3290.24805692
09375153,2037.3353979416863,165406.2427,2463.8,569.0074032911335,1460.5371230409999
09375190,47741.745915380125,1443033.6165999998,21099.006,13333.792216706513,12741.986834577998
09376141,30289.80188177836,1323438.6259,15652.661,8459.638767561877,11685.963066697
09376161,73590.17889863423,3248322.9641,33444.006,20553.001064599554,28682.691773002996
09376170,11941.077875469771,798884.0133,9972.179,3335.023639839952,7054.1458374389995
09376125,15873.156750528397,488056.531,6381.275,4433.213948855076,4309.53916873
09376159,12029.295045095369,585137.0706,8201.926,3359.6618131446853,5166.760333398
09371150,10292.675858126642,596603.4333,7683.689,2874.6414404161897,5268.0083160389995
09374131,4494.140464101554,190231.1603,2430.42,1255.168490218923,1679.7411454489998
09374134,6939.140891179884,352224.972,3864.015,1938.0326594976298,3110.1465027599997
09374128,6124.371117140696,263032.3647,2939.766,1710.475609306225,2322.5757803009997
09374144,15398.15389458156,436518.47589999996,4846.091,4300.550401217683,3854.4581421969992
09374156,3447.5166393102436,150282.7698,1818.813,962.8569221929579,1326.996857334
09377116,20334.624687259,749685.9212,8654.356,5679.257328904566,6619.726684195999
09377132,4939.25491483139,221235.1086,2032.494,1379.484505163259,1953.506008938
09377118,3146.1005645875357,171248.6025,1895.145,878.6744266836528,1512.125160075
09377157,22215.12622911629,634096.9223999999,4813.982,6204.462604529888,5599.0758247919985
09479111,2980.5968580070253,123617.2764,791.895,832.450896472782,1091.5405506119998
09479136,53330.81703495838,1687971.0329,9805.826,14894.763889693526,14904.784220507
09479126,7072.79820173067,191683.36710000003,1160.022,1975.3618097613587,1692.564131493
09479135,9648.34254934777,405134.9158,3392.412,2694.6855906073383,3577.341306514
09475161,2242.8096188708787,100923.54260000002,2567.3940000000002,626.3942984544477,891.1548811580001
09479150,6314.389561987049,289481.02359999996,1553.845,1763.545860767363,2556.1174383879993
14523060,3298.100643194277,157238.5938,696.155,921.1265286377295,1388.416783254
14523440,4339.833762967948,152165.10489999998,684.956,1212.0721716593182,1343.6178762669997
16076039,20843.99847187109,724888.5186000001,2621.652,5821.520333208877,6400.765619238
16076081,2089.5080610382656,54931.674100000004,840.205,583.5787063673772,485.046682303
16076029,4037.613261663464,166811.90230000002,595.4929999999999,1127.6650078499888,1472.949097309
16076079,17058.814958101753,835633.9388,2866.317,4764.356429648238,7378.647679604
16052000,47655.068395920236,5917380.2003,19186.867,13309.584052296563,52250.467168649
16076014,441.40215352799294,34613.1146,100.37,123.27920745883314,305.63380191799996
16076033,997.1603719202257,56625.3632,299.835,278.4969202735998,500.001957056
16076086,812.2223198162975,75809.91350000001,246.13,226.84557170149372,669.4015362050001
16074038,1030.2029287840085,57989.504400000005,233.585,287.7253759800857,512.047323852
15084275,8287.879219533954,390071.1685,2136.065,2314.721787223638,3444.3284178549998
15084565,990.9280514181984,213921.5158,925.383,276.7562954805886,1888.9269845139997
15084235,19446.875306811122,937827.4728999999,3702.317,5431.317804439278,8281.016585706999
15084315,32555.800481692415,1242587.5409000001,4849.735,9092.509516531874,10972.047986147001
15088020,22237.33134074785,966673.9619999999,5307.967,6210.6642701574665,8535.73108446
15088205,99905.71142603745,2271979.0824999996,5837.39,27902.666144177998,20061.575298474996
15088150,107746.74995829922,1310119.7421,5226.896,30092.589795853386,11568.357322742999
15082440,42411.40815258252,1483566.0210000002,6319.702,11845.08218293477,13099.88796543
15086040,58329.16920571495,2186814.3944,8541.523,16290.753667464127,19309.571102552
15086080,66923.5724005377,1387700.3576000002,5947.726,18691.084535746173,12253.394157608001
15090285,5708.736214107355,105949.39300000001,819.625,1594.3929372380433,935.53314019
15090445,3102.9278287070256,140719.2584,378.16999999999996,866.6167132795852,1242.5510516719999
12070266,5510.408847242361,209133.0549,617.87,1539.002086946319,1846.6448747669997
13076075,2087.8051730776688,88096.6166,159.67000000000002,583.1031067888621,777.8931245779999
13076089,18965.865437828557,861684.5098,3086.768,5296.976558131138,7608.674221533999
13076048,10956.999761141049,531120.1181,1479.083,3060.1804632890835,4689.790642822999
13076109,2261.866667675705,123281.91320000001,682.264,631.7167416151475,1088.579293556
13076151,3061.2986352247444,97075.5398,408.46,854.9900958319188,857.1770164339999
13076032,3739.013336557143,189153.00780000002,597.495,1044.2690347670443,1670.2210588740002
13072042,13208.506223399718,299395.3807,1237.31,3689.0037031333068,2643.6612115809994
13072055,382.2349953402627,27064.5174,211.635,106.75441184858195,238.97968864199999
13072067,3581.326723003008,143582.1313,704.78,1000.22874046751,1267.830219379
13072120,1726.8821862927425,90106.8841,369.849,482.3009258097,795.6437866029999
13072018,1466.420422528071,77682.56930000002,544.846,409.5565598078649,685.9370869190001
13072051,1200.020196488915,55363.0649,239.375,335.15364067738903,488.8558630669999
13072095,11714.767621609777,494948.5034,1650.872,3271.8174490393944,4370.395285021999
13072110,1158.7336877528087,59212.1649,290.298,323.62273165248195,522.843416067
13003000,113817.18946447119,3667019.0106,28888.44,31788.002845532155,32379.777863598
13072057,7734.708767579686,325069.6872,2505.505,2160.22681169733,2870.365337976
13072098,5167.341476485812,212144.50050000002,1785.387,1443.1868009677223,1873.235939415
13072121,3332.706418063199,169698.7103,1101.402,930.7915755008709,1498.439611949
13072030,7621.422865105077,392744.1454,2394.29,2128.587191995197,3467.9308038819995
13072064,9651.291632690285,313224.0359,1535.808,2695.5092400940694,2765.768236997
09163000,13932.194990626213,629329.5555,25875.008,3891.1227389319947,5556.979975065
09187169,10360.64107681162,254685.8079,7016.146,2893.623446342717,2248.875683757
09187177,20533.064613034447,849505.0471,10752.823,5734.67961577439,7501.129565892999
09187134,6638.069545415663,301029.2011,5370.438,1853.9464433391404,2658.0878457129998
09187142,4583.826298696327,155193.9012,8584.206,1280.216846962897,1370.3621475959999
09187163,7821.463158187529,364081.2959,6059.495,2184.4564454501947,3214.837842797
09187170,8008.498781721336,331954.7587,7361.605,2236.6936247469516,2931.160519321
09187181,11888.263468734296,494902.0695,7050.85,3320.2731041828015,4369.985273685
09187124,9475.046642801439,522333.4518,7342.075,2646.2857768680137,4612.204379393999
09187159,11838.432495205596,649726.2629,7742.798,3306.3558115859705,5737.082901407
09187164,3269.9893960960812,187638.3543,1834.795,913.2753384356745,1656.846668469
09183119,11222.966626358582,661674.8663000001,7340.786,3134.462349075688,5842.589069429
09183123,6431.308663987349,303569.9587,4294.354,1796.2001967650267,2680.522735321
09183139,5593.472532738326,372304.9623,5849.088,1562.2009436684868,3287.452817109
09187176,9286.278667423554,459425.90349999996,5478.681,2593.5647690247242,4056.730727904999
09187186,2438.1570066488753,302286.37490000005,3788.815,680.9528703869644,2669.188690367
09177115,31800.42132136567,1797419.7519999999,26616.042,8881.539670844217,15871.216410159997
09177137,7155.907404695195,769886.5706,9797.396,1998.5733790573208,6798.098418397999
09177121,8388.349723094982,355976.1012,5333.998,2342.7821941631973,3143.2689735959993
09274114,9698.006435869635,401600.4247999999,7694.277,2708.55621747403,3546.131750983999
09274118,4711.1362329793155,199941.9734,3172.555,1315.773238508793,1765.4876251219998
09274146,12842.25801410102,639609.3848,11232.589,3586.7142407582737,5647.750867784
09274182,13931.239873754612,527079.8437,8014.99,3890.8559843409253,4654.115019870999
09274185,7684.886946456583,383664.87679999997,6029.71,2146.312075275859,3387.7608621439995
09274126,37343.47974420026,1314707.1629,15787.625,10429.660457757689,11608.864248407
09274128,50179.18422230467,1757680.2209,26714.378,14014.54436144747,15520.316350547
09274127,22160.199249974154,1052953.0807,17531.122,6189.122048525281,9297.575702581
09274153,34563.92808382464,750835.7498,13170.143,9653.359474531384,6629.879670734
09278148,20529.997233626877,1028730.9147000001,16912.81,5733.82292737965,9083.693976801
09375196,7996.775836709008,1246620.7175,19280.284,2233.419523434459,11007.660935525
09375179,20985.51877547679,800296.5044999999,10442.998,5861.045538802912,7066.618134734998
09375205,8094.127925911527,439974.169,7416.804,2260.6089884278304,3884.97191227
09375204,7746.030698899055,402329.63169999997,5013.907,2163.388913895517,3552.5706479109995
09375208,15331.39218481294,798053.0251,12592.8,4281.904523296405,7046.808211632999
09375213,7688.190346360381,458038.413,6398.207,2147.2346818349906,4044.47918679
09376149,37144.07133057857,1340718.9924,15665.710000000001,10373.967681917287,11838.548702892
09376168,3828.28576143588,215331.1947,3101.195,1069.2019303114268,1901.3744492009998
09376163,17927.360305114937,817417.2369,10778.985,5006.93245961555,7217.794201827
09376175,58645.40694089126,952060.159,8930.666,16379.07570452152,8406.69120397
09376144,23469.62007113705,917886.2849999999,12100.506,6554.830189667867,8104.935896549999
09376162,6132.837676757501,273513.7102,3816.607,1712.8402347416024,2415.1260610659997
09376169,5880.090979528657,281325.4536,3832.354,1642.2506096725585,2484.103755288
09374133,17095.678675492567,544938.7258,8313.544,4774.652097278319,4811.808948813999
09376150,35614.83414688479,992465.2339000001,11658.864,9946.867028883451,8763.468015337
09376153,7271.0208330211235,784104.9643000001,8628.741,2030.7234084544696,6923.646834769001
09363000,125042.06884677161,3859468.4651,31886.054,34922.99940821484,34079.106546833
09374119,3615.4719485068904,171106.28970000002,2555.847,1009.7651604984893,1510.868538051
09374146,10814.135202469419,332136.9181,3826.483,3020.2798206976836,2932.768986823
09374154,3951.215304510692,198430.77180000002,2336.73,1103.5349223967912,1752.143714994
09374111,10692.016199520976,458660.4345,4960.561,2986.1732043642132,4049.9716366349994
09374139,10078.363076907239,482483.00700000004,5185.014,2814.7860237494224,4260.32495181
09374168,23017.123199285343,690498.4975999999,9836.337,6428.452338328403,6097.101733807998
09377149,3211.099057416122,165915.2686,2216.716,896.8278557457486,1465.031821738
09377119,3621.897513200175,173798.22759999998,1864.779,1011.5597564616769,1534.6383497079996
09377145,4145.512707075405,166677.88429999998,1372.333,1157.8002439590898,1471.7657183689996
09377159,14921.070951216881,617867.7211,6129.939,4167.305905965362,5455.771977312999
09479112,14891.058188539357,646203.4522,5905.956,4158.923641477157,5705.976482926
09479158,8557.160599138302,305677.12169999996,3880.259,2389.929383733336,2699.1289846109994
09479127,5844.8377892107,189988.56080000004,2147.418,1632.4047461486564,1677.5989918640003
09479159,4267.529319018504,174090.9094,1949.44,1191.878263508678,1537.222730002
14523080,6235.007968824414,240473.207,683.849,1741.3753756129704,2123.37841781
14523300,18645.318402574914,489851.42980000004,4656.091,5207.450976655147,4325.388125134
14523320,122217.32393783845,4310758.1032,17319.425,34134.0764025989,38063.99405125599
14523330,5932.85346027824,416608.0985,1402.5240000000001,1656.9866429211097,3678.649509755
14523100,3826.601119811869,407101.5635,1388.779,1068.7314267522568,3594.7068057049996
16076022,15831.97289039096,1786187.2198,6734.673,4421.711708557291,15772.033150833999
16076074,1072.5754915439759,19972.480799999998,25.395,299.55960903331703,176.35700546399997
16076093,11976.456312512182,617395.5798000001,2697.418,3344.9044835215273,5451.602969634
16076017,21.52950405794681,49283.125700000004,158.3,6.012975188343964,435.169999931
16076027,11228.31658569083,39919.769799999995,189.61599999999999,3135.956539217592,352.4915673339999
16076034,26.33163369043142,68009.29269999999,235.266,7.354161973400591,600.5220545409999
16076043,61793.35404415107,97829.2886,369.43399999999997,17258.265850990952,863.832618338
16076061,293248.87460284564,533630.2917000001,1457.92,81901.47818782875,4711.955475711
15084207,3719.206697764657,272254.07790000003,1844.898,1038.737238618691,2404.003507857
16076008,321.7342876826788,97572.8486,691.795,89.85716920689536,861.5682531379999
16076023,4009.316409628237,190527.35590000002,892.747,1119.7619800450702,1682.356552597
16076036,3523.9938492909264,176018.5412,737.255,984.2162421684628,1554.243718796
16076067,9.301525927130077,19201.9064,115.21,2.597823176188159,169.55283351199998
15084130,24390.810989065685,1144332.3384,5563.731,6812.109601136155,10104.454548071999
15084442,3381.2686476968893,157246.3217,747.4540000000001,944.3545206152642,1388.485020611
15084590,54301.092974992534,2165303.3643,10891.156,15165.752256985665,19119.628706769
14729270,43317.47578962428,1562747.3843999999,9380.453,12098.137813284166,13799.059404251997
14730340,30281.30765998149,1030892.6109000001,4692.198,8457.26641635623,9102.781754247
15088195,147880.18087450287,2139400.5163999996,10820.528,41301.4557164399,18890.906559811996
15001000,188834.21191820997,6697203.967899999,26231.836,52739.507046636856,59136.31103655698
12070149,23834.38620141949,965702.7757,3756.654,6656.705722194449,8527.155509430999
12070316,47616.37993283273,1753356.8852000001,7176.935,13298.778751440852,15482.141296316
12070222,2554.727758736073,96111.5018,298.685,713.5099157373978,848.6645608939999
12070393,3244.7754594548805,133555.2912,473.765,906.2333380711535,1179.293221296
13076165,4633.497073775822,161559.23619999998,299.28499999999997,1294.0893977348494,1426.5680556459997
13076006,3352.1376961550086,136254.535,595.152,936.2185371591323,1203.1275440499999
13076077,2151.574771167528,107440.3729,716.01,600.9133178393789,948.6984927069999
13076040,2518.2295728471104,132502.8298,444.1,703.3163374004694,1169.9999871339999
13076104,4001.587374030649,147225.4171,453.271,1117.6033376930197,1300.0004329929998
13072084,2977.911715262034,87485.08780000001,317.125,831.7009629555333,772.493325274
13072043,69483.04361688711,2131070.1181000005,7234.176,19405.9192517604,18817.349142823005
13072044,2627.3844946129407,138891.15620000003,631.285,733.8022155004481,1226.4089092460001
13072073,1963.103414618719,119404.3267,645.37,548.275152668862,1054.340204761
13072119,2254.7009875389112,94429.9385,287.825,629.7154388097425,833.816356955
13072039,820.0123077323977,45303.365099999995,183.496,229.02123742658137,400.0287138329999
13072069,2899.819905921538,150776.508,358.005,809.8907015248263,1331.3565656399999
13072071,2017.7716522733392,103681.9788,489.682,563.5434447634209,915.511872804
13072011,1712.1840647723657,60040.4367,315.61,478.195887450274,530.1570560609999
13072046,1095.2970986287048,73038.4944,178.815,305.90552667601094,644.9299055519999
13072090,2559.0876478484224,72608.2822,442.245,714.7275891675858,641.131131826
13072116,2718.7231511106515,114156.23459999998,425.635,759.3121888736938,1007.9995515179997
13072029,45022.614380777486,1123283.0022,5214.856,12574.365970407343,9918.588909425998
13072077,5872.396575692259,267482.0158,2253.305,1640.101639625091,2361.8661995139996
13072080,2450.767717940719,100409.8989,541.0,684.4749159436634,886.619407287
09187167,1143.9715619100893,55970.0264,9206.634,319.4998175258688,494.215333112
09187128,17967.20693225344,841301.4278000001,9259.548,5018.061224109063,7428.691607474
09187139,9637.045857031279,413625.2917,5459.749,2691.5305374102654,3652.311325711
09187174,9024.884968468954,417616.8244,6162.47,2520.560122843694,3687.5565594519994
09187116,14341.53166637018,583213.4326000001,9634.715,4005.4463791005273,5149.774609858
09187126,14017.355079733092,573401.9836,8146.572,3914.907100218655,5063.139515188
09187173,4334.3303737209035,181437.3113,3725.117,1210.535130076511,1602.0914587789998
09187182,30057.383418266367,1052963.3906999999,8823.718,8394.726614887613,9297.666739880999
09183118,13439.64995859266,652567.5683,9730.978,3753.559836935344,5762.171628089
09183140,5015.838168013713,396626.8463999999,5338.3,1400.8734419445498,3502.215053711999
09183147,10571.797583815056,397215.3256999999,7233.238,2952.597347183707,3507.4113259309993
09183135,4980.108374859164,487702.895,7390.625,1390.8944680144157,4306.4165628499995
09183144,14105.22502795667,464934.3383,6815.219,3939.4482980580183,4105.370207188999
09183114,12563.01503569843,560820.9336,7848.808,3508.724469320214,4952.048843688
09274154,4838.272389797831,237672.50160000002,3633.788,1351.2810957466363,2098.648189128
09274183,21423.917744209626,1011785.8532,13452.015,5983.485986780306,8934.069083756
09274134,24378.07363528366,1090019.2356,21364.61,6808.552185598373,9624.869850347999
09274111,15687.604763061709,743177.0791,12222.436,4381.391134275505,6562.253608452999
09274174,8136.386478492471,345369.9021,5416.738,2272.411379578162,3049.6162355429997
09278144,18570.230274243942,782839.8728,13502.894,5186.479613293591,6912.476076823999
09375115,5678.481990926979,287210.2424,5044.685,1585.943235245996,2536.0664403919995
09375182,2751.628455417139,226153.7889,4865.325,768.5023113134527,1996.937955987
09375113,7720.706459217152,368594.1043,5840.61,2156.3161069947582,3254.6859409689996
09375143,4738.7049295685665,279139.1746,4735.405,1323.472899779205,2464.798911718
09375161,3552.478900649142,203710.6605,4903.928,992.1718321622988,1798.7651322149998
09375170,14294.250408694414,656336.5257,9702.495,3992.2411966442623,5795.451521931
09375174,48616.13092560328,971438.724,10171.364,13577.999206211738,8577.80393292
09375114,6086.443408217862,290944.13,4364.258,1699.8827794811666,2569.0366679
09375116,3269.667671676262,193570.42849999998,2819.018,913.1854840224632,1709.2268836549997
09375117,20032.94430625912,735652.1248999999,10757.456,5595.001015295109,6495.808262866999
09375119,18619.420760197663,805904.3073,10739.01,5200.218024115605,7116.135033459
09375130,6099.509135552878,325888.34440000006,4868.29,1703.5319064685634,2877.594081052
09376117,17700.60397531587,658471.181,7745.845,4943.601684265969,5814.300528229999
09376116,19739.823215203287,628039.2681999999,9026.149,5513.1352257741255,5545.586738205999
09376147,50771.53031665898,1515980.4061,18201.242,14179.980702139686,13386.106985863
09376112,4285.340461984825,184493.2247,2286.39,1196.8527376277418,1629.075174101
09376133,5745.146092457668,242616.78889999999,2984.502,1604.561852162502,2142.306245987
09374132,7537.701575140902,250657.3634,2739.49,2105.2046729211024,2213.304518822
09376173,3075.9451848630415,163910.2108,1348.916,859.0807306803988,1447.327161364
09374127,4247.203743700105,162579.3077,2250.615,1186.2015335780025,1435.575286991
09374160,3971.0642539260407,200112.7968,2984.935,1109.078535479004,1766.9959957439999
09374162,32634.226518224143,1089761.4943999997,15181.788,9114.41312427482,9622.593995551997
09374170,2394.8513009149037,115898.2047,1841.105,668.8580198325234,1023.381147501
09374121,13254.434834954216,600279.6887,7680.874,3701.831105054363,5300.469651221
09374150,13270.46023850904,288185.09739999997,4641.9039999999995,3706.3068400131897,2544.6744100419996
09374158,4952.9224975332345,197899.57929999998,3305.04,1383.301724336057,1747.4532852189998
09374165,8399.930671415377,352031.8171,5395.207,2346.0166372196004,3108.4409449929994
09377146,52223.51785970479,849983.8818,9408.532,14585.506303036951,7505.357676293999
09377117,4782.581008988042,208973.8593,2415.148,1335.7270500002703,1845.239177619
09377154,47456.794522843375,1287655.4743000001,13045.889,13254.208142284926,11369.997838069
09377137,5572.348697962169,252678.8047,3340.792,1556.3012678538541,2231.153845501
09377141,29788.76134494487,1010519.2996,9992.329,8319.703156029653,8922.885415468
09377131,7104.847908612457,279054.3915,3962.25,1984.312972396373,2464.050276945
09377158,20217.285741153228,876509.183,7835.797,5646.485734646684,7739.576085889999
14523010,16519.940038594017,590644.3422,1344.031,4613.854053378923,5215.389541625999
14523230,1803.7717850284457,86965.2145,692.05,503.77542184059456,767.9028440349999
14523050,1790.0627622199704,102122.62170000002,333.625,499.9466288604155,901.7427496110001
14523270,9068.903112295426,418474.3788,1510.105,2532.853950232989,3695.1287648039997
14523410,2445.8696961023925,86968.7554,739.909,683.1069474244372,767.9341101819999
14523430,29004.128653431235,1035531.9983000001,3753.693,8100.563091616809,9143.747544989
14523190,169.9840495073076,194757.5626,841.063,47.474845186895934,1719.7092777579999
14523260,992.5392429129059,427682.0138000001,1541.878,277.2062851531455,3776.432181854
14523340,3313.9197931802946,1678454.0714999998,9040.17,925.5446590373244,14820.749451344998
14524140,3454.9677002158037,489309.2692,2281.395,964.9379289932717,4320.600847035999
16076069,120627.3159038303,232592.25410000002,1120.256,33690.00305878076,2053.789603703
14524030,23279.094806048277,1752794.6766000001,7510.702,6501.618388381223,15477.176994378
16076009,63403.71123530003,98774.7711,925.022,17708.022510906943,872.181228813
16076019,13727.870925930481,20754.749000000003,108.937,3834.057070903124,183.26443367000002
16076055,45082.10466462377,66521.34860000001,564.579,12590.981011782771,587.383508138
16076062,77367.26087414296,117342.3181,860.206,21607.902289539386,1036.132668823
16077016,6556.887199475434,54478.935300000005,317.46,1831.2730259414936,481.048998699
16077018,3374.2504031717767,54780.6686,579.047,942.3943951018455,483.7133037379999
16077041,30682.053430468568,52567.0863,335.965,8569.190702595566,464.167372029
16076006,707.3997271238145,33607.839700000004,309.71500000000003,197.56966978841015,296.75722455100004
16076028,533.1541943461815,25269.493000000002,48.525,148.904634938945,223.12962319
16076058,3767.4623197302085,156047.9398,659.452,1052.2145512774498,1377.9033084339999
16076059,680.9737443220674,46796.2486,325.731,190.1891570517102,413.21087513799995
16077026,6791.489093467463,219431.9781,797.713,1896.7949889145277,1937.5843666229998
16077043,17411.36243611581,1598469.1618,8468.647,4862.819414782784,14114.482698693997
16077044,3798.2435441953717,261120.1096,1526.767,1060.8114394583254,2305.6905677679997
16077032,18391.174500083227,932409.9366,3449.092,5136.471126128245,8233.179740177999
14729100,2394.7833593851,150612.8341,1002.059,668.8390444426645,1329.9113251029999
14729170,25728.96742259661,882827.5744,3772.602,7185.843311457006,7795.367481952
14729350,16110.359993962651,717573.4448,4680.378,4499.462442713829,6336.173517584
14713000,720857.7075801888,13972069.683299998,79148.877,201328.3491500709,123373.37530353897
14729430,22762.178126918734,949263.1406,5181.055,6357.248729067132,8381.993531498
14730270,111494.25415115016,2078803.4656999998,8670.709,31139.230241874728,18355.834602130995
15082340,39352.347337485306,1841444.0844,8175.927,10990.71708788627,16259.951265251999
15082015,158736.16276742972,4045046.7324,16640.444,44333.42289931545,35717.762647092
15082301,27236.320765550237,1170704.6122,4970.529,7606.832026610526,10337.321725726
12069224,5823.005567877048,223589.87410000002,1395.2740000000001,1626.3072250523805,1974.298588303
12069089,7634.635802671864,165825.5471,581.145,2132.277433328225,1464.2395808929998
12069696,15692.902384946572,434180.7051,2402.475,4382.870707091728,3833.8156260329997
12063189,17423.555066537512,820096.2249,3163.372,4866.224694533262,7241.449665867
12063252,43710.07783970994,2178461.967,9058.016,12207.78763985259,19235.81916861
12068264,36830.63903971452,1254925.6045000001,4072.378,10286.429177401867,11080.993087735
12068417,6702.882032176185,169832.434,775.97,1872.0479227664866,1499.62039222
12070096,3090.2987140718137,122614.40699999999,776.6519999999999,863.0895278531168,1082.6852138099998
12070153,4488.874476466342,141317.25,485.8,1253.6977525322845,1247.8313174999998
13076114,16938.63856563293,799955.5603,2870.352,4730.79236499562,7063.6075974489995
13072026,4466.021205593159,140646.3192,427.425,1247.3150625101132,1241.906998536
13072056,11340.276636182167,469627.87080000003,1333.493,3167.225861719317,4146.814099164
13072048,3218.0773007774997,127448.09370000001,457.825,898.7768093341479,1125.366667371
13072061,1722.8387254423594,60434.706199999986,312.72,481.17162762879656,533.6384557459999
13072092,1839.0300934620284,78497.99660000001,303.893,513.6227148030099,693.1373099780001
13072027,3957.9372919664675,139497.67119999998,932.257,1105.4123062733147,1231.7644366959998
13072062,26764.55247221059,882660.8392999999,3149.119,7475.071859963696,7793.895211018998
13072019,10354.429676846248,446286.5315000001,3139.957,2891.8886644463887,3940.7100731450005
13072087,9139.300808376545,325118.53500000003,2400.277,2552.515322771485,2870.79666405
13072012,15264.747931043925,604470.6746,3484.064,4263.2914496612575,5337.476056718
13072072,3945.376959538572,336784.6154,1228.9660000000001,1101.9043310295276,2973.808153982
13072088,27836.000226335884,749007.7977,1250.611,7774.316503213348,6613.738853690999
13072108,1410.1750356198324,82869.252,454.685,393.84778569826295,731.7354951599999
13072032,2949.583366176522,133591.5541,565.015,823.7891383394407,1179.613422703
13072036,7706.559416225886,391137.73749999993,1205.868,2152.3649793577274,3453.746222124999
09187113,13175.737781713484,505467.4615,9569.286,3679.8518050547586,4463.277685044999
09187121,747.1986256981569,230327.704,2880.267,208.68510417123824,2033.79362632
09187125,2449.28466495295,397647.9684,5129.213,684.0607140747094,3511.231560972
09187145,4713.879777377666,214601.4266,2384.305,1316.5394830238083,1894.930596878
09187168,6400.706784527642,313727.2036,5739.512,1787.6533978507252,2770.2112077879997
09189137,3432.4224900935455,335750.7205,5936.765,958.6412772582263,2964.6788620149996
09189133,3220.4363956311518,672804.4821,12422.354,899.4356809358243,5940.863576942999
09189142,15172.09774459327,731132.1889,13395.804,4237.415179087454,6455.8972279869995
09183122,3477.063491490587,135602.8138,2029.7069999999999,971.109062538406,1197.372845854
09183112,52376.33406382726,891278.7893999999,11186.4,14628.186340686314,7869.991710401999
09183113,7287.452514049765,581118.2707,7740.881,2035.3126126489587,5131.2743302809995
09183120,3547.5361627391967,379372.936,7050.75,990.7913748914302,3349.8630248799996
09183138,871.3304983308644,225869.45290000003,3285.195,243.3538948788271,1994.427269107
09183132,9030.180623595896,377990.19299999997,6925.624,2522.0391463640976,3337.6534041899995
09274120,3276.13775029689,153071.72110000002,17824.221,914.9925122804183,1351.6232973130002
09274193,8792.21807086241,375076.0364,6822.825,2455.578585011162,3311.921401412
09274184,38963.19995619,1422786.9578,26988.042,10882.032115764305,12563.208837373999
09274135,6045.765508497954,313386.05960000004,4931.04,1688.5218488683936,2767.198906268
09274145,9658.82549192075,467874.7729,7734.753,2697.613371638546,4131.334244707
09274156,40067.49307680015,745688.8204,9279.047,11190.450141419513,6584.432284131999
09274188,5752.754988389535,238084.89669999998,4593.528,1606.6869407073132,2102.289637861
09274191,10859.270917322634,374032.2735,6334.044,3032.8857744990382,3302.704975005
09279130,12945.51377801872,449774.72030000004,8058.673,3615.552543062848,3971.510780249
09274119,7199.136488195143,350585.9647,6450.858,2010.6468297880215,3095.674068301
09279127,24641.823100060265,1170470.8946,23902.462,6882.214773615831,10335.257999317999
09278123,27717.738527201796,1253732.2554000001,20317.783,7741.287193262189,11070.455815182
09375201,9680.087722108756,334508.083,5010.429,2703.551699907754,2953.70637289
09375171,10286.250775571107,358450.8134,4328.304,2872.8469791092543,3165.1206823219995
09375183,10279.893069267344,513748.9706,6777.429,2871.071335315676,4536.403410397999
09375191,4079.2309772687827,191076.5922,3391.009,1139.2884196413981,1687.206309126
09375120,4719.0556342518175,355070.8184,3860.225,1317.98504809019,3135.2753264719995
09375209,6398.647939226883,339872.0299,4545.043,1787.0783829466761,3001.070024017
09375210,16746.738705137774,725460.6601,10486.603,4677.196652957929,6405.817628682999
09372149,3939.2872849919468,153827.4888,2530.855,1100.2035458254009,1358.2967261039998
09372169,10343.90045630041,512821.0865,6856.8550000000005,2888.947958440141,4528.210193794999
09372170,9813.760277534633,415872.27129999996,6149.216,2740.8851079126475,3672.1521555789996
09376146,7000.667346369351,312390.29480000003,3941.302,1955.2163831674961,2758.4063030840002
09376164,7486.623520423263,313441.1539,4537.547,2090.9390830190127,2767.6853889369995
09376148,6756.949486368634,300804.2218,3970.472,1887.1484220478958,2656.101278494
09374159,8811.992592120812,307238.32540000003,3298.23,2461.1014110534215,2712.914413282
09376131,2258.3164842772476,113548.52120000002,1087.54,630.7252108937925,1002.633442196
09376171,7953.754992003583,339411.3504,4494.325,2221.4042317166804,2997.0022240319995
09374137,13306.250991060968,538495.1060999999,9035.62,3716.3028392934175,4754.911786862998
09374122,4807.4045775360655,192874.2386,2880.621,1342.6600244600477,1703.079526838
14523200,26486.373519052075,847085.3459000001,3736.537,7397.379260136054,7479.763604297
14523370,9432.400957289145,377033.4537,1452.563,2634.375263361285,3329.205396171
14523120,24372.739222437922,851024.7951,2721.552,6807.062337434687,7514.548940733
14523130,3714.1013679228,141110.7662,869.61,1037.3113710471587,1246.0080655460001
14523290,3226.6802675766858,136113.7591,759.45,901.1795319314925,1201.8844928529998
14523420,1.70735736125518,78.848,826.125,0.4768478374249592,0.6962278399999999
14523460,3633.1136641120943,195841.8284,776.524,1014.6923152498667,1729.283344772
14523020,34337.456250314775,1492186.5858,6369.754,9590.108156150412,13176.007552613999
14523170,18860.731553884583,897166.9369,3620.058,5267.613715684425,7921.984052826999
14523150,2575.7767728201034,425871.37870000006,2364.723,719.3886948809267,3760.4442739210003
14523280,1222.5510509318697,418245.17179999995,2643.26,341.44628301476183,3693.104866993999
14524060,485.32582935048913,534251.0977,3122.997,135.5466508792981,4717.437192691
14524300,2969.962974326662,1777012.5716,8424.674,829.4809590996933,15691.021007227999
14524210,2562.1950571300194,462318.3655000001,2220.101,715.5954575058431,4082.271167365
16077017,599.1112827907073,25884.987,261.29,167.3257901706166,228.56443521
16077039,262.78964348119484,229182.2146,692.715,73.3945195278629,2023.6789549179998
16077047,2009.7254832501817,97435.43579999999,636.514,561.2962302169432,860.3548981139999
16077049,941.820299760328,44372.7653,632.86,263.040991520062,391.81151759899996
16077003,98.30315983999625,70443.1727,423.827,27.45508951171255,622.0132149409999
16077008,1091.7337892217772,81875.4673,743.4639999999999,304.91032999175013,722.960376259
16077009,92.91894215238776,82522.3487,527.842,25.951331353740375,728.672339021
16077031,54.437258848139585,44905.03,121.61,15.203782023696904,396.5114149
16077022,1826.746084571737,122022.7881,623.215,510.1919139600404,1077.461218923
16077034,604.6537385074066,53956.5289,298.205,168.87374262773358,476.43615018699995
16077042,5219.438928386009,280052.7538,1584.787,1457.7370983089284,2472.865816054
14729320,24769.164635964236,692820.7577000001,3055.663,6917.779991178451,6117.607290491
14729360,9688.883194868107,375243.8219999999,1590.328,2706.0081874947136,3313.402948259999
16077028,11011.510625552126,407209.1249,982.495,3075.404802610453,3595.656572867
14729040,107.42724187626614,3922.1206000000006,2133.243,30.00335438362237,34.632324898
14729260,8569.958787962589,446484.91599999997,9580.894,2393.5037898900714,3942.4618082799993
14730250,78144.70581422493,593594.8091000001,3255.418,21825.03488685488,5241.442164353
14730070,170699.39124488537,2161775.5045,12106.62,47674.63298078403,19088.477704734996
15082241,29371.884387218914,1420837.9432,7662.091,8203.27359050637,12545.999038456
15091110,30654.134050664252,1343991.9701999999,4659.924,8561.393099010018,11867.449096865997
15091060,61554.069714840865,1969410.9918000004,6551.911,17191.436130657905,17389.899057594
15091241,34113.148443220445,1282552.7789,4557.621,9527.461228707038,11324.941037687
12069665,23490.007824865006,885512.6476,4053.292,6560.524285406547,7819.076678308
12069232,3461.0888202891356,105351.5671,696.715,966.6474966185526,930.254337493
12069537,5644.999319322263,198565.6483,967.325,1576.5918598935145,1753.3346744889998
12069688,4717.62153655408,264249.8064,1475.04,1317.584518944189,2333.325790512
12069028,3849.4045927135267,208070.10689999998,1109.505,1075.1002086989608,1837.2590439269998
12063244,20215.32624336319,869447.4780000001,2918.581,5645.938466508905,7677.2212307400005
12063274,8323.419240011553,194504.5035,1155.535,2324.6477595428264,1717.4747659049997
12063112,2501.1206201247683,119239.47080000001,448.05,698.5379779946464,1052.884527164
12063260,7051.873529550282,255113.6262,1467.89,1969.5177580680981,2252.653319346
12068324,14974.689784820323,580344.9517999999,2791.425,4182.281110002467,5124.445924393999
12068409,4092.8266492483335,158948.4395,572.115,1143.085554868567,1403.514720785
12068501,3108.0644335103107,172172.3933,850.82,868.0513156350946,1520.2822328389998
12068181,38833.32254896168,1225123.3381999996,3747.487,10845.758654699508,10817.839076305996
13071036,4812.566066879453,211341.4261,848.069,1344.1015768187622,1866.144792463
13071093,29871.80118689133,741582.4604000001,2488.587,8342.89535348688,6548.173125332
13071171,1259.0790599268555,72997.0659,203.7,351.64819064697144,644.5640918969999
13071001,2048.930432532956,114049.0913,489.959,572.2457805021292,1007.053476179
13071113,1978.3765507627513,107977.2355,466.939,552.5407868625288,953.4389894649998
13072059,4384.582686092241,140595.3107,528.063,1224.570098398702,1241.456593481
13072063,18965.572516052856,671821.3852,2179.25,5296.894748008402,5932.1828313159995
13072033,963.1685469383756,51626.379700000005,283.44,269.0033434744189,455.860932751
13072079,3555.2388251889506,137930.49959999998,433.41,992.942651487022,1217.9263114679998
13072112,4485.16125366984,221378.90529999995,1192.102,1252.6606865374497,1954.7757337989995
13072021,3174.076323911675,123803.0131,826.705,886.4877765052917,1093.180605673
13072091,11654.5569638226,670929.2274,3987.553,3255.001214426014,5924.305077941999
13072015,2620.1662896948887,149440.90300000002,682.548,731.7862430488855,1319.56317349
13072081,13560.720410175567,416672.7152,546.458,3787.373603357934,3679.2200752159997
13073017,5169.252104541931,274387.2575,1031.03,1443.7204202775158,2422.839483725
13073055,17081.793040281515,778243.7106000001,3311.672,4770.773978220224,6871.891964598
13073075,39001.8460957595,1537388.2473,6709.875,10892.82559608467,13575.138223658998
13073103,3010.769967141239,180325.0453,590.038,840.8779441228766,1592.2701499989998
09187138,598.891831667719,202340.5922,2383.23,167.26449966647723,1786.667429126
09189143,6163.9654879664195,451869.1494,11297.374,1721.533921134141,3990.004589202
09189111,10366.960966310138,473531.72229999996,10561.932999999999,2895.3885282807582,4181.285107909
09189126,3856.504716716504,284402.6635,7390.241,1077.0832023317523,2511.275518705
09189149,29831.36874419266,1023240.7257000001,21849.564,8331.602976565568,9035.215607931
09183124,12687.371030444237,504800.67059999995,9654.913,3543.455855092771,4457.389921397999
09183145,10140.881719159477,327935.5819,7880.966,2832.2468553440503,2895.6711881769997
09183127,8874.361563205353,471223.66390000004,10150.168,2478.520440987623,4160.904952237
09183128,87462.1182783521,1874719.5411,23386.967,24427.29501396096,16553.773547913
09183148,45835.00226273818,1555026.6589,13450.635,12801.257781960145,13730.885398086999
09183151,3811.0050522351157,166877.4178,3285.27,1064.3756010387453,1473.5275991739998
09183115,321.80454604788645,13812.228,3739.276,89.8767916657142,121.96197323999998
09183125,3342.0274344252566,174229.1262,2533.455,933.3948421606299,1538.443184346
09183129,22253.44032599462,1068265.3021,16729.089,6215.163348647036,9432.782617542998
09183143,6751.386295233398,293700.16209999996,4672.74,1885.5946783957356,2593.3724313429993
09274112,11164.627441355538,490385.5647,7660.211,3118.1687980961883,4330.104536301
09274179,4177.312344913576,200046.85499999998,4131.338,1166.6815648109127,1766.4137296499996
09279124,18443.131706971973,675699.3064,13610.452,5150.982254440202,5966.424875512
09279112,198073.9964168539,2488919.8567000004,28995.088,55320.08645926312,21977.162334661003
09279128,17828.36778030871,964436.8995,17756.802,4979.284837362419,8515.977822585
09278146,6347.68983669264,960120.7794,16966.01,1772.8462944898872,8477.866482102
09278172,5747.476447879987,254546.31179999997,5201.337,1605.2126971284015,2247.6439331939996
09278112,5237.157082502701,283992.6541,5369.611,1462.6856015721794,2507.655135703
09278141,12139.299676857892,643972.3006000001,9796.736,3390.3850067496405,5686.275414298
09278177,8043.3243215918055,372026.42409999995,6957.155,2246.4200497773754,3284.9933248029993
09372150,4669.500919336327,352030.34390000004,3430.518,1304.1449117614427,3108.427936637
09372125,1260.09739820076,603061.5137,7777.17,351.9326023434902,5325.033165971
09372153,63467.503028295534,2045914.3944,21941.986,17725.838920772658,18065.424102552
09372167,506.69249738143645,363842.93929999997,4309.041,141.5141475936614,3212.7331540189994
09372161,10830.561683104215,487575.8055,4830.592,3024.867572474176,4305.294362565
09376172,5051.618880362488,228052.1648,4774.296,1410.8666370964393,2013.7006151839998
09376122,4849.213313048589,209383.099,2976.506,1354.3367862013404,1848.8527641699998
09376151,27675.710506374504,858857.8265999999,11906.874,7729.549187325335,7583.714608877998
09376178,6321.414010361131,334012.3494,3878.375,1765.50771895376,2949.3290452019996
09374147,11097.398091368754,404327.05799999996,5971.767,3099.392312938379,3570.2079221399995
14523160,17076.37026803021,737930.6573999999,1860.686,4769.259452158157,6515.927704841999
14523090,6386.745242832152,271894.23029999994,737.031,1783.7540788705917,2400.8260535489994
14523360,13302.160653352395,655844.6303999999,2387.278,3715.1604488747903,5791.108086431998
14523380,10506.44594482836,370568.345,1296.675,2934.3452879311126,3272.1184863499993
14524130,17890.599115485915,774230.9889,3829.955,4996.665426964061,6836.459631987
14524110,10146.656484153562,275813.8374,1077.425,2833.8596894592483,2435.436184242
14524170,3154.706915336205,612862.2535000001,3462.449,881.0780943842486,5411.573698405001
14524330,143604.25650276116,6052865.7741,19517.296,40107.23279865616,53446.80478530299
14524050,188.435241012449,212106.61969999998,1309.77,52.62807846236688,1872.9014519509997
14524190,1413.0872100780148,1346807.8087,4206.578,394.66112690268875,11892.312950820999
16077012,8006.963356590142,359794.9167,1250.336,2236.2647958620605,3176.9891144609996
14524270,1413.214148570869,145829.9865,863.275,394.696579554358,1287.678780795
16077001,29829.37459014273,1503258.5963,7181.204,8331.046029280962,13273.773405329
16077036,27681.08624305438,1100137.3436,5276.78,7731.050576822657,9714.212743987999
14729050,43825.55183546656,1374699.5816000002,6756.409,12240.038372127456,12138.597305528001
16077005,1139.0651146529735,71232.47940000001,451.699,318.12949587142896,628.9827931020001
16077007,1071.6421725288137,58114.4419,228.635,299.2989423655724,513.1505219769999
16077015,1016.3862435261167,60765.0417,136.225,283.86651395440913,536.555318211
16077027,1948.3107769756714,90897.513,865.749,544.1437169015352,802.62503979
16077048,2627.8145146289935,155923.4437,855.102,733.9223157907315,1376.8040078709998
16077052,7191.655808023701,275603.7101,1469.791,2008.5575506229393,2433.580760183
14730150,111016.53623089299,660060.5770000002,4643.644,31005.8084039261,5828.334894910001
14730180,52632.138705093406,375803.7169,2264.036,14699.630018945536,3318.3468202269996
14730280,128575.1324758495,436106.3405,2699.727,35909.748749180006,3850.8189866149996
15091160,47661.29396354999,1781496.7617,6546.697,13311.322791079876,15730.616405810999
12069020,45987.689693415756,1457934.2952,8505.051,12843.901854474085,12873.559826616
12069680,4658.817377525603,124107.1079,701.554,1301.1611053691256,1095.8657627569999
12051000,139077.8350592929,5400413.6661,19931.144,38843.048553709916,47685.652671662996
12069270,8529.442956582745,462060.8014,1905.1200000000001,2382.188123343995,4079.9968763619995
12063212,9010.650426528398,349231.07920000004,1573.033,2516.5845576251163,3083.7104293360003
12063094,3528.9561415035664,106803.9298,482.51,985.602160760531,943.0787001339999
12068477,26063.543726040043,1039919.8359999999,4391.064,7279.287127245723,9182.492151879998
13071175,10989.53342912334,231725.6604,364.661,3069.2667914198573,2046.1375813319999
13071088,2036.276675824357,59106.1273,455.825,568.7117127909846,521.907104059
13071043,3504.0350702161636,166723.1103,606.457,978.6419547606723,1472.165063949
13071155,395.2047190010315,15559.3514,172.72,110.37672596979807,137.38907286199998
13071063,7839.5706561209145,184453.04729999998,336.155,2189.51368854801,1628.7204076589996
13071138,1501.9239577826788,86062.50299999998,394.626,419.4723421691243,759.9319014899997
13071154,1662.30650335229,74496.6183,76.075,464.2655833212611,657.805139589
13072040,3730.9973738382664,163901.1172,741.352,1042.0302565392894,1447.246864876
13072024,1243.5115313132903,49472.2516,155.485,347.3003355804888,436.839981628
13072038,4615.329476553941,122702.4713,310.216,1289.0153695067502,1083.4628215789999
13072082,3564.8463264013158,131582.0734,461.38,995.6259305006234,1161.8697081219998
13072113,1277.8000818825312,61532.078199999996,204.32999999999998,356.87678486897215,543.3282505059999
13072097,2940.2743761603165,93030.414,732.475,821.1892305178147,821.45855562
13072105,9812.003525773102,375003.33809999994,1843.24,2740.3944647131693,3311.279475422999
13072118,3002.487364508907,77392.34689999999,462.222,838.5646960336926,683.3744231269999
13072034,758.2321417017486,35297.591199999995,305.115,211.76665485588134,311.67773029599994
13073015,7089.883582947981,219053.73890000005,1049.375,1980.1335858815416,1934.2445144870003
09189113,10539.649824936603,546232.7834,6036.9710000000005,2943.6187996065437,4823.235477421999
09189129,318.770670016498,8698.4151,3000.565,89.02946042890773,76.80700533299999
09189140,2091.7038756888696,125518.5478,6833.724,584.1919754411443,1108.3287770739998
09189146,2102.043551012189,113993.30750000002,1299.575,587.0797433621942,1006.5609052250002
09189160,2627.672539933287,141681.9196,3978.237,733.8826636779678,1251.051350068
09189114,127.16026826120674,6377.8267,9025.147,35.51459132267243,56.31620976099999
09189119,10078.735472246712,460865.19909999997,7325.385,2814.890030043784,4069.4397080529993
09189161,3691.58498937507,213183.8964,2777.741,1031.0227716825632,1882.413805212
09189154,646.7971593444715,24914.0552,18032.694,180.64397863331743,219.99110741599998
09189157,55710.85890813382,1350043.9478000002,21214.442,15559.485784452694,11920.888059074001
09171117,21198.84946424591,868453.1116000001,16182.575,5920.626666869241,7668.440975428
09183134,6950.862044070975,243157.97239999997,5358.37,1941.3062602885823,2147.0848962919995
09183136,18487.67784291308,686166.3817,12938.265,5163.423544747194,6058.849150411
09189115,16805.959661958463,507744.66109999997,14041.797,4693.736473988379,4483.385357513
09171132,52313.96125935389,915136.8844,11612.14,14610.766240124947,8080.658689251999
09183116,92508.93462377705,226444.6394,3644.655,25836.82035107469,1999.5061659019998
09171127,415605.9027038116,507514.54339999997,13729.941,116074.57256614753,4481.353418221999
09183130,225.1193123728513,286007.64029999997,6088.772,62.87357275261364,2525.4474638489996
09183131,108532.41569217821,329937.75350000005,4925.915,30312.01837866845,2913.3503634050003
09277121,364084.4705257497,1587589.5850999998,28922.759,101685.15177313663,14018.416036432996
09279115,16044.93004582529,649321.1485,9389.679,4481.188512498545,5733.5057412549995
09279126,77538.39069625168,907630.3101000001,14033.966,21655.69713755613,8014.375638183001
09279116,12887.911246458218,391348.9826,7237.126,3599.4647320233153,3455.611516358
09279125,28043.671943168196,666336.6055,11056.998,7832.317137007445,5883.752226564999
09279134,39611.44762786162,1429635.5828000002,28424.044,11063.081207985471,12623.682196124
09279132,28891.982974166327,1211120.3306,22579.317,8069.241924854913,10694.192519197999
09263000,28596.167570394162,1456685.2213,41500.841,7986.623640735385,12862.530504078999
09278121,789.1029230343526,384677.76420000003,5130.629,220.3885553742643,3396.704657886
09278182,11104.956367533945,427059.5877,6756.126,3101.5032638885555,3770.9361593909994
09278117,6217.839316115085,259414.26380000002,4370.936,1736.580342597782,2290.627949354
09278170,4.985140007177564,339.85360000000003,6799.224,1.3922997526046217,3.000907288
09278190,226.55010154515625,7835.4126,7415.018,63.27317786054669,69.18669325799999
09278197,13831.794151570852,754487.1040999999,9132.082,3863.081788592223,6662.121129202998
09372142,1471.036490502011,413826.90190000006,4380.57,410.84578143230664,3654.0915437770004
09372158,12051.7631427396,574827.8250000001,8492.911,3365.936928135743,5075.72969475
09372147,4190.458919086254,183923.06749999998,2200.843,1170.3532715115998,1624.0406860249996
09372154,21463.38958855716,830342.3931,9555.503,5994.510078188128,7331.923331073
09372157,11751.456922184327,505007.3286,7403.201,3282.0644037968605,4459.214711537999
09372163,9146.649678997894,435308.8814,5446.82,2554.5677888473215,3843.777422762
09376176,2758.5073390294992,111901.8456,1093.406,770.4235147175488,988.093296648
09376160,14922.056665966124,451405.8056,4673.848,4167.581206237678,3985.9132634479997
14521540,10991.889767556613,490348.3926,1601.386,3069.924893180886,4329.776306658
14521600,13538.292317140553,412984.365,2082.432,3781.1096612541846,3646.6519429499995
14524040,4990.06034189014,239720.5718,1671.283,1393.673952886497,2116.732648994
14524100,4594.756581385901,178837.8647,1035.505,1283.2695656152682,1579.1383453009998
14524150,7732.553775917599,275104.30429999996,1104.59,2159.624944076026,2429.1710069689993
14524310,7997.367388589917,382519.6629,2161.396,2233.584737959278,3377.648623407
14524320,16701.494717771497,711773.2058,4204.743,4664.560459726401,6284.957407213999
14524200,23109.425428279406,1043474.5639000001,6333.839,6454.231427864155,9213.880399237
14524250,18679.939138925536,659824.1372,3782.545,5217.120202110513,5826.247131476
14524080,2481.4602973444785,2078594.1452000001,8549.598,693.0470464453393,18353.986302115998
14524240,3439.973132402529,171422.4161,1135.31,960.7500961487023,1513.659934163
14524260,175.17387925322262,227962.6845,997.957,48.924312736632544,2012.9105041349999
16077023,4318.0703818147285,230861.10549999998,1268.059,1205.9938769370356,2038.5035615649997
14729140,47502.33462492105,1712044.2588,9013.973,13266.9270373942,15117.350805203998
14729220,13431.218831018585,475204.20700000005,2154.995,3751.20510731518,4196.05314781
14729020,9131.009515467551,343498.7257,2183.017,2550.199647574932,3033.093747931
14729190,10956.06753356204,493662.00820000004,4002.913,3059.920101448542,4359.035532406
14729370,10313.151228637786,334370.96390000003,5381.479,2880.360006646247,2952.495611237
14729060,12945.030583027237,640779.7693,3613.002,3615.417591533677,5658.085362919
14729070,28569.85565006598,956999.1693000001,5598.201,7979.274984506927,8450.302664919
14729250,26498.235571350036,659449.9021000001,4498.294,7400.6922127223515,5822.9426355430005
14729300,16172.454100378194,735161.0333,5001.883,4516.804705694625,6491.4719240389995
14730300,33224.823274639406,1244360.374,6963.5960000000005,9279.36089237404,10987.70210242
14730110,42516.028309700945,1444890.5251,5863.56,11874.301546616376,12758.383336632998
14730140,11471.31368075365,451327.9087,2707.812,3203.823197897687,3985.225433821
14730020,32708.799095711598,849036.1314000001,3849.411,9135.240499441292,7496.989040262
14730360,10499.543116888663,467854.3391,3408.059,2932.4173971158343,4131.153814253
15091375,127013.41089725176,4322407.8336000005,23554.115,35473.57552949344,38166.861170688004
12069485,6711.082990531805,234811.4936,1221.221,1874.3383684256278,2073.3854884879997
12069216,10774.357630376442,265493.0026,1159.095,3009.1703425878363,2344.3032129579997
12069306,41920.03748049826,1680692.2465,8860.493,11707.847267928357,14840.512536594997
12069648,4.6800931622610324,419.43039999999996,410.725,1.3071032192878838,3.7035704319999994
12069018,6672.147870786487,318551.3868,2799.616,1863.464178831958,2812.8087454439997
12063186,5129.89648101971,239635.53559999997,738.511,1432.7287881839948,2115.9817793479997
12068425,4741.181297604735,194137.691,385.705,1324.1645246080263,1714.2358115299999
13071013,4932.34906768342,152827.4099,768.465,1377.5557711133022,1349.4660294169998
13071023,3400.8415157515155,101044.51759999999,238.418,949.8210269342408,892.2230904079998
13071073,952.189634896055,44918.9331,125.68,265.9370431301192,396.634179273
13071069,3689.7214705862357,144757.2563,470.763,1030.5023095200297,1278.206573129
13071047,4412.673982596691,217669.4499,716.09,1232.4157165994297,1922.0212426169999
13071078,1339.1516436408185,72767.0928,236.16,374.0116625524442,642.5334294239999
13071103,4477.827195879056,178195.4804,1353.722,1250.6123575370614,1573.466091932
13072023,2925.4550297746623,114293.33410000001,408.38,817.0503352657654,1009.210140103
13072045,1646.229251453184,66433.531,427.2,459.7753676383597,586.60807873
13072094,1569.2955905785757,80899.3919,279.38,438.2885654926904,714.341630477
13072106,22712.893398275097,811059.6301,2809.468,6343.483997204251,7161.656533782999
13072041,5662.979410715667,209856.1936,787.219,1581.6135196187784,1853.030189488
13072109,3412.990811609611,70427.02440000001,135.09,953.2142037744482,621.870625452
13072096,4018.5452287655417,107319.0543,353.16499999999996,1122.339496941928,947.6272494689999
13072111,7943.7663096134875,227858.83599999998,838.9399999999999,2218.614492611951,2011.9935218799997
13072107,3310.711264586819,94017.7137,269.23,924.6485490864527,830.1764119709999
13072102,394.0420676134109,22681.253999999997,72.765,110.05200906374952,200.27547281999995
13073001,11520.284695195134,397416.0324,1368.511,3217.5003125210487,3509.183566092
13073025,3054.842447548348,172289.6264,594.265,853.1869471757781,1521.317401112
13073077,7638.932638582741,283979.5014,1383.241,2133.4774966297737,2507.538997362
13073067,4952.655934784612,324862.7399,957.425,1383.2272760259943,2868.5379933169997
13073100,3163.18120897232,140729.71439999997,399.305,883.4448798538791,1242.6433781519995
09189145,28488.64870786467,1054753.4864999999,10614.574,7956.594697619524,9313.473285794998
09189155,26239.892286265356,1086554.0036000002,18482.455,7328.539516631051,9594.271851788
09189148,2600.080343658079,183703.50049999997,4924.992,726.1764391802649,1622.1019094149997
09171116,8969.293087360733,259230.86040000003,5163.214,2505.033866368979,2289.008497332
09171122,15374.034976556559,443570.4526999999,8853.571,4293.814228602481,3916.727097340999
09171134,5266.3042152263615,246036.766,4751.437,1470.8261042705703,2172.5046437799997
09189134,11177.576931273561,490798.70499999996,9083.843,3121.785461135393,4333.752565149999
09171113,26767.918231839107,1325745.6872999999,20489.518,7476.011882970343,11706.334418858998
09171119,3478.227462333338,264067.6321,5177.191,971.4341479550778,2331.7171914429996
09171121,21098.235852507376,543882.0221,10118.239,5892.526291246784,4802.478255142999
09171135,18381.801922956303,600109.0334,14127.584,5133.853459062466,5298.962764921999
09171111,26748.48548566261,1088416.4169,13219.715,7470.58451129071,9610.716961226999
09171125,21766.573664403328,858635.6628,11822.346,6079.1863587312055,7581.752902524
09171131,5193.621819534786,212204.8534,3277.602,1450.5266379778702,1873.7688555219997
09171133,10462.58829412045,445547.97959999996,7663.548,2922.0962846649004,3934.1886598679994
09171137,57710.2452088466,589013.7231999999,11643.778,16117.894384378766,5200.991175855998
09277122,134815.12399687635,163407.49730000002,3788.106,37652.51598108759,1442.8882011590001
09277133,600245.7680756358,831218.8759999999,13836.646,167642.6405658443,7339.662675079999
09277151,142821.41733937274,456074.22500000003,10288.63,39888.59364871341,4027.13540675
09277141,57825.558081291616,270242.1892,4794.696,16150.100116523934,2386.238530636
09279135,24064.30627684212,822502.4805,14990.477,6720.920100059235,7262.696902814999
09279122,83224.33763718294,2153603.3241999997,40024.776,23243.72525868882,19016.317352685997
09278167,16660.866687849575,665043.0112000001,17213.038,4653.213457249508,5872.3297888960005
09278113,13276.439322851385,546703.7305000001,13230.423,3707.976738479163,4827.393940315
09278116,6402.188935877357,295384.3765,3501.033,1788.0673479011868,2608.244044495
09278120,3398.0578138854435,191187.1199,2441.605,949.0435668400654,1688.1822687169997
09278134,6113.154232876724,329510.04540000006,4379.809,1707.34284570014,2909.573700882
09278151,5247.6862666655215,236376.9169,5246.383,1465.6262974170133,2087.208176227
09278179,6675.437730459875,334746.56850000005,4578.245,1864.3830037401383,2955.812199855
09278189,6771.060401771961,323661.98549999995,3395.038,1891.0894596108908,2857.9353319649995
09278147,2935.3935829577936,154475.2159,1714.34,819.8260737842821,1364.016156397
09372164,15569.007324770693,784539.0213000001,10195.801,4348.268055735207,6927.4795580790005
09372116,56485.142911105824,1533083.6543999999,30129.418,15775.735563642746,13537.128668351997
09372146,11866.84100458678,545112.0286,7300.733,3314.2900241710418,4813.339212538
09372168,5007.323770295026,268003.8193,4036.684,1398.495455805698,2366.4737244189996
09372175,241.02413873925673,16205.793,3080.203,67.315631708487,143.09715218999997
09372171,34222.36916972285,1291884.6477,15981.275,9557.965485411894,11407.341439191
09372165,6513.905681996341,244306.3173,2745.511,1819.268717924758,2157.2247817589996
09376167,2142.521498121835,96800.2654,695.57,598.3848292104473,854.7463434819999
14521080,3030.193774972807,190325.53710000002,505.96,846.3028194121553,1680.574492593
14521530,25484.929170791514,980754.9259000001,5489.574,7117.685868110361,8660.065995697001
14521700,9059.577832890081,436314.19759999996,2165.661,2530.2494929478707,3852.654364807999
14521035,8266.865270520386,1631044.2975,4527.585,2308.8528014036383,14402.121146925
14524090,11640.67449013343,424967.59150000004,2188.969,3251.123978349365,3752.463832945
14521290,8825.114600501798,257176.0994,1117.955,2464.766256774147,2270.864957702
14521450,46374.63282418215,932523.1832,3647.962,12951.97120146583,8234.179707656
14524010,1869.242156367759,260632.0839,1689.44,522.0606418519513,2301.381300837
14524160,14824.546141591347,722240.2452,3043.275,4140.347491885047,6377.381365116
14524280,539.1522949203267,491194.78670000006,2265.547,150.57984444829802,4337.249966561
14524020,1684.1730446387562,610488.2971,3194.092,470.3726896371582,5390.611663393
14524120,1509.1451929227399,945302.1032000001,3972.223,421.489160931392,8347.017571256001
14524290,7029.362844314806,396877.13830000005,1935.319,1963.2307487886821,3504.4251311890002
14522460,24358.7176084117,1130310.4439,4353.534,6803.146240853303,9980.641219637
14524180,33120.28538666834,2095569.9099,9489.638,9250.1645056426,18503.882304417
16077011,813.1571845487431,44027.8426,352.657,227.10667007261844,388.765850158
14729150,22310.118246192163,915515.9179,4402.465,6230.992924979009,8084.005555057
14729010,17992.663588836458,855957.1364000002,4451.54,5025.171013726134,7558.101514412001
14729160,68681.16840244194,3232113.8627,18287.414,19181.963523118007,28539.565407640996
14729330,3854.6105081099845,205638.74430000002,1170.131,1076.5541688100375,1815.790112169
14729340,10502.42802645572,504667.722,2810.889,2933.223123508818,4456.21598526
14729030,11084.396033366393,577145.3826,2701.567,3095.7609681588997,5096.193728358
14729400,12162.059657959835,534041.955,2662.671,3396.741641871602,4715.59046265
14729380,12381.149736590769,590407.0655999999,2824.938,3457.931309932436,5213.294389247998
14730080,17717.088120845838,727130.1713,4826.639,4948.205541271033,6420.559412579
14730160,20606.31021066027,712537.6028999999,2790.324,5755.136378735307,6291.707033606999
15091020,31611.19161195331,1181908.5106000002,5007.563,8828.689705302439,10436.252148598001
12069076,25285.281037453584,664992.9482,3419.491,7061.926140950411,5871.887732605999
12069448,12057.572431744302,375915.7553999999,2025.145,3367.559404461866,3319.336120181999
12069474,12700.872447559268,280401.40690000006,1425.055,3547.2266658788276,2475.9444229270002
12069470,5374.839038748314,220411.9361,1337.415,1501.1387951320166,1946.2373957629998
12069019,2838.45795051193,133566.43050000002,614.955,792.7529209984768,1179.3915813150002
12069541,6328.344868125559,219414.3897,860.42,1767.4434382187872,1937.4290610509997
12063240,2043.7886045459259,108448.36809999999,683.04,570.8097193636316,957.5990903229998
12063142,3149.030497267491,148745.2961,772.61,879.4927275818375,1313.4209645629999
12068426,5727.468929746798,271414.2208,1043.145,1599.624797388983,2396.587569664
12068306,14684.393441760772,326461.92299999995,1145.794,4101.204244349366,2882.6587800899993
12068452,3295.0993192386277,146108.7651,628.775,920.2882888701563,1290.1403958329997
13071097,2136.4831817490262,80328.1527,481.62,596.6983878306855,709.297588341
13071118,2296.680969788702,82841.832,165.74,641.4400280522865,731.4933765599999
13071124,649.7087152640862,30490.410800000005,1506.369,181.45714708610663,269.230327364
13071077,1572.3112296719564,100358.295,750.381,439.13080333508066,886.16374485
13071007,2530.3396588880864,131204.3478,303.735,706.6985633308536,1158.5343910739998
13071172,2180.9692202792507,121804.34049999999,1001.779,609.1228935317919,1075.5323266149999
13071092,22371.34374206761,905590.9051999999,2094.206,6248.092593722062,7996.367692915998
13072003,2107.52193102531,73251.19570000001,185.09,588.6098001160589,646.8080580310001
13072049,5165.93929566422,164738.3494,822.8199999999999,1442.7951858860597,1454.639625202
13072066,2589.9609181693086,104630.45160000001,498.938,723.3501848355062,923.8868876280001
13072103,1922.8994134991433,89401.1878,271.28499999999997,537.0465771961757,789.4124882739999
13072010,9080.58382153149,222418.35770000002,396.96,2536.1162555155297,1963.954098491
13072035,9871.683359645622,376957.4252,1209.122,2757.0624455154257,3328.534064516
13072037,796.9944831874386,36063.457899999994,74.22,222.5925892094197,318.4403332569999
13072076,938.8249120590274,29238.4281,61.38,262.20440968896577,258.175320123
13073050,4679.469170685049,154690.2482,360.68,1306.9289446806272,1365.9148916059999
13073007,7582.657045415238,220172.6221,568.165,2117.7602862140216,1944.1242531429998
13073022,3999.090607714768,157689.39570000002,495.242,1116.9060158286575,1392.397364031
13073085,5870.257624785553,159599.7,397.395,1639.504252026357,1409.265351
13073082,1093.9836758803726,51420.5022,325.262,305.53870083662923,454.04303442599996
13073094,8053.835678783712,197082.77000000002,702.6,2249.3557667275027,1740.2408591
13073018,1843.2021716483475,79842.48539999999,293.26,514.7879345196669,705.0091460819999
13073053,2258.9759489204807,98807.0473,500.39,630.909392774001,872.466227659
13073069,2464.4660822602978,130210.8945,840.028,688.3007321144785,1149.7621984349998
09189124,12709.698645641281,540326.7644999999,6225.021,3549.691734741153,4771.085330534999
09172134,22026.315539901207,1188324.7948,15838.223,6151.729667139008,10492.907938084
09189150,2894.2193205194603,126312.1281,5151.748,808.3265140278801,1115.336091123
09189152,27683.721169126224,1123357.1109000002,15224.308,7731.786485325262,9919.243289247
09171112,59659.17672852462,1816937.4847,16717.576,16662.21146850964,16043.557989900997
09171124,15071.630412166935,394926.1686,5856.326,4209.355657814103,3487.1980687379996
09171114,6840.902195820127,359746.0714,7001.327,1910.5955742706033,3176.557810462
09171126,3552.9588812226443,183820.4468,5927.157,992.3058859366723,1623.1345452439998
09171129,311.12381654180723,14396.2006,9617.07,86.89377072196133,127.118451298
09277116,60627.73855088155,1793931.977,25852.039,16932.721099875707,15840.419356909999
09277119,24860.79717483711,999510.7088,18994.676,6943.372042960255,8825.679558704
09277134,433.99463765122846,28270.0867,8883.678,121.21036234961159,249.62486556099998
09277153,6404.556173640144,733264.2057000002,16855.119,1788.7284937359557,6474.722936331001
09277111,33724.64717928673,1362883.6724,20426.562,9418.95671070299,12034.262827292
09277131,7723.711293786681,254170.7568,5185.65,2157.1553272416822,2244.327782544
09279113,32800.99016771311,1412387.0837,31800.773,9160.988543940595,12471.377949071
09279137,203458.42258260748,1585555.5740000003,26454.373,56823.90284309644,14000.45571842
09271151,22235.093552992636,704200.4169,12694.723,6210.039278415313,6218.089681226999
09278140,4116.140220086453,201479.5568,3634.564,1149.5968020679454,1779.0644865439997
09278159,16901.25713378473,578636.5241,10799.407,4720.352104894737,5109.360507803
09278192,13571.469103918633,551356.6549,9581.456,3790.375606033435,4868.479262766999
09278118,48412.92270424001,1344422.0999000003,22452.775,13521.24518206719,11871.247142117001
09278139,24666.004980708454,600500.0292999999,9530.342,6888.968531062063,5302.415258718999
09278154,6404.165966295848,338725.6259,5381.361,1788.6195127267674,2990.947276697
09278198,2656.153608568943,159218.35139999999,2391.225,741.83714133722,1405.8980428619998
09278129,7557.241099859001,414491.8348,5341.156,2110.66186677962,3659.9629012839996
09278143,9567.122383195807,450982.10050000006,5073.4039999999995,2672.001610402757,3982.1719474150004
09278178,7864.015297238037,392991.5804,4632.826,2196.3408323656113,3470.1156549319994
09276135,10317.086390499759,537090.4957,8193.423,2881.4590580026775,4742.509077030999
09372143,10083.188485182214,448327.80079999997,7231.181,2816.1337120265403,3958.7344810639993
09372177,12257.467686373579,452846.261,5230.447,3423.3881501272767,3998.6324846299995
09372126,34787.20409154429,1496846.1480999999,18790.076,9715.718230727405,13217.151487722998
09372128,2736.5009354476615,149655.2368,1562.625,764.2773462611773,1321.4557409440001
09372174,6078.339993192802,310809.9968,7503.08,1697.6195766988174,2744.452271744
14521355,9423.638162032832,699804.1372,2969.319,2631.9279022741493,6179.270531476
14521550,31231.648597248088,1263487.261,5169.225,8722.687136725417,11156.592514629998
14521370,1103.7674527878114,599644.594,2620.149,308.2712118891078,5294.86176502
14521590,23667.72963077016,988280.0642000001,4140.893,6610.160208577798,8726.512966886
14521710,2462.853096125033,1095783.5214,4265.273,687.8502412167604,9675.768493962
14521380,30736.258379198036,645143.6658,2728.537,8584.329602726219,5696.618569013999
14521430,12046.502032061548,243195.0325,1246.99,3364.4675525344696,2147.412136975
14524070,13482.718740586148,347942.6771999999,1458.763,3765.588517058305,3072.333839675999
14511000,390173.4144952511,12856292.425399998,49526.495,108971.53293437867,113521.06211628197
14524220,2931.9716236213662,226542.6704,1474.017,818.8703547612113,2000.371779632
14524230,1302.2169466028975,568204.1307000001,2588.1059999999998,363.6961710167232,5017.242474081
14522060,13934.392058179727,904137.5216,3870.754,3891.7363579290154,7983.5343157279995
14522350,9516.516815220482,446003.3852,1834.574,2657.8679813229282,3938.209891316
14522380,4410.7405827651055,293978.7659,1399.843,1231.8757373604662,2595.832502897
14522280,5667.076739601282,241490.2632,1294.997,1582.7578626032418,2132.3590240559997
14522490,9630.33220028206,485892.42659999995,1690.392,2689.6554802167766,4290.430126877999
14522580,6427.98223015886,232724.07040000003,930.401,1795.271157061068,2054.953541632
14729080,23168.748172797317,981745.4831999999,5235.313,6470.799677180562,8668.812616655998
14729410,42179.39128887502,1567180.0606000002,5828.673,11780.282193069903,13838.199935098
14729245,27019.906301375268,1004315.4105,4506.048,7546.389630911098,8868.105074714998
14730190,23134.41909332179,971457.0985,5512.38,6461.211908573842,8577.966179755
14730320,6776.689110662796,323145.7239,1166.671,1892.6615017170122,2853.3767420369995
15091391,58345.48655416704,1559643.6648,10719.963,16295.31093971331,13771.653560183999
12069632,30724.79928070618,1216917.3862,5496.747,8581.129191108428,10745.380520146
12069345,16550.75145216684,275650.5943,1251.575,4622.459373075677,2433.994747669
12069402,11839.805860961098,285614.12789999996,1830.472,3306.7393789078246,2521.9727493569994
12063148,16610.97357644332,864215.7924,3909.259,4639.278810164855,7631.025446891999
12069249,28335.159163804317,1188645.8346000002,6652.327,7913.726602858907,10495.742719518
12063208,56789.51790195034,1954237.3599999999,9875.311,15860.74445483571,17255.9158888
12069460,2092.947385967683,102252.0853,533.06,584.5392754269142,902.885913199
12063228,6280.413840149342,197900.07080000002,1009.165,1754.0567814153096,1747.457625164
12063256,5802.123590199452,92523.7097,161.84,1620.475097506805,816.984356651
12068072,1781.7485242630637,99414.24609999999,317.225,497.62454534143103,877.8277930629998
12068413,1848.6436164058355,89959.078,376.73,516.3076756259858,794.3386587399999
13071032,261.0360799712997,17713.836499999998,454.959,72.9047667751843,156.41317629499997
13071039,8918.310617368687,175166.39190000005,725.545,2490.7949723249003,1546.7192404770003
13071109,8656.221914100672,276185.66320000007,789.86,2417.5962183891766,2438.7194060560005
13072004,3905.3760920226073,146517.06300000002,532.809,1090.7324887409939,1293.7456662900001
13072031,485.0422056411912,21244.2651,564.145,135.46743761352826,187.586860833
13073039,530.1717349778215,28184.149299999997,29.05,148.07166386195576,248.86603831899995
13073093,8791.818442789167,357191.5512,1423.99,2455.466972886586,3154.0013970959994
13073096,7057.264099622822,263493.5018,569.6949999999999,1971.023290383658,2326.6476208940003
13073097,1149.4779263734754,53235.36,267.755,321.0376900568479,470.0682288
13073051,3684.2867747996906,132418.8485,414.625,1028.9844533338055,1169.258432255
09172112,9827.707048754819,519913.5317,5732.793,2744.7803016467333,4590.836484910999
09189118,19271.1218228046,594918.1576,11437.47,5382.231613891096,5253.127331608
09171118,40813.38463583662,442533.71140000003,7421.002,11398.770194942808,3907.572671662
09171123,8012.95982390616,422615.18909999996,8263.5,2237.9395492187514,3731.692119752999
09171130,3599.8812118527526,142711.8709,2702.029,1005.4108236583552,1260.145820047
09171115,384.55448253635507,229256.8874,6198.271,107.4022214275786,2024.3383157419998
09277148,16688.891230216595,710066.4184999999,14152.179,4661.040431687193,6269.886475354999
09277154,8257.56338459899,517388.8291,9310.178,2306.254877684652,4568.543360952999
09277124,31175.25713442752,853790.1929000001,17089.581,8706.937565074262,7538.9674033070005
09277139,15368.97569127528,596730.6860999999,10965.248,4292.401220816273,5269.131958262999
09277144,13030.311748903481,461079.3359,9841.941,3639.2357683512532,4071.3305359969995
09271152,17321.49325040848,314440.3926,8291.634,4837.7198499065835,2776.508666658
09271111,16629.42248285791,453546.9823,9212.836,4644.431405237386,4004.8198537089993
09271139,46102.74859696168,249031.7207,8253.912,12876.036655645428,2198.950093781
09271143,60716.737708567875,353735.6113,7313.292,16957.57767462592,3123.4854477789995
09271146,112735.1097099047,1899775.1372000002,20676.342,31485.788790879284,16775.014461476
09271140,9934.416750735985,524139.8844,7644.975,2774.583254313053,4628.1551792519995
09278149,6691.229327360528,276966.5296,4366.096,1868.7934388385218,2445.614456368
09271116,9365.564499632466,645006.4974999999,8466.508,2615.7085091023514,5695.407372924999
09278171,2372.5520963533145,135697.0766,1485.89,662.6300749905172,1198.205186378
09278187,9078.46913785836,494322.1226,7593.887,2535.525645512461,4364.864342557999
09276111,3599.8283314730634,206741.79179999998,2410.299,1005.3960546971118,1825.5300215939997
09276128,13623.791665791068,638996.4156,9789.185,3804.988774338787,5642.338349747999
09276144,34626.01572983624,1345908.3543,15383.86,9670.699933185962,11884.370768469
09278184,5645.334778033834,315400.4656,4895.435,1576.6855501570692,2784.986111248
09372115,6508.062432816208,314559.0274,4607.319,1817.6367568612384,2777.556211942
09372137,28929.91544234674,1268687.3268,12932.267,8079.836083893021,11202.509095643998
09372112,10678.102266602455,442873.40150000004,5453.721,2982.2871820393993,3910.572135245
09372117,3242.1626512184243,147253.1361,6039.123,905.5036068587937,1300.2451917629999
09372130,4453.480549297237,246411.18310000002,2619.141,1243.8125826132252,2175.810746773
09372151,5253.826847366956,302018.93559999997,3994.688,1467.341300201117,2666.8272013479996
09372155,2308.0947026629765,123251.70449999999,4902.777,644.6277695067427,1088.3125507349998
14521180,11564.424123655594,386693.75880000007,1398.667,3229.8280134957704,3414.5058902040005
14521260,8922.768021859232,549544.5052,2272.67,2492.0398808250648,4852.477980916
14521120,640.259796339368,470713.7641999999,2558.338,178.81815851962207,4156.402537885999
14521310,2755.3735645609686,580546.1296000001,3402.986,769.5482828462328,5126.222324368
14521410,10762.289404170151,667721.4139,4140.766,3005.7998076906815,5895.980084737
14521420,264.14354382057286,246246.61159999997,952.574,73.77265035364779,2174.3575804279994
14521620,802.9158882049925,431169.0218,1403.715,224.24637841677233,3807.2224624939995
14522260,10180.630373323622,536272.678,1632.13,2843.3482569655544,4735.287746739999
14522070,7738.070960411638,383882.9099,1805.001,2161.1658385333662,3389.686094417
14522290,6301.911781519809,325874.2115,1807.639,1760.0609414606672,2877.4692875449996
14522550,4219.3964642216515,264013.78369999997,1354.313,1178.435238492465,2331.2417100709995
14522120,12239.347657586419,469810.4435,2279.481,3418.3274072873105,4148.426216104999
14522530,4587.5306968916275,293168.8332,1354.8,1281.2514483348625,2588.6807971559997
14522600,6308.5292783284685,169592.14910000004,1191.826,1761.909142144358,1497.4986765530002
14522310,19648.787408702396,919444.5688,6114.843,5487.709835376491,8118.695542504
14730045,27941.383722689166,1195084.9756,5941.204,7803.749059909856,10552.600334547999
14730100,7368.140350385069,364091.1674,2109.543,2057.8479184590456,3214.9250081419996
14730090,11990.341048761882,374058.56200000003,1547.488,3348.7823515087057,3302.93710246
15091145,241086.3734181785,2828642.8873999994,15556.28,67333.01323196306,24976.916695741995
12072297,30637.449637753478,1067485.2761,5208.61,8556.733309328169,9425.894987962998
12069017,38312.25730514125,1585838.3061,8396.851,10700.230342752899,14002.952242862999
12069052,5046.2866365505015,245863.8923,1932.628,1409.3773947221894,2170.978169009
12069056,1488.029195493105,102701.2657,1453.05,415.59167400926924,906.852176131
12069590,11892.452474945709,708077.7594,5632.593,3321.443051727587,6252.326615501999
12069656,41393.68957846559,2070517.8364,11458.122,11560.843562369655,18282.672495411996
13071099,9230.145516438777,499481.4953,3179.441,2577.887341286186,4410.4216034989995
13071056,2425.2748861475175,134017.1438,339.355,677.3550229521401,1183.371379754
13071144,717.5806937604735,45361.50039999999,272.695,200.41311196036264,400.54204853199985
13071174,2470.5787562744063,125432.82370000002,608.125,690.0079408398789,1107.571833271
13071060,1254.1181503875086,66751.91859999999,75.58,350.2626582217273,589.4194412379999
13071084,2945.0239179660502,120401.94499999999,204.965,822.5157300487381,1063.1491743499998
13071142,638.1810214489705,31244.096400000002,1628.242,178.23757748048294,275.885371212
13071027,9310.963372367269,222353.0675,1982.305,2600.458960268454,1963.3775860249998
13073016,3487.5318299664405,125207.66850000001,479.725,974.032764791327,1105.583712855
13073032,4419.604829740382,154361.28679999997,199.255,1234.3514328981912,1363.0101624439997
13073020,1880.6268263229053,60658.41620000001,160.075,525.2402663237242,535.613815046
13073024,2961.6146760306683,167823.583,435.37,827.1493628686053,1481.88223789
13073033,2771.349486119491,127675.25969999998,680.843,774.0101979783126,1127.3725431509997
13073034,2904.794539699511,118268.25399999999,570.777,811.2800669926763,1044.3086828199998
13073057,1033.7073038262165,65595.0109,77.335,288.704112885624,579.2039462469999
13073076,2934.9724527506137,170549.374,408.96000000000004,819.7084563287189,1505.95097242
13073036,2766.2807041444566,83785.2923,212.46,772.5945378605053,739.824131009
13073042,530.1339693947019,32441.241200000004,103.185,148.0611163122463,286.456159796
13073060,7998.713977946543,365279.12659999996,1350.377,2233.96082690069,3225.4146878779993
09172111,24465.99521320998,975926.073,9777.735,6833.107803097415,8617.42722459
09172114,54.42015062122485,3075.3378000000002,5941.66,15.199003867001887,27.155232774
09172118,28991.117233570985,1202225.8106,8755.98,8096.92913216404,10615.653907597998
09172128,1432.739617943079,83044.8315,4689.575,400.1498478953225,733.2858621449999
09172122,8140.364011703706,406155.66579999996,7809.198,2273.5222648287277,3586.3545290139996
09277127,8179.920665622282,331657.08160000003,5711.94,2284.5700427016473,2928.532030528
09277128,6283.016822169574,746879.9200000002,15435.813,1754.7837682637403,6594.9496936000005
09277140,7982.541865289493,367926.1619,8507.245,2229.4441175567026,3248.7880095769997
09277145,77332.59934446037,1231810.0695999998,17898.595,21598.221670914336,10876.882914567997
09277149,30660.422756617543,1059829.9656999998,19809.51,8563.149471695713,9358.298597130997
09277152,51862.757261798826,493742.117,10194.918,14484.749475647794,4359.74289311
09277114,142403.26729201394,754756.979,11589.826,39771.808521986575,6664.5041245699995
09277138,60212.757206143346,1469167.5382999997,23503.711,16816.820960103774,12972.749363188996
09277126,110075.43363176702,435620.5747,8455.745,30742.96785901621,3846.529674601
09277142,5090.482369632294,665600.0728,14586.216,1421.7208210146032,5877.248642823999
09271141,39807.95715093848,2045190.0775000001,40742.695,11117.964352685607,18059.028384325
09271118,4790.9553489907175,195476.9998,6355.985,1338.0659194196173,1726.0619082339997
09271135,7259.025066495302,377376.83849999995,7746.863,2027.3731108214727,3332.2374839549993
09271119,91643.5911698164,3120220.3644,35528.716,25595.13857781802,27551.545817651997
09271132,7846.643051397659,427321.24720000004,7048.521,2191.488937824852,3773.246612776
09271122,5817.004296807334,386388.0734,5619.514,1624.6311300553202,3411.8066881219997
09276123,2587.8514104524966,169773.1041,2000.582,722.7610204252777,1499.0965092029999
09276122,5912.88105256795,329548.9328,4976.759,1651.4085491717026,2909.917076624
09276134,4479.399206112201,284998.3949,3070.685,1251.0514042750765,2516.535826967
09276142,3949.6760810442343,238556.5744,4000.194,1103.105032674844,2106.4545519519997
09276113,8688.211927321257,375152.318,5198.72,2426.530709181554,3312.59496794
09372113,8560.843812857667,410775.45810000005,5063.842,2390.958068493018,3627.147295023
09372124,16244.219585962608,822297.3210000001,9953.236,4536.848088163497,7260.88534443
09372135,5109.358238750397,326616.797,3627.73,1426.9926625005983,2884.02631751
14521510,5073.696470084585,199289.5326,990.535,1417.0326871299235,1759.7265728579998
14521520,7827.111964758414,198353.40439999997,1007.03,2186.0341006373774,1751.4605608519996
14521160,9694.491307334572,366587.6193,1500.298,2707.5744772254725,3236.968678419
14521210,8905.991128542035,357077.61340000003,1130.641,2487.3542622905047,3152.995326322
14521610,1669.0836524753415,72135.2245,414.335,466.1583732998381,636.954032335
14521630,6433.155608825822,330838.87570000003,1436.135,1796.7160299889638,2921.307272431
14521640,3123.39573431699,297392.3246,2140.191,872.3331946373921,2625.974226218
14521010,365.15267411441977,329235.32690000004,1800.934,101.98349035341629,2907.147936527
14521040,280.6557882798169,213693.5226,881.833,78.38435510867005,1886.9138045579998
14521200,408.22874256091654,287894.4456,1869.2630000000001,114.01420550983838,2542.1079546479996
14521230,241.3511318156398,171493.47220000002,875.745,67.40695760479004,1514.287359526
14522010,4374.125365632049,220090.38949999996,1343.463,1221.6494733673749,1943.3981392849996
14522330,22023.99343336526,893291.6000999999,6495.683,6151.081126004583,7887.764828882999
14522190,9993.79767524575,400708.0268,1872.859,2791.1677527193856,3538.251876644
14522360,28966.504249382422,1165700.094,3862.787,8090.0549718100165,10293.13183002
14522570,18953.289139595763,640419.1803,3821.505,5293.4641237977,5654.9013620489995
14522250,20438.51298090199,736262.6618,4820.262,5708.272290436116,6501.199303693999
14730200,17381.174687456416,758899.7948,2400.854,4854.388278459702,6701.085188084
14730330,32605.904228265936,760310.4608,3373.957,9106.502991912392,6713.541368863999
14730060,17365.290158243075,711416.3101,2789.435,4849.951888295708,6281.806018183
14730310,61253.97116192671,2126097.3627000004,9180.347,17107.62160581451,18773.439712641
14730120,7024.355134984352,275176.5797,1808.365,1961.8321456497795,2429.8091987509997
12072169,30589.012935533705,1231558.1291,5288.393,8543.205422765208,10874.658279952999
12072312,46051.97112302427,1458230.6209,5717.101,12861.855014949448,12876.176382546999
12069596,10134.434106815708,413946.0719,2036.942,2830.446101692559,3655.1438148769994
12054000,136081.5943032394,5221508.504299999,27206.773,38006.22847295173,46105.92009296899
12063036,19547.52827986815,1016940.7716000001,9634.502,5459.429173284376,8979.587013228
12063357,70169.86193774456,904362.9637000001,5847.484,19597.740740592675,7985.524969471
12063273,18700.4351728504,905059.6253000001,6470.275,5222.844539425388,7991.676491399
13071159,11785.187481100686,466476.43250000005,2304.429,3291.48501159661,4118.986898975
13071167,3831.6375929659766,184312.0709,610.6850000000001,1070.1380633394676,1627.4755860469998
13071147,2168.677583485548,138027.4627,699.873,605.6899622916786,1218.782495641
13071005,2862.4286027075955,118725.41470000001,258.21500000000003,799.4476844502043,1048.345411801
13071110,36625.80876835626,1703681.4512,5571.289,10229.22213091422,15043.507214095998
13071101,5692.39301307696,273972.6934,803.63,1589.8284446222642,2419.178882722
13071115,14561.538034104651,588829.3809,2518.04,4066.8919575450877,5199.363433346999
13071015,887.8637005935036,43733.0542,90.5,247.9714529387596,386.16286858599995
13071018,1032.0861297575723,57705.4657,113.32300000000001,288.25133517999234,509.539262131
13071070,2525.8003467424955,108168.71599999999,370.00600000000003,705.4307788417116,955.1297622799998
13071074,976.2737377048546,51532.011699999995,256.57,272.6634922035888,455.0276633109999
13071123,1479.89665811077,72462.6498,227.79999999999998,413.32033764375694,639.845197734
13071014,4538.498725618966,172837.8907,1159.412,1267.5573090781209,1526.1585748809998
13071096,1121.6363359192028,62228.0943,213.26999999999998,313.2618122588741,549.474072669
13071131,1353.1694352389293,65906.24,464.83500000000004,377.92669156788054,581.9520992
13071139,1206.3068357517318,62570.8913,245.91,336.90943615710114,552.500970179
13071150,1298.1474390397113,73028.57070000001,378.118,362.55959824940095,644.8422792810001
13071029,30904.457689893166,1156385.1325999997,4893.499,8631.305988210263,10210.880720857996
13071112,4437.411286868557,143124.5615,509.265,1239.3245983095192,1263.789878045
13071157,8753.338953612129,90059.591,213.155,2444.720036354331,795.22618853
13073029,4018.24147451539,139563.2776,754.916,1122.2546614174032,1232.343741208
13073062,2776.5445067724477,97598.1939,416.915,775.4611152964769,861.7920521369999
13073086,3223.093330450315,112775.34520000001,428.87,900.1777362614685,995.806298116
13073098,3413.8612780685144,128260.517,1373.746,953.4573163517554,1132.54036511
13073102,5813.870419318625,178797.40290000004,634.309,1623.7558694114987,1578.7810676070003
13073041,2242.2799611750115,72535.1976,146.3,626.246370356569,640.4857948079999
13073087,4380.643594123635,260026.3997,1080.499,1223.46994940279,2296.033109351
13073005,5677.508149758908,137518.9214,602.831,1585.6712511461653,1214.292075962
13073061,2068.6278449035367,114287.63249999998,600.123,577.7470708031087,1009.1597949749997
13073066,2239.56159999541,111315.77490000002,397.262,625.4871592627179,982.918292367
13073037,2107.820156143348,111721.31079999999,513.197,588.6930914092757,986.4991743639998
09277147,10041.579408939724,275202.4273,5987.441,2804.5127131227755,2430.037433059
09277113,42724.055615287005,1148298.1061,17181.007,11932.401492793508,10139.472276862998
09275112,33665.662943624804,408383.3737,6909.15,9402.48300352497,3606.0251897709995
09275114,32155.130042864665,947239.3378,13923.305,8980.60626967167,8364.123352773999
09277117,146260.84340907197,514983.4666,8701.32,40849.19095571971,4547.304010078
09271128,12476.662851804986,627892.4892000001,13680.161,3484.6071678806143,5544.290679636
09271125,37777.31552733482,1174033.7452,16741.019,10550.82645362934,10366.717970115998
09271138,4371.418694252624,218346.4756,3359.585,1220.8935271178152,1927.999379548
09271153,10547.041340326323,551276.8249,8740.757,2945.6831759397387,4867.774363867
09271113,5630.512226233893,371992.4206,5497.19,1572.545759664864,3284.693073898
09271148,4466.251193613563,269627.55360000004,3513.865,1247.379295864332,2380.811298288
09276116,8925.770154803446,523706.72659999994,7169.422,2492.8783465350543,4624.330395877999
09276138,36634.542531796425,1491790.9501,19456.018,10231.661383705423,13172.514089383
09276146,6168.255909006936,359702.1672,5045.65,1722.7321928265471,3176.170136376
09276117,8215.550823898517,520128.40559999994,4896.635,2294.5211896066166,4592.733821447999
09276118,3801.3203258409326,246671.76750000002,2876.201,1061.670753804114,2178.1117070249998
09276120,7147.02878625225,426556.47079999995,5135.196,1996.0936697123907,3766.493637163999
09276143,12711.054236636624,460876.44180000003,6301.947,3550.0703377502427,4069.538981094
14521060,3932.3483770977573,187011.60869999998,962.473,1098.2655782396325,1651.3125048209997
14521020,34570.20094980629,1291510.2842,3930.578,9655.111423271399,11404.035809486
14521340,4698.297358704251,211688.23690000002,1043.931,1312.18746931251,1869.207131827
14521400,11859.198094213036,350642.99870000005,1377.461,3312.1554357327586,3096.1776785210004
14521150,2214.3677358108343,522452.7995,2523.135,618.4507649346078,4613.258219585
14521240,319.00078842367094,277124.9751,1108.034,89.09373019884706,2447.0135301329997
14521250,7597.3717085611,345286.2613,1187.755,2121.8699444840295,3048.877687279
14521670,6458.273478475683,418405.3262,1539.244,1803.7311998034734,3694.519030346
14521220,461.4125170892946,357861.95820000005,2724.7309999999998,128.86790189786907,3159.9210909060002
14521690,1173.7566130197981,664015.4519999999,2882.975,327.8184844502994,5863.256441159999
14522020,1151.716711444539,400005.0213,1925.599,321.66296033934526,3532.0443380789998
14522140,2296.383037169049,746243.7857,3011.204,641.3568184509437,6589.332627731
14522420,2360.307677153367,414380.5378,2325.798,659.2103311521638,3658.9801487739996
14522150,29877.200724512826,1253509.1130000001,4867.025,8344.403390349187,11068.48546779
14522500,21537.353990296964,519106.9048,2558.541,6015.167595950039,4583.713969384
14522300,7077.647361047312,263716.3494,1751.98,1976.7161314669038,2328.615365202
14522080,45890.770282186626,2118256.2101,11201.869,12816.833232111901,18704.202335182996
14522220,11900.497336775068,381238.7092,2544.859,3323.6899011879086,3366.337802236
14522275,22538.147932401458,783192.6261,1967.885,6294.679336040403,6915.590888463
14730230,46432.82966891333,1531614.8808,4800.015,12968.224998230802,13524.159397463998
14730050,17141.861902656292,456089.4885,2620.063,4787.550610792876,4027.2701834549994
14730170,15104.37704702284,562288.247,3040.737,4218.501465463009,4965.005221009999
14730030,19863.225901310794,770360.2642000001,4040.097,5547.600361977092,6802.281132886001
12069397,20478.231395465846,1154590.6264,8471.007,5719.3652464396555,10195.035231111999
12063056,16146.072921424426,509542.7151,6863.966,4509.436706224627,4499.262174332999
12063080,40730.01706117771,1817194.6128,21666.586,11375.486465016322,16045.828431024
12065251,70285.2730252182,1471077.5926,9298.68,19629.973903213187,12989.615142658
12068372,2272.1608180585104,87633.0895,374.368,634.5917948755613,773.800180285
12065198,32839.74214377262,1477063.3607,6436.736,9171.811583334254,13042.469474981
12068437,2531.326664573531,120571.13379999998,336.76,706.9742241487414,1064.6431114539998
12065301,3960.481687817045,195864.12689999997,457.589,1106.1229305904224,1729.4802405269995
13071119,930.9550209079632,57328.121,265.076,260.00642778938504,506.20730842999996
13071012,1195.4960350050635,84367.4725,398.27,333.8900876165642,744.964782175
13071066,1797.8661800788057,90207.70180000001,235.975,502.1260454342096,796.5340068940001
13071075,1962.4803582302422,104068.47,645.545,548.1011392501243,918.9245900999999
13071102,2650.134017712956,103012.4108,188.70499999999998,740.1559298070514,909.599587364
13071173,1925.2665183256772,82442.9994,356.59,537.7076859031783,727.971684702
13071068,3941.10615139069,121078.97750000001,356.977,1100.7115370219058,1069.127371325
13071079,2057.6067496753885,104982.4191,283.06,574.6689891168393,926.994760653
13071127,4416.1790945926095,162969.3276,869.94,1233.3946593287699,1439.0191627079998
13071072,487.51801859989087,32929.451400000005,41.025,136.15890741476352,290.767055862
13071081,1567.5382529818942,59975.5147,182.995,437.7977586753132,529.583794801
13071089,2021.7898052837356,59556.71690000001,58.370000000000005,564.6656747176945,525.885810227
13071163,3807.4060986851505,134296.89250000002,782.4449999999999,1063.3704493017756,1185.841560775
13071008,1725.0067571175623,95947.0264,330.465,481.77713719536393,847.212243112
13071064,412.201923645401,27730.0783,81.105,115.12387525492403,244.856591389
13071128,2947.564778265143,128953.96839999998,514.375,823.2253669216718,1138.6635409719997
13075082,13689.212132486446,497265.72789999994,2317.126,3823.260056482139,4390.8563773569995
13073089,27933.98720143584,730029.2357999999,2857.624,7801.683285489015,6446.158152113999
13073035,29722.025694943623,1021580.9211000002,5432.376,8301.064556340803,9020.559533313
13073023,2533.586166649143,128461.46429999999,398.2,707.6052804834391,1134.3147297689998
13073054,4180.30627758183,157610.0768,1028.522,1167.5177402658292,1391.696978144
13073099,3653.7567143770702,145425.0331,1057.275,1020.4577127583719,1284.1030422729998
13073104,1987.132035858469,131767.3511,580.005,554.9861062949118,1163.505710213
13073046,7220.405771202058,274638.10059999995,915.2620000000001,2016.5871278390225,2425.0544282979995
13073068,3112.4449552761234,185417.8162,941.142,869.2747515590685,1637.2393170459998
13073088,97807.57828200469,3301033.9820000003,14194.25,27316.67853838109,29148.13006106
13073044,2333.086585082986,90537.7212,420.75600000000003,651.6077523478272,799.448078196
09275131,5884.9708301864775,350041.31719999993,6371.7390000000005,1643.6135031627812,3090.8648308759994
09275132,6160.77527263975,301485.5108,4877.852,1720.6429258955557,2662.117060364
09275143,20291.652062034893,910217.3104999999,11368.14,5667.255504405725,8037.218851714999
09277118,9575.564612956969,444352.4033,6634.86,2674.3594407527517,3923.6317211389996
09275124,26504.964190497612,1302345.565,21063.062,7402.571448764078,11499.71133895
09275125,11880.907727676507,625315.1451999999,10102.088,3318.2187192627716,5521.532732115998
09277112,5067.292962500327,321847.3217,4896.795,1415.2442514967163,2841.9118506109994
09275117,5232.374980172824,273844.51159999997,4558.885,1461.3500082124679,2418.0470374279994
09275138,28527.113235246175,1312213.2491000001,20581.989,7967.337455471904,11586.842989553
09275127,16305.864757544874,615623.2663,10641.954,4554.064968134708,5435.953441429
09275154,56663.94522409759,2298042.7434,28546.881,15825.673261638214,20291.717424222
09271127,5052.098274277344,311712.50769999996,6499.759,1411.0005270229194,2752.4214429909994
09271149,122375.29940537403,718347.4288999999,11056.068,34178.19737092691,6343.007797186999
09271123,41534.155534870835,256401.43550000002,3803.934,11600.074299334075,2264.024675465
09271126,62974.107092184786,181101.0098,4181.981,17588.038369776288,1599.1219165339999
09271130,7101.389626415306,275767.6098,5246.68,1983.3471087615308,2435.0279945339994
09276126,35223.81763723978,709333.1446000001,10251.095,9837.660027904698,6263.411666818
09276139,9205.360612149374,510546.5874,7651.491,2570.9651653671986,4508.126366742
09276129,4658.024096683856,271486.0757,3332.42,1300.9395499628342,2397.2220484309996
09276115,3499.4091419749884,183942.5581,1048.13,977.3499792621944,1624.2127880229998
14521090,90.1102283872062,98021.04830000001,521.9449999999999,25.16688568626282,865.525856489
14521270,2303.534486376112,339879.3896,1760.484,643.3541466999843,3001.1350101679996
14521495,22755.02551215466,916926.0044,4841.802,6355.251075289675,8096.456618851999
14522320,6550.088866794741,434711.8152,2300.098,1829.3743196071032,3838.5053282159997
14522440,30729.949158285992,985114.6488,4696.893,8582.567500417694,8698.562348903999
14522230,25057.5767577244,957493.0314,4505.137,6998.330612664848,8454.663467261998
14522540,25641.306104571566,697013.9995,2937.511,7161.360381945792,6154.6336155849995
14522510,20572.656828050665,792196.5192,4686.748,5745.73732550627,6995.095264535999
14730210,14276.5073657676,367225.91740000003,1794.161,3987.2857421852327,3242.604850642
12062128,22359.41933506565,1005647.2952999999,5962.633,6244.762226090485,8879.865617498997
14730010,8689.453763061743,401635.90319999994,1591.555,2426.877541485514,3546.445025255999
12062461,21650.2645593357,842114.7957,4112.249,6046.702388776867,7435.873646030999
12072298,28780.236641311163,960942.3242,4024.394,8038.0322915517945,8485.120722685999
12072232,45668.71788656853,2034029.5159,7248.641,12754.816218539723,17960.480625397
12069454,12066.237414248782,717523.2836999999,4719.892,3369.9794474255423,6335.730595070999
12072240,115113.19887793994,2737386.6044,12935.027,32149.965314619843,24171.123716852
12072426,41696.35258905214,1441884.7181,6762.236,11645.374314596373,12731.842060822999
12069604,27640.383451272264,1314567.4367999998,10785.368,7719.68269410583,11607.630466943998
11000000,3300659.0742479903,113964543.00239998,351555.588,921841.0728467212,1006306.9147111918
12065136,43655.72787985029,1529364.6200000003,5325.758,12192.608239563386,13504.289594600003
12065256,140487.07072415182,4224365.0228,18042.539,39236.63398254836,37301.143151324
12065332,30654.738265749314,1060584.0461,3770.261,8561.561850241125,9364.957127062999
12065276,2771.226537427516,66703.35339999999,239.725,773.9758596381309,588.9906105219999
13071042,966.2786422886832,47463.299399999996,149.435,269.8719620048063,419.1009337019999
13071025,2554.6616161755032,133459.8451,575.245,713.4914427816562,1178.450432233
13071010,3103.841436474576,103496.7821,443.96,866.8718747929843,913.8765859429999
13071107,119399.86792729062,3675285.1619999995,14932.626,33347.18911341299,32452.767980459994
13071166,2260.6621896899037,154517.2197,991.6030000000001,631.3803429584932,1364.3870499509999
13071016,5917.839125614522,90419.70610000001,445.894,1652.7932893928798,798.406004863
13071160,3760.0654262028665,93296.7231,293.225,1050.1486728841985,823.810064973
13071002,658.8529889508505,44070.256299999994,112.7,184.01105128408304,389.1403631289999
13071059,6.680736439683656,95404.1686,150.65,1.8658628802392483,842.4188087379999
13071120,1.2907295867505781,54095.6483,117.81,0.36048786628356894,477.66457448899996
13071125,1119.830037837853,58849.5613,347.915,312.75733126773395,519.641626279
13071146,4116.204014210178,105447.47390000001,408.8,1149.6146191287605,931.1011945370001
13071041,1681.3282330674747,71020.8263,77.075,469.578162213415,627.1138962289999
13071065,3601.5924663202986,116589.2466,369.515,1005.8887599185962,1029.483047478
13071148,2671.0031074651306,102298.2604,416.34499999999997,745.9844578839363,903.2936393319999
13071076,4871.429936000621,140697.27049999998,612.1850000000001,1360.5416668256132,1242.3568985149998
13071136,4986.489575242841,123073.96669999999,376.805,1392.676673469573,1086.7431259609998
13075123,5804.465099550848,194882.70930000002,912.68,1621.1290576535564,1720.814323119
13073090,20380.51519823492,827670.7036999998,2888.832,5692.074089715031,7308.332313670998
13073003,1950.7848631582244,135488.918,911.106,544.8347044314605,1196.36714594
13073038,2395.5191158363696,119393.8663,563.48,669.0445338619396,1054.247839429
13073073,5062.941409342409,187308.46730000002,1212.525,1414.0289062152415,1653.933766259
13073095,4076.614355044027,155037.5088,1024.913,1138.5576232202461,1368.981202704
13073081,2069.1184587762477,106388.9576,375.795,577.8840943516182,939.4144956079999
09275130,4829.677897933158,403097.845,4673.69,1348.8807401137517,3559.3539713499995
09275141,51126.879182770586,2006851.3126,32479.857,14279.226086955996,17720.497090258
09275149,8138.923547005125,401930.9022,7673.679,2273.119957443061,3549.049866426
09275122,28390.923965838447,1304290.1687999999,24362.273,7929.301154419019,11516.882190503999
09275145,28262.365416326138,1175861.872,22007.477,7893.396037125726,10382.860329759998
09275159,17603.382794591646,840320.3199,14098.503,4916.4487807015,7420.028424716999
09271114,5416.610242705752,306714.0171,4681.2,1512.8050746852894,2708.2847709929997
09272150,7728.370405693593,399283.05700000003,5402.179,2158.4565706061635,3525.66939331
09272152,102226.02406955688,220633.24599999998,3660.079,28550.70626238654,1948.1915621799997
09275111,15346.024166117788,468975.7912,6815.2,4285.991089355037,4141.056236295999
09275120,15064.211720159798,642845.9034000001,9772.258,4207.28369132343,5676.329327022
09272128,70077.64263301145,276779.59290000005,3778.23,19571.984810973765,2443.9638053070003
09272145,148326.32189706468,212591.3001,3393.93,41426.05844263119,1877.1811798829997
09276127,6387.03681603716,349868.5493,5513.257,1783.8355123510182,3089.3392903189997
09276148,21623.42648420424,1079435.6395,9561.888,6039.206782773402,9531.416696785
14521460,32957.00498793307,1269613.1044,6315.131,9204.561923079826,11210.683711852
14522050,26764.026790164036,1022641.4547000001,3584.036,7474.925042224913,9029.924045001
14522110,15078.57901773648,482312.01800000004,1790.736,4211.296333863621,4258.81511894
14522210,22631.481045820576,835886.9855,3796.531,6320.7463412872285,7380.882081964999
14522430,7168.15313579592,396082.5094,1403.748,2001.9934892964425,3497.4085580019996
14627180,20930.835732147065,1555558.9031,7435.279,5845.7731116313535,13735.585114373
14627130,3618.3394852844754,693327.3596,2887.175,1010.5660348451011,6122.080585268
14627230,83793.18982060785,2414821.9033,8258.146,23402.599984997563,21322.877406138996
14627260,10861.495004604338,396319.2913,1999.79,3033.506939835945,3499.4993421789995
14627270,13340.674364342442,465611.85730000003,2556.135,3725.9169432172002,4111.352699959
14627360,34324.28491908117,836982.1894999999,3245.113,9586.42953505018,7390.552733284998
12062024,38944.11060030641,1478236.9238,6888.008,10876.700649559578,13052.832037154
12062341,18645.85964958028,711738.2847,2284.855,5207.602141531276,6284.649053900999
12062500,29649.3428159807,1085620.5019,4933.364,8280.76495507525,9586.029031777
12069616,36391.13124576336,1705750.3905,12353.692,10163.67904562925,15061.775948114999
12072120,151727.05807953724,1465670.5644999999,6549.885,42375.85005103395,12941.871084534998
12069304,17023.62621103697,1031931.6398,7971.896,4754.528564480515,9111.956379434
12065144,26955.465266029063,1796533.8026,13688.033,7528.391894149257,15863.393476958
12065036,8995.636577129544,622181.5336,4262.202,2512.39133962651,5493.862941687999
12065180,7949.347548621331,528837.3018,2971.819,2220.1732768544516,4669.633374894
12065356,53949.426149932144,1951074.5775000001,5709.323,15067.535229414547,17227.988519325
13071162,2761.767443739396,106539.64179999998,395.355,771.3340293619759,940.7450370939998
13071011,12323.35374026042,317292.3996,1734.809,3441.7894661173323,2801.691888468
13071055,3961.472730952934,167827.209,705.04,1106.3997190278449,1481.91425547
13071067,2642.4237959405605,94700.30409999998,893.81,738.0025419682391,836.2036852029997
13071021,21688.72661404455,639897.0639000001,2438.616,6057.444456036502,5650.291074237
13071004,2105.4775873644735,650518.2891,2339.235,588.0388353750237,5744.076492753
13071057,2218.5934929104533,99195.444,507.29,619.6309766349605,875.8957705199999
13071104,2747.4899343831794,58551.0546,262.468,767.3464637738781,517.005812118
13071145,2590.957685115948,125604.6932,936.055,723.6285718760331,1109.0894409559999
13071161,741.2735856337852,49448.5046,459.21,207.03029973165985,436.630295618
13071170,1919.862852925363,50509.17630000001,142.67000000000002,536.1984961935246,445.99602672900005
13071022,4253.670278486181,160179.293,686.068,1188.0075720784055,1414.38315719
13071044,647.8402024182969,55859.8802,195.262,180.93529013340614,493.24274216599997
13071049,3041.102351813731,74963.8141,250.96,849.3494758380568,661.930478503
13075002,3764.490583244303,135822.00890000002,276.555,1051.3845749943014,1199.308338587
13075070,6409.925231727652,164009.9462,374.82599999999996,1790.228017969216,1448.2078249459998
13075009,6411.485112879268,187230.36920000002,790.985,1790.6636771760507,1653.244160036
13075134,2503.010737925992,88417.8806,405.175,699.0658689953503,780.729885698
13075027,4774.596313600595,152925.7125,555.88,1333.49700442551,1350.3340413749997
13075036,3747.810399194183,144900.7229,647.834,1046.7259663909433,1279.4733832069999
13075076,1617.0983322537375,70721.7541,186.78,451.6393932151463,624.473088703
13075141,2464.845187603937,156944.3015,1039.175,688.4066124459035,1385.818182245
13073065,4463.3627952459,195221.9374,797.791,1246.5725950842273,1723.8097072419998
13073079,5265.427379680701,226650.45739999998,1071.46,1470.581212871023,2001.3235388419996
13073021,2145.680207757402,102749.10190000001,311.67,599.2670252245648,907.274569777
13073028,3158.481124160367,151568.5661,500.697,882.1321931667488,1338.3504386629997
13073092,3536.752484295767,152055.6906,520.336,987.7796013389647,1342.651747998
13073101,3583.7406579826093,188229.8923,492.145,1000.9029283679629,1662.0699490089999
09275133,19578.122166842848,696357.1321,10496.12,5467.973739977539,6148.833476443
09275135,9380.029060579809,450357.56500000006,6621.078,2619.7483163293346,3976.65729895
09275144,6366.005619595919,361333.35970000003,6138.798,1777.961709496944,3190.573566151
09275151,25691.581488025648,960598.9284,17050.738,7175.401793790683,8482.088537771999
09272142,4826.626193577423,276780.8561,4424.376,1348.0284296042382,2443.9749593629995
09275121,9098.197770578525,468381.6074,6916.688,2541.035655344876,4135.809593341999
09275152,13524.187339361979,633332.7176,9788.832,3777.170282010407,5592.327896407999
09272116,3367.1649683604014,188559.5196,2382.88,940.4155040133764,1664.980558068
09272120,22433.39030914159,1301010.3731,15041.549,6265.421579440154,11487.921594472999
09272147,10493.178939386496,569368.7379,7048.818,2930.6399459812546,5027.525955656999
14522200,6250.083488240837,318554.2772,1205.365,1745.5858174307832,2812.834267676
14522390,8546.0232854208,343694.3417,1780.01,2386.818843385175,3034.8210372109997
14522340,8841.016402350233,325310.4777,1263.205,2469.2074710123966,2872.4915180909998
14522590,14919.284879152412,317681.49809999997,1262.955,4166.807073898477,2805.1276282229996
14522180,74603.95293932341,2650096.5926999995,9336.357,20836.138016423633,23400.35291354099
14522240,18178.60982365133,667964.223,2671.984,5077.10393764758,5898.12408909
14522480,12689.339488932374,477330.101,2641.13,3544.0056258639224,4214.82479183
14627080,4701.549338988102,423528.676,2194.323,1313.095714885987,3739.7582090799997
14627020,12819.814026012868,502003.19009999995,2804.487,3580.4458593251334,4432.688168582999
14627070,3934.911082880667,362719.3498,1661.246,1098.9813163377414,3202.811858734
14627040,20833.72063551121,307264.8323,962.325,5818.649836291926,2713.148469209
14627190,13025.316987228216,651756.0436,2761.842,3637.8407813629683,5755.005864987999
14627050,18346.235653651955,743345.3437999999,3228.745,5123.920155708454,6563.739385753999
14627340,11755.287528025934,350261.593,1188.41,3283.134253702363,3092.80986619
12062092,42848.01905190076,1494867.6368,5087.809,11967.023241005363,13199.681232943998
12062440,1336.7481576351604,81452.492,260.66,373.34039294592395,719.22550436
12062445,11564.138523206348,496300.87049999996,1759.529,3229.7482481463007,4382.336686514999
12062282,4919.27676236582,208514.22569999998,571.78,1373.90480696115,1841.1806129309996
12072157,45841.16379394128,237589.80579999997,1056.551,12802.97863600986,2097.9179852139996
12072014,40374.399286336346,1110174.7025,3287.843,11276.165976680877,9802.842623075
12072053,403977.4979331794,1014523.4211,4859.348,112826.87539775766,8958.241808313
12072002,20796.28683755891,1120925.653,4332.833,5808.194950861827,9897.773515989998
12072477,50207.78954944782,2162063.0500999996,10314.22,14022.533543265281,19091.016732382996
12072017,52748.25903205324,2227617.2733,13423.235,14732.061265062148,19669.860523239
12065096,7191.238342465302,532437.4225,3604.993,2008.440956667134,4701.422440675
12065225,23557.880202697055,1299699.9259,9387.417,6579.48036181126,11476.350345696997
12065193,19130.544696620538,761141.0669,2105.175,5342.96982831915,6720.875620726999
13071058,1004.8400300592446,57344.5375,349.5,280.6417719952464,506.35226612499997
13071100,4548.447267363876,140446.9851,390.625,1270.3358373020567,1240.1468784329998
13071140,3930.317841154071,145971.53879999998,633.19,1097.6984698559204,1288.9286876039998
13071019,4977.2304884266,175945.8942,839.342,1390.0907031126649,1553.602245786
13071108,2316.0111888638357,124714.1029,685.09,646.8387649377806,1101.225528607
13071111,1813.3889489479432,108496.7341,714.35,506.46139955167104,958.0261621029999
13071141,1801.1400267745155,78372.4282,146.855,503.0403980778544,692.028541006
13071050,1082.4348220948239,50315.0834,220.17000000000002,302.31322146286334,444.282186422
13071158,3473.1968832197226,109152.28919999998,401.975,970.0291575144363,963.8147136359997
13071006,2477.520925628498,122444.454,218.125,691.9468193187831,1081.18452882
13075023,1481.726244236434,58337.4986,442.90000000000003,413.83132275279365,515.1201126379999
13075054,11710.011725307313,396201.56869999995,793.857,3270.489174761079,3498.4598516209994
13075127,8951.506527200549,272381.0248,975.571,2500.066257981841,2405.124448984
13075140,2408.0206228998645,92657.74160000001,142.53,672.5360797697031,818.167858328
13075006,9916.714374988114,111937.7848,241.735,2769.63915779043,988.4106397839998
13075044,7728.452463196347,356252.4219000001,1735.065,2158.4794884461076,3145.7088853770006
13075008,6248.033601837551,136511.0357,728.3919999999999,1745.0133046572096,1205.392445231
13075025,2877.404306606928,69913.0079,172.411,803.6302487922488,617.331859757
13075050,1275.220563568786,87787.28659999999,507.32,356.1563511991262,775.1617406779999
13075142,3542.913260946544,236845.2159,1254.181,989.5002446497602,2091.343256397
13075102,8023.749479271227,273370.257,2002.647,2240.952992065661,2413.8593693099997
13073010,22518.64424512475,953668.509,4293.579,6289.232151220891,8420.89293447
13073045,908.0324503079156,58256.13290000001,149.393,253.60438304649773,514.4016535070001
13073063,3265.087706941798,130296.0205,343.81,911.9063456717747,1150.513861015
13073064,907.7171318465921,53739.8869,229.82,253.5163177534347,474.5232013269999
13073083,2629.977250687931,130496.7751,462.9,734.5263463446321,1152.2865241329998
13073059,2403.974420965344,79853.3379,213.91500000000002,671.4060160314109,705.104973657
13073074,1337.6537670490216,68695.90650000001,633.7860000000001,373.5933205991212,606.5848543950001
13073013,2554.736960876283,156866.4363,314.765,713.512485803137,1385.130632529
09275134,18340.827353283137,586262.6509,10654.041,5122.409671498447,5176.699207447
09275128,27801.353042667914,936106.2233,15657.548,7764.639891286721,8265.817951738998
09275146,20038.7966845087,826731.3995999999,13058.687,5596.635526016435,7300.038258467998
09272119,2898.3031218378733,152078.9441,2588.275,809.4670788980995,1342.8570764029998
09272138,13683.54250090736,480692.57090000005,8093.405,3821.6765850784163,4244.5154010470005
09275160,4772.746270583055,274673.0168,4933.639,1332.9803059111414,2425.362738344
09272127,10144.972700256043,520778.8010999999,7300.1449999999995,2833.3894254545103,4598.476813712999
09272140,4679.011940620021,247370.9652,3780.562,1306.8012448957656,2184.285622716
09272146,4562.228031505256,351865.4434,4538.791,1274.1846669191027,3106.9718652219995
14521280,1172.0670764934032,105015.1379,587.995,327.34661379384255,927.2836676569999
14522090,762.8738150782088,227371.3713,1925.173,213.06302781319295,2007.6892085789998
14522520,432.67198165509916,257854.7976,1444.127,120.84095775645264,2276.857862808
14522035,23163.46229679074,676068.4236000001,3254.46,6469.323384870686,5969.684180388001
14522170,15727.643965903004,418646.96510000003,1775.798,4392.573683237049,3696.652701833
14628205,20672.623955198167,838669.4185,3751.6440000000002,5773.657144447296,7405.450965354999
14628400,7508.8366753560795,442377.53949999996,1982.104,2097.142995060199,3906.193673784999
14627100,36066.46429176641,1405766.2514,7640.764,10073.00281204744,12412.915999861998
14628410,50209.27271079316,1437525.1590999998,8440.307999999999,14022.94777539742,12693.347154852998
14627140,30550.73573267862,1800172.4372999999,6171.491,8532.51498277981,15895.522621358998
14627200,11530.712570383344,544967.4673,3248.753,3220.412713782364,4812.062736258999
14627060,52577.60718135429,2038323.1531,10350.215,14684.399909680438,17998.393441873
14627240,7494.3212175130375,336976.2928,1134.89,2093.0889728392162,2975.5006654239996
12062410,11159.043549656306,606865.6011000001,3787.902,3116.6092729835095,5358.623257713
12062453,7529.618615573975,308847.8564,863.724,2102.9471831436554,2727.1265720119995
12062492,2058.890684662342,108170.58009999999,534.765,575.0275793193455,955.1462222829998
12062134,10825.341462225699,176702.7132,868.704,3023.4096169850154,1560.2849575559999
12062237,11569.474960380898,158134.1013,537.235,3231.2386616847807,1396.324114479
12062289,137761.44057418185,181311.55469999998,789.0,38475.392737963244,1600.9810280009997
12061471,3816.49436663371,132607.4348,697.5029999999999,1065.9087116571288,1170.9236492839998
12072055,7157.764256525269,166244.96880000003,739.235,1999.0919792049422,1467.9430745040002
12061332,46493.35746317029,1385093.5335,5774.191,12985.129805888828,12230.375900804998
12072340,56123.88399581594,1126106.9708999998,5717.499,15674.839561191433,9943.524553046998
12061433,66163.72997375253,1634913.5652,5177.856,18478.868144369342,14436.286780716
12060269,42358.49656783715,2545347.0898,13259.192,11830.304506431237,22475.414802934
13071090,4810.309417779782,187473.9144,493.135,1343.4713172917152,1655.394664152
13071164,28036.271217702935,775852.7137,3603.378,7830.250188392252,6850.779461970999
13071026,2569.504652214815,109476.8773,398.915,717.6369543170756,966.6808265589999
13071105,761.8487040782999,40492.65839999999,177.01,212.77672456202836,357.5501736719999
13071117,1292.4793449523381,59485.649000000005,335.59,360.9765562517385,525.25828067
13071028,5288.627228797428,170969.5686,372.445,1477.0606987308336,1509.661290738
13071035,28550.011991997602,890058.3966,2882.8650000000002,7973.73284924501,7859.215641977999
13071009,326.07813110761595,20620.237399999998,81.27,91.07036123704606,182.07669624199997
13071135,2370.5797710242878,92130.22769999999,377.757,662.0792242493733,813.5099105909999
13075053,1602.451083464109,39135.676600000006,297.57,447.54856310069096,345.568024378
13075068,3827.6856626477065,139459.1901,193.68,1069.034328720878,1231.424648583
13075073,457.4930134353913,31867.469799999995,80.42,127.77322372237042,281.38975833399996
13075155,3414.5050119119633,148749.8179,661.795,953.6371047768922,1313.460892057
13075041,8254.537510857283,268311.5536,1127.252,2305.4097814073302,2369.1910182879997
13073014,393.530985572868,28966.3686,138.25,109.9092689606463,255.773034738
13073072,845.7057960483226,50043.5144,163.845,236.19717177833598,441.884232152
13073030,3405.3485056160503,212166.04400000002,1041.335,951.0797841335066,1873.4261685200001
09275119,16663.062311260946,633229.3796999999,10748.514,4653.82667291207,5591.415422750999
09275126,40880.79294281477,1695847.4535,23908.792,11417.596660998735,14974.333014405
09275150,18819.19333747375,701230.7032,13834.45,5256.012507223043,6191.867109256
09272141,19510.136253831497,804639.1445,10912.634,5448.985954332598,7104.9636459349995
09272151,32536.091871952605,1480493.3287999998,22879.283,9087.005098917643,13072.756093303997
09272118,26958.49932868617,936119.1601,13267.984,7529.23927750876,8265.932183682999
09272134,6459.752918954343,354874.3373,4628.674,1804.1443927347584,3133.540398359
14522470,6691.400052650329,270803.4161,2280.645,1868.8411207047102,2391.1941641629996
14628150,8054.029649765636,178272.2098,820.5500000000001,2249.4099408830443,1574.1436125339999
14628090,1392.072987070314,95593.2954,512.35,388.79206455886793,844.0887983819999
14627010,40863.93423097824,1430541.8895999999,6310.298,11412.888191369912,12631.684885167999
14627170,13011.900914730202,537038.4561,3042.595,3634.093806474998,4742.049567362999
14627310,12884.628401899728,853037.6680999999,5162.81,3598.547866366575,7532.322609322999
14627110,13583.886441796372,542169.5982999998,1829.855,3793.8436443293085,4787.357552988999
12062124,42105.101715373894,1066707.1712000002,5308.188,11759.533858086774,9419.024321696
12062196,5016.185794995386,251918.86609999998,1041.274,1400.9705306842611,2224.4435876629996
12062336,1724.9093620463982,114547.58859999999,560.194,481.74993572593854,1011.4552073379998
12062372,8916.529551638247,452198.4774,1958.693,2490.2975384770457,3992.9125554419993
12062240,3666.970074132362,253200.503,1199.336,1024.1480720044271,2235.7604414899997
12062417,4775.133728786288,260494.7001,1184.025,1333.6470991127223,2300.1682018829997
12061219,19985.88416185212,791606.9321,2317.879,5581.857587563678,6989.889210443
12062469,19427.952967522957,793576.4823,3126.964,5426.032984299486,7007.280338709
12061097,4719.456169436361,142154.5012,596.475,1318.0969135618811,1255.224245596
12061164,15460.418831458916,490516.93350000004,1384.298,4317.94037543816,4331.264522805
12061492,4025.1727798293705,263122.8992,932.525,1124.190505678545,2323.3751999359997
12061444,11237.383527808877,733393.8979,5482.82,3138.488845481741,6475.868118457
12060005,34472.83814794867,1542198.0212,9438.14,9627.918966340583,13617.608527196
12060020,67177.89776640304,2872991.4417000003,15084.547,18762.115067178704,25368.514430211002
12060181,21092.862487591396,1609002.8861999998,11788.851,5891.0255641594,14207.495485145997
12060154,5979.414500303256,322858.6339,1489.936,1669.9906757896963,2850.841737337
13071054,15027.291045428567,218162.8242,607.705,4196.972116077744,1926.3777376859998
13071083,1128.2865026828433,52870.46089999999,366.56,315.1191373342913,466.84616974699986
13071130,2024.2414067509408,96525.91159999999,365.245,565.3503824914702,852.3237994279999
13075015,8572.511949300815,165526.88239999997,649.296,2394.2168623202247,1461.6023715919996
13075088,5617.392844601918,162468.6532,257.36,1568.8816475688695,1434.598207756
13075101,995.8302311636709,49784.0451,74.43,278.1254252617016,439.593118233
13075110,2752.5130112749976,74167.19470000001,574.865,768.7493589189941,654.896329201
13075128,1819.4607203089467,73999.62870000002,137.98,508.1571845750857,653.416721421
13075040,1427.7207065620785,38581.424900000005,81.63,398.74811613572285,340.673981867
13075043,2707.8471309667543,102351.8145,635.135,756.2746252077047,903.7665220349999
13075125,908.0771083156759,53167.9391,200.34,253.6168555814851,469.472902253
13075154,5267.963551641149,202057.39860000001,878.67,1471.2895403378564,1784.166829638
13075046,1532.0288378872594,97521.9714,439.265,427.88033413353264,861.1190074619999
13075060,10682.028733266896,177028.257,737.655,2983.3838049141114,1563.15950931
13075145,978.9772256376004,38805.3718,214.362,273.4185493483254,342.651432994
13075018,6144.41711788674,145296.32309999998,427.21,1716.0742568545875,1282.9665329729996
13075081,6201.763949106069,143270.9033,703.61,1732.090653345834,1265.082076139
13073011,11782.409602053907,506463.4979000001,1678.786,3290.7091777576356,4472.072686457001
13073049,13839.117556284697,103927.81960000002,134.515,3865.1271422947525,917.682647068
13073078,5716.6878437756495,260928.1444,518.795,1596.613747888101,2303.9955150519995
13073052,1678.402512398468,97025.4988,778.71,468.76103768776807,856.7351544039999
09275153,23259.762597521592,1025302.1136,16943.986,6496.219095861805,9053.417663088
09272121,8616.919109688532,393071.01159999997,5459.96,2406.6193381449098,3470.8170324279995
09272129,17211.545409176055,666735.4645,9638.157,4807.01251732878,5887.274151535
09272126,7126.398217294508,353165.5292,5669.391,1990.331758108183,3118.451622836
14628170,3331.3536685737417,120659.6257,417.355,930.4137660959602,1065.424494931
14628060,43816.69281518561,1479051.9476,5735.764,12237.564136353189,13060.028697308
14628110,44280.884698571695,1867918.8801000002,10640.297,12367.208287464087,16493.723711283
14628300,7380.777695941313,389983.10699999996,2188.904,2061.3774026994492,3443.5508348099993
14612000,372089.7202730834,14959909.822,85748.652,103920.93797506946,132096.00372826
14627150,12219.563126581501,790591.1858999999,4289.623,3412.801785622947,6980.920171496999
14627210,51812.20582434986,2424253.142,9012.463,14470.630964682672,21406.155243859997
14627030,19920.573683362647,749945.5065,3879.933,5563.617024026354,6622.018822395
14627220,40212.645584964004,1060706.8987,4299.608,11230.989785424596,9366.041915521
12062208,4750.902805879597,195531.52130000002,732.201,1326.8796446541126,1726.5433330790001
12062232,5959.641625236025,229119.8461,1063.04,1664.4683095121693,2023.128241063
12062464,3056.411674665736,102619.93870000001,485.16,853.6252166173933,906.1340587210001
12062140,34452.83399797692,1456801.7003000001,5969.997,9622.332007294974,12863.559013649001
12062177,2856.4432004526498,176830.2102,619.47,797.7760214544205,1561.410756066
12066176,42453.5941830152,1773027.3547,6964.53,11856.864319374316,15655.831542000999
12062219,1904.6144381912518,123389.4694,270.46500000000003,531.9397664424347,1089.529014802
12062333,20711.837350887807,575676.1983,1583.68,5784.609053729455,5083.220830989
12061320,45097.41179153821,1599114.8949000002,5538.367,12595.256139258705,14120.184521967001
12061244,4482.672554309325,172214.18469999998,658.19,1251.9656176930514,1520.6512509009997
12061216,16715.30807509935,417178.6893,1570.945,4668.418392294498,3683.687826519
12061405,3247.478495010874,130173.96340000001,318.595,906.988268871587,1149.436096822
12061192,5904.047081813439,371422.08400000003,2016.946,1648.9413094796753,3279.65700172
12061448,1788.823711480111,126441.5961,598.225,499.60057437928015,1116.4792935629998
12061020,21606.18128063011,840224.4068,4968.81,6034.390369867183,7419.181512044
12061260,93115.61232332975,3113633.7216,16836.795,26006.259365782767,27493.385761727997
12061112,4616.716914462362,372252.0096,2226.67,1289.402867040193,3286.9852447679996
12061540,33717.14683912885,821474.1144,3782.886,9416.861940700297,7253.616430151999
12061572,13471.257396026533,875126.5628,6161.511,3762.38747813625,7727.367549523999
12064227,42617.34308807006,1630512.7249000003,10472.602,11902.597751067087,14397.427360867001
12064336,23094.18607604592,1556985.8188999998,9952.814,6449.9752291788645,13748.184780886997
12060280,27087.923540154843,1264898.2430999996,5382.017,7565.386165529846,11169.051486572997
12060024,14847.872442814394,705141.1671,3278.355,4146.862294553632,6226.3965054929995
12060192,4269.6381841063085,221050.0635,681.89,1192.4672484390508,1951.8720607049997
12073201,6593.587935149182,331165.41169999994,1111.795,1841.523174407815,2924.1905853109993
12073404,3288.10921120509,91697.8612,314.505,918.3360215974695,809.692114396
12073579,18508.797294373428,653412.0014,3548.259,5169.321996345554,5769.627972361999
13071153,662.2544009601869,25465.824800000002,114.26,184.9610316441706,224.863232984
13071037,10044.610608065432,266318.7514,1468.915,2805.359296726594,2351.5945748619997
13075122,35199.67969905996,198215.9649,282.969,9830.918543150456,1750.246970067
13075005,35819.546988782415,1142402.4043,3112.814,10004.04127849704,10087.413229968999
13075013,1668.1687685253337,55637.2102,69.84,465.9028553614404,491.276566066
13075022,1846.968554854521,78914.8606,283.227,515.8398476853191,696.818219098
13075150,1905.265383874308,83600.3898,764.735,532.1215690622555,738.191441934
13075061,5307.706757547343,145311.868,450.005,1482.3894203153973,1283.1037944399998
13075156,4647.516807886818,239903.24980000002,779.77,1298.0049692747093,2118.345695734
13075059,1811.6540301708944,92850.63449999999,366.841,505.97685408642906,819.8711026349998
13075097,2916.6084167989256,99024.01610000001,456.669,814.5795647277719,874.382062163
13075144,29284.04467549148,1027386.7753,2745.312,8178.740837418015,9071.825225899
13075083,7723.607939655099,293565.018,967.092,2157.1264614662723,2592.1791089399994
13075120,9683.642594762243,238994.8327,530.905,2704.544540291147,2110.324372741
13075146,2668.299404610141,143633.8801,455.75,745.2293407135663,1268.287161283
09275148,5414.668733529501,240523.878,3573.876,1512.2628305874541,2123.8258427399996
09272136,18819.853057486172,773375.4698000001,10474.889,5256.196760425313,6828.905398334
09275118,8845.374694852893,404893.4955,5073.819,2470.4246985254645,3575.209565265
14628130,18069.048679625717,748009.7899,3238.23,5046.504605732666,6604.926444816999
14628050,5785.434363792386,196464.7499,5452.838,1615.8139634635754,1734.7837416169998
14628220,9990.396910824176,454351.652,2407.936,2790.217953224084,4011.9250871599997
14627250,4758.637627263274,283368.1704,1415.688,1329.0399029183598,2502.140944632
14627290,20517.69488498909,716398.1859,2422.502,5730.387004428603,6325.795981497
12066104,3577.6355679389826,192978.151,940.206,999.1978377696784,1703.99707333
12066240,6169.3995326586355,268909.29370000004,1306.919,1723.0515954762302,2374.469063371
12066064,1978.2975237689955,111824.14970000001,444.20799999999997,552.5187154134427,987.407241851
12066188,1536.0950839661557,93873.49680000001,639.415,429.0159960009076,828.9029767440001
12066316,2783.20989624845,120494.57130000001,690.006,777.3226919232296,1063.967064579
12062293,5649.2445981241935,200242.3258,688.235,1577.777523810106,1768.139736814
12062088,3551.774514070391,195054.81190000003,1164.624,991.9751040347194,1722.333989077
12061017,6609.063435236494,240426.4014,832.235,1845.8453268272003,2122.9651243619996
12061435,3534.049375418439,166528.5919,1114.765,987.0246500606157,1470.4474664769998
12061265,2432.0309209865964,140630.1799,746.64,679.2419159223465,1241.7644885169998
12061328,2297.716762495023,134832.9092,640.198,641.729314597235,1190.574588236
12061217,20703.53013560688,1122883.9144000001,4692.712,5782.288931573646,9915.064964152
12067469,20910.30167444497,647507.3611,1982.437,5840.0381546557355,5717.489998513
12064428,45503.43463889561,1630832.3757999998,5471.266,12708.654260297155,14400.249878313996
12067124,13259.347376454496,722873.857,3650.01,3703.203128769976,6382.9761573099995
12067173,5966.520430407905,376249.282,1491.162,1666.3894910086237,3322.28116006
12067440,16879.91704703139,926824.6831,6824.9800000000005,4714.392032065397,8183.861951772999
12067544,10300.519928177027,684992.3379,4592.323,2876.832210740562,6048.482343657
12064029,22129.42953687957,1074435.5695,6256.235,6180.528375355094,9487.266078685
12064136,28971.06163571142,1450110.4744,9427.227,8091.3278042378415,12804.475488951999
12064380,17346.672251384804,1317030.8697,8749.841,4844.7520930892615,11629.382579450998
12060034,991.4198346618587,69439.29599999999,343.512,276.8936456227105,613.1489836799998
12060161,1948.9853789428241,141355.7191,969.54,544.3321264849413,1248.1709996529999
12060250,3431.6818419203496,174067.7844,506.565,958.4344216299344,1537.0185362519999
12064205,3862.0629798657565,142049.04690000002,603.614,1078.6355696467072,1254.293084127
12060052,30939.38363996207,1085156.174,9153.121,8641.060456805006,9581.929016420001
12073452,56298.65686134488,1922745.8888,8439.516,15723.651874805011,16977.846198103998
13071132,2789.5042448307527,55768.6652,303.49,779.0806405387808,492.437313716
13075130,17610.498234163522,611444.7792999999,3120.244,4918.43605181953,5399.057401218999
13075048,2594.052464289082,89300.46130000001,667.739,724.4929127512976,788.5230732790001
13075143,10617.96599347497,232290.233,330.936,2965.4917223176244,2051.12275739
13075004,3194.89780452704,99840.4421,479.125,892.303007826357,881.591103743
13075029,9511.21600149725,359953.9068,1539.92,2656.387517058167,3178.392997044
13075116,969.9854675016109,33101.085100000004,367.232,270.90724121852486,292.282581433
13075007,2850.084085081191,94298.11430000002,205.05,795.9999841223258,832.6523492690001
13075098,2846.8124543191257,104919.27970000001,464.17,795.0862503667886,926.437239751
13075094,6563.111838839021,238061.16340000002,1042.135,1833.0115054693501,2102.080072822
13075121,7626.7099145353095,163936.36920000002,592.335,2130.0638120305666,1447.558140036
13075147,2599.8809275645144,106808.11809999999,241.97,726.1207442594932,943.1156828229998
13073006,2380.297290849502,142299.8862,451.03,664.7932303613574,1256.507995146
13073031,3627.369400082043,186891.1566,978.63,1013.0879997489137,1650.2489127779997
14628020,15539.5791330871,675996.4783,1969.483,4340.049056079896,5969.048903388999
14628230,4449.8514113351175,208798.1747,560.92,1242.7990006717848,1843.687882601
14628040,6833.357220498688,309901.37399999995,1368.188,1908.4883381130783,2736.4291324199994
14628080,14863.779349301652,627689.0078,3618.883,4151.304934466459,5542.4939388739995
14628160,48627.57923851121,1028717.1551999999,3023.651,13581.196605523794,9083.572480415998
14628250,4948.521907840687,230982.74680000002,1351.796,1382.0726836408255,2039.577654244
14625430,58890.880770357464,1119531.0117,7280.477,16447.634090353135,9885.458833310999
14625600,25633.073155871556,598806.6640000001,1958.05,7159.061001703367,5287.462843120001
14625270,10360.462744041446,412913.412,1813.19,2893.5736397833352,3646.02542796
14625300,8170.685757131057,307309.3988,1150.32,2281.990825109133,2713.541991404
12066124,2870.274061006042,130028.16940000001,474.975,801.6388424983774,1148.148735802
12066168,1564.3914393923042,103506.9259,294.635,436.9188851078766,913.966155697
12066272,6525.961117578234,447381.83190000005,2242.903,1822.6356805284247,3950.381575677
12066296,19627.359966823693,834609.6082,2942.196,5481.725365134189,7369.602840406
12062425,4896.699400516122,288419.6026,1424.417,1367.5991755701477,2546.7450909579998
12066285,12755.914076938843,727353.2527000001,2312.746,3562.599242548249,6422.529221341
12066041,4467.583062897101,175441.2414,968.345,1247.751273636531,1549.1461615619999
12066052,23859.426474636435,928637.1646,5682.645,6663.69922010121,8199.866163417999
12066196,44500.07512883939,1580968.1999000001,7941.345,12428.425982733552,13959.949205117
12061316,41299.34771351979,1559040.4769,7175.847,11534.494822908942,13766.327411026998
12061428,6759.045202242543,141432.6955,408.652,1887.7337345343199,1248.850701265
12061344,3600.922194579263,120214.0692,361.577,1005.7015597240422,1061.4902310359998
12061510,3490.143413828776,184515.2698,967.351,974.7621540482388,1629.269832334
12067481,32611.652057233652,1337235.3791,4543.569,9108.108303064786,11807.788397453
12067201,130080.09044870579,1506125.7707,4421.343,36330.06846141904,13299.090555280998
12064472,36731.184032898454,1703970.8609,7865.883,10258.65238854821,15046.062701746998
12064393,5510.260325141027,234349.20909999998,667.345,1538.9606062086375,2069.303516353
12064053,3628.0809086843274,122473.456,525.6850000000001,1013.2867169864458,1081.44061648
12064222,5077.439848716437,205723.7132,851.46,1418.0781753480137,1816.5403875559998
12060036,19112.72694815201,252577.1723,1400.292,5337.993509349374,2230.256431409
12060045,23676.205166202184,438653.1068,1374.801,6612.527340868608,3873.306933044
12060296,2555.035722373583,109844.19129999999,338.40500000000003,713.595926901718,969.9242091789998
12073157,2675.210182620098,129625.55080000001,682.8100000000001,747.1594519039671,1144.593613564
12073430,6355.284184034327,344814.1679,1620.06,1774.967319758947,3044.709102557
13075042,3225.99738118417,47304.304000000004,31.32,900.9888085909269,417.69700432
13075055,8101.690180776139,371207.99640000006,1211.944,2262.7210505889675,3277.7666082120004
13075033,11806.924533063784,376772.56479999993,1098.714,3297.555952839384,3326.9017471839993
13075118,1311.2159767714847,65061.6574,97.725,366.20951015250796,574.4944348419999
13075075,3255.6817889334125,125414.3666,589.309,909.2793668312127,1107.4088570779998
13075084,2505.439349490924,84617.47420000001,737.489,699.7441559193202,747.172297186
13075020,1313.2248471217358,64579.50980000001,212.929,366.7705675526296,570.237071534
13075021,1537.9839885531062,49119.889500000005,188.055,429.543548162997,433.728624285
13075074,3861.896594407196,185770.09139999998,505.96,1078.5890998519858,1640.3499070619996
13075072,794.8664746988886,52946.0077,248.52,221.99825771865258,467.51324799099996
13075087,1468.012499178655,81040.08439999999,719.531,410.0012108956065,715.5839452519999
13075092,2374.05945330166,118614.08500000002,679.563,663.0510647126206,1047.3623705500002
13075124,835.0221965062892,58471.6796,171.485,233.2133492622415,516.304930868
13075058,5398.558464336665,279753.1928,1401.531,1507.763393504587,2470.220692424
13075133,4395.45541762752,180416.8446,603.313,1227.6067435891898,1593.080737818
14628070,4176.554029492591,236186.7425,895.46,1166.4697748969857,2085.528936275
14628270,51733.2586877846,2490746.474,11072.218,14448.58181891136,21993.29136542
14628390,4275.576247196132,269093.43460000004,1330.695,1194.1256900794076,2376.0950275180003
14625010,13233.282860462377,532360.8998,2532.666,3695.9235700985373,4700.746745234
14625480,37026.671831421496,1447726.1857999999,6711.948,10341.17917579771,12783.422220613998
14628100,12019.58420670141,571579.8117,3081.51,3356.9496730896362,5047.049737310999
14628240,4463.176413279315,264406.12189999997,1606.935,1246.5205404647797,2334.7060563769996
14625200,28860.68867653872,1068907.8028,4665.414,8060.501740470499,9438.455898723998
14625320,5276.1974077904115,195505.1428,772.405,1473.589174021784,1726.3104109239998
14625180,1942.186994956059,75332.7863,537.565,542.4334058212777,665.188503029
14625220,15767.593158019545,476934.5686,2006.92,4403.731093103278,4211.332240738
14625370,4520.73673845359,154095.29429999998,1318.461,1262.5965636827032,1360.6614486689998
14625450,15057.174642059377,653879.9247000001,3397.36,4205.318305780763,5773.759735101
12066120,1467.562056918593,84397.3556,386.39300000000003,409.8754068767938,745.2286499479999
12066292,1544.4887720067404,97255.21049999999,352.785,431.36026913376253,858.7635087149998
12066304,45089.58740134234,2088869.6157,8184.605,12593.0708653209,18444.718706631
14625550,9342.637371823454,195041.0768,2129.215,2609.3051915765723,1722.2127081439999
12066112,26964.905396625807,1070535.0991999998,4567.569,7531.028428223622,9452.824925935998
12066008,5120.709718235209,315633.5105,1671.084,1430.1630172059115,2787.0438977149997
12066202,4090.614191473529,206493.3016,903.32,1142.4676375366419,1823.3358531279998
12061329,27094.098797794362,1053813.3724999998,4255.736,7567.110853235987,9305.172079174998
12067520,12.491740310267996,641.1064000000001,1359.666,3.4888181512547485,5.660969512
12067413,2362.5398104821115,84234.54389999999,1077.911,659.8337436695489,743.7910226369999
12067144,89536.54599006724,2726639.3357999995,8627.484,25006.66192956588,24076.225335113995
12064153,4143.7712051929175,125777.17599999999,806.41,1157.3138598983298,1110.6124640799999
12064317,28586.590592710065,1038917.3066,4162.858,7983.948886637993,9173.639817278
12064408,12315.42904288302,671512.8856,3621.77,3439.5761773867985,5929.458779848
12064370,7005.257657958182,292417.9452,1492.619,1956.4984112911404,2582.050456116
12064125,7140.8562261160205,350361.5407,919.285,1994.3697353919433,3093.692404381
12060092,2356.6444478558433,92373.3994,142.575,658.1872278416585,815.6571167019999
12060128,1892.0023262663553,97910.1004,375.49,528.4173297029304,864.5461865319999
12060172,1684.5116278717928,95759.034,439.18,470.467252548313,845.55227022
12073225,8211.379959231575,362092.19899999996,1059.57,2293.3563088137867,3197.2741171699995
12073578,5400.0249360967,205397.0809,742.16,1508.1729644024472,1813.6562243469998
12073261,3864.7942945604077,169873.6311,1221.458,1079.3983985277762,1499.9841626129999
12073490,3097.214965196558,122697.5514,438.257,865.0211676297466,1083.4193788619998
12073216,2566.1086840908874,143408.94590000002,602.655,716.6884943797439,1266.300992297
13075103,604.2189148971435,31595.7669,42.29,168.75230074162317,278.99062172699996
13075115,3266.6775993563106,166555.7319,801.0600000000001,912.3503867242239,1470.687112677
13075017,2821.536016321843,47368.24309999999,340.59,788.0267939985274,418.2615865729999
13075104,689.2943682025834,38557.6106,124.826,192.5130240952995,340.463701598
13075105,21256.403254387464,887268.9454,3366.79,5936.700864917874,7834.584787882
13075126,1702.1942869307347,89210.8293,120.075,475.40584239688485,787.7316227189999
13075045,1153.498695867125,66717.2894,155.476,322.16065076872934,589.1136654019999
13075131,27230.111670885166,1095840.8193,2490.9809999999998,7605.097888561518,9676.274434419
13075089,1635.2822117089825,64632.1411,230.225,456.71796890820167,570.7018059129999
13075093,1770.1265921282366,108645.1579,408.516,494.37865591549513,959.336744257
13075090,2155.8642246085446,96683.32759999999,297.49,602.1113192909204,853.7137827079998
13075114,1306.490259833679,70046.69069999999,407.255,364.88966466894817,618.5122788809999
13075148,2504.430346222556,151842.6759,500.546,699.4623513964976,1340.770828197
13075151,9363.13944564591,483632.13070000004,1856.777,2615.0312157744456,4270.471714081
14628210,4115.392435266052,93366.39020000001,1046.265,1149.3879532454557,824.425225466
14628310,115.75204556674234,9178.5876,158.795,32.32838880633547,81.046928508
14628370,2191.347285936307,154311.47950000002,1162.503,612.0213834891512,1362.570363985
14628190,3965.018925141335,221415.56489999997,1304.23,1107.3901356027234,1955.0994380669995
14628380,14246.592000974006,716615.7040999999,3553.583,3978.93067995203,6327.716667202998
14625170,6283.3040033871275,368561.022,2074.443,1754.8639751059907,3254.3938242599997
14625410,6952.24839475594,286485.1418,1303.925,1941.6934541713865,2529.6638020939995
14625250,79168.48967534602,1890782.8407000003,8117.106,22110.96748142739,16695.612483381003
14625580,3788.9152740544328,193620.0416,800.46,1058.2061468906625,1709.6649673279999
14625030,18316.731209449776,844725.0009,3414.5280000000002,5115.679859487227,7458.921757947
12066116,1131.0171453596035,80453.69149999999,293.755,315.8817785274837,710.4060959449998
12066132,1974.9097003425732,141857.36930000002,573.835,551.5725302086772,1252.6005709190001
14625310,20299.463629166,883394.8854,3121.75,5669.437196989771,7800.376838081999
12066226,5536.574867398257,168909.6013,388.75,1546.309994715659,1491.471779479
12066320,30687.980344496442,1247067.8573999999,6929.576,8570.84603041441,11011.609180841999
12061005,3074.529514746697,124507.7121,309.635,858.6853481736049,1099.4030978429998
12061352,4794.609678280829,228455.58989999996,1044.599,1339.0865370470526,2017.2628588169996
12067408,3648.8535805979495,226336.1974,1162.795,1019.0883165252012,1998.548623042
12067473,24131.288631474392,843845.1812999999,2404.714,6739.627601884483,7451.152950878999
12064084,2247.574960214562,169021.41710000002,630.065,627.7252106383249,1492.459112993
12064484,2076.909364060353,119641.63429999999,421.284,580.0600162884159,1056.4356308689999
12064417,3864.3479484737622,127490.2196,574.6,1079.2737385292369,1125.7386390679999
12064512,32694.1737577308,1013922.2818,3895.387,9131.155788796636,8952.933748293999
12064044,44494.0522085024,1559130.0153,4779.39,12426.743841312635,13767.118035099
12060176,7285.868811947186,286587.71400000004,595.495,2034.8703004887295,2530.56951462
12060185,4491.699235636008,121694.2722,375.16,1254.4866795207806,1074.560423526
12073532,118723.33480667378,3947881.0093,10069.652,33158.24017815592,34859.789312119
12073645,2748.7384399937373,137332.7501,438.285,767.6951589058508,1212.648183383
12073458,4909.748054944932,199435.8848,624.621,1371.24353426557,1761.0188627839998
12073093,3895.357416954057,112742.94210000001,451.641,1087.9343729810985,995.5201787430001
12073520,4625.332017721672,95724.35139999999,266.502,1291.8089792294857,845.2460228619998
13075032,1446.9278044349867,80062.7701,269.048,404.11246650064743,706.9542599829999
13075071,1524.0960324009693,73193.34710000001,394.802,425.6647808892667,646.2972548930001
13075109,836.5144668582824,48346.4452,165.82999999999998,233.63012544884967,426.899111116
13075138,3240.7363767294983,152842.74289999998,451.995,905.1052626567815,1349.6014198069997
13075031,27209.532998141414,649420.6095,2744.121,7599.350471050915,5734.383981885
13075037,984.4460396080062,62059.1069,216.07,274.94593440212003,547.9819139269999
13075078,2273.0280956954093,116988.3256,302.255,634.8340168467709,1033.0069150479999
13075136,19949.01102356687,943845.9569,2813.712,5571.55928877199,8334.159799427
13075010,2180.4099584091205,219537.5372,615.757,608.9666972840832,1938.5164534759997
13075026,1478.1226305750135,121305.0553,359.229,412.8248694932955,1071.123638299
13075066,4402.92110074739,254856.85830000002,790.736,1229.6918342277384,2250.386058789
13075080,2894.320897285961,166445.8653,458.125,808.354883402996,1469.716990599
14628260,35998.52346573121,1321625.3014,3660.808,10054.027618744069,11669.951411361999
14625040,23943.33516469335,1078036.2582999999,3600.424,6687.134078147205,9519.060160788998
14625060,10328.449722983538,420185.51989999996,2131.56,2884.632723132072,3710.238140716999
14625140,3241.24130937394,125932.3603,331.35,905.2462852950476,1111.9827414489998
14625510,2721.3322962770717,153258.3981,624.385,760.0408970272233,1353.271655223
14625130,8146.258681965893,396004.34290000005,1129.995,2275.168587286254,3496.718347807
14625350,5562.177335469878,191225.14399999997,1167.063,1553.460508023382,1688.5180215199996
14625440,7324.49539783759,279718.78400000004,1835.075,2045.6583196620604,2469.91686272
14625420,4655.197093579475,295606.26810000004,1198.993,1300.1499962658115,2610.2033473230003
14625240,58632.207784973005,2410533.7288,11488.516,16375.38931226511,21285.012825304
12071408,8407.201397859959,483565.70320000005,1262.94,2348.0472784083076,4269.885159256
14625120,17051.028511738063,740870.1149,3977.867,4762.181753043324,6541.883114567
12066228,2276.8113040971352,170667.8326,558.08,635.8906291212888,1506.9969618579998
12071057,17671.116108942708,902314.0146,3366.484,4935.366018066608,7967.432748918
12071244,50531.37733391804,1594228.5174,8929.74,14112.908375589968,14077.037808641999
12061061,3554.2238034902875,167238.53340000001,719.775,992.6591660768023,1476.716249922
12071032,12074.973284022644,767191.4046000001,3385.86,3372.419288494684,6774.300102618001
12071412,8423.396633485487,282563.00539999997,1255.682,2352.5704457661614,2495.0313376819995
12061450,8270.91191405536,460063.52229999995,1806.394,2309.9829884765213,4062.3609019089995
12061470,1706.1498590739766,111187.31649999999,378.799,476.5105941407709,981.7840046949998
12061476,3538.5281313970813,176268.15689999997,750.335,988.2755218178908,1556.4478254269995
12067288,1406.8457343680611,106445.2119,246.528,392.9179451516558,939.9112210769999
12064061,11008.783697841545,215282.8361,779.84,3074.643198970165,1900.9474427629998
12064303,4410.84210786578,150536.52010000002,474.095,1231.9040923058337,1329.2374724830001
12064340,182105.53154155117,509326.16519999993,1130.24,50860.25390423982,4497.350038715999
12064371,12219.935339706408,445114.5427,2420.911,3412.9057410266023,3930.3614120409998
12060149,11957.372515027975,254318.7452,799.63,3339.574569722163,2245.6345201159997
12073440,9590.240955793288,224560.67580000003,630.275,2678.458396543507,1982.870767314
12073097,11232.791205043917,443851.37789999996,2039.645,3137.2062556567153,3919.2076668569994
13075107,8295.28558976363,357278.50070000003,2334.628,2316.790312365084,3154.769161181
12073085,10404.193895888267,430174.42409999995,1263.885,2905.787313182634,3798.4401648029993
13075011,3193.8749739837,105043.06640000001,172.32,892.0173414839074,927.5302763120001
13075117,1906.0845230108896,96040.0542,523.23,532.3503464317113,848.033678586
13075063,2035.5067253483512,66608.87789999999,35.269999999999996,568.496673322541,588.1563918569999
13075149,1155.416881273282,74407.41970000001,94.835,322.69638077081487,657.0175159510001
13075001,2741.9152069876027,126630.9553,427.95,765.7894981595675,1118.151335299
13075139,1492.3851484924776,71390.6103,104.986,416.808248122464,630.379088949
13075034,544.2669007977161,42101.6144,115.685,152.00830272379412,371.75725515199997
13075065,106.5124913226755,84188.9772,148.85,29.747873701510038,743.3886686759998
13075152,102.90575394914606,72039.1942,234.8,28.740548020457002,636.1060847859999
14628030,1.7255487197070296,201.8671,952.277,0.4819285019269763,1.7824864929999997
14625530,6025.459444809701,366118.05970000004,1344.195,1682.8505683409014,3232.822467151
14625100,4931.043966964935,312486.7493,1120.239,1377.1912695336366,2759.257996319
14625080,1918.4133380899063,141125.81610000003,983.14,535.7936611951299,1246.140956163
14625150,6088.277584165086,503771.30519999994,2209.045,1700.3950464814668,4448.300624915999
14625360,4140.80554106558,365485.9817,2212.857,1156.4855795642056,3227.241218411
14625460,525.3663176056319,161260.1577,454.783,146.72955884407693,1423.927192491
14625470,3246.950949233041,166479.43240000002,804.0889999999999,906.8409306112959,1470.013388092
14625500,4815.454304339334,257783.6146,1461.183,1344.9082326589325,2276.2293169179998
14625640,20762.32392377607,786866.2272999999,4366.8,5798.709448671419,6948.028787058999
12071372,76813.1232342115,2907474.9305,10499.105,21453.13718808293,25673.003636314996
12071028,2276.7137961654485,114189.96549999999,508.46999999999997,635.863396131048,1008.2973953649998
12071041,2580.66306103182,179713.3987,778.42,720.7533863155769,1586.8693105209998
12071164,1242.7383226365037,92015.8057,560.343,347.0843861291491,812.4995643309999
12071341,4778.573106017677,175041.8421,688.295,1334.607682779677,1545.6194657429999
12061308,4669.7155895227115,230161.4255,1443.22,1304.204866997798,2032.325387165
12067137,22119.795527594026,790026.3457,4421.197,6177.837692901735,6975.932632530999
12067036,33742.47030444472,1115247.3226,4145.521,9423.934531328367,9847.633858558
12064482,9412.205249066548,337854.42579999997,1630.975,2628.7348040117963,2983.2545798139995
12064365,62737.30694111705,317691.4667,1323.03,17521.90245558458,2805.2156509609995
12073309,2835.4809164670396,160462.9683,1026.168,791.9214651600795,1416.8880100889999
12073565,2477.231586200407,135308.44379999998,1181.597,691.8660097099116,1194.7735587539996
13075067,6754.093278501643,193323.44549999997,556.246,1886.3507117527238,1707.0460237649995
13075035,1482.1107844647652,49722.039099999995,93.175,413.9387209931642,439.0456052529999
13075079,14160.637475750536,357349.9699,1244.601,3954.924440602367,3155.400234217
13075108,1639.081377003963,69160.27,153.71,457.7790377834368,610.6851841
13075113,4665.311821550974,146920.39800000002,440.61,1302.9749386409715,1297.30711434
13075016,4257.948855659909,113467.5343,426.21,1189.202535897256,1001.9183278689999
13075119,10384.751910715324,186781.8729,178.032,2900.3573611436827,1649.2839377069997
13075003,1950.2540697173495,81229.4006,178.706,544.6864591313584,717.2556072979999
14625590,5404.860192912998,324972.51430000004,1046.258,1509.5234032786711,2869.507301269
14625020,80144.09695062018,2904486.4181000004,10539.566,22383.44483733871,25646.615071823002
14625110,10465.708896237102,542058.3465,2810.346,2922.96783763006,4786.375199595
14625380,12306.106855626036,529087.4072,2113.14,3436.9725837077954,4671.841805575999
14625630,7660.746225491579,418776.7095,1315.599,2139.569813317543,3697.7983448849996
14625490,13110.266627770765,579064.5271,2331.04,3661.566366470097,5113.139774292999
14625280,9933.89790586371,495393.9689,3029.402,2774.4383461286757,4374.328745387
14625330,12293.385172174925,785737.9541999999,3096.489,3433.4195447367347,6938.066135585998
14625570,7360.658188309465,455123.5726000001,1234.25,2055.75822541295,4018.741146058
12071301,27073.32110413049,1020490.3146,4990.609,7561.3078511726035,9010.929477918
12052000,172252.4533052326,6841974.507500001,30242.276,48108.38768361841,60414.63490122501
12071052,3351.8459438450573,192954.6854,909.358,936.1370536564859,1703.7898720819996
12071060,1754.9427127839772,115633.8097,746.145,490.13795025343694,1021.0465396509999
12071401,4009.7212680937178,215411.8602,1307.917,1119.8750529658944,1902.0867255659998
12061224,1624.0502151845199,113178.1429,357.72,453.5809845988845,999.3630018069999
12067336,10255.074283200844,542010.3951,2546.509,2864.1396965551635,4785.951788732999
12067397,1434.8079370519156,93059.50829999999,520.25,400.7275087392295,821.7154582889998
12067237,10208.264460616407,345472.7286,1291.17,2851.066181205556,3050.5241935379995
12064128,2989.5280702620285,152631.0199,545.375,834.9452947434819,1347.731905717
12064288,3838.569158413414,115734.72559999999,476.915,1072.0739802532823,1021.9376270479999
12064539,3803.358252009774,218031.12970000002,841.554,1062.2399262038098,1925.214875251
12064190,6667.500970075512,256372.91780000002,467.36,1862.1663459323895,2263.772864174
12064448,16497.28889538886,645165.4652,2316.621,4607.527815593155,5696.811057716
12064274,25463.281837238508,954220.2846999998,3022.37,7111.639984322343,8425.765113900998
12073393,4230.5840442376375,158409.81699999998,983.84,1181.5598177151296,1398.7586841099996
13075095,3453.6736854977667,107609.4853,535.199,964.5765236226712,950.1917551989999
14625525,17152.004472928034,672319.7306,2618.215,4790.38332924407,5936.583221198
14625560,20339.133287896748,851711.6974999999,2516.28,5680.5165359766825,7520.614288924999
14625190,7343.885241459713,341441.2426,1869.7,2051.073709087283,3014.9261721579996
14625290,8192.453946270522,422165.6847,1762.142,2288.0704626538936,3727.7229959009996
14625390,6839.415134991999,288508.7163,1921.015,1910.1802530519153,2547.5319649289995
14625160,15012.469363415124,644643.2344999999,2079.392,4192.83256850821,5692.199760634999
14626490,8840.98360815657,432413.7299,1756.504,2469.198311922048,3818.2132350169995
12071193,20143.28964128936,419202.8566,1244.778,5625.819363915705,3701.5612237779997
12071304,9583.672274222161,509654.4383999999,3229.267,2676.623829467507,4500.248691071999
12071386,10394.31601245257,386229.2378,1069.95,2903.0285191178777,3410.404169774
12071384,2008.2995368952916,140123.29820000002,732.9300000000001,560.897977659486,1237.2887231060001
12067438,5137.622083369556,266877.67010000005,1348.073,1434.8864716642831,2356.529826983
12067458,3067.09343397496,210172.8159,990.505,856.6085251748666,1855.8259643969998
12067324,1666.6640270273379,106600.0071,855.31,465.48259610846515,941.2780626929999
12064130,2476.7516237117857,100867.8162,428.485,691.7319609864646,890.662817046
12064268,9535.479222145239,449250.10179999995,2210.782,2663.1639919529434,3966.878398893999
12064480,1059.6869477753548,63244.1615,519.103,295.95996764417885,558.445946045
12064009,3539.2211886422015,150871.699,496.62,988.4690857758803,1332.1971021699999
12064172,5881.669127369494,163885.3115,492.92,1642.691370583026,1447.107300545
12064290,7704.727046626545,261350.83169999998,1468.325,2151.853216852328,2307.7278439109996
12064538,2697.137348063583,145560.0168,392.15500000000003,753.283489940678,1285.294948344
14626020,4202.820545756499,161720.5099,410.785,1173.8057502243325,1427.9921024169998
14626085,24800.446017206283,923127.2976,3723.125,6926.516568145542,8151.214037807999
14626350,11544.347962188105,406056.0909,1022.556,3224.220942359516,3585.475282647
14626410,8167.279350000638,271365.41280000005,870.926,2281.039449661678,2396.156595024
14626510,5686.918700213037,196429.99829999998,576.54,1588.299523782499,1734.4768849889997
14625090,11335.576544138792,512524.926,2263.945,3165.913173012523,4525.595096579999
14625230,6606.271962170366,352861.22809999995,1775.56,1845.0656963145616,3115.7646441229995
14626270,4433.805680126575,228277.57979999998,1062.116,1238.3175884025509,2015.6910296339997
14625340,20224.74301440794,838314.3406999998,3474.559,5648.568476493993,7402.315628380998
14625610,13012.16642426057,524412.8852,1950.427,3634.1679606317343,4630.565776316
14626060,25756.509829511095,1038037.4994,3361.342,7193.535630284153,9165.871119701998
14626600,34148.72153816909,1258173.5632999998,3294.912,9537.396438395244,11109.672563938997
14626120,3887.0756836360965,223423.96889999998,602.542,1085.6213676827253,1972.8336453869997
14626560,2529.243984045356,158672.5333,587.82,706.3925523040274,1401.078469039
12071074,5698.861416908656,292408.6285,1037.35,1591.6350051284185,2581.9681896549996
12071414,5749.876312245904,272689.20249999996,1443.63,1605.8829552471584,2407.8456580749994
12071176,2195.2434681565264,152992.8275,481.46,613.1095482214363,1350.926666825
12067180,2632.481578687649,205762.19600000003,715.3629999999999,735.2257801116734,1816.8801906800002
12064388,3644.1449977276466,155753.0472,623.755,1017.7732564153544,1375.2994067759998
12064266,14849.178748269063,499167.8869,1596.02,4147.227132604066,4407.652441327
12064420,4266.581440031715,88638.0882,400.512,1191.6135303864576,782.674318806
12064057,2339.4470841514944,109447.362,404.101,653.3841761326709,966.4202064599999
14626245,17952.340241651164,936366.1836999999,3043.719,5013.909106090753,8268.113402071
14626280,6807.736735420544,364654.9601,1441.815,1901.3327928356036,3219.903297683
14626390,10080.091775374778,547432.8877000001,2017.867,2815.2688319444214,4833.832398391
14626530,273.85012032552766,14224.7238,1216.8,76.48360010571662,125.60431115399999
14626070,4762.63524109129,153689.89289999998,550.45,1330.1563964843863,1357.0817543069998
14626150,3606.2585899919927,181461.1906,749.35,1007.1919615988636,1602.302312998
14626290,36801.14485338474,1547715.0518,6082.775,10278.191746101824,13666.323907393999
14626190,6590.807457991219,321492.72349999996,1512.51,1840.7466149423674,2838.7807485049993
14626260,4634.917843873907,158986.4888,479.0,1294.4862046155436,1403.8506961039998
14626320,3581.218258274632,170409.6733,600.97,1000.1984473535218,1504.7174152389998
12071392,4637.145243684376,219908.4554,482.288,1295.1082951086091,1941.7916611819999
14626100,3535.959400418109,227288.3757,677.19,987.5581009427736,2006.9563574309998
12071044,7690.34171892461,427513.9264,1122.935,2147.835538678454,3774.947970112
12071160,49689.32708014513,1621331.5444999998,7050.53,13877.732160213733,14316.357537934997
12067338,6877.587144068524,338722.2316,1335.22,1920.841313466898,2990.9173050279996
12067292,984.4853940341616,87452.5822,313.455,274.956925699801,772.206300826
14626050,1382.1572217396697,100934.2573,958.645,386.02269045967233,891.2494919589999
14626170,1218.7608862206273,79542.8706,919.475,340.387727912559,702.3635473979999
14626310,18110.79228432757,521889.0602,2921.225,5058.163177089847,4608.2804015659995
14626030,10146.479758146621,514349.01389999996,2752.128,2833.8103316527695,4541.701792736999
14626180,17244.318301954158,818847.4922,3614.3,4816.165658552776,7230.423356125999
14626470,7630.592200684352,273991.7443,946.615,2131.1480957291324,2419.347102169
14626450,25220.724045973926,688277.3052999999,2260.851,7043.896018800057,6077.488605798999
14626440,5755.581470693519,226348.2481,938.68,1607.4763489499928,1998.6550307229998
14626570,5550.757401843479,316915.4445,1932.096,1550.2710347608652,2798.3633749349997
14626580,4884.739650220567,441612.466,1763.605,1364.258936910102,3899.4380747799996
14626370,151.80692528107764,10413.1493,3457.285,42.39815616175217,91.94810831899999
14626460,10679.83342626979,463265.3614,1429.986,2982.7706776228893,4090.6331411619994
14626500,4922.465768748106,233620.50530000005,1359.83,1374.7954645536583,2062.869061799
14626300,4797.069053582667,181413.1517,3245.25,1339.773415975103,1601.8781295109998
14626230,26410.299404888225,569339.0618,2066.363,7376.132520791231,5027.2639156939995
14626240,1677.8225040765828,161511.94079999998,810.63,468.5990471635488,1426.1504372639997
14626160,3408.499381358812,125364.6032,1119.337,951.9597922197025,1106.9694462559999
14626110,10251.230583706989,231054.43439999997,9823.081,2863.0661897235245,2040.2106557519996
14626420,7216.182591317948,309109.703,675.985,2015.4076359291896,2729.4386774899995
14626200,6734.85653227368,293480.0758,1200.927,1880.9780808987161,2591.4290693139997
14626330,1984.854851300318,103496.8233,862.9879999999999,554.3501114196657,913.876949739
14626520,6115.281650749237,317473.7879,1247.7,1707.9370122377543,2803.293547157
14626480,16933.697859916938,722842.7698,2291.4230000000002,4729.412475296202,6382.701657334
