{
"type": "FeatureCollection",
"name": "pakistan_small_pv_josm_leads",
"crs": { "type": "name", "properties": { "name": "urn:ogc:def:crs:OGC:1.3:CRS84" } },
"features": [
{ "type": "Feature", "properties": { "lead_id": "pakistan-small-pv-0000", "cell": "0119_0100", "roof_area_m2": 399.995, "est_kwp": 39.56, "fixme": "Possible small rooftop PV (400 m2 roof, roofclf-flagged, not near any existing OSM solar feature) -- check imagery; if real, map as generator:source=solar or power=generator + generator:source=solar", "imagery_note": "osm=72.79103,33.73264 | bing=https://www.bing.com/maps?cp=33.73264~72.79103&lvl=19&style=a | google=https://www.google.com/maps/@33.73264,72.79103,200m/data=!3m1!1e3" }, "geometry": { "type": "Polygon", "coordinates": [ [ [ 72.791022317131606, 33.7325418968557 ], [ 72.7910210094484, 33.732570504315497 ], [ 72.791101565274005, 33.732573074855999 ], [ 72.791095231087198, 33.732711646761999 ], [ 72.791187227678506, 33.732714582320803 ], [ 72.791182703297494, 33.73281356327719 ], [ 72.791010150552296, 33.732808057156198 ], [ 72.791014613559994, 33.732710423167603 ], [ 72.790951708804513, 33.732708415832001 ], [ 72.790959412497102, 33.732539889529797 ], [ 72.791022317131606, 33.7325418968557 ] ] ] } },
{ "type": "Feature", "properties": { "lead_id": "pakistan-small-pv-0001", "cell": "0219_0116", "roof_area_m2": 399.9937, "est_kwp": 39.56, "fixme": "Possible small rooftop PV (400 m2 roof, roofclf-flagged, not near any existing OSM solar feature) -- check imagery; if real, map as generator:source=solar or power=generator + generator:source=solar", "imagery_note": "osm=74.32939,31.50266 | bing=https://www.bing.com/maps?cp=31.50266~74.32939&lvl=19&style=a | google=https://www.google.com/maps/@31.50266,74.32939,200m/data=!3m1!1e3" }, "geometry": { "type": "Polygon", "coordinates": [ [ [ 74.3295168, 31.5025913 ], [ 74.329451, 31.5027805 ], [ 74.3292668, 31.5027334 ], [ 74.3293327, 31.5025442 ], [ 74.3295168, 31.5025913 ] ] ] } },
{ "type": "Feature", "properties": { "lead_id": "pakistan-small-pv-0002", "cell": "0134_0077", "roof_area_m2": 399.9937, "est_kwp": 39.56, "fixme": "Possible small rooftop PV (400 m2 roof, roofclf-flagged, not near any existing OSM solar feature) -- check imagery; if real, map as generator:source=solar or power=generator + generator:source=solar", "imagery_note": "osm=74.32939,31.50266 | bing=https://www.bing.com/maps?cp=31.50266~74.32939&lvl=19&style=a | google=https://www.google.com/maps/@31.50266,74.32939,200m/data=!3m1!1e3" }, "geometry": { "type": "Polygon", "coordinates": [ [ [ 74.3295168, 31.5025913 ], [ 74.329451, 31.5027805 ], [ 74.3292668, 31.5027334 ], [ 74.3293327, 31.5025442 ], [ 74.3295168, 31.5025913 ] ] ] } },
{ "type": "Feature", "properties": { "lead_id": "pakistan-small-pv-0003", "cell": "0134_0077", "roof_area_m2": 399.9914, "est_kwp": 39.56, "fixme": "Possible small rooftop PV (400 m2 roof, roofclf-flagged, not near any existing OSM solar feature) -- check imagery; if real, map as generator:source=solar or power=generator + generator:source=solar", "imagery_note": "osm=74.31392,31.49612 | bing=https://www.bing.com/maps?cp=31.49612~74.31392&lvl=19&style=a | google=https://www.google.com/maps/@31.49612,74.31392,200m/data=!3m1!1e3" }, "geometry": { "type": "Polygon", "coordinates": [ [ [ 74.3140767, 31.496095 ], [ 74.3139625, 31.4961698 ], [ 74.3139799, 31.4961894 ], [ 74.3138636, 31.4962655 ], [ 74.3137623, 31.4961519 ], [ 74.3139928, 31.496001 ], [ 74.3140767, 31.496095 ] ] ] } },
{ "type": "Feature", "properties": { "lead_id": "pakistan-small-pv-0004", "cell": "0219_0116", "roof_area_m2": 399.9914, "est_kwp": 39.56, "fixme": "Possible small rooftop PV (400 m2 roof, roofclf-flagged, not near any existing OSM solar feature) -- check imagery; if real, map as generator:source=solar or power=generator + generator:source=solar", "imagery_note": "osm=74.31392,31.49612 | bing=https://www.bing.com/maps?cp=31.49612~74.31392&lvl=19&style=a | google=https://www.google.com/maps/@31.49612,74.31392,200m/data=!3m1!1e3" }, "geometry": { "type": "Polygon", "coordinates": [ [ [ 74.3140767, 31.496095 ], [ 74.3139625, 31.4961698 ], [ 74.3139799, 31.4961894 ], [ 74.3138636, 31.4962655 ], [ 74.3137623, 31.4961519 ], [ 74.3139928, 31.496001 ], [ 74.3140767, 31.496095 ] ] ] } },
{ "type": "Feature", "properties": { "lead_id": "pakistan-small-pv-0005", "cell": "0062_0011", "roof_area_m2": 399.99, "est_kwp": 39.56, "fixme": "Possible small rooftop PV (400 m2 roof, roofclf-flagged, not near any existing OSM solar feature) -- check imagery; if real, map as generator:source=solar or power=generator + generator:source=solar", "imagery_note": "osm=67.06064,24.81459 | bing=https://www.bing.com/maps?cp=24.81459~67.06064&lvl=19&style=a | google=https://www.google.com/maps/@24.81459,67.06064,200m/data=!3m1!1e3" }, "geometry": { "type": "Polygon", "coordinates": [ [ [ 67.060779466325897, 24.8145653920669 ], [ 67.060581196816003, 24.814730488022903 ], [ 67.060500200508997, 24.814649457042801 ], [ 67.060552778741197, 24.814605676052295 ], [ 67.0605239368724, 24.814576821816399 ], [ 67.060641258741001, 24.814479129740704 ], [ 67.060670100617997, 24.814507983955302 ], [ 67.060698469981006, 24.814484361190605 ], [ 67.060779466325897, 24.8145653920669 ] ] ] } },
{ "type": "Feature", "properties": { "lead_id": "pakistan-small-pv-0006", "cell": "0061_0064", "roof_area_m2": 399.9899, "est_kwp": 39.56, "fixme": "Possible small rooftop PV (400 m2 roof, roofclf-flagged, not near any existing OSM solar feature) -- check imagery; if real, map as generator:source=solar or power=generator + generator:source=solar", "imagery_note": "osm=66.96688,30.17928 | bing=https://www.bing.com/maps?cp=30.17928~66.96688&lvl=19&style=a | google=https://www.google.com/maps/@30.17928,66.96688,200m/data=!3m1!1e3" }, "geometry": { "type": "Polygon", "coordinates": [ [ [ 66.967009939239503, 30.179341777879099 ], [ 66.966798150853407, 30.179387880887703 ], [ 66.966750203352021, 30.179221619895099 ], [ 66.966961991395095, 30.179175516947602 ], [ 66.967009939239503, 30.179341777879099 ] ] ] } },
{ "type": "Feature", "properties": { "lead_id": "pakistan-small-pv-0007", "cell": "0064_0011", "roof_area_m2": 399.9897, "est_kwp": 39.56, "fixme": "Possible small rooftop PV (400 m2 roof, roofclf-flagged, not near any existing OSM solar feature) -- check imagery; if real, map as generator:source=solar or power=generator + generator:source=solar", "imagery_note": "osm=67.29316,24.90854 | bing=https://www.bing.com/maps?cp=24.90854~67.29316&lvl=19&style=a | google=https://www.google.com/maps/@24.90854,67.29316,200m/data=!3m1!1e3" }, "geometry": { "type": "Polygon", "coordinates": [ [ [ 67.293286804446694, 24.908476777624099 ], [ 67.293209107249893, 24.9086569561602 ], [ 67.293037664649702, 24.908595463876104 ], [ 67.293115362045512, 24.908415285439101 ], [ 67.293286804446694, 24.908476777624099 ] ] ] } },
{ "type": "Feature", "properties": { "lead_id": "pakistan-small-pv-0008", "cell": "0105_0064", "roof_area_m2": 399.9874, "est_kwp": 39.56, "fixme": "Possible small rooftop PV (400 m2 roof, roofclf-flagged, not near any existing OSM solar feature) -- check imagery; if real, map as generator:source=solar or power=generator + generator:source=solar", "imagery_note": "osm=71.42709,30.14935 | bing=https://www.bing.com/maps?cp=30.14935~71.42709&lvl=19&style=a | google=https://www.google.com/maps/@30.14935,71.42709,200m/data=!3m1!1e3" }, "geometry": { "type": "Polygon", "coordinates": [ [ [ 71.4270829838174, 30.149233022954402 ], [ 71.427082822456796, 30.149251820112003 ], [ 71.427106870597896, 30.149251976030495 ], [ 71.427107031953497, 30.149233178872802 ], [ 71.427157255833606, 30.149233504489999 ], [ 71.427156438819395, 30.149328688479002 ], [ 71.427133168989798, 30.149328537617201 ], [ 71.427132801273601, 30.149371376398605 ], [ 71.427168922579199, 30.149371610576196 ], [ 71.427169290279593, 30.149328771795201 ], [ 71.427253062925999, 30.149329314863408 ], [ 71.427252695261814, 30.149372153643405 ], [ 71.427290377446496, 30.149372397905601 ], [ 71.427289693600997, 30.149452080747704 ], [ 71.427155387159317, 30.149451210107703 ], [ 71.427155670986807, 30.149418143234904 ], [ 71.427132401136305, 30.149417992373802 ], [ 71.427132117300999, 30.149451059247202 ], [ 71.427039006523501, 30.149450455560199 ], [ 71.427040875452903, 30.1492327499301 ], [ 71.4270829838174, 30.149233022954402 ] ] ] } },
{ "type": "Feature", "properties": { "lead_id": "pakistan-small-pv-0009", "cell": "0061_0012", "roof_area_m2": 399.9864, "est_kwp": 39.56, "fixme": "Possible small rooftop PV (400 m2 roof, roofclf-flagged, not near any existing OSM solar feature) -- check imagery; if real, map as generator:source=solar or power=generator + generator:source=solar", "imagery_note": "osm=66.99066,24.98772 | bing=https://www.bing.com/maps?cp=24.98772~66.99066&lvl=19&style=a | google=https://www.google.com/maps/@24.98772,66.99066,200m/data=!3m1!1e3" }, "geometry": { "type": "Polygon", "coordinates": [ [ [ 66.990765922859794, 24.987641676535205 ], [ 66.990762596573504, 24.987806195464799 ], [ 66.990545730430497, 24.987802553048205 ], [ 66.990549057004799, 24.987638034141799 ], [ 66.990765922859794, 24.987641676535205 ] ] ] } },
{ "type": "Feature", "properties": { "lead_id": "pakistan-small-pv-0010", "cell": "0123_0077", "roof_area_m2": 399.9822, "est_kwp": 39.56, "fixme": "Possible small rooftop PV (400 m2 roof, roofclf-flagged, not near any existing OSM solar feature) -- check imagery; if real, map as generator:source=solar or power=generator + generator:source=solar", "imagery_note": "osm=73.17701,31.44451 | bing=https://www.bing.com/maps?cp=31.44451~73.17701&lvl=19&style=a | google=https://www.google.com/maps/@31.44451,73.17701,200m/data=!3m1!1e3" }, "geometry": { "type": "Polygon", "coordinates": [ [ [ 73.177165063127504, 31.444495180983399 ], [ 73.176975907558898, 31.4446400616958 ], [ 73.176859737318793, 31.444528580681705 ], [ 73.1770488928247, 31.4443837001361 ], [ 73.177165063127504, 31.444495180983399 ] ] ] } },
{ "type": "Feature", "properties": { "lead_id": "pakistan-small-pv-0011", "cell": "0063_0012", "roof_area_m2": 399.9811, "est_kwp": 39.56, "fixme": "Possible small rooftop PV (400 m2 roof, roofclf-flagged, not near any existing OSM solar feature) -- check imagery; if real, map as generator:source=solar or power=generator + generator:source=solar", "imagery_note": "osm=67.17257,24.93202 | bing=https://www.bing.com/maps?cp=24.93202~67.17257&lvl=19&style=a | google=https://www.google.com/maps/@24.93202,67.17257,200m/data=!3m1!1e3" }, "geometry": { "type": "Polygon", "coordinates": [ [ [ 67.1726133, 24.9318783 ], [ 67.172653100000019, 24.9321363 ], [ 67.1725176, 24.9321538 ], [ 67.1724777, 24.9318957 ], [ 67.1726133, 24.9318783 ] ] ] } },
{ "type": "Feature", "properties": { "lead_id": "pakistan-small-pv-0012", "cell": "0121_0099", "roof_area_m2": 399.9748, "est_kwp": 39.56, "fixme": "Possible small rooftop PV (400 m2 roof, roofclf-flagged, not near any existing OSM solar feature) -- check imagery; if real, map as generator:source=solar or power=generator + generator:source=solar", "imagery_note": "osm=73.02096,33.61638 | bing=https://www.bing.com/maps?cp=33.61638~73.02096&lvl=19&style=a | google=https://www.google.com/maps/@33.61638,73.02096,200m/data=!3m1!1e3" }, "geometry": { "type": "Polygon", "coordinates": [ [ [ 73.0208109, 33.6163104 ], [ 73.0208076, 33.6163464 ], [ 73.0209502, 33.6163554 ], [ 73.0209535, 33.6163195 ], [ 73.0209798, 33.6163211 ], [ 73.0209765, 33.6163571 ], [ 73.0211338, 33.6163671 ], [ 73.0211345, 33.6163592 ], [ 73.0211606, 33.6163609 ], [ 73.0211578, 33.6163918 ], [ 73.0212781, 33.6163995 ], [ 73.0212802, 33.6163764 ], [ 73.0213099, 33.6163783 ], [ 73.0213021, 33.6164646 ], [ 73.021152, 33.616455 ], [ 73.0211536, 33.6164382 ], [ 73.0208013, 33.6164158 ], [ 73.0208036, 33.6163909 ], [ 73.0207683, 33.6163887 ], [ 73.0207756, 33.6163081 ], [ 73.0208109, 33.6163104 ] ] ] } },
{ "type": "Feature", "properties": { "lead_id": "pakistan-small-pv-0013", "cell": "0105_0102", "roof_area_m2": 399.9658, "est_kwp": 39.56, "fixme": "Possible small rooftop PV (400 m2 roof, roofclf-flagged, not near any existing OSM solar feature) -- check imagery; if real, map as generator:source=solar or power=generator + generator:source=solar", "imagery_note": "osm=71.42813,33.95752 | bing=https://www.bing.com/maps?cp=33.95752~71.42813&lvl=19&style=a | google=https://www.google.com/maps/@33.95752,71.42813,200m/data=!3m1!1e3" }, "geometry": { "type": "Polygon", "coordinates": [ [ [ 71.4280952, 33.9574569 ], [ 71.4282536, 33.9574575 ], [ 71.4282528, 33.957591 ], [ 71.4282267, 33.9575909 ], [ 71.4282265, 33.9576172 ], [ 71.4280043, 33.9576163 ], [ 71.4280052, 33.9574565 ], [ 71.4280952, 33.9574569 ] ] ] } },
{ "type": "Feature", "properties": { "lead_id": "pakistan-small-pv-0014", "cell": "0136_0074", "roof_area_m2": 399.9612, "est_kwp": 39.56, "fixme": "Possible small rooftop PV (400 m2 roof, roofclf-flagged, not near any existing OSM solar feature) -- check imagery; if real, map as generator:source=solar or power=generator + generator:source=solar", "imagery_note": "osm=74.48267,31.13412 | bing=https://www.bing.com/maps?cp=31.13412~74.48267&lvl=19&style=a | google=https://www.google.com/maps/@31.13412,74.48267,200m/data=!3m1!1e3" }, "geometry": { "type": "Polygon", "coordinates": [ [ [ 74.4827773, 31.1341703 ], [ 74.4825615, 31.1342179 ], [ 74.4825438, 31.1341585 ], [ 74.4825802, 31.134150500000011 ], [ 74.4825606, 31.1340849 ], [ 74.4825493, 31.1340874 ], [ 74.4825314, 31.1340273 ], [ 74.4826951, 31.1339912 ], [ 74.4827016, 31.1340129 ], [ 74.482728600000016, 31.1340069 ], [ 74.4827773, 31.1341703 ] ] ] } },
{ "type": "Feature", "properties": { "lead_id": "pakistan-small-pv-0015", "cell": "0134_0078", "roof_area_m2": 399.9505, "est_kwp": 39.56, "fixme": "Possible small rooftop PV (400 m2 roof, roofclf-flagged, not near any existing OSM solar feature) -- check imagery; if real, map as generator:source=solar or power=generator + generator:source=solar", "imagery_note": "osm=74.32655,31.55189 | bing=https://www.bing.com/maps?cp=31.55189~74.32655&lvl=19&style=a | google=https://www.google.com/maps/@31.55189,74.32655,200m/data=!3m1!1e3" }, "geometry": { "type": "Polygon", "coordinates": [ [ [ 74.3266464, 31.5519684 ], [ 74.3265411, 31.5519594 ], [ 74.3265365, 31.5519986 ], [ 74.3264252, 31.5519891 ], [ 74.3264273, 31.551971 ], [ 74.3264372, 31.5519719 ], [ 74.326455600000017, 31.551815300000012 ], [ 74.3265569, 31.551824 ], [ 74.326563, 31.5517723 ], [ 74.3266683, 31.5517814 ], [ 74.3266464, 31.5519684 ] ] ] } },
{ "type": "Feature", "properties": { "lead_id": "pakistan-small-pv-0016", "cell": "0219_0117", "roof_area_m2": 399.9505, "est_kwp": 39.56, "fixme": "Possible small rooftop PV (400 m2 roof, roofclf-flagged, not near any existing OSM solar feature) -- check imagery; if real, map as generator:source=solar or power=generator + generator:source=solar", "imagery_note": "osm=74.32655,31.55189 | bing=https://www.bing.com/maps?cp=31.55189~74.32655&lvl=19&style=a | google=https://www.google.com/maps/@31.55189,74.32655,200m/data=!3m1!1e3" }, "geometry": { "type": "Polygon", "coordinates": [ [ [ 74.3266464, 31.5519684 ], [ 74.3265411, 31.5519594 ], [ 74.3265365, 31.5519986 ], [ 74.3264252, 31.5519891 ], [ 74.3264273, 31.551971 ], [ 74.3264372, 31.5519719 ], [ 74.326455600000017, 31.551815300000012 ], [ 74.3265569, 31.551824 ], [ 74.326563, 31.5517723 ], [ 74.3266683, 31.5517814 ], [ 74.3266464, 31.5519684 ] ] ] } },
{ "type": "Feature", "properties": { "lead_id": "pakistan-small-pv-0017", "cell": "0062_0011", "roof_area_m2": 399.9477, "est_kwp": 39.56, "fixme": "Possible small rooftop PV (400 m2 roof, roofclf-flagged, not near any existing OSM solar feature) -- check imagery; if real, map as generator:source=solar or power=generator + generator:source=solar", "imagery_note": "osm=67.08023,24.87159 | bing=https://www.bing.com/maps?cp=24.87159~67.08023&lvl=19&style=a | google=https://www.google.com/maps/@24.87159,67.08023,200m/data=!3m1!1e3" }, "geometry": { "type": "Polygon", "coordinates": [ [ [ 67.080373212414997, 24.871566974828905 ], [ 67.080342562083104, 24.871603595144602 ], [ 67.080306922105009, 24.871578768827099 ], [ 67.080216504733897, 24.871686797227103 ], [ 67.080252144722394, 24.871711623567499 ], [ 67.080223315990096, 24.871746067368601 ], [ 67.080103328941604, 24.871662485905901 ], [ 67.080186316351003, 24.871563334793702 ], [ 67.080125224332804, 24.871520778811298 ], [ 67.080192133416503, 24.871440837533303 ], [ 67.080373212414997, 24.871566974828905 ] ] ] } },
{ "type": "Feature", "properties": { "lead_id": "pakistan-small-pv-0018", "cell": "0123_0099", "roof_area_m2": 399.9465, "est_kwp": 39.56, "fixme": "Possible small rooftop PV (400 m2 roof, roofclf-flagged, not near any existing OSM solar feature) -- check imagery; if real, map as generator:source=solar or power=generator + generator:source=solar", "imagery_note": "osm=73.21616,33.69168 | bing=https://www.bing.com/maps?cp=33.69168~73.21616&lvl=19&style=a | google=https://www.google.com/maps/@33.69168,73.21616,200m/data=!3m1!1e3" }, "geometry": { "type": "Polygon", "coordinates": [ [ [ 73.216316321873606, 33.691662398491601 ], [ 73.216172416496903, 33.691791175298398 ], [ 73.216135444382999, 33.691762305772201 ], [ 73.216109585992001, 33.691785445638502 ], [ 73.216004265872499, 33.691703206664499 ], [ 73.216174029652805, 33.691551290178097 ], [ 73.216316321873606, 33.691662398491601 ] ] ] } },
{ "type": "Feature", "properties": { "lead_id": "pakistan-small-pv-0019", "cell": "0062_0011", "roof_area_m2": 399.9457, "est_kwp": 39.56, "fixme": "Possible small rooftop PV (400 m2 roof, roofclf-flagged, not near any existing OSM solar feature) -- check imagery; if real, map as generator:source=solar or power=generator + generator:source=solar", "imagery_note": "osm=67.08266,24.84537 | bing=https://www.bing.com/maps?cp=24.84537~67.08266&lvl=19&style=a | google=https://www.google.com/maps/@24.84537,67.08266,200m/data=!3m1!1e3" }, "geometry": { "type": "Polygon", "coordinates": [ [ [ 67.082785738305006, 24.845304400936005 ], [ 67.082771925624499, 24.845458219328499 ], [ 67.082541730974498, 24.845441007883895 ], [ 67.082555543935101, 24.845287189529301 ], [ 67.082785738305006, 24.845304400936005 ] ] ] } },
{ "type": "Feature", "properties": { "lead_id": "pakistan-small-pv-0020", "cell": "0061_0065", "roof_area_m2": 399.9449, "est_kwp": 39.56, "fixme": "Possible small rooftop PV (400 m2 roof, roofclf-flagged, not near any existing OSM solar feature) -- check imagery; if real, map as generator:source=solar or power=generator + generator:source=solar", "imagery_note": "osm=67.01083,30.26236 | bing=https://www.bing.com/maps?cp=30.26236~67.01083&lvl=19&style=a | google=https://www.google.com/maps/@30.26236,67.01083,200m/data=!3m1!1e3" }, "geometry": { "type": "Polygon", "coordinates": [ [ [ 67.010942533442105, 30.262437691109501 ], [ 67.010727431638315, 30.262452841854799 ], [ 67.010711264432004, 30.262279876603692 ], [ 67.010926365857998, 30.262264725867905 ], [ 67.010942533442105, 30.262437691109501 ] ] ] } },
{ "type": "Feature", "properties": { "lead_id": "pakistan-small-pv-0021", "cell": "0106_0064", "roof_area_m2": 399.9419, "est_kwp": 39.56, "fixme": "Possible small rooftop PV (400 m2 roof, roofclf-flagged, not near any existing OSM solar feature) -- check imagery; if real, map as generator:source=solar or power=generator + generator:source=solar", "imagery_note": "osm=71.47879,30.17054 | bing=https://www.bing.com/maps?cp=30.17054~71.47879&lvl=19&style=a | google=https://www.google.com/maps/@30.17054,71.47879,200m/data=!3m1!1e3" }, "geometry": { "type": "Polygon", "coordinates": [ [ [ 71.478952130055703, 30.170433853827902 ], [ 71.478945270310803, 30.170497628909899 ], [ 71.478892887352799, 30.170493375115804 ], [ 71.47888161954441, 30.170598131347198 ], [ 71.478681359185302, 30.170581868884398 ], [ 71.478699487115406, 30.170413337580701 ], [ 71.478952130055703, 30.170433853827902 ] ] ] } },
{ "type": "Feature", "properties": { "lead_id": "pakistan-small-pv-0022", "cell": "0063_0012", "roof_area_m2": 399.9412, "est_kwp": 39.56, "fixme": "Possible small rooftop PV (400 m2 roof, roofclf-flagged, not near any existing OSM solar feature) -- check imagery; if real, map as generator:source=solar or power=generator + generator:source=solar", "imagery_note": "osm=67.21436,24.91547 | bing=https://www.bing.com/maps?cp=24.91547~67.21436&lvl=19&style=a | google=https://www.google.com/maps/@24.91547,67.21436,200m/data=!3m1!1e3" }, "geometry": { "type": "Polygon", "coordinates": [ [ [ 67.214512393903405, 24.915523606352895 ], [ 67.214201528119403, 24.915524567817201 ], [ 67.214201101597894, 24.915409838818899 ], [ 67.214511967093799, 24.915408877339498 ], [ 67.214512393903405, 24.915523606352895 ] ] ] } },
{ "type": "Feature", "properties": { "lead_id": "pakistan-small-pv-0023", "cell": "0134_0077", "roof_area_m2": 399.9352, "est_kwp": 39.56, "fixme": "Possible small rooftop PV (400 m2 roof, roofclf-flagged, not near any existing OSM solar feature) -- check imagery; if real, map as generator:source=solar or power=generator + generator:source=solar", "imagery_note": "osm=74.31861,31.49597 | bing=https://www.bing.com/maps?cp=31.49597~74.31861&lvl=19&style=a | google=https://www.google.com/maps/@31.49597,74.31861,200m/data=!3m1!1e3" }, "geometry": { "type": "Polygon", "coordinates": [ [ [ 74.3186914821013, 31.495850169830401 ], [ 74.318649907739712, 31.49595454591811 ], [ 74.318765845398403, 31.495988450910296 ], [ 74.318721548203598, 31.496099662976505 ], [ 74.318494437667596, 31.4960332462786 ], [ 74.318527927655595, 31.4959491672066 ], [ 74.318549861138493, 31.495955581502599 ], [ 74.318602243027698, 31.495824072530908 ], [ 74.3186914821013, 31.495850169830401 ] ] ] } },
{ "type": "Feature", "properties": { "lead_id": "pakistan-small-pv-0024", "cell": "0219_0116", "roof_area_m2": 399.9352, "est_kwp": 39.56, "fixme": "Possible small rooftop PV (400 m2 roof, roofclf-flagged, not near any existing OSM solar feature) -- check imagery; if real, map as generator:source=solar or power=generator + generator:source=solar", "imagery_note": "osm=74.31861,31.49597 | bing=https://www.bing.com/maps?cp=31.49597~74.31861&lvl=19&style=a | google=https://www.google.com/maps/@31.49597,74.31861,200m/data=!3m1!1e3" }, "geometry": { "type": "Polygon", "coordinates": [ [ [ 74.3186914821013, 31.495850169830401 ], [ 74.318649907739712, 31.49595454591811 ], [ 74.318765845398403, 31.495988450910296 ], [ 74.318721548203598, 31.496099662976505 ], [ 74.318494437667596, 31.4960332462786 ], [ 74.318527927655595, 31.4959491672066 ], [ 74.318549861138493, 31.495955581502599 ], [ 74.318602243027698, 31.495824072530908 ], [ 74.3186914821013, 31.495850169830401 ] ] ] } },
{ "type": "Feature", "properties": { "lead_id": "pakistan-small-pv-0025", "cell": "0133_0084", "roof_area_m2": 399.9326, "est_kwp": 39.56, "fixme": "Possible small rooftop PV (400 m2 roof, roofclf-flagged, not near any existing OSM solar feature) -- check imagery; if real, map as generator:source=solar or power=generator + generator:source=solar", "imagery_note": "osm=74.14794,32.14816 | bing=https://www.bing.com/maps?cp=32.14816~74.14794&lvl=19&style=a | google=https://www.google.com/maps/@32.14816,74.14794,200m/data=!3m1!1e3" }, "geometry": { "type": "Polygon", "coordinates": [ [ [ 74.148026100815798, 32.148044215153099 ], [ 74.148029612568095, 32.148265071220699 ], [ 74.147856666583607, 32.1482670615191 ], [ 74.147853155248399, 32.148046205453902 ], [ 74.148026100815798, 32.148044215153099 ] ] ] } },
{ "type": "Feature", "properties": { "lead_id": "pakistan-small-pv-0026", "cell": "0061_0064", "roof_area_m2": 399.9182, "est_kwp": 39.56, "fixme": "Possible small rooftop PV (400 m2 roof, roofclf-flagged, not near any existing OSM solar feature) -- check imagery; if real, map as generator:source=solar or power=generator + generator:source=solar", "imagery_note": "osm=67.00853,30.19369 | bing=https://www.bing.com/maps?cp=30.19369~67.00853&lvl=19&style=a | google=https://www.google.com/maps/@30.19369,67.00853,200m/data=!3m1!1e3" }, "geometry": { "type": "Polygon", "coordinates": [ [ [ 67.008649015175905, 30.193756475243699 ], [ 67.008583133782693, 30.193787347554405 ], [ 67.008630628070904, 30.193863828946199 ], [ 67.008555638904298, 30.193898969138299 ], [ 67.008508144660297, 30.193822487721498 ], [ 67.008528369386795, 30.193813010350301 ], [ 67.008408690748695, 30.193620287712093 ], [ 67.008529336355593, 30.193563752705298 ], [ 67.008649015175905, 30.193756475243699 ] ] ] } },
{ "type": "Feature", "properties": { "lead_id": "pakistan-small-pv-0027", "cell": "0122_0098", "roof_area_m2": 399.9148, "est_kwp": 39.56, "fixme": "Possible small rooftop PV (400 m2 roof, roofclf-flagged, not near any existing OSM solar feature) -- check imagery; if real, map as generator:source=solar or power=generator + generator:source=solar", "imagery_note": "osm=73.13648,33.57265 | bing=https://www.bing.com/maps?cp=33.57265~73.13648&lvl=19&style=a | google=https://www.google.com/maps/@33.57265,73.13648,200m/data=!3m1!1e3" }, "geometry": { "type": "Polygon", "coordinates": [ [ [ 73.136647214455294, 33.572681692878298 ], [ 73.136558384372194, 33.5727804661202 ], [ 73.136307530911907, 33.572622385320408 ], [ 73.136396361102598, 33.572523612262202 ], [ 73.136647214455294, 33.572681692878298 ] ] ] } },
{ "type": "Feature", "properties": { "lead_id": "pakistan-small-pv-0028", "cell": "0115_0110", "roof_area_m2": 399.9146, "est_kwp": 39.56, "fixme": "Possible small rooftop PV (400 m2 roof, roofclf-flagged, not near any existing OSM solar feature) -- check imagery; if real, map as generator:source=solar or power=generator + generator:source=solar", "imagery_note": "osm=72.34123,34.80502 | bing=https://www.bing.com/maps?cp=34.80502~72.34123&lvl=19&style=a | google=https://www.google.com/maps/@34.80502,72.34123,200m/data=!3m1!1e3" }, "geometry": { "type": "Polygon", "coordinates": [ [ [ 72.3413702012828, 34.804948461330802 ], [ 72.341358129543593, 34.805099223454597 ], [ 72.341097982919607, 34.80508505137221 ], [ 72.341110055127402, 34.804934289295403 ], [ 72.3413702012828, 34.804948461330802 ] ] ] } },
{ "type": "Feature", "properties": { "lead_id": "pakistan-small-pv-0029", "cell": "0062_0011", "roof_area_m2": 399.9112, "est_kwp": 39.56, "fixme": "Possible small rooftop PV (400 m2 roof, roofclf-flagged, not near any existing OSM solar feature) -- check imagery; if real, map as generator:source=solar or power=generator + generator:source=solar", "imagery_note": "osm=67.05248,24.83491 | bing=https://www.bing.com/maps?cp=24.83491~67.05248&lvl=19&style=a | google=https://www.google.com/maps/@24.83491,67.05248,200m/data=!3m1!1e3" }, "geometry": { "type": "Polygon", "coordinates": [ [ [ 67.052449545601306, 24.834795353162999 ], [ 67.052441930862599, 24.834853203250102 ], [ 67.052501401080605, 24.834859722120299 ], [ 67.052509015792594, 24.834801872028599 ], [ 67.052607839210296, 24.834812704571402 ], [ 67.052585113637505, 24.8349853549384 ], [ 67.0523616952553, 24.834960864786598 ], [ 67.052384421128707, 24.834788214471804 ], [ 67.052449545601306, 24.834795353162999 ] ] ] } },
{ "type": "Feature", "properties": { "lead_id": "pakistan-small-pv-0030", "cell": "0061_0064", "roof_area_m2": 399.9061, "est_kwp": 39.55, "fixme": "Possible small rooftop PV (400 m2 roof, roofclf-flagged, not near any existing OSM solar feature) -- check imagery; if real, map as generator:source=solar or power=generator + generator:source=solar", "imagery_note": "osm=67.01611,30.20691 | bing=https://www.bing.com/maps?cp=30.20691~67.01611&lvl=19&style=a | google=https://www.google.com/maps/@30.20691,67.01611,200m/data=!3m1!1e3" }, "geometry": { "type": "Polygon", "coordinates": [ [ [ 67.016330567572197, 30.206844249645208 ], [ 67.0160312652947, 30.2069885480525 ], [ 67.016043081216495, 30.2070070373675 ], [ 67.015939538191404, 30.207056956851002 ], [ 67.015885372382499, 30.206972199086799 ], [ 67.016288217470404, 30.206777981327605 ], [ 67.016330567572197, 30.206844249645208 ] ] ] } },
{ "type": "Feature", "properties": { "lead_id": "pakistan-small-pv-0031", "cell": "0098_0063", "roof_area_m2": 399.8868, "est_kwp": 39.55, "fixme": "Possible small rooftop PV (400 m2 roof, roofclf-flagged, not near any existing OSM solar feature) -- check imagery; if real, map as generator:source=solar or power=generator + generator:source=solar", "imagery_note": "osm=70.69497,30.06556 | bing=https://www.bing.com/maps?cp=30.06556~70.69497&lvl=19&style=a | google=https://www.google.com/maps/@30.06556,70.69497,200m/data=!3m1!1e3" }, "geometry": { "type": "Polygon", "coordinates": [ [ [ 70.695025931979899, 30.065411229306399 ], [ 70.695031773331905, 30.065713412351403 ], [ 70.694908141522305, 30.065715220447505 ], [ 70.694902300545394, 30.065413037382605 ], [ 70.695025931979899, 30.065411229306399 ] ] ] } },
{ "type": "Feature", "properties": { "lead_id": "pakistan-small-pv-0032", "cell": "0136_0088", "roof_area_m2": 399.8861, "est_kwp": 39.55, "fixme": "Possible small rooftop PV (400 m2 roof, roofclf-flagged, not near any existing OSM solar feature) -- check imagery; if real, map as generator:source=solar or power=generator + generator:source=solar", "imagery_note": "osm=74.51235,32.55237 | bing=https://www.bing.com/maps?cp=32.55237~74.51235&lvl=19&style=a | google=https://www.google.com/maps/@32.55237,74.51235,200m/data=!3m1!1e3" }, "geometry": { "type": "Polygon", "coordinates": [ [ [ 74.512529757961303, 32.552328132917907 ], [ 74.512517570839307, 32.552438779699692 ], [ 74.512173785463602, 32.552411617900404 ], [ 74.512185973003099, 32.552300971155795 ], [ 74.512529757961303, 32.552328132917907 ] ] ] } },
{ "type": "Feature", "properties": { "lead_id": "pakistan-small-pv-0033", "cell": "0062_0011", "roof_area_m2": 399.8854, "est_kwp": 39.55, "fixme": "Possible small rooftop PV (400 m2 roof, roofclf-flagged, not near any existing OSM solar feature) -- check imagery; if real, map as generator:source=solar or power=generator + generator:source=solar", "imagery_note": "osm=67.08593,24.87351 | bing=https://www.bing.com/maps?cp=24.87351~67.08593&lvl=19&style=a | google=https://www.google.com/maps/@24.87351,67.08593,200m/data=!3m1!1e3" }, "geometry": { "type": "Polygon", "coordinates": [ [ [ 67.086073002185699, 24.873502367360199 ], [ 67.085986152127404, 24.873630180690203 ], [ 67.085784665593806, 24.873516237467701 ], [ 67.085871515762406, 24.873388424260899 ], [ 67.086073002185699, 24.873502367360199 ] ] ] } },
{ "type": "Feature", "properties": { "lead_id": "pakistan-small-pv-0034", "cell": "0122_0069", "roof_area_m2": 399.8816, "est_kwp": 39.55, "fixme": "Possible small rooftop PV (400 m2 roof, roofclf-flagged, not near any existing OSM solar feature) -- check imagery; if real, map as generator:source=solar or power=generator + generator:source=solar", "imagery_note": "osm=73.09221,30.68739 | bing=https://www.bing.com/maps?cp=30.68739~73.09221&lvl=19&style=a | google=https://www.google.com/maps/@30.68739,73.09221,200m/data=!3m1!1e3" }, "geometry": { "type": "Polygon", "coordinates": [ [ [ 73.0922934, 30.6872861 ], [ 73.0922925, 30.6873272 ], [ 73.0923244, 30.6873277 ], [ 73.0923215, 30.68746 ], [ 73.0921502, 30.6874573 ], [ 73.0921499, 30.6874719 ], [ 73.092101, 30.687471099999989 ], [ 73.092105, 30.6872831 ], [ 73.0922934, 30.6872861 ] ] ] } },
{ "type": "Feature", "properties": { "lead_id": "pakistan-small-pv-0035", "cell": "0106_0065", "roof_area_m2": 399.8711, "est_kwp": 39.55, "fixme": "Possible small rooftop PV (400 m2 roof, roofclf-flagged, not near any existing OSM solar feature) -- check imagery; if real, map as generator:source=solar or power=generator + generator:source=solar", "imagery_note": "osm=71.50911,30.23697 | bing=https://www.bing.com/maps?cp=30.23697~71.50911&lvl=19&style=a | google=https://www.google.com/maps/@30.23697,71.50911,200m/data=!3m1!1e3" }, "geometry": { "type": "Polygon", "coordinates": [ [ [ 71.509169855342407, 30.236893524717701 ], [ 71.509168681924393, 30.236927846013501 ], [ 71.509196931279803, 30.236928574182201 ], [ 71.509191952018, 30.237074213847805 ], [ 71.509163702619901, 30.237073485680796 ], [ 71.509162506826598, 30.237108461442403 ], [ 71.509107934231395, 30.237107054742296 ], [ 71.509109130044095, 30.237072078980503 ], [ 71.509080702125402, 30.237071346193801 ], [ 71.509079506302598, 30.237106321955796 ], [ 71.508975346034205, 30.237103636964303 ], [ 71.508978649148304, 30.237007029547701 ], [ 71.509028908148693, 30.237008325112505 ], [ 71.509032953901297, 30.236889995793501 ], [ 71.509169855342407, 30.236893524717701 ] ] ] } },
{ "type": "Feature", "properties": { "lead_id": "pakistan-small-pv-0036", "cell": "0219_0117", "roof_area_m2": 399.861, "est_kwp": 39.55, "fixme": "Possible small rooftop PV (400 m2 roof, roofclf-flagged, not near any existing OSM solar feature) -- check imagery; if real, map as generator:source=solar or power=generator + generator:source=solar", "imagery_note": "osm=74.37051,31.53183 | bing=https://www.bing.com/maps?cp=31.53183~74.37051&lvl=19&style=a | google=https://www.google.com/maps/@31.53183,74.37051,200m/data=!3m1!1e3" }, "geometry": { "type": "Polygon", "coordinates": [ [ [ 74.3706411, 31.5317779 ], [ 74.3706238, 31.5317787 ], [ 74.3706338, 31.5319403 ], [ 74.3705266, 31.5319452 ], [ 74.3705241, 31.5319047 ], [ 74.3704425, 31.5319084 ], [ 74.3704409, 31.5318834 ], [ 74.3703985, 31.5318853 ], [ 74.3703913, 31.5317694 ], [ 74.3705778, 31.5317609 ], [ 74.3705762, 31.5317348 ], [ 74.3706382, 31.531732 ], [ 74.3706411, 31.5317779 ] ] ] } },
{ "type": "Feature", "properties": { "lead_id": "pakistan-small-pv-0037", "cell": "0135_0078", "roof_area_m2": 399.861, "est_kwp": 39.55, "fixme": "Possible small rooftop PV (400 m2 roof, roofclf-flagged, not near any existing OSM solar feature) -- check imagery; if real, map as generator:source=solar or power=generator + generator:source=solar", "imagery_note": "osm=74.37051,31.53183 | bing=https://www.bing.com/maps?cp=31.53183~74.37051&lvl=19&style=a | google=https://www.google.com/maps/@31.53183,74.37051,200m/data=!3m1!1e3" }, "geometry": { "type": "Polygon", "coordinates": [ [ [ 74.3706411, 31.5317779 ], [ 74.3706238, 31.5317787 ], [ 74.3706338, 31.5319403 ], [ 74.3705266, 31.5319452 ], [ 74.3705241, 31.5319047 ], [ 74.3704425, 31.5319084 ], [ 74.3704409, 31.5318834 ], [ 74.3703985, 31.5318853 ], [ 74.3703913, 31.5317694 ], [ 74.3705778, 31.5317609 ], [ 74.3705762, 31.5317348 ], [ 74.3706382, 31.531732 ], [ 74.3706411, 31.5317779 ] ] ] } },
{ "type": "Feature", "properties": { "lead_id": "pakistan-small-pv-0038", "cell": "0123_0106", "roof_area_m2": 399.8585, "est_kwp": 39.55, "fixme": "Possible small rooftop PV (400 m2 roof, roofclf-flagged, not near any existing OSM solar feature) -- check imagery; if real, map as generator:source=solar or power=generator + generator:source=solar", "imagery_note": "osm=73.14788,34.32093 | bing=https://www.bing.com/maps?cp=34.32093~73.14788&lvl=19&style=a | google=https://www.google.com/maps/@34.32093,73.14788,200m/data=!3m1!1e3" }, "geometry": { "type": "Polygon", "coordinates": [ [ [ 73.1478891, 34.320836 ], [ 73.1478838, 34.3208597 ], [ 73.1480149, 34.3208799 ], [ 73.1479829, 34.321023 ], [ 73.1477373, 34.32098520000001 ], [ 73.1477747, 34.3208184 ], [ 73.1478891, 34.320836 ] ] ] } },
{ "type": "Feature", "properties": { "lead_id": "pakistan-small-pv-0039", "cell": "0122_0076", "roof_area_m2": 399.857, "est_kwp": 39.55, "fixme": "Possible small rooftop PV (400 m2 roof, roofclf-flagged, not near any existing OSM solar feature) -- check imagery; if real, map as generator:source=solar or power=generator + generator:source=solar", "imagery_note": "osm=73.05742,31.38564 | bing=https://www.bing.com/maps?cp=31.38564~73.05742&lvl=19&style=a | google=https://www.google.com/maps/@31.38564,73.05742,200m/data=!3m1!1e3" }, "geometry": { "type": "Polygon", "coordinates": [ [ [ 73.057527458648707, 31.385573810862603 ], [ 73.057507416624901, 31.385589383191601 ], [ 73.057523847606603, 31.385604946405198 ], [ 73.057506252391804, 31.3856186175977 ], [ 73.057551140318907, 31.385661134834297 ], [ 73.057475277865507, 31.385720078655197 ], [ 73.057488721100199, 31.385732811905008 ], [ 73.057450030773595, 31.3857628735792 ], [ 73.057282372283197, 31.385604069323602 ], [ 73.057434562242605, 31.385485820473896 ], [ 73.057527458648707, 31.385573810862603 ] ] ] } },
{ "type": "Feature", "properties": { "lead_id": "pakistan-small-pv-0040", "cell": "0133_0077", "roof_area_m2": 399.8478, "est_kwp": 39.55, "fixme": "Possible small rooftop PV (400 m2 roof, roofclf-flagged, not near any existing OSM solar feature) -- check imagery; if real, map as generator:source=solar or power=generator + generator:source=solar", "imagery_note": "osm=74.22575,31.45496 | bing=https://www.bing.com/maps?cp=31.45496~74.22575&lvl=19&style=a | google=https://www.google.com/maps/@31.45496,74.22575,200m/data=!3m1!1e3" }, "geometry": { "type": "Polygon", "coordinates": [ [ [ 74.2258775, 31.4548393 ], [ 74.2258543, 31.4548656 ], [ 74.225908, 31.4549004 ], [ 74.2257429, 31.4550879 ], [ 74.2256137, 31.4550043 ], [ 74.225704, 31.4549017 ], [ 74.2257385, 31.454924 ], [ 74.2257913, 31.454864 ], [ 74.2257568, 31.4548417 ], [ 74.225802, 31.4547905 ], [ 74.2258775, 31.4548393 ] ] ] } },
{ "type": "Feature", "properties": { "lead_id": "pakistan-small-pv-0041", "cell": "0061_0064", "roof_area_m2": 399.8428, "est_kwp": 39.55, "fixme": "Possible small rooftop PV (400 m2 roof, roofclf-flagged, not near any existing OSM solar feature) -- check imagery; if real, map as generator:source=solar or power=generator + generator:source=solar", "imagery_note": "osm=67.03102,30.17929 | bing=https://www.bing.com/maps?cp=30.17929~67.03102&lvl=19&style=a | google=https://www.google.com/maps/@30.17929,67.03102,200m/data=!3m1!1e3" }, "geometry": { "type": "Polygon", "coordinates": [ [ [ 67.031143994474505, 30.179209054023197 ], [ 67.031059964891995, 30.179424807733398 ], [ 67.030904390680504, 30.179379071296903 ], [ 67.030988420544602, 30.179163317696297 ], [ 67.031143994474505, 30.179209054023197 ] ] ] } },
{ "type": "Feature", "properties": { "lead_id": "pakistan-small-pv-0042", "cell": "0132_0088", "roof_area_m2": 399.839, "est_kwp": 39.55, "fixme": "Possible small rooftop PV (400 m2 roof, roofclf-flagged, not near any existing OSM solar feature) -- check imagery; if real, map as generator:source=solar or power=generator + generator:source=solar", "imagery_note": "osm=74.07679,32.56262 | bing=https://www.bing.com/maps?cp=32.56262~74.07679&lvl=19&style=a | google=https://www.google.com/maps/@32.56262,74.07679,200m/data=!3m1!1e3" }, "geometry": { "type": "Polygon", "coordinates": [ [ [ 74.076925283603501, 32.562562797703102 ], [ 74.076895156857304, 32.562698795562007 ], [ 74.076786514929495, 32.562681536395203 ], [ 74.076776849436101, 32.562725167940791 ], [ 74.076726570449807, 32.562717180442405 ], [ 74.076731947814594, 32.562692906242397 ], [ 74.076646604110493, 32.562679348191097 ], [ 74.076681019376807, 32.562523993055905 ], [ 74.076925283603501, 32.562562797703102 ] ] ] } },
{ "type": "Feature", "properties": { "lead_id": "pakistan-small-pv-0043", "cell": "0134_0077", "roof_area_m2": 399.8365, "est_kwp": 39.55, "fixme": "Possible small rooftop PV (400 m2 roof, roofclf-flagged, not near any existing OSM solar feature) -- check imagery; if real, map as generator:source=solar or power=generator + generator:source=solar", "imagery_note": "osm=74.33390,31.47716 | bing=https://www.bing.com/maps?cp=31.47716~74.33390&lvl=19&style=a | google=https://www.google.com/maps/@31.47716,74.33390,200m/data=!3m1!1e3" }, "geometry": { "type": "Polygon", "coordinates": [ [ [ 74.3340433, 31.4771045 ], [ 74.3339839, 31.4772573 ], [ 74.3339145, 31.4772375 ], [ 74.333918, 31.4772288 ], [ 74.3338754, 31.4772166 ], [ 74.333872, 31.4772254 ], [ 74.3338174, 31.4772098 ], [ 74.3338076, 31.477235 ], [ 74.3337567, 31.4772205 ], [ 74.3338258, 31.4770425 ], [ 74.3340433, 31.4771045 ] ] ] } },
{ "type": "Feature", "properties": { "lead_id": "pakistan-small-pv-0044", "cell": "0219_0116", "roof_area_m2": 399.8365, "est_kwp": 39.55, "fixme": "Possible small rooftop PV (400 m2 roof, roofclf-flagged, not near any existing OSM solar feature) -- check imagery; if real, map as generator:source=solar or power=generator + generator:source=solar", "imagery_note": "osm=74.33390,31.47716 | bing=https://www.bing.com/maps?cp=31.47716~74.33390&lvl=19&style=a | google=https://www.google.com/maps/@31.47716,74.33390,200m/data=!3m1!1e3" }, "geometry": { "type": "Polygon", "coordinates": [ [ [ 74.3340433, 31.4771045 ], [ 74.3339839, 31.4772573 ], [ 74.3339145, 31.4772375 ], [ 74.333918, 31.4772288 ], [ 74.3338754, 31.4772166 ], [ 74.333872, 31.4772254 ], [ 74.3338174, 31.4772098 ], [ 74.3338076, 31.477235 ], [ 74.3337567, 31.4772205 ], [ 74.3338258, 31.4770425 ], [ 74.3340433, 31.4771045 ] ] ] } },
{ "type": "Feature", "properties": { "lead_id": "pakistan-small-pv-0045", "cell": "0136_0087", "roof_area_m2": 399.8334, "est_kwp": 39.55, "fixme": "Possible small rooftop PV (400 m2 roof, roofclf-flagged, not near any existing OSM solar feature) -- check imagery; if real, map as generator:source=solar or power=generator + generator:source=solar", "imagery_note": "osm=74.49927,32.50729 | bing=https://www.bing.com/maps?cp=32.50729~74.49927&lvl=19&style=a | google=https://www.google.com/maps/@32.50729,74.49927,200m/data=!3m1!1e3" }, "geometry": { "type": "Polygon", "coordinates": [ [ [ 74.499424944110501, 32.507322388226697 ], [ 74.499169289899797, 32.507391174281899 ], [ 74.499118233653604, 32.507254921825499 ], [ 74.499373887510899, 32.507186135869091 ], [ 74.499424944110501, 32.507322388226697 ] ] ] } },
{ "type": "Feature", "properties": { "lead_id": "pakistan-small-pv-0046", "cell": "0105_0064", "roof_area_m2": 399.8221, "est_kwp": 39.55, "fixme": "Possible small rooftop PV (400 m2 roof, roofclf-flagged, not near any existing OSM solar feature) -- check imagery; if real, map as generator:source=solar or power=generator + generator:source=solar", "imagery_note": "osm=71.37333,30.12769 | bing=https://www.bing.com/maps?cp=30.12769~71.37333&lvl=19&style=a | google=https://www.google.com/maps/@30.12769,71.37333,200m/data=!3m1!1e3" }, "geometry": { "type": "Polygon", "coordinates": [ [ [ 71.373571965065807, 30.127651941944503 ], [ 71.3735693581487, 30.127730111099098 ], [ 71.373091471484798, 30.127718067489202 ], [ 71.3730940787798, 30.127639898323508 ], [ 71.373571965065807, 30.127651941944503 ] ] ] } },
{ "type": "Feature", "properties": { "lead_id": "pakistan-small-pv-0047", "cell": "0111_0103", "roof_area_m2": 399.8172, "est_kwp": 39.55, "fixme": "Possible small rooftop PV (400 m2 roof, roofclf-flagged, not near any existing OSM solar feature) -- check imagery; if real, map as generator:source=solar or power=generator + generator:source=solar", "imagery_note": "osm=71.99428,34.01799 | bing=https://www.bing.com/maps?cp=34.01799~71.99428&lvl=19&style=a | google=https://www.google.com/maps/@34.01799,71.99428,200m/data=!3m1!1e3" }, "geometry": { "type": "Polygon", "coordinates": [ [ [ 71.994367200951899, 34.017955742528201 ], [ 71.994390172932995, 34.017953699142602 ], [ 71.994402222982202, 34.018047631001501 ], [ 71.994224770704406, 34.0180634154977 ], [ 71.994218770084302, 34.018016639084102 ], [ 71.994169633175403, 34.018021009796797 ], [ 71.994151243686403, 34.017877657828798 ], [ 71.994354860450599, 34.017859546069801 ], [ 71.994367200951899, 34.017955742528201 ] ] ] } },
{ "type": "Feature", "properties": { "lead_id": "pakistan-small-pv-0048", "cell": "0131_0079", "roof_area_m2": 399.8115, "est_kwp": 39.55, "fixme": "Possible small rooftop PV (400 m2 roof, roofclf-flagged, not near any existing OSM solar feature) -- check imagery; if real, map as generator:source=solar or power=generator + generator:source=solar", "imagery_note": "osm=73.96262,31.68202 | bing=https://www.bing.com/maps?cp=31.68202~73.96262&lvl=19&style=a | google=https://www.google.com/maps/@31.68202,73.96262,200m/data=!3m1!1e3" }, "geometry": { "type": "Polygon", "coordinates": [ [ [ 73.962789863877205, 31.682054697988093 ], [ 73.962471881655702, 31.682101346467604 ], [ 73.962448593532301, 31.6819852639244 ], [ 73.962766575363105, 31.681938615495 ], [ 73.962789863877205, 31.682054697988093 ] ] ] } },
{ "type": "Feature", "properties": { "lead_id": "pakistan-small-pv-0049", "cell": "0105_0102", "roof_area_m2": 399.8072, "est_kwp": 39.54, "fixme": "Possible small rooftop PV (400 m2 roof, roofclf-flagged, not near any existing OSM solar feature) -- check imagery; if real, map as generator:source=solar or power=generator + generator:source=solar", "imagery_note": "osm=71.42807,33.95315 | bing=https://www.bing.com/maps?cp=33.95315~71.42807&lvl=19&style=a | google=https://www.google.com/maps/@33.95315,71.42807,200m/data=!3m1!1e3" }, "geometry": { "type": "Polygon", "coordinates": [ [ [ 71.428235103237299, 33.953090706233702 ], [ 71.428235749178597, 33.953203185261401 ], [ 71.428197448781901, 33.953203338002702 ], [ 71.428197549298901, 33.953220842432998 ], [ 71.428150460745002, 33.95322103020559 ], [ 71.428150360237495, 33.953203525774697 ], [ 71.428064682172007, 33.953203867381497 ], [ 71.428064782662005, 33.953221371813605 ], [ 71.428023383880699, 33.953221536853604 ], [ 71.428023283399398, 33.953204032420992 ], [ 71.427902955115599, 33.953204512040301 ], [ 71.427902309612506, 33.953092032991705 ], [ 71.428235103237299, 33.953090706233702 ] ] ] } },
{ "type": "Feature", "properties": { "lead_id": "pakistan-small-pv-0050", "cell": "0132_0088", "roof_area_m2": 399.8052, "est_kwp": 39.54, "fixme": "Possible small rooftop PV (400 m2 roof, roofclf-flagged, not near any existing OSM solar feature) -- check imagery; if real, map as generator:source=solar or power=generator + generator:source=solar", "imagery_note": "osm=74.06775,32.57743 | bing=https://www.bing.com/maps?cp=32.57743~74.06775&lvl=19&style=a | google=https://www.google.com/maps/@32.57743,74.06775,200m/data=!3m1!1e3" }, "geometry": { "type": "Polygon", "coordinates": [ [ [ 74.067842685066793, 32.577527571527298 ], [ 74.067913138200197, 32.5775172844846 ], [ 74.067921807302795, 32.577559848073903 ], [ 74.067708046398295, 32.577591059720703 ], [ 74.0676593472284, 32.577351953070711 ], [ 74.067802654594104, 32.577331028518799 ], [ 74.067842685066793, 32.577527571527298 ] ] ] } },
{ "type": "Feature", "properties": { "lead_id": "pakistan-small-pv-0051", "cell": "0122_0098", "roof_area_m2": 399.8044, "est_kwp": 39.54, "fixme": "Possible small rooftop PV (400 m2 roof, roofclf-flagged, not near any existing OSM solar feature) -- check imagery; if real, map as generator:source=solar or power=generator + generator:source=solar", "imagery_note": "osm=73.14135,33.54832 | bing=https://www.bing.com/maps?cp=33.54832~73.14135&lvl=19&style=a | google=https://www.google.com/maps/@33.54832,73.14135,200m/data=!3m1!1e3" }, "geometry": { "type": "Polygon", "coordinates": [ [ [ 73.141493932114699, 33.548263719061602 ], [ 73.141476602299406, 33.548404227579901 ], [ 73.141203388450194, 33.548380601914197 ], [ 73.1412207186996, 33.548240093448399 ], [ 73.141493932114699, 33.548263719061602 ] ] ] } },
{ "type": "Feature", "properties": { "lead_id": "pakistan-small-pv-0052", "cell": "0032_0032", "roof_area_m2": 399.7982, "est_kwp": 39.54, "fixme": "Possible small rooftop PV (400 m2 roof, roofclf-flagged, not near any existing OSM solar feature) -- check imagery; if real, map as generator:source=solar or power=generator + generator:source=solar", "imagery_note": "osm=64.13230,27.00481 | bing=https://www.bing.com/maps?cp=27.00481~64.13230&lvl=19&style=a | google=https://www.google.com/maps/@27.00481,64.13230,200m/data=!3m1!1e3" }, "geometry": { "type": "Polygon", "coordinates": [ [ [ 64.132337176203905, 27.004698987272601 ], [ 64.132327932753199, 27.004736870489303 ], [ 64.132292951476998, 27.004730022184198 ], [ 64.132278507004699, 27.004789221065401 ], [ 64.132482237507702, 27.004829105369001 ], [ 64.132496681876802, 27.004769906470202 ], [ 64.132547416647498, 27.004779838762097 ], [ 64.132507220804897, 27.004944577827406 ], [ 64.132421369109395, 27.004927770724297 ], [ 64.1324276731997, 27.004901934087396 ], [ 64.132214889367106, 27.0048602773523 ], [ 64.1322580249699, 27.0046834917745 ], [ 64.132337176203905, 27.004698987272601 ] ] ] } },
{ "type": "Feature", "properties": { "lead_id": "pakistan-small-pv-0053", "cell": "0219_0117", "roof_area_m2": 399.7962, "est_kwp": 39.54, "fixme": "Possible small rooftop PV (400 m2 roof, roofclf-flagged, not near any existing OSM solar feature) -- check imagery; if real, map as generator:source=solar or power=generator + generator:source=solar", "imagery_note": "osm=74.30515,31.53395 | bing=https://www.bing.com/maps?cp=31.53395~74.30515&lvl=19&style=a | google=https://www.google.com/maps/@31.53395,74.30515,200m/data=!3m1!1e3" }, "geometry": { "type": "Polygon", "coordinates": [ [ [ 74.305277932893503, 31.5340021952114 ], [ 74.305055155817598, 31.534066203976302 ], [ 74.305035322322894, 31.534015564486904 ], [ 74.305065967241802, 31.534006759555201 ], [ 74.305019452684405, 31.533887997032501 ], [ 74.3052115845163, 31.533832793300402 ], [ 74.305277932893503, 31.5340021952114 ] ] ] } },
{ "type": "Feature", "properties": { "lead_id": "pakistan-small-pv-0054", "cell": "0134_0078", "roof_area_m2": 399.7962, "est_kwp": 39.54, "fixme": "Possible small rooftop PV (400 m2 roof, roofclf-flagged, not near any existing OSM solar feature) -- check imagery; if real, map as generator:source=solar or power=generator + generator:source=solar", "imagery_note": "osm=74.30515,31.53395 | bing=https://www.bing.com/maps?cp=31.53395~74.30515&lvl=19&style=a | google=https://www.google.com/maps/@31.53395,74.30515,200m/data=!3m1!1e3" }, "geometry": { "type": "Polygon", "coordinates": [ [ [ 74.305277932893503, 31.5340021952114 ], [ 74.305055155817598, 31.534066203976302 ], [ 74.305035322322894, 31.534015564486904 ], [ 74.305065967241802, 31.534006759555201 ], [ 74.305019452684405, 31.533887997032501 ], [ 74.3052115845163, 31.533832793300402 ], [ 74.305277932893503, 31.5340021952114 ] ] ] } },
{ "type": "Feature", "properties": { "lead_id": "pakistan-small-pv-0055", "cell": "0122_0076", "roof_area_m2": 399.7946, "est_kwp": 39.54, "fixme": "Possible small rooftop PV (400 m2 roof, roofclf-flagged, not near any existing OSM solar feature) -- check imagery; if real, map as generator:source=solar or power=generator + generator:source=solar", "imagery_note": "osm=73.08210,31.37009 | bing=https://www.bing.com/maps?cp=31.37009~73.08210&lvl=19&style=a | google=https://www.google.com/maps/@31.37009,73.08210,200m/data=!3m1!1e3" }, "geometry": { "type": "Polygon", "coordinates": [ [ [ 73.082263486340395, 31.370048784810699 ], [ 73.082024548644398, 31.370228929837904 ], [ 73.081932954830606, 31.370139491927102 ], [ 73.082171892456302, 31.369959347066203 ], [ 73.082263486340395, 31.370048784810699 ] ] ] } },
{ "type": "Feature", "properties": { "lead_id": "pakistan-small-pv-0056", "cell": "0219_0116", "roof_area_m2": 399.7895, "est_kwp": 39.54, "fixme": "Possible small rooftop PV (400 m2 roof, roofclf-flagged, not near any existing OSM solar feature) -- check imagery; if real, map as generator:source=solar or power=generator + generator:source=solar", "imagery_note": "osm=74.33381,31.47599 | bing=https://www.bing.com/maps?cp=31.47599~74.33381&lvl=19&style=a | google=https://www.google.com/maps/@31.47599,74.33381,200m/data=!3m1!1e3" }, "geometry": { "type": "Polygon", "coordinates": [ [ [ 74.333927179945405, 31.475831487791602 ], [ 74.333804650352903, 31.476128130508499 ], [ 74.333682060177594, 31.476090937094103 ], [ 74.333706994196802, 31.476030572478404 ], [ 74.3337378203301, 31.476039925027898 ], [ 74.333773663735599, 31.475953148862896 ], [ 74.333742837623504, 31.475943796320905 ], [ 74.333804590103099, 31.475794294497199 ], [ 74.333927179945405, 31.475831487791602 ] ] ] } },
{ "type": "Feature", "properties": { "lead_id": "pakistan-small-pv-0057", "cell": "0134_0077", "roof_area_m2": 399.7895, "est_kwp": 39.54, "fixme": "Possible small rooftop PV (400 m2 roof, roofclf-flagged, not near any existing OSM solar feature) -- check imagery; if real, map as generator:source=solar or power=generator + generator:source=solar", "imagery_note": "osm=74.33381,31.47599 | bing=https://www.bing.com/maps?cp=31.47599~74.33381&lvl=19&style=a | google=https://www.google.com/maps/@31.47599,74.33381,200m/data=!3m1!1e3" }, "geometry": { "type": "Polygon", "coordinates": [ [ [ 74.333927179945405, 31.475831487791602 ], [ 74.333804650352903, 31.476128130508499 ], [ 74.333682060177594, 31.476090937094103 ], [ 74.333706994196802, 31.476030572478404 ], [ 74.3337378203301, 31.476039925027898 ], [ 74.333773663735599, 31.475953148862896 ], [ 74.333742837623504, 31.475943796320905 ], [ 74.333804590103099, 31.475794294497199 ], [ 74.333927179945405, 31.475831487791602 ] ] ] } },
{ "type": "Feature", "properties": { "lead_id": "pakistan-small-pv-0058", "cell": "0134_0077", "roof_area_m2": 399.7821, "est_kwp": 39.54, "fixme": "Possible small rooftop PV (400 m2 roof, roofclf-flagged, not near any existing OSM solar feature) -- check imagery; if real, map as generator:source=solar or power=generator + generator:source=solar", "imagery_note": "osm=74.27010,31.46461 | bing=https://www.bing.com/maps?cp=31.46461~74.27010&lvl=19&style=a | google=https://www.google.com/maps/@31.46461,74.27010,200m/data=!3m1!1e3" }, "geometry": { "type": "Polygon", "coordinates": [ [ [ 74.270275535839801, 31.464585726982801 ], [ 74.270244433328998, 31.4647003969209 ], [ 74.269930807994001, 31.464637898602799 ], [ 74.269961910863103, 31.464523228745403 ], [ 74.270275535839801, 31.464585726982801 ] ] ] } },
{ "type": "Feature", "properties": { "lead_id": "pakistan-small-pv-0059", "cell": "0075_0016", "roof_area_m2": 399.7756, "est_kwp": 39.54, "fixme": "Possible small rooftop PV (400 m2 roof, roofclf-flagged, not near any existing OSM solar feature) -- check imagery; if real, map as generator:source=solar or power=generator + generator:source=solar", "imagery_note": "osm=68.36941,25.39123 | bing=https://www.bing.com/maps?cp=25.39123~68.36941&lvl=19&style=a | google=https://www.google.com/maps/@25.39123,68.36941,200m/data=!3m1!1e3" }, "geometry": { "type": "Polygon", "coordinates": [ [ [ 68.3692513, 25.3911399 ], [ 68.3695953, 25.3912199 ], [ 68.3695678, 25.3913175 ], [ 68.3692238, 25.3912376 ], [ 68.3692513, 25.3911399 ] ] ] } },
{ "type": "Feature", "properties": { "lead_id": "pakistan-small-pv-0060", "cell": "0123_0104", "roof_area_m2": 399.7751, "est_kwp": 39.54, "fixme": "Possible small rooftop PV (400 m2 roof, roofclf-flagged, not near any existing OSM solar feature) -- check imagery; if real, map as generator:source=solar or power=generator + generator:source=solar", "imagery_note": "osm=73.22597,34.19612 | bing=https://www.bing.com/maps?cp=34.19612~73.22597&lvl=19&style=a | google=https://www.google.com/maps/@34.19612,73.22597,200m/data=!3m1!1e3" }, "geometry": { "type": "Polygon", "coordinates": [ [ [ 73.226081284524298, 34.196037923946491 ], [ 73.226031165169999, 34.196043461082901 ], [ 73.226056163653496, 34.196199691653398 ], [ 73.225912382426301, 34.196215576333699 ], [ 73.225880827494393, 34.196018368384003 ], [ 73.225913213982196, 34.196014790398401 ], [ 73.225908042263399, 34.195982468855398 ], [ 73.226019436627794, 34.1959701621901 ], [ 73.226010551556996, 34.195914633829801 ], [ 73.226060670835906, 34.195909096699403 ], [ 73.226081284524298, 34.196037923946491 ] ] ] } },
{ "type": "Feature", "properties": { "lead_id": "pakistan-small-pv-0061", "cell": "0119_0100", "roof_area_m2": 399.7631, "est_kwp": 39.54, "fixme": "Possible small rooftop PV (400 m2 roof, roofclf-flagged, not near any existing OSM solar feature) -- check imagery; if real, map as generator:source=solar or power=generator + generator:source=solar", "imagery_note": "osm=72.80791,33.72363 | bing=https://www.bing.com/maps?cp=33.72363~72.80791&lvl=19&style=a | google=https://www.google.com/maps/@33.72363,72.80791,200m/data=!3m1!1e3" }, "geometry": { "type": "Polygon", "coordinates": [ [ [ 72.808046538829004, 33.723693632056403 ], [ 72.807844623778195, 33.723744956262202 ], [ 72.807780473246297, 33.723568739216297 ], [ 72.807982387910201, 33.723517415099202 ], [ 72.808046538829004, 33.723693632056403 ] ] ] } },
{ "type": "Feature", "properties": { "lead_id": "pakistan-small-pv-0062", "cell": "0106_0102", "roof_area_m2": 399.7547, "est_kwp": 39.54, "fixme": "Possible small rooftop PV (400 m2 roof, roofclf-flagged, not near any existing OSM solar feature) -- check imagery; if real, map as generator:source=solar or power=generator + generator:source=solar", "imagery_note": "osm=71.44057,33.96273 | bing=https://www.bing.com/maps?cp=33.96273~71.44057&lvl=19&style=a | google=https://www.google.com/maps/@33.96273,71.44057,200m/data=!3m1!1e3" }, "geometry": { "type": "Polygon", "coordinates": [ [ [ 71.4407071, 33.9626442 ], [ 71.4407048, 33.9627849 ], [ 71.4406158, 33.9627839 ], [ 71.4406153, 33.9628089 ], [ 71.4404397, 33.962807 ], [ 71.4404419, 33.9626723 ], [ 71.4405276, 33.9626733 ], [ 71.4405281, 33.9626422 ], [ 71.4407071, 33.9626442 ] ] ] } },
{ "type": "Feature", "properties": { "lead_id": "pakistan-small-pv-0063", "cell": "0135_0078", "roof_area_m2": 399.7535, "est_kwp": 39.54, "fixme": "Possible small rooftop PV (400 m2 roof, roofclf-flagged, not near any existing OSM solar feature) -- check imagery; if real, map as generator:source=solar or power=generator + generator:source=solar", "imagery_note": "osm=74.37596,31.52963 | bing=https://www.bing.com/maps?cp=31.52963~74.37596&lvl=19&style=a | google=https://www.google.com/maps/@31.52963,74.37596,200m/data=!3m1!1e3" }, "geometry": { "type": "Polygon", "coordinates": [ [ [ 74.376032254863702, 31.529453760754105 ], [ 74.376033453099794, 31.529494268518004 ], [ 74.375998631792598, 31.529495024213404 ], [ 74.376000216381698, 31.529548593720101 ], [ 74.376035037708803, 31.529547838025099 ], [ 74.376039905623301, 31.529712403136799 ], [ 74.375886133661695, 31.529715740233904 ], [ 74.375878483324698, 31.529457097847903 ], [ 74.376032254863702, 31.529453760754105 ] ] ] } },
{ "type": "Feature", "properties": { "lead_id": "pakistan-small-pv-0064", "cell": "0061_0065", "roof_area_m2": 399.7514, "est_kwp": 39.54, "fixme": "Possible small rooftop PV (400 m2 roof, roofclf-flagged, not near any existing OSM solar feature) -- check imagery; if real, map as generator:source=solar or power=generator + generator:source=solar", "imagery_note": "osm=67.02322,30.24765 | bing=https://www.bing.com/maps?cp=30.24765~67.02322&lvl=19&style=a | google=https://www.google.com/maps/@30.24765,67.02322,200m/data=!3m1!1e3" }, "geometry": { "type": "Polygon", "coordinates": [ [ [ 67.023336880176501, 30.247575745110101 ], [ 67.023284111751806, 30.247760555835999 ], [ 67.023093324184899, 30.247719493944299 ], [ 67.023146092935903, 30.247534683309105 ], [ 67.023336880176501, 30.247575745110101 ] ] ] } },
{ "type": "Feature", "properties": { "lead_id": "pakistan-small-pv-0065", "cell": "0219_0117", "roof_area_m2": 399.7505, "est_kwp": 39.54, "fixme": "Possible small rooftop PV (400 m2 roof, roofclf-flagged, not near any existing OSM solar feature) -- check imagery; if real, map as generator:source=solar or power=generator + generator:source=solar", "imagery_note": "osm=74.35081,31.51354 | bing=https://www.bing.com/maps?cp=31.51354~74.35081&lvl=19&style=a | google=https://www.google.com/maps/@31.51354,74.35081,200m/data=!3m1!1e3" }, "geometry": { "type": "Polygon", "coordinates": [ [ [ 74.3509938, 31.5135708 ], [ 74.3506468, 31.5136199 ], [ 74.3506263, 31.5135135 ], [ 74.3509733, 31.5134644 ], [ 74.3509938, 31.5135708 ] ] ] } },
{ "type": "Feature", "properties": { "lead_id": "pakistan-small-pv-0066", "cell": "0135_0078", "roof_area_m2": 399.7505, "est_kwp": 39.54, "fixme": "Possible small rooftop PV (400 m2 roof, roofclf-flagged, not near any existing OSM solar feature) -- check imagery; if real, map as generator:source=solar or power=generator + generator:source=solar", "imagery_note": "osm=74.35081,31.51354 | bing=https://www.bing.com/maps?cp=31.51354~74.35081&lvl=19&style=a | google=https://www.google.com/maps/@31.51354,74.35081,200m/data=!3m1!1e3" }, "geometry": { "type": "Polygon", "coordinates": [ [ [ 74.3509938, 31.5135708 ], [ 74.3506468, 31.5136199 ], [ 74.3506263, 31.5135135 ], [ 74.3509733, 31.5134644 ], [ 74.3509938, 31.5135708 ] ] ] } },
{ "type": "Feature", "properties": { "lead_id": "pakistan-small-pv-0067", "cell": "0063_0012", "roof_area_m2": 399.749, "est_kwp": 39.54, "fixme": "Possible small rooftop PV (400 m2 roof, roofclf-flagged, not near any existing OSM solar feature) -- check imagery; if real, map as generator:source=solar or power=generator + generator:source=solar", "imagery_note": "osm=67.20300,24.92092 | bing=https://www.bing.com/maps?cp=24.92092~67.20300&lvl=19&style=a | google=https://www.google.com/maps/@24.92092,67.20300,200m/data=!3m1!1e3" }, "geometry": { "type": "Polygon", "coordinates": [ [ [ 67.203184501290707, 24.920830372296798 ], [ 67.202880696188998, 24.921068612404099 ], [ 67.202817081891197, 24.9210011524126 ], [ 67.203120886932396, 24.9207629124306 ], [ 67.203184501290707, 24.920830372296798 ] ] ] } },
{ "type": "Feature", "properties": { "lead_id": "pakistan-small-pv-0068", "cell": "0135_0077", "roof_area_m2": 399.7482, "est_kwp": 39.54, "fixme": "Possible small rooftop PV (400 m2 roof, roofclf-flagged, not near any existing OSM solar feature) -- check imagery; if real, map as generator:source=solar or power=generator + generator:source=solar", "imagery_note": "osm=74.38414,31.47234 | bing=https://www.bing.com/maps?cp=31.47234~74.38414&lvl=19&style=a | google=https://www.google.com/maps/@31.47234,74.38414,200m/data=!3m1!1e3" }, "geometry": { "type": "Polygon", "coordinates": [ [ [ 74.3840814, 31.4722262 ], [ 74.3842779, 31.4722884 ], [ 74.3842047, 31.4724582 ], [ 74.3840083, 31.472396 ], [ 74.3840814, 31.4722262 ] ] ] } },
{ "type": "Feature", "properties": { "lead_id": "pakistan-small-pv-0069", "cell": "0062_0011", "roof_area_m2": 399.7454, "est_kwp": 39.54, "fixme": "Possible small rooftop PV (400 m2 roof, roofclf-flagged, not near any existing OSM solar feature) -- check imagery; if real, map as generator:source=solar or power=generator + generator:source=solar", "imagery_note": "osm=67.07236,24.80834 | bing=https://www.bing.com/maps?cp=24.80834~67.07236&lvl=19&style=a | google=https://www.google.com/maps/@24.80834,67.07236,200m/data=!3m1!1e3" }, "geometry": { "type": "Polygon", "coordinates": [ [ [ 67.072301, 24.8081905 ], [ 67.0725144, 24.8084063 ], [ 67.0724675, 24.8084449 ], [ 67.0724332, 24.8084102 ], [ 67.0723807, 24.8084535 ], [ 67.0722016, 24.8082724 ], [ 67.072301, 24.8081905 ] ] ] } },
{ "type": "Feature", "properties": { "lead_id": "pakistan-small-pv-0070", "cell": "0062_0012", "roof_area_m2": 399.7453, "est_kwp": 39.54, "fixme": "Possible small rooftop PV (400 m2 roof, roofclf-flagged, not near any existing OSM solar feature) -- check imagery; if real, map as generator:source=solar or power=generator + generator:source=solar", "imagery_note": "osm=67.10119,24.93303 | bing=https://www.bing.com/maps?cp=24.93303~67.10119&lvl=19&style=a | google=https://www.google.com/maps/@24.93303,67.10119,200m/data=!3m1!1e3" }, "geometry": { "type": "Polygon", "coordinates": [ [ [ 67.101316577233206, 24.932970246008299 ], [ 67.101270867341398, 24.933021618474097 ], [ 67.101290579212503, 24.933036200982997 ], [ 67.101174934993097, 24.9331661710426 ], [ 67.101127776569697, 24.933131284000901 ], [ 67.101143692849504, 24.9331133960643 ], [ 67.101134639887505, 24.933106698825799 ], [ 67.1011187236072, 24.933124586761402 ], [ 67.101049893863802, 24.933073667557 ], [ 67.101211248015403, 24.9328923251616 ], [ 67.101316577233206, 24.932970246008299 ] ] ] } },
{ "type": "Feature", "properties": { "lead_id": "pakistan-small-pv-0071", "cell": "0122_0098", "roof_area_m2": 399.7362, "est_kwp": 39.54, "fixme": "Possible small rooftop PV (400 m2 roof, roofclf-flagged, not near any existing OSM solar feature) -- check imagery; if real, map as generator:source=solar or power=generator + generator:source=solar", "imagery_note": "osm=73.08321,33.58818 | bing=https://www.bing.com/maps?cp=33.58818~73.08321&lvl=19&style=a | google=https://www.google.com/maps/@33.58818,73.08321,200m/data=!3m1!1e3" }, "geometry": { "type": "Polygon", "coordinates": [ [ [ 73.083366415873598, 33.588198891776095 ], [ 73.083238703162806, 33.588312082030001 ], [ 73.083057455569502, 33.588168837634598 ], [ 73.083185168286903, 33.588055647566506 ], [ 73.083366415873598, 33.588198891776095 ] ] ] } },
{ "type": "Feature", "properties": { "lead_id": "pakistan-small-pv-0072", "cell": "0123_0099", "roof_area_m2": 399.7283, "est_kwp": 39.54, "fixme": "Possible small rooftop PV (400 m2 roof, roofclf-flagged, not near any existing OSM solar feature) -- check imagery; if real, map as generator:source=solar or power=generator + generator:source=solar", "imagery_note": "osm=73.22123,33.69884 | bing=https://www.bing.com/maps?cp=33.69884~73.22123&lvl=19&style=a | google=https://www.google.com/maps/@33.69884,73.22123,200m/data=!3m1!1e3" }, "geometry": { "type": "Polygon", "coordinates": [ [ [ 73.221374292014701, 33.698895014044801 ], [ 73.221240645572394, 33.698973458110203 ], [ 73.221077044537694, 33.698778726301597 ], [ 73.221210690804796, 33.698700282408701 ], [ 73.221374292014701, 33.698895014044801 ] ] ] } },
{ "type": "Feature", "properties": { "lead_id": "pakistan-small-pv-0073", "cell": "0135_0078", "roof_area_m2": 399.7248, "est_kwp": 39.54, "fixme": "Possible small rooftop PV (400 m2 roof, roofclf-flagged, not near any existing OSM solar feature) -- check imagery; if real, map as generator:source=solar or power=generator + generator:source=solar", "imagery_note": "osm=74.37952,31.56317 | bing=https://www.bing.com/maps?cp=31.56317~74.37952&lvl=19&style=a | google=https://www.google.com/maps/@31.56317,74.37952,200m/data=!3m1!1e3" }, "geometry": { "type": "Polygon", "coordinates": [ [ [ 74.379667553746501, 31.563209897122903 ], [ 74.379513056873705, 31.563298733883201 ], [ 74.379380309983617, 31.563129481194299 ], [ 74.379534806696199, 31.563040644591403 ], [ 74.379667553746501, 31.563209897122903 ] ] ] } },
{ "type": "Feature", "properties": { "lead_id": "pakistan-small-pv-0074", "cell": "0134_0077", "roof_area_m2": 399.7189, "est_kwp": 39.54, "fixme": "Possible small rooftop PV (400 m2 roof, roofclf-flagged, not near any existing OSM solar feature) -- check imagery; if real, map as generator:source=solar or power=generator + generator:source=solar", "imagery_note": "osm=74.33614,31.49626 | bing=https://www.bing.com/maps?cp=31.49626~74.33614&lvl=19&style=a | google=https://www.google.com/maps/@31.49626,74.33614,200m/data=!3m1!1e3" }, "geometry": { "type": "Polygon", "coordinates": [ [ [ 74.336246704993698, 31.496115457874701 ], [ 74.336215769458704, 31.496200612963392 ], [ 74.336252634408808, 31.496210445677402 ], [ 74.336201708285998, 31.496350627887399 ], [ 74.3360343853345, 31.496305998971803 ], [ 74.336116247321002, 31.496080661774496 ], [ 74.336246704993698, 31.496115457874701 ] ] ] } },
{ "type": "Feature", "properties": { "lead_id": "pakistan-small-pv-0075", "cell": "0134_0077", "roof_area_m2": 399.7117, "est_kwp": 39.54, "fixme": "Possible small rooftop PV (400 m2 roof, roofclf-flagged, not near any existing OSM solar feature) -- check imagery; if real, map as generator:source=solar or power=generator + generator:source=solar", "imagery_note": "osm=74.26203,31.44688 | bing=https://www.bing.com/maps?cp=31.44688~74.26203&lvl=19&style=a | google=https://www.google.com/maps/@31.44688,74.26203,200m/data=!3m1!1e3" }, "geometry": { "type": "Polygon", "coordinates": [ [ [ 74.262175237428394, 31.446899252504199 ], [ 74.262016198844293, 31.446954605665795 ], [ 74.262027337211293, 31.446978126702199 ], [ 74.261924205148404, 31.447014021538497 ], [ 74.261878221145693, 31.446916916198301 ], [ 74.261915330745893, 31.4469040003173 ], [ 74.261892576736017, 31.446855950180002 ], [ 74.262117637489396, 31.446777618179702 ], [ 74.262175237428394, 31.446899252504199 ] ] ] } },
{ "type": "Feature", "properties": { "lead_id": "pakistan-small-pv-0076", "cell": "0134_0078", "roof_area_m2": 399.7041, "est_kwp": 39.53, "fixme": "Possible small rooftop PV (400 m2 roof, roofclf-flagged, not near any existing OSM solar feature) -- check imagery; if real, map as generator:source=solar or power=generator + generator:source=solar", "imagery_note": "osm=74.31952,31.56322 | bing=https://www.bing.com/maps?cp=31.56322~74.31952&lvl=19&style=a | google=https://www.google.com/maps/@31.56322,74.31952,200m/data=!3m1!1e3" }, "geometry": { "type": "Polygon", "coordinates": [ [ [ 74.319654183906593, 31.563173448639002 ], [ 74.319604606023404, 31.5633278876644 ], [ 74.319376200112202, 31.563274132144201 ], [ 74.319425778339493, 31.563119693212904 ], [ 74.319654183906593, 31.563173448639002 ] ] ] } },
{ "type": "Feature", "properties": { "lead_id": "pakistan-small-pv-0077", "cell": "0219_0116", "roof_area_m2": 399.7002, "est_kwp": 39.53, "fixme": "Possible small rooftop PV (400 m2 roof, roofclf-flagged, not near any existing OSM solar feature) -- check imagery; if real, map as generator:source=solar or power=generator + generator:source=solar", "imagery_note": "osm=74.29803,31.45987 | bing=https://www.bing.com/maps?cp=31.45987~74.29803&lvl=19&style=a | google=https://www.google.com/maps/@31.45987,74.29803,200m/data=!3m1!1e3" }, "geometry": { "type": "Polygon", "coordinates": [ [ [ 74.2981452, 31.4598341 ], [ 74.2981375, 31.4599138 ], [ 74.2981663, 31.4599159 ], [ 74.298162, 31.4599599 ], [ 74.2981332, 31.4599579 ], [ 74.2981291, 31.4599997 ], [ 74.2979095, 31.459984 ], [ 74.2979136, 31.4599422 ], [ 74.2979256, 31.4598184 ], [ 74.2981452, 31.4598341 ] ] ] } },
{ "type": "Feature", "properties": { "lead_id": "pakistan-small-pv-0078", "cell": "0134_0077", "roof_area_m2": 399.7002, "est_kwp": 39.53, "fixme": "Possible small rooftop PV (400 m2 roof, roofclf-flagged, not near any existing OSM solar feature) -- check imagery; if real, map as generator:source=solar or power=generator + generator:source=solar", "imagery_note": "osm=74.29803,31.45987 | bing=https://www.bing.com/maps?cp=31.45987~74.29803&lvl=19&style=a | google=https://www.google.com/maps/@31.45987,74.29803,200m/data=!3m1!1e3" }, "geometry": { "type": "Polygon", "coordinates": [ [ [ 74.2981452, 31.4598341 ], [ 74.2981375, 31.4599138 ], [ 74.2981663, 31.4599159 ], [ 74.298162, 31.4599599 ], [ 74.2981332, 31.4599579 ], [ 74.2981291, 31.4599997 ], [ 74.2979095, 31.459984 ], [ 74.2979136, 31.4599422 ], [ 74.2979256, 31.4598184 ], [ 74.2981452, 31.4598341 ] ] ] } },
{ "type": "Feature", "properties": { "lead_id": "pakistan-small-pv-0079", "cell": "0106_0102", "roof_area_m2": 399.696, "est_kwp": 39.53, "fixme": "Possible small rooftop PV (400 m2 roof, roofclf-flagged, not near any existing OSM solar feature) -- check imagery; if real, map as generator:source=solar or power=generator + generator:source=solar", "imagery_note": "osm=71.50297,33.99242 | bing=https://www.bing.com/maps?cp=33.99242~71.50297&lvl=19&style=a | google=https://www.google.com/maps/@33.99242,71.50297,200m/data=!3m1!1e3" }, "geometry": { "type": "Polygon", "coordinates": [ [ [ 71.502956407447599, 33.992276568087902 ], [ 71.502956787336402, 33.992322026308493 ], [ 71.503058983205506, 33.992321433722203 ], [ 71.503060595536894, 33.992514337716401 ], [ 71.502882350794806, 33.992515371237303 ], [ 71.502880551736794, 33.992300072269408 ], [ 71.502830849443498, 33.99230036040781 ], [ 71.502830656740699, 33.992277297138102 ], [ 71.502956407447599, 33.992276568087902 ] ] ] } },
{ "type": "Feature", "properties": { "lead_id": "pakistan-small-pv-0080", "cell": "0111_0104", "roof_area_m2": 399.6959, "est_kwp": 39.53, "fixme": "Possible small rooftop PV (400 m2 roof, roofclf-flagged, not near any existing OSM solar feature) -- check imagery; if real, map as generator:source=solar or power=generator + generator:source=solar", "imagery_note": "osm=72.03036,34.14853 | bing=https://www.bing.com/maps?cp=34.14853~72.03036&lvl=19&style=a | google=https://www.google.com/maps/@34.14853,72.03036,200m/data=!3m1!1e3" }, "geometry": { "type": "Polygon", "coordinates": [ [ [ 72.0302788, 34.1485024 ], [ 72.0302771, 34.1484696 ], [ 72.0303446, 34.1484672 ], [ 72.0303463, 34.1484999 ], [ 72.0304932, 34.1484946 ], [ 72.0304968, 34.1485636 ], [ 72.0304669, 34.1485647 ], [ 72.0304708, 34.1486377 ], [ 72.0302264, 34.1486466 ], [ 72.0302189, 34.1485045 ], [ 72.0302788, 34.1485024 ] ] ] } },
{ "type": "Feature", "properties": { "lead_id": "pakistan-small-pv-0081", "cell": "0219_0117", "roof_area_m2": 399.6893, "est_kwp": 39.53, "fixme": "Possible small rooftop PV (400 m2 roof, roofclf-flagged, not near any existing OSM solar feature) -- check imagery; if real, map as generator:source=solar or power=generator + generator:source=solar", "imagery_note": "osm=74.34650,31.54614 | bing=https://www.bing.com/maps?cp=31.54614~74.34650&lvl=19&style=a | google=https://www.google.com/maps/@31.54614,74.34650,200m/data=!3m1!1e3" }, "geometry": { "type": "Polygon", "coordinates": [ [ [ 74.346652, 31.5461384 ], [ 74.3465073, 31.5462646 ], [ 74.3463543, 31.5461359 ], [ 74.346499, 31.5460097 ], [ 74.346652, 31.5461384 ] ] ] } },
{ "type": "Feature", "properties": { "lead_id": "pakistan-small-pv-0082", "cell": "0135_0078", "roof_area_m2": 399.6893, "est_kwp": 39.53, "fixme": "Possible small rooftop PV (400 m2 roof, roofclf-flagged, not near any existing OSM solar feature) -- check imagery; if real, map as generator:source=solar or power=generator + generator:source=solar", "imagery_note": "osm=74.34650,31.54614 | bing=https://www.bing.com/maps?cp=31.54614~74.34650&lvl=19&style=a | google=https://www.google.com/maps/@31.54614,74.34650,200m/data=!3m1!1e3" }, "geometry": { "type": "Polygon", "coordinates": [ [ [ 74.346652, 31.5461384 ], [ 74.3465073, 31.5462646 ], [ 74.3463543, 31.5461359 ], [ 74.346499, 31.5460097 ], [ 74.346652, 31.5461384 ] ] ] } },
{ "type": "Feature", "properties": { "lead_id": "pakistan-small-pv-0083", "cell": "0062_0012", "roof_area_m2": 399.6828, "est_kwp": 39.53, "fixme": "Possible small rooftop PV (400 m2 roof, roofclf-flagged, not near any existing OSM solar feature) -- check imagery; if real, map as generator:source=solar or power=generator + generator:source=solar", "imagery_note": "osm=67.06771,24.98273 | bing=https://www.bing.com/maps?cp=24.98273~67.06771&lvl=19&style=a | google=https://www.google.com/maps/@24.98273,67.06771,200m/data=!3m1!1e3" }, "geometry": { "type": "Polygon", "coordinates": [ [ [ 67.067863378159899, 24.982688770667199 ], [ 67.067858418904095, 24.982773836733099 ], [ 67.067706526753895, 24.982766480252099 ], [ 67.0677024304931, 24.982836741750202 ], [ 67.067556668281497, 24.982829682004802 ], [ 67.067565724083494, 24.982674354471698 ], [ 67.067863378159899, 24.982688770667199 ] ] ] } },
{ "type": "Feature", "properties": { "lead_id": "pakistan-small-pv-0084", "cell": "0135_0078", "roof_area_m2": 399.6812, "est_kwp": 39.53, "fixme": "Possible small rooftop PV (400 m2 roof, roofclf-flagged, not near any existing OSM solar feature) -- check imagery; if real, map as generator:source=solar or power=generator + generator:source=solar", "imagery_note": "osm=74.41664,31.57698 | bing=https://www.bing.com/maps?cp=31.57698~74.41664&lvl=19&style=a | google=https://www.google.com/maps/@31.57698,74.41664,200m/data=!3m1!1e3" }, "geometry": { "type": "Polygon", "coordinates": [ [ [ 74.416792959537801, 31.577053182978101 ], [ 74.416599276533205, 31.5770722192498 ], [ 74.416591046132496, 31.577010844864503 ], [ 74.416564947615797, 31.577013409952905 ], [ 74.416573177999595, 31.577074784339601 ], [ 74.416504810339504, 31.577081503817194 ], [ 74.416486636340395, 31.576945978548601 ], [ 74.416774785126606, 31.576917657747199 ], [ 74.416792959537801, 31.577053182978101 ] ] ] } },
{ "type": "Feature", "properties": { "lead_id": "pakistan-small-pv-0085", "cell": "0219_0117", "roof_area_m2": 399.6711, "est_kwp": 39.53, "fixme": "Possible small rooftop PV (400 m2 roof, roofclf-flagged, not near any existing OSM solar feature) -- check imagery; if real, map as generator:source=solar or power=generator + generator:source=solar", "imagery_note": "osm=74.27369,31.51650 | bing=https://www.bing.com/maps?cp=31.51650~74.27369&lvl=19&style=a | google=https://www.google.com/maps/@31.51650,74.27369,200m/data=!3m1!1e3" }, "geometry": { "type": "Polygon", "coordinates": [ [ [ 74.273834810481702, 31.516549706456701 ], [ 74.273683919709399, 31.516628308239703 ], [ 74.273553698007802, 31.516444850357001 ], [ 74.273704588589197, 31.516366248722097 ], [ 74.273834810481702, 31.516549706456701 ] ] ] } },
{ "type": "Feature", "properties": { "lead_id": "pakistan-small-pv-0086", "cell": "0134_0078", "roof_area_m2": 399.6711, "est_kwp": 39.53, "fixme": "Possible small rooftop PV (400 m2 roof, roofclf-flagged, not near any existing OSM solar feature) -- check imagery; if real, map as generator:source=solar or power=generator + generator:source=solar", "imagery_note": "osm=74.27369,31.51650 | bing=https://www.bing.com/maps?cp=31.51650~74.27369&lvl=19&style=a | google=https://www.google.com/maps/@31.51650,74.27369,200m/data=!3m1!1e3" }, "geometry": { "type": "Polygon", "coordinates": [ [ [ 74.273834810481702, 31.516549706456701 ], [ 74.273683919709399, 31.516628308239703 ], [ 74.273553698007802, 31.516444850357001 ], [ 74.273704588589197, 31.516366248722097 ], [ 74.273834810481702, 31.516549706456701 ] ] ] } },
{ "type": "Feature", "properties": { "lead_id": "pakistan-small-pv-0087", "cell": "0061_0011", "roof_area_m2": 399.6696, "est_kwp": 39.53, "fixme": "Possible small rooftop PV (400 m2 roof, roofclf-flagged, not near any existing OSM solar feature) -- check imagery; if real, map as generator:source=solar or power=generator + generator:source=solar", "imagery_note": "osm=67.04103,24.81442 | bing=https://www.bing.com/maps?cp=24.81442~67.04103&lvl=19&style=a | google=https://www.google.com/maps/@24.81442,67.04103,200m/data=!3m1!1e3" }, "geometry": { "type": "Polygon", "coordinates": [ [ [ 67.041164347803502, 24.814463230894503 ], [ 67.040987054483395, 24.814547272096 ], [ 67.040959570141396, 24.814498971461795 ], [ 67.040952012614596, 24.814502553899601 ], [ 67.040928476097505, 24.814461191086799 ], [ 67.040936033622415, 24.814457608649903 ], [ 67.040885156467994, 24.814368197615803 ], [ 67.040935929635211, 24.814344129978199 ], [ 67.040953983202698, 24.814375857140405 ], [ 67.041080503177199, 24.814315883670499 ], [ 67.041164347803502, 24.814463230894503 ] ] ] } },
{ "type": "Feature", "properties": { "lead_id": "pakistan-small-pv-0088", "cell": "0062_0011", "roof_area_m2": 399.6696, "est_kwp": 39.53, "fixme": "Possible small rooftop PV (400 m2 roof, roofclf-flagged, not near any existing OSM solar feature) -- check imagery; if real, map as generator:source=solar or power=generator + generator:source=solar", "imagery_note": "osm=67.04103,24.81442 | bing=https://www.bing.com/maps?cp=24.81442~67.04103&lvl=19&style=a | google=https://www.google.com/maps/@24.81442,67.04103,200m/data=!3m1!1e3" }, "geometry": { "type": "Polygon", "coordinates": [ [ [ 67.041164347803502, 24.814463230894503 ], [ 67.040987054483395, 24.814547272096 ], [ 67.040959570141396, 24.814498971461795 ], [ 67.040952012614596, 24.814502553899601 ], [ 67.040928476097505, 24.814461191086799 ], [ 67.040936033622415, 24.814457608649903 ], [ 67.040885156467994, 24.814368197615803 ], [ 67.040935929635211, 24.814344129978199 ], [ 67.040953983202698, 24.814375857140405 ], [ 67.041080503177199, 24.814315883670499 ], [ 67.041164347803502, 24.814463230894503 ] ] ] } },
{ "type": "Feature", "properties": { "lead_id": "pakistan-small-pv-0089", "cell": "0105_0064", "roof_area_m2": 399.668, "est_kwp": 39.53, "fixme": "Possible small rooftop PV (400 m2 roof, roofclf-flagged, not near any existing OSM solar feature) -- check imagery; if real, map as generator:source=solar or power=generator + generator:source=solar", "imagery_note": "osm=71.42302,30.18703 | bing=https://www.bing.com/maps?cp=30.18703~71.42302&lvl=19&style=a | google=https://www.google.com/maps/@30.18703,71.42302,200m/data=!3m1!1e3" }, "geometry": { "type": "Polygon", "coordinates": [ [ [ 71.423213, 30.1868551 ], [ 71.4230863, 30.1868449 ], [ 71.4230508, 30.1871767 ], [ 71.4229618, 30.1871695 ], [ 71.4229916, 30.1868907 ], [ 71.4230302, 30.1868938 ], [ 71.4230417, 30.1867867 ], [ 71.4232188, 30.186801 ], [ 71.423213, 30.1868551 ] ] ] } },
{ "type": "Feature", "properties": { "lead_id": "pakistan-small-pv-0090", "cell": "0075_0016", "roof_area_m2": 399.6646, "est_kwp": 39.53, "fixme": "Possible small rooftop PV (400 m2 roof, roofclf-flagged, not near any existing OSM solar feature) -- check imagery; if real, map as generator:source=solar or power=generator + generator:source=solar", "imagery_note": "osm=68.35131,25.38651 | bing=https://www.bing.com/maps?cp=25.38651~68.35131&lvl=19&style=a | google=https://www.google.com/maps/@25.38651,68.35131,200m/data=!3m1!1e3" }, "geometry": { "type": "Polygon", "coordinates": [ [ [ 68.351367929508399, 25.386660650230901 ], [ 68.3511802386504, 25.386635394413403 ], [ 68.351191429346301, 25.386566767279898 ], [ 68.351214421713095, 25.386569861162201 ], [ 68.351234255097395, 25.386448232245705 ], [ 68.351314395564401, 25.386459016019099 ], [ 68.351318441282402, 25.386434205381104 ], [ 68.351402999026604, 25.3864455834978 ], [ 68.351367929508399, 25.386660650230901 ] ] ] } },
{ "type": "Feature", "properties": { "lead_id": "pakistan-small-pv-0091", "cell": "0061_0012", "roof_area_m2": 399.6635, "est_kwp": 39.53, "fixme": "Possible small rooftop PV (400 m2 roof, roofclf-flagged, not near any existing OSM solar feature) -- check imagery; if real, map as generator:source=solar or power=generator + generator:source=solar", "imagery_note": "osm=66.99562,24.92761 | bing=https://www.bing.com/maps?cp=24.92761~66.99562&lvl=19&style=a | google=https://www.google.com/maps/@24.92761,66.99562,200m/data=!3m1!1e3" }, "geometry": { "type": "Polygon", "coordinates": [ [ [ 66.995630039237398, 24.927470501500203 ], [ 66.995639849125695, 24.927549096764498 ], [ 66.995710018197897, 24.927541814305201 ], [ 66.995726122593098, 24.927670839414301 ], [ 66.995530074315795, 24.927691186079901 ], [ 66.995504160317097, 24.9274835656955 ], [ 66.995630039237398, 24.927470501500203 ] ] ] } },
{ "type": "Feature", "properties": { "lead_id": "pakistan-small-pv-0092", "cell": "0075_0016", "roof_area_m2": 399.6605, "est_kwp": 39.53, "fixme": "Possible small rooftop PV (400 m2 roof, roofclf-flagged, not near any existing OSM solar feature) -- check imagery; if real, map as generator:source=solar or power=generator + generator:source=solar", "imagery_note": "osm=68.35621,25.35831 | bing=https://www.bing.com/maps?cp=25.35831~68.35621&lvl=19&style=a | google=https://www.google.com/maps/@25.35831,68.35621,200m/data=!3m1!1e3" }, "geometry": { "type": "Polygon", "coordinates": [ [ [ 68.356352619800404, 25.358306435053301 ], [ 68.356217402565704, 25.358439917361402 ], [ 68.356072329950607, 25.358318589927201 ], [ 68.356207547204406, 25.358185107749598 ], [ 68.356352619800404, 25.358306435053301 ] ] ] } },
{ "type": "Feature", "properties": { "lead_id": "pakistan-small-pv-0093", "cell": "0106_0102", "roof_area_m2": 399.6557, "est_kwp": 39.53, "fixme": "Possible small rooftop PV (400 m2 roof, roofclf-flagged, not near any existing OSM solar feature) -- check imagery; if real, map as generator:source=solar or power=generator + generator:source=solar", "imagery_note": "osm=71.45141,33.97703 | bing=https://www.bing.com/maps?cp=33.97703~71.45141&lvl=19&style=a | google=https://www.google.com/maps/@33.97703,71.45141,200m/data=!3m1!1e3" }, "geometry": { "type": "Polygon", "coordinates": [ [ [ 71.451550486455005, 33.977095853320002 ], [ 71.451391212442502, 33.977160072087401 ], [ 71.451276026131893, 33.976961789701797 ], [ 71.451435299879904, 33.9768975710939 ], [ 71.451550486455005, 33.977095853320002 ] ] ] } },
{ "type": "Feature", "properties": { "lead_id": "pakistan-small-pv-0094", "cell": "0132_0088", "roof_area_m2": 399.6534, "est_kwp": 39.53, "fixme": "Possible small rooftop PV (400 m2 roof, roofclf-flagged, not near any existing OSM solar feature) -- check imagery; if real, map as generator:source=solar or power=generator + generator:source=solar", "imagery_note": "osm=74.07157,32.58293 | bing=https://www.bing.com/maps?cp=32.58293~74.07157&lvl=19&style=a | google=https://www.google.com/maps/@32.58293,74.07157,200m/data=!3m1!1e3" }, "geometry": { "type": "Polygon", "coordinates": [ [ [ 74.071659135338805, 32.582808909322992 ], [ 74.071642169333302, 32.583061336477897 ], [ 74.071490693044197, 32.583054038605091 ], [ 74.071507659472104, 32.582801611477699 ], [ 74.071659135338805, 32.582808909322992 ] ] ] } },
{ "type": "Feature", "properties": { "lead_id": "pakistan-small-pv-0095", "cell": "0134_0077", "roof_area_m2": 399.6465, "est_kwp": 39.53, "fixme": "Possible small rooftop PV (400 m2 roof, roofclf-flagged, not near any existing OSM solar feature) -- check imagery; if real, map as generator:source=solar or power=generator + generator:source=solar", "imagery_note": "osm=74.24020,31.46821 | bing=https://www.bing.com/maps?cp=31.46821~74.24020&lvl=19&style=a | google=https://www.google.com/maps/@31.46821,74.24020,200m/data=!3m1!1e3" }, "geometry": { "type": "Polygon", "coordinates": [ [ [ 74.240218897965406, 31.468300701504702 ], [ 74.240194434659301, 31.468278946085601 ], [ 74.240145623680803, 31.468319267803395 ], [ 74.240100668605905, 31.468279288827702 ], [ 74.240053152137307, 31.4683185411122 ], [ 74.240003810390405, 31.468274660951707 ], [ 74.239987524092896, 31.468288114678696 ], [ 74.239961965987305, 31.4682653855462 ], [ 74.240050468263107, 31.468192275842995 ], [ 74.240076569504097, 31.4682154879719 ], [ 74.240209764786897, 31.468105458040199 ], [ 74.240327981804398, 31.468210589431092 ], [ 74.240218897965406, 31.468300701504702 ] ] ] } },
{ "type": "Feature", "properties": { "lead_id": "pakistan-small-pv-0096", "cell": "0133_0077", "roof_area_m2": 399.6465, "est_kwp": 39.53, "fixme": "Possible small rooftop PV (400 m2 roof, roofclf-flagged, not near any existing OSM solar feature) -- check imagery; if real, map as generator:source=solar or power=generator + generator:source=solar", "imagery_note": "osm=74.24020,31.46821 | bing=https://www.bing.com/maps?cp=31.46821~74.24020&lvl=19&style=a | google=https://www.google.com/maps/@31.46821,74.24020,200m/data=!3m1!1e3" }, "geometry": { "type": "Polygon", "coordinates": [ [ [ 74.240218897965406, 31.468300701504702 ], [ 74.240194434659301, 31.468278946085601 ], [ 74.240145623680803, 31.468319267803395 ], [ 74.240100668605905, 31.468279288827702 ], [ 74.240053152137307, 31.4683185411122 ], [ 74.240003810390405, 31.468274660951707 ], [ 74.239987524092896, 31.468288114678696 ], [ 74.239961965987305, 31.4682653855462 ], [ 74.240050468263107, 31.468192275842995 ], [ 74.240076569504097, 31.4682154879719 ], [ 74.240209764786897, 31.468105458040199 ], [ 74.240327981804398, 31.468210589431092 ], [ 74.240218897965406, 31.468300701504702 ] ] ] } },
{ "type": "Feature", "properties": { "lead_id": "pakistan-small-pv-0097", "cell": "0106_0102", "roof_area_m2": 399.646, "est_kwp": 39.53, "fixme": "Possible small rooftop PV (400 m2 roof, roofclf-flagged, not near any existing OSM solar feature) -- check imagery; if real, map as generator:source=solar or power=generator + generator:source=solar", "imagery_note": "osm=71.43976,33.95705 | bing=https://www.bing.com/maps?cp=33.95705~71.43976&lvl=19&style=a | google=https://www.google.com/maps/@33.95705,71.43976,200m/data=!3m1!1e3" }, "geometry": { "type": "Polygon", "coordinates": [ [ [ 71.439853493568805, 33.956948544476703 ], [ 71.439852181219607, 33.9571821621523 ], [ 71.439789502865594, 33.957181917646999 ], [ 71.439789656324805, 33.957154602904197 ], [ 71.439671748942501, 33.957154142864908 ], [ 71.439672908289097, 33.956947839913902 ], [ 71.439853493568805, 33.956948544476703 ] ] ] } },
{ "type": "Feature", "properties": { "lead_id": "pakistan-small-pv-0098", "cell": "0105_0102", "roof_area_m2": 399.646, "est_kwp": 39.53, "fixme": "Possible small rooftop PV (400 m2 roof, roofclf-flagged, not near any existing OSM solar feature) -- check imagery; if real, map as generator:source=solar or power=generator + generator:source=solar", "imagery_note": "osm=71.43976,33.95705 | bing=https://www.bing.com/maps?cp=33.95705~71.43976&lvl=19&style=a | google=https://www.google.com/maps/@33.95705,71.43976,200m/data=!3m1!1e3" }, "geometry": { "type": "Polygon", "coordinates": [ [ [ 71.439853493568805, 33.956948544476703 ], [ 71.439852181219607, 33.9571821621523 ], [ 71.439789502865594, 33.957181917646999 ], [ 71.439789656324805, 33.957154602904197 ], [ 71.439671748942501, 33.957154142864908 ], [ 71.439672908289097, 33.956947839913902 ], [ 71.439853493568805, 33.956948544476703 ] ] ] } },
{ "type": "Feature", "properties": { "lead_id": "pakistan-small-pv-0099", "cell": "0106_0102", "roof_area_m2": 399.631, "est_kwp": 39.53, "fixme": "Possible small rooftop PV (400 m2 roof, roofclf-flagged, not near any existing OSM solar feature) -- check imagery; if real, map as generator:source=solar or power=generator + generator:source=solar", "imagery_note": "osm=71.44524,33.95824 | bing=https://www.bing.com/maps?cp=33.95824~71.44524&lvl=19&style=a | google=https://www.google.com/maps/@33.95824,71.44524,200m/data=!3m1!1e3" }, "geometry": { "type": "Polygon", "coordinates": [ [ [ 71.445335483312206, 33.958140606379402 ], [ 71.445339682362302, 33.958374082620502 ], [ 71.44529726934411, 33.958374612279698 ], [ 71.445296734981397, 33.958344899930097 ], [ 71.445154137757498, 33.958346680593003 ], [ 71.4451504735258, 33.958142916676202 ], [ 71.445335483312206, 33.958140606379402 ] ] ] } },
{ "type": "Feature", "properties": { "lead_id": "pakistan-small-pv-0100", "cell": "0122_0099", "roof_area_m2": 399.6298, "est_kwp": 39.53, "fixme": "Possible small rooftop PV (400 m2 roof, roofclf-flagged, not near any existing OSM solar feature) -- check imagery; if real, map as generator:source=solar or power=generator + generator:source=solar", "imagery_note": "osm=73.10783,33.64400 | bing=https://www.bing.com/maps?cp=33.64400~73.10783&lvl=19&style=a | google=https://www.google.com/maps/@33.64400,73.10783,200m/data=!3m1!1e3" }, "geometry": { "type": "Polygon", "coordinates": [ [ [ 73.108043927197102, 33.643963649353609 ], [ 73.108037285128106, 33.644057564032401 ], [ 73.107625326035404, 33.644037181863503 ], [ 73.107631968548404, 33.643943267210709 ], [ 73.108043927197102, 33.643963649353609 ] ] ] } },
{ "type": "Feature", "properties": { "lead_id": "pakistan-small-pv-0101", "cell": "0111_0103", "roof_area_m2": 399.6278, "est_kwp": 39.53, "fixme": "Possible small rooftop PV (400 m2 roof, roofclf-flagged, not near any existing OSM solar feature) -- check imagery; if real, map as generator:source=solar or power=generator + generator:source=solar", "imagery_note": "osm=71.99720,34.05129 | bing=https://www.bing.com/maps?cp=34.05129~71.99720&lvl=19&style=a | google=https://www.google.com/maps/@34.05129,71.99720,200m/data=!3m1!1e3" }, "geometry": { "type": "Polygon", "coordinates": [ [ [ 71.997300144404306, 34.0513932143093 ], [ 71.997127413370094, 34.051407645665101 ], [ 71.997100451541698, 34.051184057250097 ], [ 71.997273182132304, 34.0511696259559 ], [ 71.997300144404306, 34.0513932143093 ] ] ] } },
{ "type": "Feature", "properties": { "lead_id": "pakistan-small-pv-0102", "cell": "0134_0077", "roof_area_m2": 399.6242, "est_kwp": 39.53, "fixme": "Possible small rooftop PV (400 m2 roof, roofclf-flagged, not near any existing OSM solar feature) -- check imagery; if real, map as generator:source=solar or power=generator + generator:source=solar", "imagery_note": "osm=74.27615,31.43698 | bing=https://www.bing.com/maps?cp=31.43698~74.27615&lvl=19&style=a | google=https://www.google.com/maps/@31.43698,74.27615,200m/data=!3m1!1e3" }, "geometry": { "type": "Polygon", "coordinates": [ [ [ 74.276286169519693, 31.436927221368105 ], [ 74.276197845155806, 31.436995797906 ], [ 74.276212228909202, 31.437009416893499 ], [ 74.276268497817, 31.436965728770801 ], [ 74.276305432233698, 31.437000699385202 ], [ 74.276322571848993, 31.436987391883711 ], [ 74.276348815002905, 31.437012239663105 ], [ 74.276217142999499, 31.437114472005799 ], [ 74.276047768818216, 31.436954103078495 ], [ 74.276194356615605, 31.436840289990407 ], [ 74.276286169519693, 31.436927221368105 ] ] ] } },
{ "type": "Feature", "properties": { "lead_id": "pakistan-small-pv-0103", "cell": "0219_0116", "roof_area_m2": 399.6242, "est_kwp": 39.53, "fixme": "Possible small rooftop PV (400 m2 roof, roofclf-flagged, not near any existing OSM solar feature) -- check imagery; if real, map as generator:source=solar or power=generator + generator:source=solar", "imagery_note": "osm=74.27615,31.43698 | bing=https://www.bing.com/maps?cp=31.43698~74.27615&lvl=19&style=a | google=https://www.google.com/maps/@31.43698,74.27615,200m/data=!3m1!1e3" }, "geometry": { "type": "Polygon", "coordinates": [ [ [ 74.276286169519693, 31.436927221368105 ], [ 74.276197845155806, 31.436995797906 ], [ 74.276212228909202, 31.437009416893499 ], [ 74.276268497817, 31.436965728770801 ], [ 74.276305432233698, 31.437000699385202 ], [ 74.276322571848993, 31.436987391883711 ], [ 74.276348815002905, 31.437012239663105 ], [ 74.276217142999499, 31.437114472005799 ], [ 74.276047768818216, 31.436954103078495 ], [ 74.276194356615605, 31.436840289990407 ], [ 74.276286169519693, 31.436927221368105 ] ] ] } },
{ "type": "Feature", "properties": { "lead_id": "pakistan-small-pv-0104", "cell": "0135_0078", "roof_area_m2": 399.6157, "est_kwp": 39.53, "fixme": "Possible small rooftop PV (400 m2 roof, roofclf-flagged, not near any existing OSM solar feature) -- check imagery; if real, map as generator:source=solar or power=generator + generator:source=solar", "imagery_note": "osm=74.36921,31.57141 | bing=https://www.bing.com/maps?cp=31.57141~74.36921&lvl=19&style=a | google=https://www.google.com/maps/@31.57141,74.36921,200m/data=!3m1!1e3" }, "geometry": { "type": "Polygon", "coordinates": [ [ [ 74.369374585048405, 31.5714365987813 ], [ 74.369053089485405, 31.571507960288898 ], [ 74.369031418425706, 31.571436395491101 ], [ 74.369059978556294, 31.571430056112892 ], [ 74.369045733256797, 31.5713830135462 ], [ 74.369304419193597, 31.571325593729103 ], [ 74.3693154059373, 31.5713618751689 ], [ 74.369349655076505, 31.571354272935604 ], [ 74.369374585048405, 31.5714365987813 ] ] ] } },
{ "type": "Feature", "properties": { "lead_id": "pakistan-small-pv-0105", "cell": "0219_0117", "roof_area_m2": 399.6157, "est_kwp": 39.53, "fixme": "Possible small rooftop PV (400 m2 roof, roofclf-flagged, not near any existing OSM solar feature) -- check imagery; if real, map as generator:source=solar or power=generator + generator:source=solar", "imagery_note": "osm=74.36921,31.57141 | bing=https://www.bing.com/maps?cp=31.57141~74.36921&lvl=19&style=a | google=https://www.google.com/maps/@31.57141,74.36921,200m/data=!3m1!1e3" }, "geometry": { "type": "Polygon", "coordinates": [ [ [ 74.369374585048405, 31.5714365987813 ], [ 74.369053089485405, 31.571507960288898 ], [ 74.369031418425706, 31.571436395491101 ], [ 74.369059978556294, 31.571430056112892 ], [ 74.369045733256797, 31.5713830135462 ], [ 74.369304419193597, 31.571325593729103 ], [ 74.3693154059373, 31.5713618751689 ], [ 74.369349655076505, 31.571354272935604 ], [ 74.369374585048405, 31.5714365987813 ] ] ] } },
{ "type": "Feature", "properties": { "lead_id": "pakistan-small-pv-0106", "cell": "0122_0098", "roof_area_m2": 399.6149, "est_kwp": 39.53, "fixme": "Possible small rooftop PV (400 m2 roof, roofclf-flagged, not near any existing OSM solar feature) -- check imagery; if real, map as generator:source=solar or power=generator + generator:source=solar", "imagery_note": "osm=73.12859,33.51307 | bing=https://www.bing.com/maps?cp=33.51307~73.12859&lvl=19&style=a | google=https://www.google.com/maps/@33.51307,73.12859,200m/data=!3m1!1e3" }, "geometry": { "type": "Polygon", "coordinates": [ [ [ 73.128648487485606, 33.512891372973293 ], [ 73.128653129389704, 33.512966739954003 ], [ 73.128604605028997, 33.512968837038798 ], [ 73.128606987776394, 33.513007524164095 ], [ 73.128678044213601, 33.513004453301598 ], [ 73.128686724280001, 33.513145383882502 ], [ 73.128615667728596, 33.513148454745902 ], [ 73.128614195459093, 33.513124550510497 ], [ 73.128493527264098, 33.513129765355998 ], [ 73.128481736473105, 33.512938321667697 ], [ 73.128554750603897, 33.512935166268001 ], [ 73.128552309392802, 33.512895529501201 ], [ 73.128648487485606, 33.512891372973293 ] ] ] } },
{ "type": "Feature", "properties": { "lead_id": "pakistan-small-pv-0107", "cell": "0062_0011", "roof_area_m2": 399.6145, "est_kwp": 39.53, "fixme": "Possible small rooftop PV (400 m2 roof, roofclf-flagged, not near any existing OSM solar feature) -- check imagery; if real, map as generator:source=solar or power=generator + generator:source=solar", "imagery_note": "osm=67.06960,24.88737 | bing=https://www.bing.com/maps?cp=24.88737~67.06960&lvl=19&style=a | google=https://www.google.com/maps/@24.88737,67.06960,200m/data=!3m1!1e3" }, "geometry": { "type": "Polygon", "coordinates": [ [ [ 67.069696447995995, 24.887266932351292 ], [ 67.069651781843604, 24.887492876217802 ], [ 67.069499060439895, 24.887467755688302 ], [ 67.069543726854803, 24.887241811883104 ], [ 67.069696447995995, 24.887266932351292 ] ] ] } },
{ "type": "Feature", "properties": { "lead_id": "pakistan-small-pv-0108", "cell": "0122_0098", "roof_area_m2": 399.609, "est_kwp": 39.53, "fixme": "Possible small rooftop PV (400 m2 roof, roofclf-flagged, not near any existing OSM solar feature) -- check imagery; if real, map as generator:source=solar or power=generator + generator:source=solar", "imagery_note": "osm=73.13251,33.53076 | bing=https://www.bing.com/maps?cp=33.53076~73.13251&lvl=19&style=a | google=https://www.google.com/maps/@33.53076,73.13251,200m/data=!3m1!1e3" }, "geometry": { "type": "Polygon", "coordinates": [ [ [ 73.132668388818502, 33.530772604080397 ], [ 73.132442731768705, 33.530881687384102 ], [ 73.132353908596798, 33.530752808930103 ], [ 73.132579565406999, 33.530643725778098 ], [ 73.132668388818502, 33.530772604080397 ] ] ] } },
{ "type": "Feature", "properties": { "lead_id": "pakistan-small-pv-0109", "cell": "0132_0088", "roof_area_m2": 399.6053, "est_kwp": 39.52, "fixme": "Possible small rooftop PV (400 m2 roof, roofclf-flagged, not near any existing OSM solar feature) -- check imagery; if real, map as generator:source=solar or power=generator + generator:source=solar", "imagery_note": "osm=74.06535,32.59746 | bing=https://www.bing.com/maps?cp=32.59746~74.06535&lvl=19&style=a | google=https://www.google.com/maps/@32.59746,74.06535,200m/data=!3m1!1e3" }, "geometry": { "type": "Polygon", "coordinates": [ [ [ 74.065475023181904, 32.597481478747298 ], [ 74.065351932095297, 32.597489295543397 ], [ 74.065355393326698, 32.597528351901893 ], [ 74.065227833814419, 32.597536452331603 ], [ 74.065218304875302, 32.597428926489606 ], [ 74.065191953151398, 32.597430599891098 ], [ 74.0651868332546, 32.597372825992203 ], [ 74.065463835155612, 32.597355235383901 ], [ 74.065475023181904, 32.597481478747298 ] ] ] } },
{ "type": "Feature", "properties": { "lead_id": "pakistan-small-pv-0110", "cell": "0119_0100", "roof_area_m2": 399.6013, "est_kwp": 39.52, "fixme": "Possible small rooftop PV (400 m2 roof, roofclf-flagged, not near any existing OSM solar feature) -- check imagery; if real, map as generator:source=solar or power=generator + generator:source=solar", "imagery_note": "osm=72.75359,33.73951 | bing=https://www.bing.com/maps?cp=33.73951~72.75359&lvl=19&style=a | google=https://www.google.com/maps/@33.73951,72.75359,200m/data=!3m1!1e3" }, "geometry": { "type": "Polygon", "coordinates": [ [ [ 72.7536866399589, 33.739611919090201 ], [ 72.753504140223001, 33.739620706332097 ], [ 72.753489498212403, 33.739408453157097 ], [ 72.753671997497406, 33.739399665918299 ], [ 72.7536866399589, 33.739611919090201 ] ] ] } },
{ "type": "Feature", "properties": { "lead_id": "pakistan-small-pv-0111", "cell": "0061_0064", "roof_area_m2": 399.5991, "est_kwp": 39.52, "fixme": "Possible small rooftop PV (400 m2 roof, roofclf-flagged, not near any existing OSM solar feature) -- check imagery; if real, map as generator:source=solar or power=generator + generator:source=solar", "imagery_note": "osm=66.94416,30.15031 | bing=https://www.bing.com/maps?cp=30.15031~66.94416&lvl=19&style=a | google=https://www.google.com/maps/@30.15031,66.94416,200m/data=!3m1!1e3" }, "geometry": { "type": "Polygon", "coordinates": [ [ [ 66.944311028341701, 30.1503568791756 ], [ 66.9440523698959, 30.150405743368697 ], [ 66.944017858781805, 30.150267766946204 ], [ 66.944276516875902, 30.150218902804102 ], [ 66.944311028341701, 30.1503568791756 ] ] ] } },
{ "type": "Feature", "properties": { "lead_id": "pakistan-small-pv-0112", "cell": "0123_0104", "roof_area_m2": 399.5856, "est_kwp": 39.52, "fixme": "Possible small rooftop PV (400 m2 roof, roofclf-flagged, not near any existing OSM solar feature) -- check imagery; if real, map as generator:source=solar or power=generator + generator:source=solar", "imagery_note": "osm=73.22180,34.14631 | bing=https://www.bing.com/maps?cp=34.14631~73.22180&lvl=19&style=a | google=https://www.google.com/maps/@34.14631,73.22180,200m/data=!3m1!1e3" }, "geometry": { "type": "Polygon", "coordinates": [ [ [ 73.221956228708805, 34.146320944592993 ], [ 73.221840006503001, 34.146439573558894 ], [ 73.221642127739599, 34.146305560618003 ], [ 73.221758350020906, 34.146186931841498 ], [ 73.221956228708805, 34.146320944592993 ] ] ] } },
{ "type": "Feature", "properties": { "lead_id": "pakistan-small-pv-0113", "cell": "0133_0084", "roof_area_m2": 399.5738, "est_kwp": 39.52, "fixme": "Possible small rooftop PV (400 m2 roof, roofclf-flagged, not near any existing OSM solar feature) -- check imagery; if real, map as generator:source=solar or power=generator + generator:source=solar", "imagery_note": "osm=74.17279,32.19724 | bing=https://www.bing.com/maps?cp=32.19724~74.17279&lvl=19&style=a | google=https://www.google.com/maps/@32.19724,74.17279,200m/data=!3m1!1e3" }, "geometry": { "type": "Polygon", "coordinates": [ [ [ 74.172883846673997, 32.197142204880002 ], [ 74.172874107254898, 32.197348280989097 ], [ 74.172689088805498, 32.197341958659599 ], [ 74.172698828640506, 32.197135882571601 ], [ 74.172883846673997, 32.197142204880002 ] ] ] } },
{ "type": "Feature", "properties": { "lead_id": "pakistan-small-pv-0114", "cell": "0075_0016", "roof_area_m2": 399.5733, "est_kwp": 39.52, "fixme": "Possible small rooftop PV (400 m2 roof, roofclf-flagged, not near any existing OSM solar feature) -- check imagery; if real, map as generator:source=solar or power=generator + generator:source=solar", "imagery_note": "osm=68.34247,25.39568 | bing=https://www.bing.com/maps?cp=25.39568~68.34247&lvl=19&style=a | google=https://www.google.com/maps/@25.39568,68.34247,200m/data=!3m1!1e3" }, "geometry": { "type": "Polygon", "coordinates": [ [ [ 68.342558971685605, 25.395564737760001 ], [ 68.342549335312498, 25.395786323336299 ], [ 68.3423883796616, 25.395780547987499 ], [ 68.342396771913997, 25.395587576483702 ], [ 68.342394944997096, 25.395587510930099 ], [ 68.342396189408205, 25.395558896873499 ], [ 68.342558971685605, 25.395564737760001 ] ] ] } },
{ "type": "Feature", "properties": { "lead_id": "pakistan-small-pv-0115", "cell": "0062_0011", "roof_area_m2": 399.5711, "est_kwp": 39.52, "fixme": "Possible small rooftop PV (400 m2 roof, roofclf-flagged, not near any existing OSM solar feature) -- check imagery; if real, map as generator:source=solar or power=generator + generator:source=solar", "imagery_note": "osm=67.06741,24.81608 | bing=https://www.bing.com/maps?cp=24.81608~67.06741&lvl=19&style=a | google=https://www.google.com/maps/@24.81608,67.06741,200m/data=!3m1!1e3" }, "geometry": { "type": "Polygon", "coordinates": [ [ [ 67.067552809870193, 24.816074101970596 ], [ 67.067386618244001, 24.816208101652403 ], [ 67.067270150704502, 24.8160877737938 ], [ 67.067436342276594, 24.8159537742373 ], [ 67.067552809870193, 24.816074101970596 ] ] ] } },
{ "type": "Feature", "properties": { "lead_id": "pakistan-small-pv-0116", "cell": "0061_0065", "roof_area_m2": 399.5697, "est_kwp": 39.52, "fixme": "Possible small rooftop PV (400 m2 roof, roofclf-flagged, not near any existing OSM solar feature) -- check imagery; if real, map as generator:source=solar or power=generator + generator:source=solar", "imagery_note": "osm=66.96938,30.27425 | bing=https://www.bing.com/maps?cp=30.27425~66.96938&lvl=19&style=a | google=https://www.google.com/maps/@30.27425,66.96938,200m/data=!3m1!1e3" }, "geometry": { "type": "Polygon", "coordinates": [ [ [ 66.9694633, 30.2741531 ], [ 66.9694535, 30.274385 ], [ 66.9693219, 30.2743808 ], [ 66.9693229, 30.2743577 ], [ 66.9692901, 30.2743567 ], [ 66.9692989, 30.2741478 ], [ 66.9694633, 30.2741531 ] ] ] } },
{ "type": "Feature", "properties": { "lead_id": "pakistan-small-pv-0117", "cell": "0133_0084", "roof_area_m2": 399.5463, "est_kwp": 39.52, "fixme": "Possible small rooftop PV (400 m2 roof, roofclf-flagged, not near any existing OSM solar feature) -- check imagery; if real, map as generator:source=solar or power=generator + generator:source=solar", "imagery_note": "osm=74.20225,32.16604 | bing=https://www.bing.com/maps?cp=32.16604~74.20225&lvl=19&style=a | google=https://www.google.com/maps/@32.16604,74.20225,200m/data=!3m1!1e3" }, "geometry": { "type": "Polygon", "coordinates": [ [ [ 74.202284647083601, 32.165894107479204 ], [ 74.202341329546798, 32.16621298530729 ], [ 74.202281546486702, 32.166220673940707 ], [ 74.202272510905999, 32.166169842542899 ], [ 74.202204399224797, 32.166178602273597 ], [ 74.2021567527418, 32.165910555800302 ], [ 74.202284647083601, 32.165894107479204 ] ] ] } },
{ "type": "Feature", "properties": { "lead_id": "pakistan-small-pv-0118", "cell": "0133_0077", "roof_area_m2": 399.5425, "est_kwp": 39.52, "fixme": "Possible small rooftop PV (400 m2 roof, roofclf-flagged, not near any existing OSM solar feature) -- check imagery; if real, map as generator:source=solar or power=generator + generator:source=solar", "imagery_note": "osm=74.22838,31.47048 | bing=https://www.bing.com/maps?cp=31.47048~74.22838&lvl=19&style=a | google=https://www.google.com/maps/@31.47048,74.22838,200m/data=!3m1!1e3" }, "geometry": { "type": "Polygon", "coordinates": [ [ [ 74.228454218217294, 31.4703556497835 ], [ 74.228450652453503, 31.470602298561698 ], [ 74.228297069246693, 31.470600667402405 ], [ 74.228300635412893, 31.470354018634701 ], [ 74.228454218217294, 31.4703556497835 ] ] ] } },
{ "type": "Feature", "properties": { "lead_id": "pakistan-small-pv-0119", "cell": "0075_0016", "roof_area_m2": 399.5405, "est_kwp": 39.52, "fixme": "Possible small rooftop PV (400 m2 roof, roofclf-flagged, not near any existing OSM solar feature) -- check imagery; if real, map as generator:source=solar or power=generator + generator:source=solar", "imagery_note": "osm=68.36343,25.33929 | bing=https://www.bing.com/maps?cp=25.33929~68.36343&lvl=19&style=a | google=https://www.google.com/maps/@25.33929,68.36343,200m/data=!3m1!1e3" }, "geometry": { "type": "Polygon", "coordinates": [ [ [ 68.363427596973906, 25.3390799666298 ], [ 68.363519937888199, 25.339494774625901 ], [ 68.363437132964094, 25.339509997804004 ], [ 68.363344792323801, 25.339095189762205 ], [ 68.363427596973906, 25.3390799666298 ] ] ] } },
{ "type": "Feature", "properties": { "lead_id": "pakistan-small-pv-0120", "cell": "0061_0012", "roof_area_m2": 399.5402, "est_kwp": 39.52, "fixme": "Possible small rooftop PV (400 m2 roof, roofclf-flagged, not near any existing OSM solar feature) -- check imagery; if real, map as generator:source=solar or power=generator + generator:source=solar", "imagery_note": "osm=66.95234,25.00486 | bing=https://www.bing.com/maps?cp=25.00486~66.95234&lvl=19&style=a | google=https://www.google.com/maps/@25.00486,66.95234,200m/data=!3m1!1e3" }, "geometry": { "type": "Polygon", "coordinates": [ [ [ 66.9522824, 25.005021 ], [ 66.9521915, 25.0049628 ], [ 66.952394, 25.0047002 ], [ 66.9524849, 25.0047584 ], [ 66.9522824, 25.005021 ] ] ] } },
{ "type": "Feature", "properties": { "lead_id": "pakistan-small-pv-0121", "cell": "0061_0065", "roof_area_m2": 399.5283, "est_kwp": 39.52, "fixme": "Possible small rooftop PV (400 m2 roof, roofclf-flagged, not near any existing OSM solar feature) -- check imagery; if real, map as generator:source=solar or power=generator + generator:source=solar", "imagery_note": "osm=67.00755,30.28938 | bing=https://www.bing.com/maps?cp=30.28938~67.00755&lvl=19&style=a | google=https://www.google.com/maps/@30.28938,67.00755,200m/data=!3m1!1e3" }, "geometry": { "type": "Polygon", "coordinates": [ [ [ 67.007751145937803, 30.289254845216206 ], [ 67.007704027215198, 30.289261593457798 ], [ 67.007711005573597, 30.289298289997102 ], [ 67.007566524765096, 30.289318982111297 ], [ 67.007589057997507, 30.2894374765918 ], [ 67.007619656381607, 30.289433094397499 ], [ 67.007637832225001, 30.289528674541003 ], [ 67.007552310775395, 30.289540922603102 ], [ 67.007493492929498, 30.289231618968198 ], [ 67.007740015160095, 30.289196312778198 ], [ 67.007751145937803, 30.289254845216206 ] ] ] } },
{ "type": "Feature", "properties": { "lead_id": "pakistan-small-pv-0122", "cell": "0122_0077", "roof_area_m2": 399.5258, "est_kwp": 39.52, "fixme": "Possible small rooftop PV (400 m2 roof, roofclf-flagged, not near any existing OSM solar feature) -- check imagery; if real, map as generator:source=solar or power=generator + generator:source=solar", "imagery_note": "osm=73.09905,31.49699 | bing=https://www.bing.com/maps?cp=31.49699~73.09905&lvl=19&style=a | google=https://www.google.com/maps/@31.49699,73.09905,200m/data=!3m1!1e3" }, "geometry": { "type": "Polygon", "coordinates": [ [ [ 73.099204636187906, 31.497040559236403 ], [ 73.0990904901428, 31.4971274112735 ], [ 73.098898117162705, 31.496941788771402 ], [ 73.099012263141603, 31.496854936901695 ], [ 73.099204636187906, 31.497040559236403 ] ] ] } },
{ "type": "Feature", "properties": { "lead_id": "pakistan-small-pv-0123", "cell": "0106_0102", "roof_area_m2": 399.5239, "est_kwp": 39.52, "fixme": "Possible small rooftop PV (400 m2 roof, roofclf-flagged, not near any existing OSM solar feature) -- check imagery; if real, map as generator:source=solar or power=generator + generator:source=solar", "imagery_note": "osm=71.44226,33.95538 | bing=https://www.bing.com/maps?cp=33.95538~71.44226&lvl=19&style=a | google=https://www.google.com/maps/@33.95538,71.44226,200m/data=!3m1!1e3" }, "geometry": { "type": "Polygon", "coordinates": [ [ [ 71.4423516950432, 33.955279789525697 ], [ 71.442350654042798, 33.9555206092083 ], [ 71.442277860012695, 33.9555203906787 ], [ 71.442278008950495, 33.9554859424629 ], [ 71.442209642094895, 33.955485737183103 ], [ 71.442209702283705, 33.955471818549498 ], [ 71.442171688345809, 33.9554717043913 ], [ 71.442172520675996, 33.955279251538904 ], [ 71.4423516950432, 33.955279789525697 ] ] ] } },
{ "type": "Feature", "properties": { "lead_id": "pakistan-small-pv-0124", "cell": "0137_0087", "roof_area_m2": 399.5044, "est_kwp": 39.51, "fixme": "Possible small rooftop PV (400 m2 roof, roofclf-flagged, not near any existing OSM solar feature) -- check imagery; if real, map as generator:source=solar or power=generator + generator:source=solar", "imagery_note": "osm=74.57181,32.50713 | bing=https://www.bing.com/maps?cp=32.50713~74.57181&lvl=19&style=a | google=https://www.google.com/maps/@32.50713,74.57181,200m/data=!3m1!1e3" }, "geometry": { "type": "Polygon", "coordinates": [ [ [ 74.571877208358202, 32.506996297447699 ], [ 74.571892227502602, 32.507264540708803 ], [ 74.571749715699198, 32.507270270037303 ], [ 74.571734696977401, 32.507002026762898 ], [ 74.571877208358202, 32.506996297447699 ] ] ] } },
{ "type": "Feature", "properties": { "lead_id": "pakistan-small-pv-0125", "cell": "0122_0077", "roof_area_m2": 399.4933, "est_kwp": 39.51, "fixme": "Possible small rooftop PV (399 m2 roof, roofclf-flagged, not near any existing OSM solar feature) -- check imagery; if real, map as generator:source=solar or power=generator + generator:source=solar", "imagery_note": "osm=73.12458,31.42777 | bing=https://www.bing.com/maps?cp=31.42777~73.12458&lvl=19&style=a | google=https://www.google.com/maps/@31.42777,73.12458,200m/data=!3m1!1e3" }, "geometry": { "type": "Polygon", "coordinates": [ [ [ 73.124744188905794, 31.427714925380194 ], [ 73.124728058922599, 31.427727250756202 ], [ 73.124740233014805, 31.427738965269501 ], [ 73.12457369744692, 31.427866219496899 ], [ 73.124534313627805, 31.427828322356504 ], [ 73.124503783402602, 31.427851651239799 ], [ 73.124473266398695, 31.427822286168805 ], [ 73.124455719543107, 31.4278356941333 ], [ 73.124419188039397, 31.427800541553701 ], [ 73.124649930607603, 31.427624225269401 ], [ 73.124744188905794, 31.427714925380194 ] ] ] } },
{ "type": "Feature", "properties": { "lead_id": "pakistan-small-pv-0126", "cell": "0207_0116", "roof_area_m2": 399.4933, "est_kwp": 39.51, "fixme": "Possible small rooftop PV (399 m2 roof, roofclf-flagged, not near any existing OSM solar feature) -- check imagery; if real, map as generator:source=solar or power=generator + generator:source=solar", "imagery_note": "osm=73.12458,31.42777 | bing=https://www.bing.com/maps?cp=31.42777~73.12458&lvl=19&style=a | google=https://www.google.com/maps/@31.42777,73.12458,200m/data=!3m1!1e3" }, "geometry": { "type": "Polygon", "coordinates": [ [ [ 73.124744188905794, 31.427714925380194 ], [ 73.124728058922599, 31.427727250756202 ], [ 73.124740233014805, 31.427738965269501 ], [ 73.12457369744692, 31.427866219496899 ], [ 73.124534313627805, 31.427828322356504 ], [ 73.124503783402602, 31.427851651239799 ], [ 73.124473266398695, 31.427822286168805 ], [ 73.124455719543107, 31.4278356941333 ], [ 73.124419188039397, 31.427800541553701 ], [ 73.124649930607603, 31.427624225269401 ], [ 73.124744188905794, 31.427714925380194 ] ] ] } },
{ "type": "Feature", "properties": { "lead_id": "pakistan-small-pv-0127", "cell": "0061_0065", "roof_area_m2": 399.486, "est_kwp": 39.51, "fixme": "Possible small rooftop PV (399 m2 roof, roofclf-flagged, not near any existing OSM solar feature) -- check imagery; if real, map as generator:source=solar or power=generator + generator:source=solar", "imagery_note": "osm=66.94417,30.22753 | bing=https://www.bing.com/maps?cp=30.22753~66.94417&lvl=19&style=a | google=https://www.google.com/maps/@30.22753,66.94417,200m/data=!3m1!1e3" }, "geometry": { "type": "Polygon", "coordinates": [ [ [ 66.944366318314593, 30.227530013526899 ], [ 66.944008716676905, 30.227630473164304 ], [ 66.943973451685807, 30.227535811595999 ], [ 66.944331053006394, 30.227435352044299 ], [ 66.944366318314593, 30.227530013526899 ] ] ] } },
{ "type": "Feature", "properties": { "lead_id": "pakistan-small-pv-0128", "cell": "0061_0064", "roof_area_m2": 399.4845, "est_kwp": 39.51, "fixme": "Possible small rooftop PV (399 m2 roof, roofclf-flagged, not near any existing OSM solar feature) -- check imagery; if real, map as generator:source=solar or power=generator + generator:source=solar", "imagery_note": "osm=67.03174,30.15398 | bing=https://www.bing.com/maps?cp=30.15398~67.03174&lvl=19&style=a | google=https://www.google.com/maps/@30.15398,67.03174,200m/data=!3m1!1e3" }, "geometry": { "type": "Polygon", "coordinates": [ [ [ 67.031805822009801, 30.1538748068971 ], [ 67.031790229487598, 30.153888106492399 ], [ 67.031884446036699, 30.153971528501103 ], [ 67.031720563410005, 30.154111311458205 ], [ 67.031592614031396, 30.153998021214399 ], [ 67.031772089153407, 30.153844938823312 ], [ 67.031805822009801, 30.1538748068971 ] ] ] } },
{ "type": "Feature", "properties": { "lead_id": "pakistan-small-pv-0129", "cell": "0123_0099", "roof_area_m2": 399.4753, "est_kwp": 39.51, "fixme": "Possible small rooftop PV (399 m2 roof, roofclf-flagged, not near any existing OSM solar feature) -- check imagery; if real, map as generator:source=solar or power=generator + generator:source=solar", "imagery_note": "osm=73.21096,33.68328 | bing=https://www.bing.com/maps?cp=33.68328~73.21096&lvl=19&style=a | google=https://www.google.com/maps/@33.68328,73.21096,200m/data=!3m1!1e3" }, "geometry": { "type": "Polygon", "coordinates": [ [ [ 73.211126960278705, 33.683284753455304 ], [ 73.211041159942297, 33.683401964900398 ], [ 73.210800157952804, 33.683278668006302 ], [ 73.210885958478201, 33.683161456733302 ], [ 73.211126960278705, 33.683284753455304 ] ] ] } },
{ "type": "Feature", "properties": { "lead_id": "pakistan-small-pv-0130", "cell": "0135_0077", "roof_area_m2": 399.4736, "est_kwp": 39.51, "fixme": "Possible small rooftop PV (399 m2 roof, roofclf-flagged, not near any existing OSM solar feature) -- check imagery; if real, map as generator:source=solar or power=generator + generator:source=solar", "imagery_note": "osm=74.43645,31.45130 | bing=https://www.bing.com/maps?cp=31.45130~74.43645&lvl=19&style=a | google=https://www.google.com/maps/@31.45130,74.43645,200m/data=!3m1!1e3" }, "geometry": { "type": "Polygon", "coordinates": [ [ [ 74.436648576907302, 31.451213311409099 ], [ 74.436397589730205, 31.451404870318996 ], [ 74.436318946407994, 31.451329144270598 ], [ 74.436400278806204, 31.451267069781998 ], [ 74.436373528086506, 31.451241311363496 ], [ 74.436455855922503, 31.451178477012103 ], [ 74.436482606647004, 31.451204235414199 ], [ 74.436569933538607, 31.451137585512601 ], [ 74.436648576907302, 31.451213311409099 ] ] ] } },
{ "type": "Feature", "properties": { "lead_id": "pakistan-small-pv-0131", "cell": "0122_0077", "roof_area_m2": 399.4547, "est_kwp": 39.51, "fixme": "Possible small rooftop PV (399 m2 roof, roofclf-flagged, not near any existing OSM solar feature) -- check imagery; if real, map as generator:source=solar or power=generator + generator:source=solar", "imagery_note": "osm=73.05831,31.47708 | bing=https://www.bing.com/maps?cp=31.47708~73.05831&lvl=19&style=a | google=https://www.google.com/maps/@31.47708,73.05831,200m/data=!3m1!1e3" }, "geometry": { "type": "Polygon", "coordinates": [ [ [ 73.058441550544799, 31.4771707258381 ], [ 73.058309094547198, 31.477220003489101 ], [ 73.058187206020506, 31.476979358426199 ], [ 73.058319661729101, 31.476930080888501 ], [ 73.058441550544799, 31.4771707258381 ] ] ] } },
{ "type": "Feature", "properties": { "lead_id": "pakistan-small-pv-0132", "cell": "0062_0011", "roof_area_m2": 399.4496, "est_kwp": 39.51, "fixme": "Possible small rooftop PV (399 m2 roof, roofclf-flagged, not near any existing OSM solar feature) -- check imagery; if real, map as generator:source=solar or power=generator + generator:source=solar", "imagery_note": "osm=67.06978,24.84102 | bing=https://www.bing.com/maps?cp=24.84102~67.06978&lvl=19&style=a | google=https://www.google.com/maps/@24.84102,67.06978,200m/data=!3m1!1e3" }, "geometry": { "type": "Polygon", "coordinates": [ [ [ 67.069724423368001, 24.840909482776198 ], [ 67.069858974612998, 24.8409036807879 ], [ 67.069869435167504, 24.841105675602101 ], [ 67.069720398925099, 24.841112102175298 ], [ 67.0697191677977, 24.841088328370496 ], [ 67.0696785786634, 24.8410900785831 ], [ 67.069675441329593, 24.841029494418599 ], [ 67.069705433558099, 24.841028201146596 ], [ 67.069704123279905, 24.841002898866201 ], [ 67.069674131058505, 24.841004192139003 ], [ 67.069670344720393, 24.840931075203201 ], [ 67.069725418555393, 24.840928700399999 ], [ 67.069724423368001, 24.840909482776198 ] ] ] } },
{ "type": "Feature", "properties": { "lead_id": "pakistan-small-pv-0133", "cell": "0135_0078", "roof_area_m2": 399.4401, "est_kwp": 39.51, "fixme": "Possible small rooftop PV (399 m2 roof, roofclf-flagged, not near any existing OSM solar feature) -- check imagery; if real, map as generator:source=solar or power=generator + generator:source=solar", "imagery_note": "osm=74.38168,31.50889 | bing=https://www.bing.com/maps?cp=31.50889~74.38168&lvl=19&style=a | google=https://www.google.com/maps/@31.50889,74.38168,200m/data=!3m1!1e3" }, "geometry": { "type": "Polygon", "coordinates": [ [ [ 74.381585622287204, 31.508794866126191 ], [ 74.381585964052704, 31.50880099343361 ], [ 74.381778103151717, 31.508793127022695 ], [ 74.3817877345585, 31.508965796099201 ], [ 74.381571623869107, 31.508974643911305 ], [ 74.381562312288821, 31.508807701710502 ], [ 74.381533300597695, 31.508808889454208 ], [ 74.381532639407794, 31.508797035259406 ], [ 74.381585622287204, 31.508794866126191 ] ] ] } },
{ "type": "Feature", "properties": { "lead_id": "pakistan-small-pv-0134", "cell": "0062_0011", "roof_area_m2": 399.4381, "est_kwp": 39.51, "fixme": "Possible small rooftop PV (399 m2 roof, roofclf-flagged, not near any existing OSM solar feature) -- check imagery; if real, map as generator:source=solar or power=generator + generator:source=solar", "imagery_note": "osm=67.08702,24.88633 | bing=https://www.bing.com/maps?cp=24.88633~67.08702&lvl=19&style=a | google=https://www.google.com/maps/@24.88633,67.08702,200m/data=!3m1!1e3" }, "geometry": { "type": "Polygon", "coordinates": [ [ [ 67.087151759797706, 24.886281768444601 ], [ 67.087030011756298, 24.886462348138501 ], [ 67.086893733816495, 24.886385898423001 ], [ 67.086984995002894, 24.8862505378526 ], [ 67.086957784080099, 24.886235272948898 ], [ 67.086988271047602, 24.886190053947999 ], [ 67.087151759797706, 24.886281768444601 ] ] ] } },
{ "type": "Feature", "properties": { "lead_id": "pakistan-small-pv-0135", "cell": "0061_0065", "roof_area_m2": 399.4369, "est_kwp": 39.51, "fixme": "Possible small rooftop PV (399 m2 roof, roofclf-flagged, not near any existing OSM solar feature) -- check imagery; if real, map as generator:source=solar or power=generator + generator:source=solar", "imagery_note": "osm=67.01825,30.21246 | bing=https://www.bing.com/maps?cp=30.21246~67.01825&lvl=19&style=a | google=https://www.google.com/maps/@30.21246,67.01825,200m/data=!3m1!1e3" }, "geometry": { "type": "Polygon", "coordinates": [ [ [ 67.018422146936402, 30.212470453454198 ], [ 67.018117277741695, 30.2125531264914 ], [ 67.018077111466994, 30.2124413970989 ], [ 67.018381980340607, 30.212358724139506 ], [ 67.018422146936402, 30.212470453454198 ] ] ] } },
{ "type": "Feature", "properties": { "lead_id": "pakistan-small-pv-0136", "cell": "0061_0011", "roof_area_m2": 399.4365, "est_kwp": 39.51, "fixme": "Possible small rooftop PV (399 m2 roof, roofclf-flagged, not near any existing OSM solar feature) -- check imagery; if real, map as generator:source=solar or power=generator + generator:source=solar", "imagery_note": "osm=66.99968,24.86615 | bing=https://www.bing.com/maps?cp=24.86615~66.99968&lvl=19&style=a | google=https://www.google.com/maps/@24.86615,66.99968,200m/data=!3m1!1e3" }, "geometry": { "type": "Polygon", "coordinates": [ [ [ 66.999756579648917, 24.865994905379399 ], [ 66.999719150642505, 24.866309998225997 ], [ 66.999607459136996, 24.866298955098003 ], [ 66.999644888420605, 24.865983862296495 ], [ 66.999756579648917, 24.865994905379399 ] ] ] } },
{ "type": "Feature", "properties": { "lead_id": "pakistan-small-pv-0137", "cell": "0122_0098", "roof_area_m2": 399.431, "est_kwp": 39.51, "fixme": "Possible small rooftop PV (399 m2 roof, roofclf-flagged, not near any existing OSM solar feature) -- check imagery; if real, map as generator:source=solar or power=generator + generator:source=solar", "imagery_note": "osm=73.05734,33.57472 | bing=https://www.bing.com/maps?cp=33.57472~73.05734&lvl=19&style=a | google=https://www.google.com/maps/@33.57472,73.05734,200m/data=!3m1!1e3" }, "geometry": { "type": "Polygon", "coordinates": [ [ [ 73.057535287902496, 33.574688677058198 ], [ 73.057484866312706, 33.5747332848944 ], [ 73.057462671457401, 33.574715706691698 ], [ 73.057438640823406, 33.57473696649641 ], [ 73.05746083567891, 33.574754544703197 ], [ 73.057365146857805, 33.574839200078202 ], [ 73.057193086160396, 33.574702928512998 ], [ 73.057288774985906, 33.574618273270602 ], [ 73.057364205806905, 33.574678014282199 ], [ 73.057438658031899, 33.574612146695003 ], [ 73.057535287902496, 33.574688677058198 ] ] ] } },
{ "type": "Feature", "properties": { "lead_id": "pakistan-small-pv-0138", "cell": "0122_0098", "roof_area_m2": 399.4231, "est_kwp": 39.51, "fixme": "Possible small rooftop PV (399 m2 roof, roofclf-flagged, not near any existing OSM solar feature) -- check imagery; if real, map as generator:source=solar or power=generator + generator:source=solar", "imagery_note": "osm=73.07026,33.56348 | bing=https://www.bing.com/maps?cp=33.56348~73.07026&lvl=19&style=a | google=https://www.google.com/maps/@33.56348,73.07026,200m/data=!3m1!1e3" }, "geometry": { "type": "Polygon", "coordinates": [ [ [ 73.070442730820105, 33.563354181338802 ], [ 73.070414602899902, 33.563405288029003 ], [ 73.070383911404903, 33.563393449173198 ], [ 73.070308977772214, 33.5635295985184 ], [ 73.070339669302697, 33.563541437393702 ], [ 73.070311065868495, 33.563593407800496 ], [ 73.070148470712695, 33.563530688613596 ], [ 73.070209530513296, 33.563419747575097 ], [ 73.070230885349801, 33.563427984968492 ], [ 73.070301490812199, 33.563299699715003 ], [ 73.070442730820105, 33.563354181338802 ] ] ] } },
{ "type": "Feature", "properties": { "lead_id": "pakistan-small-pv-0139", "cell": "0134_0077", "roof_area_m2": 399.4164, "est_kwp": 39.51, "fixme": "Possible small rooftop PV (399 m2 roof, roofclf-flagged, not near any existing OSM solar feature) -- check imagery; if real, map as generator:source=solar or power=generator + generator:source=solar", "imagery_note": "osm=74.28479,31.43678 | bing=https://www.bing.com/maps?cp=31.43678~74.28479&lvl=19&style=a | google=https://www.google.com/maps/@31.43678,74.28479,200m/data=!3m1!1e3" }, "geometry": { "type": "Polygon", "coordinates": [ [ [ 74.284895750745903, 31.436755304261101 ], [ 74.284869717293304, 31.436774694354895 ], [ 74.284907732316199, 31.436812215517399 ], [ 74.284933765771399, 31.4367928254158 ], [ 74.284965955178293, 31.436824596603195 ], [ 74.284838382142198, 31.436919614775402 ], [ 74.284645809986202, 31.436729543909902 ], [ 74.284689041678519, 31.436697344426005 ], [ 74.284709378699205, 31.436717417331305 ], [ 74.284793719975397, 31.436654598817601 ], [ 74.284895750745903, 31.436755304261101 ] ] ] } },
{ "type": "Feature", "properties": { "lead_id": "pakistan-small-pv-0140", "cell": "0219_0116", "roof_area_m2": 399.4164, "est_kwp": 39.51, "fixme": "Possible small rooftop PV (399 m2 roof, roofclf-flagged, not near any existing OSM solar feature) -- check imagery; if real, map as generator:source=solar or power=generator + generator:source=solar", "imagery_note": "osm=74.28479,31.43678 | bing=https://www.bing.com/maps?cp=31.43678~74.28479&lvl=19&style=a | google=https://www.google.com/maps/@31.43678,74.28479,200m/data=!3m1!1e3" }, "geometry": { "type": "Polygon", "coordinates": [ [ [ 74.284895750745903, 31.436755304261101 ], [ 74.284869717293304, 31.436774694354895 ], [ 74.284907732316199, 31.436812215517399 ], [ 74.284933765771399, 31.4367928254158 ], [ 74.284965955178293, 31.436824596603195 ], [ 74.284838382142198, 31.436919614775402 ], [ 74.284645809986202, 31.436729543909902 ], [ 74.284689041678519, 31.436697344426005 ], [ 74.284709378699205, 31.436717417331305 ], [ 74.284793719975397, 31.436654598817601 ], [ 74.284895750745903, 31.436755304261101 ] ] ] } },
{ "type": "Feature", "properties": { "lead_id": "pakistan-small-pv-0141", "cell": "0106_0102", "roof_area_m2": 399.4163, "est_kwp": 39.51, "fixme": "Possible small rooftop PV (399 m2 roof, roofclf-flagged, not near any existing OSM solar feature) -- check imagery; if real, map as generator:source=solar or power=generator + generator:source=solar", "imagery_note": "osm=71.47923,33.96982 | bing=https://www.bing.com/maps?cp=33.96982~71.47923&lvl=19&style=a | google=https://www.google.com/maps/@33.96982,71.47923,200m/data=!3m1!1e3" }, "geometry": { "type": "Polygon", "coordinates": [ [ [ 71.479382478166102, 33.969761503968904 ], [ 71.479390333523, 33.969885314991203 ], [ 71.479310265171506, 33.9698888414461 ], [ 71.479309073020104, 33.969870051299004 ], [ 71.479172445699007, 33.969876068661897 ], [ 71.479175868495702, 33.969930018567297 ], [ 71.479106229741006, 33.969933085552 ], [ 71.479103088062104, 33.9698835659702 ], [ 71.479071013810895, 33.969884978549501 ], [ 71.479064069938701, 33.969775527311498 ], [ 71.479382478166102, 33.969761503968904 ] ] ] } },
{ "type": "Feature", "properties": { "lead_id": "pakistan-small-pv-0142", "cell": "0137_0087", "roof_area_m2": 399.4158, "est_kwp": 39.51, "fixme": "Possible small rooftop PV (399 m2 roof, roofclf-flagged, not near any existing OSM solar feature) -- check imagery; if real, map as generator:source=solar or power=generator + generator:source=solar", "imagery_note": "osm=74.56084,32.45762 | bing=https://www.bing.com/maps?cp=32.45762~74.56084&lvl=19&style=a | google=https://www.google.com/maps/@32.45762,74.56084,200m/data=!3m1!1e3" }, "geometry": { "type": "Polygon", "coordinates": [ [ [ 74.560566219966503, 32.457588721468596 ], [ 74.561117896059002, 32.45759108199821 ], [ 74.561117483197904, 32.4576604764857 ], [ 74.560565806682305, 32.457658115946401 ], [ 74.560566219966503, 32.457588721468596 ] ] ] } },
{ "type": "Feature", "properties": { "lead_id": "pakistan-small-pv-0143", "cell": "0122_0098", "roof_area_m2": 399.4061, "est_kwp": 39.51, "fixme": "Possible small rooftop PV (399 m2 roof, roofclf-flagged, not near any existing OSM solar feature) -- check imagery; if real, map as generator:source=solar or power=generator + generator:source=solar", "imagery_note": "osm=73.12340,33.55665 | bing=https://www.bing.com/maps?cp=33.55665~73.12340&lvl=19&style=a | google=https://www.google.com/maps/@33.55665,73.12340,200m/data=!3m1!1e3" }, "geometry": { "type": "Polygon", "coordinates": [ [ [ 73.123513759039696, 33.556603352157104 ], [ 73.123455856672109, 33.556786425425003 ], [ 73.123244450933797, 33.556739556003599 ], [ 73.123261959650705, 33.556684198190297 ], [ 73.123296301408701, 33.556691811909701 ], [ 73.123319135686401, 33.556619615911202 ], [ 73.1232847939539, 33.556612002198698 ], [ 73.123302353704403, 33.556556482847398 ], [ 73.123513759039696, 33.556603352157104 ] ] ] } },
{ "type": "Feature", "properties": { "lead_id": "pakistan-small-pv-0144", "cell": "0121_0099", "roof_area_m2": 399.3953, "est_kwp": 39.5, "fixme": "Possible small rooftop PV (399 m2 roof, roofclf-flagged, not near any existing OSM solar feature) -- check imagery; if real, map as generator:source=solar or power=generator + generator:source=solar", "imagery_note": "osm=73.03138,33.70810 | bing=https://www.bing.com/maps?cp=33.70810~73.03138&lvl=19&style=a | google=https://www.google.com/maps/@33.70810,73.03138,200m/data=!3m1!1e3" }, "geometry": { "type": "Polygon", "coordinates": [ [ [ 73.031548659956698, 33.708112371664498 ], [ 73.031468892810494, 33.708221984287398 ], [ 73.031210295739896, 33.708090538558302 ], [ 73.031290063071694, 33.707980926113599 ], [ 73.031548659956698, 33.708112371664498 ] ] ] } },
{ "type": "Feature", "properties": { "lead_id": "pakistan-small-pv-0145", "cell": "0100_0081", "roof_area_m2": 399.3914, "est_kwp": 39.5, "fixme": "Possible small rooftop PV (399 m2 roof, roofclf-flagged, not near any existing OSM solar feature) -- check imagery; if real, map as generator:source=solar or power=generator + generator:source=solar", "imagery_note": "osm=70.90945,31.86256 | bing=https://www.bing.com/maps?cp=31.86256~70.90945&lvl=19&style=a | google=https://www.google.com/maps/@31.86256,70.90945,200m/data=!3m1!1e3" }, "geometry": { "type": "Polygon", "coordinates": [ [ [ 70.909555394749304, 31.862426968128705 ], [ 70.909546471480496, 31.862617088955002 ], [ 70.90935811732372, 31.8626106497743 ], [ 70.909363196049895, 31.862502446228099 ], [ 70.909336806168596, 31.862501544025196 ], [ 70.909340651122108, 31.862419626742899 ], [ 70.909555394749304, 31.862426968128705 ] ] ] } },
{ "type": "Feature", "properties": { "lead_id": "pakistan-small-pv-0146", "cell": "0135_0077", "roof_area_m2": 399.3827, "est_kwp": 39.5, "fixme": "Possible small rooftop PV (399 m2 roof, roofclf-flagged, not near any existing OSM solar feature) -- check imagery; if real, map as generator:source=solar or power=generator + generator:source=solar", "imagery_note": "osm=74.40359,31.47713 | bing=https://www.bing.com/maps?cp=31.47713~74.40359&lvl=19&style=a | google=https://www.google.com/maps/@31.47713,74.40359,200m/data=!3m1!1e3" }, "geometry": { "type": "Polygon", "coordinates": [ [ [ 74.403636435329403, 31.4770210575956 ], [ 74.403620399332709, 31.477037665924104 ], [ 74.403643518465799, 31.477054061767401 ], [ 74.403629517922496, 31.477068561993406 ], [ 74.403668269838406, 31.4770960444216 ], [ 74.403682270380699, 31.477081544190895 ], [ 74.403736402007397, 31.477119933687501 ], [ 74.403599411657396, 31.477261813134703 ], [ 74.403528946371708, 31.477211839941099 ], [ 74.403560020851998, 31.477179656508003 ], [ 74.403537602556895, 31.477163757688196 ], [ 74.403506528074203, 31.4771959411156 ], [ 74.4034373123921, 31.477146854009199 ], [ 74.403590338813004, 31.476988366411501 ], [ 74.403636435329403, 31.4770210575956 ] ] ] } },
{ "type": "Feature", "properties": { "lead_id": "pakistan-small-pv-0147", "cell": "0062_0011", "roof_area_m2": 399.3812, "est_kwp": 39.5, "fixme": "Possible small rooftop PV (399 m2 roof, roofclf-flagged, not near any existing OSM solar feature) -- check imagery; if real, map as generator:source=solar or power=generator + generator:source=solar", "imagery_note": "osm=67.06641,24.88363 | bing=https://www.bing.com/maps?cp=24.88363~67.06641&lvl=19&style=a | google=https://www.google.com/maps/@24.88363,67.06641,200m/data=!3m1!1e3" }, "geometry": { "type": "Polygon", "coordinates": [ [ [ 67.066547109199703, 24.883641899854599 ], [ 67.066363274840995, 24.883754805643193 ], [ 67.066264906252897, 24.883621532265199 ], [ 67.066448740486393, 24.8835086265894 ], [ 67.066547109199703, 24.883641899854599 ] ] ] } },
{ "type": "Feature", "properties": { "lead_id": "pakistan-small-pv-0148", "cell": "0122_0098", "roof_area_m2": 399.3786, "est_kwp": 39.5, "fixme": "Possible small rooftop PV (399 m2 roof, roofclf-flagged, not near any existing OSM solar feature) -- check imagery; if real, map as generator:source=solar or power=generator + generator:source=solar", "imagery_note": "osm=73.11628,33.55249 | bing=https://www.bing.com/maps?cp=33.55249~73.11628&lvl=19&style=a | google=https://www.google.com/maps/@33.55249,73.11628,200m/data=!3m1!1e3" }, "geometry": { "type": "Polygon", "coordinates": [ [ [ 73.116449229122196, 33.5525038026178 ], [ 73.116295048164915, 33.552623850799407 ], [ 73.116120334221606, 33.552466544703897 ], [ 73.116177069483697, 33.552422369690497 ], [ 73.116216607749607, 33.552457968558201 ], [ 73.1163140533952, 33.552382095572199 ], [ 73.116449229122196, 33.5525038026178 ] ] ] } },
{ "type": "Feature", "properties": { "lead_id": "pakistan-small-pv-0149", "cell": "0061_0065", "roof_area_m2": 399.3733, "est_kwp": 39.5, "fixme": "Possible small rooftop PV (399 m2 roof, roofclf-flagged, not near any existing OSM solar feature) -- check imagery; if real, map as generator:source=solar or power=generator + generator:source=solar", "imagery_note": "osm=66.97364,30.21541 | bing=https://www.bing.com/maps?cp=30.21541~66.97364&lvl=19&style=a | google=https://www.google.com/maps/@30.21541,66.97364,200m/data=!3m1!1e3" }, "geometry": { "type": "Polygon", "coordinates": [ [ [ 66.973722612989604, 30.215269106134592 ], [ 66.973690198560007, 30.215562392090899 ], [ 66.973563914017802, 30.215551864519298 ], [ 66.973596328814807, 30.2152585786115 ], [ 66.973722612989604, 30.215269106134592 ] ] ] } },
{ "type": "Feature", "properties": { "lead_id": "pakistan-small-pv-0150", "cell": "0061_0064", "roof_area_m2": 399.3692, "est_kwp": 39.5, "fixme": "Possible small rooftop PV (399 m2 roof, roofclf-flagged, not near any existing OSM solar feature) -- check imagery; if real, map as generator:source=solar or power=generator + generator:source=solar", "imagery_note": "osm=66.97546,30.12055 | bing=https://www.bing.com/maps?cp=30.12055~66.97546&lvl=19&style=a | google=https://www.google.com/maps/@30.12055,66.97546,200m/data=!3m1!1e3" }, "geometry": { "type": "Polygon", "coordinates": [ [ [ 66.975571712720296, 30.1206492596224 ], [ 66.975423872107996, 30.120685296455999 ], [ 66.975348342132605, 30.120451121900999 ], [ 66.975496182412613, 30.120415085136599 ], [ 66.975571712720296, 30.1206492596224 ] ] ] } },
{ "type": "Feature", "properties": { "lead_id": "pakistan-small-pv-0151", "cell": "0062_0012", "roof_area_m2": 399.3611, "est_kwp": 39.5, "fixme": "Possible small rooftop PV (399 m2 roof, roofclf-flagged, not near any existing OSM solar feature) -- check imagery; if real, map as generator:source=solar or power=generator + generator:source=solar", "imagery_note": "osm=67.05799,24.92651 | bing=https://www.bing.com/maps?cp=24.92651~67.05799&lvl=19&style=a | google=https://www.google.com/maps/@24.92651,67.05799,200m/data=!3m1!1e3" }, "geometry": { "type": "Polygon", "coordinates": [ [ [ 67.058128190803004, 24.926507742552801 ], [ 67.058010439374698, 24.926637637922504 ], [ 67.057847546369004, 24.926514852657601 ], [ 67.057965297831998, 24.926384957419 ], [ 67.058128190803004, 24.926507742552801 ] ] ] } },
{ "type": "Feature", "properties": { "lead_id": "pakistan-small-pv-0152", "cell": "0110_0105", "roof_area_m2": 399.3606, "est_kwp": 39.5, "fixme": "Possible small rooftop PV (399 m2 roof, roofclf-flagged, not near any existing OSM solar feature) -- check imagery; if real, map as generator:source=solar or power=generator + generator:source=solar", "imagery_note": "osm=71.85983,34.25687 | bing=https://www.bing.com/maps?cp=34.25687~71.85983&lvl=19&style=a | google=https://www.google.com/maps/@34.25687,71.85983,200m/data=!3m1!1e3" }, "geometry": { "type": "Polygon", "coordinates": [ [ [ 71.859863664429611, 34.256799001799997 ], [ 71.859864859255296, 34.25679421265751 ], [ 71.859979450214496, 34.256813923063802 ], [ 71.859942780096901, 34.256960906104702 ], [ 71.859683121440099, 34.256916242942907 ], [ 71.859718597167898, 34.256774049098802 ], [ 71.859863664429611, 34.256799001799997 ] ] ] } },
{ "type": "Feature", "properties": { "lead_id": "pakistan-small-pv-0153", "cell": "0134_0079", "roof_area_m2": 399.3589, "est_kwp": 39.5, "fixme": "Possible small rooftop PV (399 m2 roof, roofclf-flagged, not near any existing OSM solar feature) -- check imagery; if real, map as generator:source=solar or power=generator + generator:source=solar", "imagery_note": "osm=74.26583,31.62038 | bing=https://www.bing.com/maps?cp=31.62038~74.26583&lvl=19&style=a | google=https://www.google.com/maps/@31.62038,74.26583,200m/data=!3m1!1e3" }, "geometry": { "type": "Polygon", "coordinates": [ [ [ 74.265921589244599, 31.620275268004001 ], [ 74.265914626960097, 31.6204944484981 ], [ 74.265741699238404, 31.620490426216602 ], [ 74.265748661928299, 31.620271245738103 ], [ 74.265921589244599, 31.620275268004001 ] ] ] } },
{ "type": "Feature", "properties": { "lead_id": "pakistan-small-pv-0154", "cell": "0135_0078", "roof_area_m2": 399.3584, "est_kwp": 39.5, "fixme": "Possible small rooftop PV (399 m2 roof, roofclf-flagged, not near any existing OSM solar feature) -- check imagery; if real, map as generator:source=solar or power=generator + generator:source=solar", "imagery_note": "osm=74.42819,31.51887 | bing=https://www.bing.com/maps?cp=31.51887~74.42819&lvl=19&style=a | google=https://www.google.com/maps/@31.51887,74.42819,200m/data=!3m1!1e3" }, "geometry": { "type": "Polygon", "coordinates": [ [ [ 74.428296971701798, 31.518787708722801 ], [ 74.428299376800197, 31.518959707843198 ], [ 74.428079122027697, 31.518961967772398 ], [ 74.428076717333695, 31.518789968652605 ], [ 74.428296971701798, 31.518787708722801 ] ] ] } },
{ "type": "Feature", "properties": { "lead_id": "pakistan-small-pv-0155", "cell": "0103_0063", "roof_area_m2": 399.3554, "est_kwp": 39.5, "fixme": "Possible small rooftop PV (399 m2 roof, roofclf-flagged, not near any existing OSM solar feature) -- check imagery; if real, map as generator:source=solar or power=generator + generator:source=solar", "imagery_note": "osm=71.20170,30.10240 | bing=https://www.bing.com/maps?cp=30.10240~71.20170&lvl=19&style=a | google=https://www.google.com/maps/@30.10240,71.20170,200m/data=!3m1!1e3" }, "geometry": { "type": "Polygon", "coordinates": [ [ [ 71.201756429855493, 30.102240006589494 ], [ 71.201757830187603, 30.102568850523799 ], [ 71.201644299934998, 30.102569215983195 ], [ 71.201642899979007, 30.102240372028895 ], [ 71.201756429855493, 30.102240006589494 ] ] ] } },
{ "type": "Feature", "properties": { "lead_id": "pakistan-small-pv-0156", "cell": "0061_0064", "roof_area_m2": 399.3544, "est_kwp": 39.5, "fixme": "Possible small rooftop PV (399 m2 roof, roofclf-flagged, not near any existing OSM solar feature) -- check imagery; if real, map as generator:source=solar or power=generator + generator:source=solar", "imagery_note": "osm=67.00618,30.20331 | bing=https://www.bing.com/maps?cp=30.20331~67.00618&lvl=19&style=a | google=https://www.google.com/maps/@30.20331,67.00618,200m/data=!3m1!1e3" }, "geometry": { "type": "Polygon", "coordinates": [ [ [ 67.006311951327305, 30.203358957940903 ], [ 67.006145993617693, 30.203435136071398 ], [ 67.006038894506801, 30.203259104907204 ], [ 67.006204851986695, 30.203182926901 ], [ 67.006311951327305, 30.203358957940903 ] ] ] } },
{ "type": "Feature", "properties": { "lead_id": "pakistan-small-pv-0157", "cell": "0112_0104", "roof_area_m2": 399.3519, "est_kwp": 39.5, "fixme": "Possible small rooftop PV (399 m2 roof, roofclf-flagged, not near any existing OSM solar feature) -- check imagery; if real, map as generator:source=solar or power=generator + generator:source=solar", "imagery_note": "osm=72.04166,34.15173 | bing=https://www.bing.com/maps?cp=34.15173~72.04166&lvl=19&style=a | google=https://www.google.com/maps/@34.15173,72.04166,200m/data=!3m1!1e3" }, "geometry": { "type": "Polygon", "coordinates": [ [ [ 72.041745464984999, 34.151823683800203 ], [ 72.041660476384493, 34.151820919335698 ], [ 72.0416594520335, 34.151842685651594 ], [ 72.041558441275299, 34.151839399948607 ], [ 72.041568076656205, 34.151634663232407 ], [ 72.041603700664098, 34.151635822024005 ], [ 72.041604838352299, 34.151611647594798 ], [ 72.0417181166912, 34.151615332285402 ], [ 72.041716979034703, 34.151639506718098 ], [ 72.041754075589395, 34.151640713364003 ], [ 72.041745464984999, 34.151823683800203 ] ] ] } },
{ "type": "Feature", "properties": { "lead_id": "pakistan-small-pv-0158", "cell": "0111_0104", "roof_area_m2": 399.3519, "est_kwp": 39.5, "fixme": "Possible small rooftop PV (399 m2 roof, roofclf-flagged, not near any existing OSM solar feature) -- check imagery; if real, map as generator:source=solar or power=generator + generator:source=solar", "imagery_note": "osm=72.04166,34.15173 | bing=https://www.bing.com/maps?cp=34.15173~72.04166&lvl=19&style=a | google=https://www.google.com/maps/@34.15173,72.04166,200m/data=!3m1!1e3" }, "geometry": { "type": "Polygon", "coordinates": [ [ [ 72.041745464984999, 34.151823683800203 ], [ 72.041660476384493, 34.151820919335698 ], [ 72.0416594520335, 34.151842685651594 ], [ 72.041558441275299, 34.151839399948607 ], [ 72.041568076656205, 34.151634663232407 ], [ 72.041603700664098, 34.151635822024005 ], [ 72.041604838352299, 34.151611647594798 ], [ 72.0417181166912, 34.151615332285402 ], [ 72.041716979034703, 34.151639506718098 ], [ 72.041754075589395, 34.151640713364003 ], [ 72.041745464984999, 34.151823683800203 ] ] ] } },
{ "type": "Feature", "properties": { "lead_id": "pakistan-small-pv-0159", "cell": "0122_0077", "roof_area_m2": 399.3427, "est_kwp": 39.5, "fixme": "Possible small rooftop PV (399 m2 roof, roofclf-flagged, not near any existing OSM solar feature) -- check imagery; if real, map as generator:source=solar or power=generator + generator:source=solar", "imagery_note": "osm=73.12551,31.41839 | bing=https://www.bing.com/maps?cp=31.41839~73.12551&lvl=19&style=a | google=https://www.google.com/maps/@31.41839,73.12551,200m/data=!3m1!1e3" }, "geometry": { "type": "Polygon", "coordinates": [ [ [ 73.125656220483805, 31.418380462258604 ], [ 73.125524954056502, 31.418519257888896 ], [ 73.125360471033602, 31.418404854006404 ], [ 73.125491737526403, 31.418266058545303 ], [ 73.125656220483805, 31.418380462258604 ] ] ] } },
{ "type": "Feature", "properties": { "lead_id": "pakistan-small-pv-0160", "cell": "0061_0065", "roof_area_m2": 399.3373, "est_kwp": 39.5, "fixme": "Possible small rooftop PV (399 m2 roof, roofclf-flagged, not near any existing OSM solar feature) -- check imagery; if real, map as generator:source=solar or power=generator + generator:source=solar", "imagery_note": "osm=67.01389,30.23699 | bing=https://www.bing.com/maps?cp=30.23699~67.01389&lvl=19&style=a | google=https://www.google.com/maps/@30.23699,67.01389,200m/data=!3m1!1e3" }, "geometry": { "type": "Polygon", "coordinates": [ [ [ 67.014013812702999, 30.236865827872197 ], [ 67.013981972439694, 30.236871630187199 ], [ 67.013993964471993, 30.236921244253796 ], [ 67.013914290155995, 30.236935763424903 ], [ 67.013942580224494, 30.237052806802598 ], [ 67.014022254633204, 30.237038287618503 ], [ 67.0140304710403, 30.237072280871505 ], [ 67.013880371100413, 30.237099633756799 ], [ 67.013811926823195, 30.236816460865001 ], [ 67.013993866578403, 30.23678330572751 ], [ 67.014013812702999, 30.236865827872197 ] ] ] } },
{ "type": "Feature", "properties": { "lead_id": "pakistan-small-pv-0161", "cell": "0106_0102", "roof_area_m2": 399.3349, "est_kwp": 39.5, "fixme": "Possible small rooftop PV (399 m2 roof, roofclf-flagged, not near any existing OSM solar feature) -- check imagery; if real, map as generator:source=solar or power=generator + generator:source=solar", "imagery_note": "osm=71.48873,33.99545 | bing=https://www.bing.com/maps?cp=33.99545~71.48873&lvl=19&style=a | google=https://www.google.com/maps/@33.99545,71.48873,200m/data=!3m1!1e3" }, "geometry": { "type": "Polygon", "coordinates": [ [ [ 71.488781846097993, 33.9956239407623 ], [ 71.488671835556204, 33.995622378551403 ], [ 71.488679081941399, 33.995268374035497 ], [ 71.488789092025101, 33.995269936262105 ], [ 71.488781846097993, 33.9956239407623 ] ] ] } },
{ "type": "Feature", "properties": { "lead_id": "pakistan-small-pv-0162", "cell": "0132_0088", "roof_area_m2": 399.322, "est_kwp": 39.5, "fixme": "Possible small rooftop PV (399 m2 roof, roofclf-flagged, not near any existing OSM solar feature) -- check imagery; if real, map as generator:source=solar or power=generator + generator:source=solar", "imagery_note": "osm=74.08316,32.58981 | bing=https://www.bing.com/maps?cp=32.58981~74.08316&lvl=19&style=a | google=https://www.google.com/maps/@32.58981,74.08316,200m/data=!3m1!1e3" }, "geometry": { "type": "Polygon", "coordinates": [ [ [ 74.083319914508493, 32.589845155611101 ], [ 74.083019806178697, 32.589873741496604 ], [ 74.0830006838016, 32.589726710533306 ], [ 74.083200284912905, 32.589708105297198 ], [ 74.083208267360405, 32.589769480925007 ], [ 74.083308852809694, 32.589760105023302 ], [ 74.083319914508493, 32.589845155611101 ] ] ] } },
{ "type": "Feature", "properties": { "lead_id": "pakistan-small-pv-0163", "cell": "0219_0116", "roof_area_m2": 399.3214, "est_kwp": 39.5, "fixme": "Possible small rooftop PV (399 m2 roof, roofclf-flagged, not near any existing OSM solar feature) -- check imagery; if real, map as generator:source=solar or power=generator + generator:source=solar", "imagery_note": "osm=74.36499,31.50345 | bing=https://www.bing.com/maps?cp=31.50345~74.36499&lvl=19&style=a | google=https://www.google.com/maps/@31.50345,74.36499,200m/data=!3m1!1e3" }, "geometry": { "type": "Polygon", "coordinates": [ [ [ 74.365081004459, 31.503571860745001 ], [ 74.364925457337407, 31.503582417520398 ], [ 74.364920095729701, 31.503524424835401 ], [ 74.364912452842816, 31.503524943543201 ], [ 74.364895841962195, 31.503345274926893 ], [ 74.364983271848502, 31.503339341203102 ], [ 74.364986329276803, 31.503372411053991 ], [ 74.365007424107503, 31.503370979373098 ], [ 74.365004366670405, 31.503337909522799 ], [ 74.365059031564002, 31.503334199465701 ], [ 74.365081004459, 31.503571860745001 ] ] ] } },
{ "type": "Feature", "properties": { "lead_id": "pakistan-small-pv-0164", "cell": "0135_0077", "roof_area_m2": 399.3214, "est_kwp": 39.5, "fixme": "Possible small rooftop PV (399 m2 roof, roofclf-flagged, not near any existing OSM solar feature) -- check imagery; if real, map as generator:source=solar or power=generator + generator:source=solar", "imagery_note": "osm=74.36499,31.50345 | bing=https://www.bing.com/maps?cp=31.50345~74.36499&lvl=19&style=a | google=https://www.google.com/maps/@31.50345,74.36499,200m/data=!3m1!1e3" }, "geometry": { "type": "Polygon", "coordinates": [ [ [ 74.365081004459, 31.503571860745001 ], [ 74.364925457337407, 31.503582417520398 ], [ 74.364920095729701, 31.503524424835401 ], [ 74.364912452842816, 31.503524943543201 ], [ 74.364895841962195, 31.503345274926893 ], [ 74.364983271848502, 31.503339341203102 ], [ 74.364986329276803, 31.503372411053991 ], [ 74.365007424107503, 31.503370979373098 ], [ 74.365004366670405, 31.503337909522799 ], [ 74.365059031564002, 31.503334199465701 ], [ 74.365081004459, 31.503571860745001 ] ] ] } },
{ "type": "Feature", "properties": { "lead_id": "pakistan-small-pv-0165", "cell": "0062_0011", "roof_area_m2": 399.3195, "est_kwp": 39.5, "fixme": "Possible small rooftop PV (399 m2 roof, roofclf-flagged, not near any existing OSM solar feature) -- check imagery; if real, map as generator:source=solar or power=generator + generator:source=solar", "imagery_note": "osm=67.11008,24.88862 | bing=https://www.bing.com/maps?cp=24.88862~67.11008&lvl=19&style=a | google=https://www.google.com/maps/@24.88862,67.11008,200m/data=!3m1!1e3" }, "geometry": { "type": "Polygon", "coordinates": [ [ [ 67.110189306407605, 24.8885500817163 ], [ 67.110180022222295, 24.888718298423196 ], [ 67.110106541910895, 24.888714924083899 ], [ 67.110107648404906, 24.888694876184299 ], [ 67.110072057391605, 24.888693241772497 ], [ 67.110070950892194, 24.8887132896715 ], [ 67.1099646686189, 24.888708408921403 ], [ 67.109973953093402, 24.888540192244601 ], [ 67.110189306407605, 24.8885500817163 ] ] ] } },
{ "type": "Feature", "properties": { "lead_id": "pakistan-small-pv-0166", "cell": "0219_0117", "roof_area_m2": 399.3173, "est_kwp": 39.5, "fixme": "Possible small rooftop PV (399 m2 roof, roofclf-flagged, not near any existing OSM solar feature) -- check imagery; if real, map as generator:source=solar or power=generator + generator:source=solar", "imagery_note": "osm=74.32449,31.51281 | bing=https://www.bing.com/maps?cp=31.51281~74.32449&lvl=19&style=a | google=https://www.google.com/maps/@31.51281,74.32449,200m/data=!3m1!1e3" }, "geometry": { "type": "Polygon", "coordinates": [ [ [ 74.324653875607297, 31.5127724728641 ], [ 74.324647555987596, 31.512894594845701 ], [ 74.324363590181505, 31.512883809539598 ], [ 74.324365140952906, 31.512853843813701 ], [ 74.324331177784401, 31.512852553816302 ], [ 74.324335947034001, 31.512760397581609 ], [ 74.324653875607297, 31.5127724728641 ] ] ] } },
{ "type": "Feature", "properties": { "lead_id": "pakistan-small-pv-0167", "cell": "0134_0078", "roof_area_m2": 399.3173, "est_kwp": 39.5, "fixme": "Possible small rooftop PV (399 m2 roof, roofclf-flagged, not near any existing OSM solar feature) -- check imagery; if real, map as generator:source=solar or power=generator + generator:source=solar", "imagery_note": "osm=74.32449,31.51281 | bing=https://www.bing.com/maps?cp=31.51281~74.32449&lvl=19&style=a | google=https://www.google.com/maps/@31.51281,74.32449,200m/data=!3m1!1e3" }, "geometry": { "type": "Polygon", "coordinates": [ [ [ 74.324653875607297, 31.5127724728641 ], [ 74.324647555987596, 31.512894594845701 ], [ 74.324363590181505, 31.512883809539598 ], [ 74.324365140952906, 31.512853843813701 ], [ 74.324331177784401, 31.512852553816302 ], [ 74.324335947034001, 31.512760397581609 ], [ 74.324653875607297, 31.5127724728641 ] ] ] } },
{ "type": "Feature", "properties": { "lead_id": "pakistan-small-pv-0168", "cell": "0135_0078", "roof_area_m2": 399.3116, "est_kwp": 39.5, "fixme": "Possible small rooftop PV (399 m2 roof, roofclf-flagged, not near any existing OSM solar feature) -- check imagery; if real, map as generator:source=solar or power=generator + generator:source=solar", "imagery_note": "osm=74.34734,31.51618 | bing=https://www.bing.com/maps?cp=31.51618~74.34734&lvl=19&style=a | google=https://www.google.com/maps/@31.51618,74.34734,200m/data=!3m1!1e3" }, "geometry": { "type": "Polygon", "coordinates": [ [ [ 74.347449353531005, 31.516199885275203 ], [ 74.3471260619296, 31.5163332015624 ], [ 74.347097550943005, 31.516282461695791 ], [ 74.347221691041099, 31.516231269987301 ], [ 74.347203026498704, 31.516198053490999 ], [ 74.3472771651236, 31.5161674808298 ], [ 74.347242385076598, 31.5161055842701 ], [ 74.347367397698505, 31.516054032481197 ], [ 74.347449353531005, 31.516199885275203 ] ] ] } },
{ "type": "Feature", "properties": { "lead_id": "pakistan-small-pv-0169", "cell": "0219_0117", "roof_area_m2": 399.3116, "est_kwp": 39.5, "fixme": "Possible small rooftop PV (399 m2 roof, roofclf-flagged, not near any existing OSM solar feature) -- check imagery; if real, map as generator:source=solar or power=generator + generator:source=solar", "imagery_note": "osm=74.34734,31.51618 | bing=https://www.bing.com/maps?cp=31.51618~74.34734&lvl=19&style=a | google=https://www.google.com/maps/@31.51618,74.34734,200m/data=!3m1!1e3" }, "geometry": { "type": "Polygon", "coordinates": [ [ [ 74.347449353531005, 31.516199885275203 ], [ 74.3471260619296, 31.5163332015624 ], [ 74.347097550943005, 31.516282461695791 ], [ 74.347221691041099, 31.516231269987301 ], [ 74.347203026498704, 31.516198053490999 ], [ 74.3472771651236, 31.5161674808298 ], [ 74.347242385076598, 31.5161055842701 ], [ 74.347367397698505, 31.516054032481197 ], [ 74.347449353531005, 31.516199885275203 ] ] ] } },
{ "type": "Feature", "properties": { "lead_id": "pakistan-small-pv-0170", "cell": "0135_0078", "roof_area_m2": 399.2953, "est_kwp": 39.49, "fixme": "Possible small rooftop PV (399 m2 roof, roofclf-flagged, not near any existing OSM solar feature) -- check imagery; if real, map as generator:source=solar or power=generator + generator:source=solar", "imagery_note": "osm=74.37606,31.53329 | bing=https://www.bing.com/maps?cp=31.53329~74.37606&lvl=19&style=a | google=https://www.google.com/maps/@31.53329,74.37606,200m/data=!3m1!1e3" }, "geometry": { "type": "Polygon", "coordinates": [ [ [ 74.376178935370703, 31.5333999783591 ], [ 74.376128033394906, 31.533402071036399 ], [ 74.376126581494105, 31.533376162976801 ], [ 74.375972665305, 31.533382490642097 ], [ 74.3759695709158, 31.5333272719629 ], [ 74.375939938563903, 31.5333284901605 ], [ 74.3759360376838, 31.533258879374699 ], [ 74.376033963773295, 31.533254853567499 ], [ 74.376032883794906, 31.533235581809407 ], [ 74.376008715464707, 31.533236575393303 ], [ 74.3760065456608, 31.533197855968599 ], [ 74.376167238015398, 31.533191249663901 ], [ 74.376178935370703, 31.5333999783591 ] ] ] } },
{ "type": "Feature", "properties": { "lead_id": "pakistan-small-pv-0171", "cell": "0136_0074", "roof_area_m2": 399.2882, "est_kwp": 39.49, "fixme": "Possible small rooftop PV (399 m2 roof, roofclf-flagged, not near any existing OSM solar feature) -- check imagery; if real, map as generator:source=solar or power=generator + generator:source=solar", "imagery_note": "osm=74.44942,31.19226 | bing=https://www.bing.com/maps?cp=31.19226~74.44942&lvl=19&style=a | google=https://www.google.com/maps/@31.19226,74.44942,200m/data=!3m1!1e3" }, "geometry": { "type": "Polygon", "coordinates": [ [ [ 74.449584039408606, 31.192319959235199 ], [ 74.449254686010718, 31.192316315759303 ], [ 74.449256401753601, 31.192201713079093 ], [ 74.449585754754807, 31.192205356547099 ], [ 74.449584039408606, 31.192319959235199 ] ] ] } },
{ "type": "Feature", "properties": { "lead_id": "pakistan-small-pv-0172", "cell": "0062_0011", "roof_area_m2": 399.2794, "est_kwp": 39.49, "fixme": "Possible small rooftop PV (399 m2 roof, roofclf-flagged, not near any existing OSM solar feature) -- check imagery; if real, map as generator:source=solar or power=generator + generator:source=solar", "imagery_note": "osm=67.07312,24.83159 | bing=https://www.bing.com/maps?cp=24.83159~67.07312&lvl=19&style=a | google=https://www.google.com/maps/@24.83159,67.07312,200m/data=!3m1!1e3" }, "geometry": { "type": "Polygon", "coordinates": [ [ [ 67.073209671879098, 24.831478635804103 ], [ 67.073172274247796, 24.831715515542403 ], [ 67.073025115281098, 24.831696166911705 ], [ 67.073062513181497, 24.831459287226199 ], [ 67.073209671879098, 24.831478635804103 ] ] ] } },
{ "type": "Feature", "properties": { "lead_id": "pakistan-small-pv-0173", "cell": "0063_0011", "roof_area_m2": 399.2713, "est_kwp": 39.49, "fixme": "Possible small rooftop PV (399 m2 roof, roofclf-flagged, not near any existing OSM solar feature) -- check imagery; if real, map as generator:source=solar or power=generator + generator:source=solar", "imagery_note": "osm=67.16994,24.81354 | bing=https://www.bing.com/maps?cp=24.81354~67.16994&lvl=19&style=a | google=https://www.google.com/maps/@24.81354,67.16994,200m/data=!3m1!1e3" }, "geometry": { "type": "Polygon", "coordinates": [ [ [ 67.1700901976577, 24.8134820066551 ], [ 67.170060374239597, 24.813613687573103 ], [ 67.169806425182202, 24.8135657742015 ], [ 67.169816371626297, 24.813521857566801 ], [ 67.169798003326903, 24.813518391943798 ], [ 67.169806368949196, 24.813481455122705 ], [ 67.169824737243403, 24.813484920744401 ], [ 67.169836248851198, 24.8134340933447 ], [ 67.1700901976577, 24.8134820066551 ] ] ] } },
{ "type": "Feature", "properties": { "lead_id": "pakistan-small-pv-0174", "cell": "0121_0098", "roof_area_m2": 399.2709, "est_kwp": 39.49, "fixme": "Possible small rooftop PV (399 m2 roof, roofclf-flagged, not near any existing OSM solar feature) -- check imagery; if real, map as generator:source=solar or power=generator + generator:source=solar", "imagery_note": "osm=73.01288,33.59768 | bing=https://www.bing.com/maps?cp=33.59768~73.01288&lvl=19&style=a | google=https://www.google.com/maps/@33.59768,73.01288,200m/data=!3m1!1e3" }, "geometry": { "type": "Polygon", "coordinates": [ [ [ 73.013029091117104, 33.597711957947901 ], [ 73.012803596970898, 33.597786845743393 ], [ 73.012733157205304, 33.597638311514402 ], [ 73.0129586510119, 33.597563423833797 ], [ 73.013029091117104, 33.597711957947901 ] ] ] } },
{ "type": "Feature", "properties": { "lead_id": "pakistan-small-pv-0175", "cell": "0062_0011", "roof_area_m2": 399.2661, "est_kwp": 39.49, "fixme": "Possible small rooftop PV (399 m2 roof, roofclf-flagged, not near any existing OSM solar feature) -- check imagery; if real, map as generator:source=solar or power=generator + generator:source=solar", "imagery_note": "osm=67.12197,24.84089 | bing=https://www.bing.com/maps?cp=24.84089~67.12197&lvl=19&style=a | google=https://www.google.com/maps/@24.84089,67.12197,200m/data=!3m1!1e3" }, "geometry": { "type": "Polygon", "coordinates": [ [ [ 67.122060386554693, 24.8409845024064 ], [ 67.122005489222801, 24.840978989562601 ], [ 67.122003256370704, 24.840997504128399 ], [ 67.121940168688397, 24.8409911687761 ], [ 67.121942401549802, 24.840972654211299 ], [ 67.121861516441598, 24.840964531577299 ], [ 67.1218821291002, 24.840793614931197 ], [ 67.122080998950494, 24.840813585717704 ], [ 67.122060386554693, 24.8409845024064 ] ] ] } },
{ "type": "Feature", "properties": { "lead_id": "pakistan-small-pv-0176", "cell": "0122_0098", "roof_area_m2": 399.2631, "est_kwp": 39.49, "fixme": "Possible small rooftop PV (399 m2 roof, roofclf-flagged, not near any existing OSM solar feature) -- check imagery; if real, map as generator:source=solar or power=generator + generator:source=solar", "imagery_note": "osm=73.08149,33.58607 | bing=https://www.bing.com/maps?cp=33.58607~73.08149&lvl=19&style=a | google=https://www.google.com/maps/@33.58607,73.08149,200m/data=!3m1!1e3" }, "geometry": { "type": "Polygon", "coordinates": [ [ [ 73.081574179872405, 33.586014118138699 ], [ 73.081521261208195, 33.58605573806269 ], [ 73.081548445597207, 33.586079949949998 ], [ 73.081601364265197, 33.586038330013807 ], [ 73.081713326558699, 33.586138049423703 ], [ 73.081616563956004, 33.586214152140599 ], [ 73.081362840899104, 33.585988172560299 ], [ 73.081459603452402, 33.585912070038098 ], [ 73.081574179872405, 33.586014118138699 ] ] ] } },
{ "type": "Feature", "properties": { "lead_id": "pakistan-small-pv-0177", "cell": "0132_0088", "roof_area_m2": 399.2585, "est_kwp": 39.49, "fixme": "Possible small rooftop PV (399 m2 roof, roofclf-flagged, not near any existing OSM solar feature) -- check imagery; if real, map as generator:source=solar or power=generator + generator:source=solar", "imagery_note": "osm=74.05646,32.52696 | bing=https://www.bing.com/maps?cp=32.52696~74.05646&lvl=19&style=a | google=https://www.google.com/maps/@32.52696,74.05646,200m/data=!3m1!1e3" }, "geometry": { "type": "Polygon", "coordinates": [ [ [ 74.0565448, 32.5270666 ], [ 74.056354, 32.5270588 ], [ 74.0563654, 32.5268585 ], [ 74.0564809, 32.5268633 ], [ 74.0565562, 32.5268663 ], [ 74.0565448, 32.5270666 ] ] ] } },
{ "type": "Feature", "properties": { "lead_id": "pakistan-small-pv-0178", "cell": "0061_0064", "roof_area_m2": 399.2557, "est_kwp": 39.49, "fixme": "Possible small rooftop PV (399 m2 roof, roofclf-flagged, not near any existing OSM solar feature) -- check imagery; if real, map as generator:source=solar or power=generator + generator:source=solar", "imagery_note": "osm=66.98812,30.10979 | bing=https://www.bing.com/maps?cp=30.10979~66.98812&lvl=19&style=a | google=https://www.google.com/maps/@30.10979,66.98812,200m/data=!3m1!1e3" }, "geometry": { "type": "Polygon", "coordinates": [ [ [ 66.987982323869602, 30.109602370699598 ], [ 66.988022762965599, 30.109708171357301 ], [ 66.988046540723204, 30.1097013014138 ], [ 66.988062872054101, 30.109744028924691 ], [ 66.988203595254703, 30.1097033706322 ], [ 66.988251896180003, 30.109829739213101 ], [ 66.988044427287605, 30.109889681857304 ], [ 66.9879393562492, 30.109614785025599 ], [ 66.987982323869602, 30.109602370699598 ] ] ] } },
{ "type": "Feature", "properties": { "lead_id": "pakistan-small-pv-0179", "cell": "0061_0065", "roof_area_m2": 399.2525, "est_kwp": 39.49, "fixme": "Possible small rooftop PV (399 m2 roof, roofclf-flagged, not near any existing OSM solar feature) -- check imagery; if real, map as generator:source=solar or power=generator + generator:source=solar", "imagery_note": "osm=67.00435,30.21643 | bing=https://www.bing.com/maps?cp=30.21643~67.00435&lvl=19&style=a | google=https://www.google.com/maps/@30.21643,67.00435,200m/data=!3m1!1e3" }, "geometry": { "type": "Polygon", "coordinates": [ [ [ 67.0044848, 30.2165386 ], [ 67.0044019, 30.2165475 ], [ 67.0043902, 30.2164661 ], [ 67.0043069, 30.216475 ], [ 67.0043185, 30.2165565 ], [ 67.0042436, 30.2165646 ], [ 67.0042177, 30.2163839 ], [ 67.004459, 30.2163579 ], [ 67.0044848, 30.2165386 ] ] ] } },
{ "type": "Feature", "properties": { "lead_id": "pakistan-small-pv-0180", "cell": "0219_0117", "roof_area_m2": 399.2522, "est_kwp": 39.49, "fixme": "Possible small rooftop PV (399 m2 roof, roofclf-flagged, not near any existing OSM solar feature) -- check imagery; if real, map as generator:source=solar or power=generator + generator:source=solar", "imagery_note": "osm=74.33843,31.54565 | bing=https://www.bing.com/maps?cp=31.54565~74.33843&lvl=19&style=a | google=https://www.google.com/maps/@31.54565,74.33843,200m/data=!3m1!1e3" }, "geometry": { "type": "Polygon", "coordinates": [ [ [ 74.338575756731302, 31.545620920465108 ], [ 74.338498043695196, 31.545739631320703 ], [ 74.338448946784695, 31.545716058801201 ], [ 74.338427166630197, 31.545749329072599 ], [ 74.338275829552202, 31.545676668573801 ], [ 74.338375322948707, 31.545524687594405 ], [ 74.338575756731302, 31.545620920465108 ] ] ] } },
{ "type": "Feature", "properties": { "lead_id": "pakistan-small-pv-0181", "cell": "0134_0078", "roof_area_m2": 399.2522, "est_kwp": 39.49, "fixme": "Possible small rooftop PV (399 m2 roof, roofclf-flagged, not near any existing OSM solar feature) -- check imagery; if real, map as generator:source=solar or power=generator + generator:source=solar", "imagery_note": "osm=74.33843,31.54565 | bing=https://www.bing.com/maps?cp=31.54565~74.33843&lvl=19&style=a | google=https://www.google.com/maps/@31.54565,74.33843,200m/data=!3m1!1e3" }, "geometry": { "type": "Polygon", "coordinates": [ [ [ 74.338575756731302, 31.545620920465108 ], [ 74.338498043695196, 31.545739631320703 ], [ 74.338448946784695, 31.545716058801201 ], [ 74.338427166630197, 31.545749329072599 ], [ 74.338275829552202, 31.545676668573801 ], [ 74.338375322948707, 31.545524687594405 ], [ 74.338575756731302, 31.545620920465108 ] ] ] } },
{ "type": "Feature", "properties": { "lead_id": "pakistan-small-pv-0182", "cell": "0103_0063", "roof_area_m2": 399.2508, "est_kwp": 39.49, "fixme": "Possible small rooftop PV (399 m2 roof, roofclf-flagged, not near any existing OSM solar feature) -- check imagery; if real, map as generator:source=solar or power=generator + generator:source=solar", "imagery_note": "osm=71.21937,30.07311 | bing=https://www.bing.com/maps?cp=30.07311~71.21937&lvl=19&style=a | google=https://www.google.com/maps/@30.07311,71.21937,200m/data=!3m1!1e3" }, "geometry": { "type": "Polygon", "coordinates": [ [ [ 71.219398972547395, 30.073046805941701 ], [ 71.219412761999493, 30.073202781785195 ], [ 71.219869066164705, 30.073172264288207 ], [ 71.219873835279813, 30.073226205955503 ], [ 71.219358077779702, 30.073260699571701 ], [ 71.2193395195807, 30.0730507820175 ], [ 71.219398972547395, 30.073046805941701 ] ] ] } },
{ "type": "Feature", "properties": { "lead_id": "pakistan-small-pv-0183", "cell": "0063_0011", "roof_area_m2": 399.249, "est_kwp": 39.49, "fixme": "Possible small rooftop PV (399 m2 roof, roofclf-flagged, not near any existing OSM solar feature) -- check imagery; if real, map as generator:source=solar or power=generator + generator:source=solar", "imagery_note": "osm=67.15563,24.87671 | bing=https://www.bing.com/maps?cp=24.87671~67.15563&lvl=19&style=a | google=https://www.google.com/maps/@24.87671,67.15563,200m/data=!3m1!1e3" }, "geometry": { "type": "Polygon", "coordinates": [ [ [ 67.155704941422101, 24.876846365588701 ], [ 67.15558029521371, 24.8768527124369 ], [ 67.155562877805593, 24.876568048355999 ], [ 67.155687523728503, 24.876561701505601 ], [ 67.155704941422101, 24.876846365588701 ] ] ] } },
{ "type": "Feature", "properties": { "lead_id": "pakistan-small-pv-0184", "cell": "0219_0116", "roof_area_m2": 399.2428, "est_kwp": 39.49, "fixme": "Possible small rooftop PV (399 m2 roof, roofclf-flagged, not near any existing OSM solar feature) -- check imagery; if real, map as generator:source=solar or power=generator + generator:source=solar", "imagery_note": "osm=74.36442,31.49963 | bing=https://www.bing.com/maps?cp=31.49963~74.36442&lvl=19&style=a | google=https://www.google.com/maps/@31.49963,74.36442,200m/data=!3m1!1e3" }, "geometry": { "type": "Polygon", "coordinates": [ [ [ 74.364333224354198, 31.499503123576496 ], [ 74.364334882645807, 31.499542788343607 ], [ 74.364521008233993, 31.4995370754812 ], [ 74.364526698133901, 31.499673165847 ], [ 74.364420413522296, 31.499676428134595 ], [ 74.364422271554105, 31.499720869450499 ], [ 74.3643111566236, 31.499724279903802 ], [ 74.364305368553801, 31.499585833956406 ], [ 74.364280204085304, 31.499586606316896 ], [ 74.364276786334997, 31.499504855808603 ], [ 74.364333224354198, 31.499503123576496 ] ] ] } },
{ "type": "Feature", "properties": { "lead_id": "pakistan-small-pv-0185", "cell": "0063_0012", "roof_area_m2": 399.2423, "est_kwp": 39.49, "fixme": "Possible small rooftop PV (399 m2 roof, roofclf-flagged, not near any existing OSM solar feature) -- check imagery; if real, map as generator:source=solar or power=generator + generator:source=solar", "imagery_note": "osm=67.21969,24.92914 | bing=https://www.bing.com/maps?cp=24.92914~67.21969&lvl=19&style=a | google=https://www.google.com/maps/@24.92914,67.21969,200m/data=!3m1!1e3" }, "geometry": { "type": "Polygon", "coordinates": [ [ [ 67.219870376754699, 24.929099101206202 ], [ 67.219868218576593, 24.929196796631498 ], [ 67.219503893322596, 24.929190104202096 ], [ 67.219506051787306, 24.929092408797899 ], [ 67.219870376754699, 24.929099101206202 ] ] ] } },
{ "type": "Feature", "properties": { "lead_id": "pakistan-small-pv-0186", "cell": "0106_0064", "roof_area_m2": 399.2366, "est_kwp": 39.49, "fixme": "Possible small rooftop PV (399 m2 roof, roofclf-flagged, not near any existing OSM solar feature) -- check imagery; if real, map as generator:source=solar or power=generator + generator:source=solar", "imagery_note": "osm=71.50177,30.19843 | bing=https://www.bing.com/maps?cp=30.19843~71.50177&lvl=19&style=a | google=https://www.google.com/maps/@30.19843,71.50177,200m/data=!3m1!1e3" }, "geometry": { "type": "Polygon", "coordinates": [ [ [ 71.501851857196897, 30.198321337852502 ], [ 71.501848470614505, 30.198396449354902 ], [ 71.501878179354506, 30.198397460044401 ], [ 71.501874674579895, 30.1984751934468 ], [ 71.501844965816403, 30.198474182757906 ], [ 71.501842915086399, 30.198519666172992 ], [ 71.501698847527805, 30.198514764918205 ], [ 71.501700898324401, 30.198469281501303 ], [ 71.501658893642301, 30.198467852448601 ], [ 71.501665785311602, 30.198315007537001 ], [ 71.501851857196897, 30.198321337852502 ] ] ] } },
{ "type": "Feature", "properties": { "lead_id": "pakistan-small-pv-0187", "cell": "0094_0047", "roof_area_m2": 399.2365, "est_kwp": 39.49, "fixme": "Possible small rooftop PV (399 m2 roof, roofclf-flagged, not near any existing OSM solar feature) -- check imagery; if real, map as generator:source=solar or power=generator + generator:source=solar", "imagery_note": "osm=70.26392,28.46230 | bing=https://www.bing.com/maps?cp=28.46230~70.26392&lvl=19&style=a | google=https://www.google.com/maps/@28.46230,70.26392,200m/data=!3m1!1e3" }, "geometry": { "type": "Polygon", "coordinates": [ [ [ 70.264062654061306, 28.4623720436282 ], [ 70.263655891557704, 28.4623694906909 ], [ 70.263656327100506, 28.462315309727 ], [ 70.263782169324003, 28.462316099674499 ], [ 70.263782512322095, 28.462273424919395 ], [ 70.264006851308494, 28.462274832872804 ], [ 70.264007234732702, 28.462227115951897 ], [ 70.264063815680302, 28.462227470996904 ], [ 70.264062654061306, 28.4623720436282 ] ] ] } },
{ "type": "Feature", "properties": { "lead_id": "pakistan-small-pv-0188", "cell": "0064_0011", "roof_area_m2": 399.2342, "est_kwp": 39.49, "fixme": "Possible small rooftop PV (399 m2 roof, roofclf-flagged, not near any existing OSM solar feature) -- check imagery; if real, map as generator:source=solar or power=generator + generator:source=solar", "imagery_note": "osm=67.25971,24.82423 | bing=https://www.bing.com/maps?cp=24.82423~67.25971&lvl=19&style=a | google=https://www.google.com/maps/@24.82423,67.25971,200m/data=!3m1!1e3" }, "geometry": { "type": "Polygon", "coordinates": [ [ [ 67.259781263736997, 24.824350840972201 ], [ 67.259621096783604, 24.824338449235501 ], [ 67.2596415821519, 24.824117913252103 ], [ 67.259801748826604, 24.8241303049479 ], [ 67.259781263736997, 24.824350840972201 ] ] ] } },
{ "type": "Feature", "properties": { "lead_id": "pakistan-small-pv-0189", "cell": "0134_0077", "roof_area_m2": 399.2274, "est_kwp": 39.49, "fixme": "Possible small rooftop PV (399 m2 roof, roofclf-flagged, not near any existing OSM solar feature) -- check imagery; if real, map as generator:source=solar or power=generator + generator:source=solar", "imagery_note": "osm=74.24956,31.42838 | bing=https://www.bing.com/maps?cp=31.42838~74.24956&lvl=19&style=a | google=https://www.google.com/maps/@31.42838,74.24956,200m/data=!3m1!1e3" }, "geometry": { "type": "Polygon", "coordinates": [ [ [ 74.249489092130005, 31.428298055756592 ], [ 74.249414211486396, 31.428356180678094 ], [ 74.249465421729298, 31.428404688544997 ], [ 74.249560915580005, 31.428330145941796 ], [ 74.249664730159395, 31.4284279318498 ], [ 74.249539899659297, 31.428525374713399 ], [ 74.249312898870201, 31.428311555567198 ], [ 74.249417304637504, 31.428230056444907 ], [ 74.249489092130005, 31.428298055756592 ] ] ] } },
{ "type": "Feature", "properties": { "lead_id": "pakistan-small-pv-0190", "cell": "0112_0105", "roof_area_m2": 399.2266, "est_kwp": 39.49, "fixme": "Possible small rooftop PV (399 m2 roof, roofclf-flagged, not near any existing OSM solar feature) -- check imagery; if real, map as generator:source=solar or power=generator + generator:source=solar", "imagery_note": "osm=72.06127,34.22181 | bing=https://www.bing.com/maps?cp=34.22181~72.06127&lvl=19&style=a | google=https://www.google.com/maps/@34.22181,72.06127,200m/data=!3m1!1e3" }, "geometry": { "type": "Polygon", "coordinates": [ [ [ 72.061431400741597, 34.221757261866507 ], [ 72.061421678415101, 34.221885133971199 ], [ 72.061117514032603, 34.221869176015197 ], [ 72.061127236814102, 34.221741303958296 ], [ 72.061431400741597, 34.221757261866507 ] ] ] } },
{ "type": "Feature", "properties": { "lead_id": "pakistan-small-pv-0191", "cell": "0105_0102", "roof_area_m2": 399.22, "est_kwp": 39.49, "fixme": "Possible small rooftop PV (399 m2 roof, roofclf-flagged, not near any existing OSM solar feature) -- check imagery; if real, map as generator:source=solar or power=generator + generator:source=solar", "imagery_note": "osm=71.38436,34.00223 | bing=https://www.bing.com/maps?cp=34.00223~71.38436&lvl=19&style=a | google=https://www.google.com/maps/@34.00223,71.38436,200m/data=!3m1!1e3" }, "geometry": { "type": "Polygon", "coordinates": [ [ [ 71.384507057833602, 34.002267978835206 ], [ 71.384270406602894, 34.002340384792802 ], [ 71.384206445550802, 34.002195377121602 ], [ 71.384443096448294, 34.002122971300295 ], [ 71.384507057833602, 34.002267978835206 ] ] ] } },
{ "type": "Feature", "properties": { "lead_id": "pakistan-small-pv-0192", "cell": "0136_0087", "roof_area_m2": 399.2122, "est_kwp": 39.49, "fixme": "Possible small rooftop PV (399 m2 roof, roofclf-flagged, not near any existing OSM solar feature) -- check imagery; if real, map as generator:source=solar or power=generator + generator:source=solar", "imagery_note": "osm=74.45432,32.47842 | bing=https://www.bing.com/maps?cp=32.47842~74.45432&lvl=19&style=a | google=https://www.google.com/maps/@32.47842,74.45432,200m/data=!3m1!1e3" }, "geometry": { "type": "Polygon", "coordinates": [ [ [ 74.454477020584704, 32.478370197428497 ], [ 74.454402004839494, 32.478372540231902 ], [ 74.454406358369994, 32.478472698104099 ], [ 74.454304267717106, 32.478475886405207 ], [ 74.454306002327698, 32.478515794057699 ], [ 74.454249752389202, 32.478517550713299 ], [ 74.454241991133401, 32.478338987102198 ], [ 74.454269825474398, 32.478338117853099 ], [ 74.454267470762105, 32.478283943134201 ], [ 74.45447299233561, 32.478277524631103 ], [ 74.454477020584704, 32.478370197428497 ] ] ] } },
{ "type": "Feature", "properties": { "lead_id": "pakistan-small-pv-0193", "cell": "0219_0116", "roof_area_m2": 399.2104, "est_kwp": 39.49, "fixme": "Possible small rooftop PV (399 m2 roof, roofclf-flagged, not near any existing OSM solar feature) -- check imagery; if real, map as generator:source=solar or power=generator + generator:source=solar", "imagery_note": "osm=74.27599,31.48387 | bing=https://www.bing.com/maps?cp=31.48387~74.27599&lvl=19&style=a | google=https://www.google.com/maps/@31.48387,74.27599,200m/data=!3m1!1e3" }, "geometry": { "type": "Polygon", "coordinates": [ [ [ 74.276093126378299, 31.483776667641909 ], [ 74.276082505412717, 31.483973595054998 ], [ 74.275890657381296, 31.483965996137901 ], [ 74.275901278746502, 31.483769068746902 ], [ 74.276093126378299, 31.483776667641909 ] ] ] } },
{ "type": "Feature", "properties": { "lead_id": "pakistan-small-pv-0194", "cell": "0122_0098", "roof_area_m2": 399.2023, "est_kwp": 39.49, "fixme": "Possible small rooftop PV (399 m2 roof, roofclf-flagged, not near any existing OSM solar feature) -- check imagery; if real, map as generator:source=solar or power=generator + generator:source=solar", "imagery_note": "osm=73.12751,33.51391 | bing=https://www.bing.com/maps?cp=33.51391~73.12751&lvl=19&style=a | google=https://www.google.com/maps/@33.51391,73.12751,200m/data=!3m1!1e3" }, "geometry": { "type": "Polygon", "coordinates": [ [ [ 73.127655925167602, 33.513866429536897 ], [ 73.127549207526599, 33.514029057459602 ], [ 73.127366342508793, 33.513944858651598 ], [ 73.127473060373106, 33.513782230894201 ], [ 73.127655925167602, 33.513866429536897 ] ] ] } },
{ "type": "Feature", "properties": { "lead_id": "pakistan-small-pv-0195", "cell": "0075_0016", "roof_area_m2": 399.1974, "est_kwp": 39.48, "fixme": "Possible small rooftop PV (399 m2 roof, roofclf-flagged, not near any existing OSM solar feature) -- check imagery; if real, map as generator:source=solar or power=generator + generator:source=solar", "imagery_note": "osm=68.38271,25.35383 | bing=https://www.bing.com/maps?cp=25.35383~68.38271&lvl=19&style=a | google=https://www.google.com/maps/@25.35383,68.38271,200m/data=!3m1!1e3" }, "geometry": { "type": "Polygon", "coordinates": [ [ [ 68.382882878753804, 25.353845604695199 ], [ 68.382832318710996, 25.353942715277803 ], [ 68.382531696592693, 25.353813486220101 ], [ 68.382582256820498, 25.3537163757365 ], [ 68.382882878753804, 25.353845604695199 ] ] ] } },
{ "type": "Feature", "properties": { "lead_id": "pakistan-small-pv-0196", "cell": "0061_0064", "roof_area_m2": 399.197, "est_kwp": 39.48, "fixme": "Possible small rooftop PV (399 m2 roof, roofclf-flagged, not near any existing OSM solar feature) -- check imagery; if real, map as generator:source=solar or power=generator + generator:source=solar", "imagery_note": "osm=66.98418,30.14955 | bing=https://www.bing.com/maps?cp=30.14955~66.98418&lvl=19&style=a | google=https://www.google.com/maps/@30.14955,66.98418,200m/data=!3m1!1e3" }, "geometry": { "type": "Polygon", "coordinates": [ [ [ 66.9842496, 30.1494609 ], [ 66.9842198, 30.1494712 ], [ 66.9842317, 30.149497 ], [ 66.9842615, 30.1494867 ], [ 66.9843123, 30.1495973 ], [ 66.9841006, 30.1496708 ], [ 66.9840734, 30.1496116 ], [ 66.9841012, 30.1496019 ], [ 66.9840502, 30.1494907 ], [ 66.984234, 30.149427 ], [ 66.9842496, 30.1494609 ] ] ] } },
{ "type": "Feature", "properties": { "lead_id": "pakistan-small-pv-0197", "cell": "0062_0011", "roof_area_m2": 399.1954, "est_kwp": 39.48, "fixme": "Possible small rooftop PV (399 m2 roof, roofclf-flagged, not near any existing OSM solar feature) -- check imagery; if real, map as generator:source=solar or power=generator + generator:source=solar", "imagery_note": "osm=67.11626,24.82079 | bing=https://www.bing.com/maps?cp=24.82079~67.11626&lvl=19&style=a | google=https://www.google.com/maps/@24.82079,67.11626,200m/data=!3m1!1e3" }, "geometry": { "type": "Polygon", "coordinates": [ [ [ 67.116301588409002, 24.8206191142575 ], [ 67.116296039966713, 24.820643623744299 ], [ 67.116349550165197, 24.820653713861301 ], [ 67.116285149603598, 24.8209381942406 ], [ 67.116170494725793, 24.820916574373101 ], [ 67.116240443985106, 24.820607584573199 ], [ 67.116301588409002, 24.8206191142575 ] ] ] } },
{ "type": "Feature", "properties": { "lead_id": "pakistan-small-pv-0198", "cell": "0132_0088", "roof_area_m2": 399.1737, "est_kwp": 39.48, "fixme": "Possible small rooftop PV (399 m2 roof, roofclf-flagged, not near any existing OSM solar feature) -- check imagery; if real, map as generator:source=solar or power=generator + generator:source=solar", "imagery_note": "osm=74.08726,32.58485 | bing=https://www.bing.com/maps?cp=32.58485~74.08726&lvl=19&style=a | google=https://www.google.com/maps/@32.58485,74.08726,200m/data=!3m1!1e3" }, "geometry": { "type": "Polygon", "coordinates": [ [ [ 74.0873027636611, 32.5847553051793 ], [ 74.087367999589901, 32.5849153123728 ], [ 74.087423120745697, 32.584899204064698 ], [ 74.087443820938603, 32.584949976190302 ], [ 74.087239550404803, 32.585009670955202 ], [ 74.087153614622906, 32.584798891533303 ], [ 74.0873027636611, 32.5847553051793 ] ] ] } },
{ "type": "Feature", "properties": { "lead_id": "pakistan-small-pv-0199", "cell": "0112_0104", "roof_area_m2": 399.1694, "est_kwp": 39.48, "fixme": "Possible small rooftop PV (399 m2 roof, roofclf-flagged, not near any existing OSM solar feature) -- check imagery; if real, map as generator:source=solar or power=generator + generator:source=solar", "imagery_note": "osm=72.04639,34.15181 | bing=https://www.bing.com/maps?cp=34.15181~72.04639&lvl=19&style=a | google=https://www.google.com/maps/@34.15181,72.04639,200m/data=!3m1!1e3" }, "geometry": { "type": "Polygon", "coordinates": [ [ [ 72.046406899580006, 34.151718943665692 ], [ 72.046448135383699, 34.151719218697302 ], [ 72.046447959534802, 34.151737442334898 ], [ 72.046474211626304, 34.151737617421901 ], [ 72.046472507237198, 34.151914254270693 ], [ 72.046405019192093, 34.151913804159598 ], [ 72.046405236737598, 34.151891260255297 ], [ 72.046379186003307, 34.151891086499901 ], [ 72.046378747488504, 34.151936527717289 ], [ 72.046296180414103, 34.151935976969604 ], [ 72.0462986257171, 34.151682609267709 ], [ 72.046407243215299, 34.151683333785698 ], [ 72.046406899580006, 34.151718943665692 ] ] ] } },
{ "type": "Feature", "properties": { "lead_id": "pakistan-small-pv-0200", "cell": "0137_0087", "roof_area_m2": 399.1638, "est_kwp": 39.48, "fixme": "Possible small rooftop PV (399 m2 roof, roofclf-flagged, not near any existing OSM solar feature) -- check imagery; if real, map as generator:source=solar or power=generator + generator:source=solar", "imagery_note": "osm=74.55936,32.50505 | bing=https://www.bing.com/maps?cp=32.50505~74.55936&lvl=19&style=a | google=https://www.google.com/maps/@32.50505,74.55936,200m/data=!3m1!1e3" }, "geometry": { "type": "Polygon", "coordinates": [ [ [ 74.559502105526406, 32.505119788126798 ], [ 74.559397986829794, 32.505160788178301 ], [ 74.559384338978404, 32.5051359012432 ], [ 74.559320880653601, 32.505160889916205 ], [ 74.559226336453094, 32.504988487392005 ], [ 74.559393913198306, 32.504922498800397 ], [ 74.559502105526406, 32.505119788126798 ] ] ] } },
{ "type": "Feature", "properties": { "lead_id": "pakistan-small-pv-0201", "cell": "0114_0075", "roof_area_m2": 399.1566, "est_kwp": 39.48, "fixme": "Possible small rooftop PV (399 m2 roof, roofclf-flagged, not near any existing OSM solar feature) -- check imagery; if real, map as generator:source=solar or power=generator + generator:source=solar", "imagery_note": "osm=72.33410,31.30692 | bing=https://www.bing.com/maps?cp=31.30692~72.33410&lvl=19&style=a | google=https://www.google.com/maps/@31.30692,72.33410,200m/data=!3m1!1e3" }, "geometry": { "type": "Polygon", "coordinates": [ [ [ 72.334214460694099, 31.306839117683399 ], [ 72.334201409946104, 31.307026091568801 ], [ 72.334157153916394, 31.3070238143235 ], [ 72.334158669430295, 31.3070021022357 ], [ 72.333980924119402, 31.3069929559888 ], [ 72.333992459746398, 31.306827694233 ], [ 72.334214460694099, 31.306839117683399 ] ] ] } },
{ "type": "Feature", "properties": { "lead_id": "pakistan-small-pv-0202", "cell": "0110_0105", "roof_area_m2": 399.1511, "est_kwp": 39.48, "fixme": "Possible small rooftop PV (399 m2 roof, roofclf-flagged, not near any existing OSM solar feature) -- check imagery; if real, map as generator:source=solar or power=generator + generator:source=solar", "imagery_note": "osm=71.93763,34.27186 | bing=https://www.bing.com/maps?cp=34.27186~71.93763&lvl=19&style=a | google=https://www.google.com/maps/@34.27186,71.93763,200m/data=!3m1!1e3" }, "geometry": { "type": "Polygon", "coordinates": [ [ [ 71.9373548022877, 34.271911017971398 ], [ 71.937420906639005, 34.2717611524142 ], [ 71.937796364661295, 34.271875290280498 ], [ 71.937765701404999, 34.271944807907303 ], [ 71.937465548056295, 34.271853562511403 ], [ 71.9374199475035, 34.271956943889698 ], [ 71.937320323812898, 34.271926658484709 ], [ 71.937330483641404, 34.271903625141597 ], [ 71.9373548022877, 34.271911017971398 ] ] ] } },
{ "type": "Feature", "properties": { "lead_id": "pakistan-small-pv-0203", "cell": "0112_0104", "roof_area_m2": 399.1487, "est_kwp": 39.48, "fixme": "Possible small rooftop PV (399 m2 roof, roofclf-flagged, not near any existing OSM solar feature) -- check imagery; if real, map as generator:source=solar or power=generator + generator:source=solar", "imagery_note": "osm=72.05994,34.18397 | bing=https://www.bing.com/maps?cp=34.18397~72.05994&lvl=19&style=a | google=https://www.google.com/maps/@34.18397,72.05994,200m/data=!3m1!1e3" }, "geometry": { "type": "Polygon", "coordinates": [ [ [ 72.060039559482604, 34.183854852333205 ], [ 72.060006252835507, 34.184100350549599 ], [ 72.059849289136395, 34.184085642924295 ], [ 72.059882596227197, 34.183840144773498 ], [ 72.060039559482604, 34.183854852333205 ] ] ] } },
{ "type": "Feature", "properties": { "lead_id": "pakistan-small-pv-0204", "cell": "0134_0077", "roof_area_m2": 399.1465, "est_kwp": 39.48, "fixme": "Possible small rooftop PV (399 m2 roof, roofclf-flagged, not near any existing OSM solar feature) -- check imagery; if real, map as generator:source=solar or power=generator + generator:source=solar", "imagery_note": "osm=74.25906,31.41935 | bing=https://www.bing.com/maps?cp=31.41935~74.25906&lvl=19&style=a | google=https://www.google.com/maps/@31.41935,74.25906,200m/data=!3m1!1e3" }, "geometry": { "type": "Polygon", "coordinates": [ [ [ 74.259149149169602, 31.419318876599903 ], [ 74.259171596743897, 31.419319955014895 ], [ 74.259162248809403, 31.419463052394306 ], [ 74.259006083976004, 31.419455549916499 ], [ 74.259010168646597, 31.419393023776099 ], [ 74.258947291619094, 31.419390002981995 ], [ 74.258952292200107, 31.419313457183101 ], [ 74.259015169176706, 31.4193164779741 ], [ 74.259020586620494, 31.419233550086901 ], [ 74.259154303532597, 31.419239974127798 ], [ 74.259149149169602, 31.419318876599903 ] ] ] } },
{ "type": "Feature", "properties": { "lead_id": "pakistan-small-pv-0205", "cell": "0062_0011", "roof_area_m2": 399.1452, "est_kwp": 39.48, "fixme": "Possible small rooftop PV (399 m2 roof, roofclf-flagged, not near any existing OSM solar feature) -- check imagery; if real, map as generator:source=solar or power=generator + generator:source=solar", "imagery_note": "osm=67.11186,24.81701 | bing=https://www.bing.com/maps?cp=24.81701~67.11186&lvl=19&style=a | google=https://www.google.com/maps/@24.81701,67.11186,200m/data=!3m1!1e3" }, "geometry": { "type": "Polygon", "coordinates": [ [ [ 67.111998808299802, 24.816956788366099 ], [ 67.111814517041694, 24.817143470772301 ], [ 67.111715865535004, 24.817062345830401 ], [ 67.111842956689699, 24.816933605869 ], [ 67.111822007165301, 24.8169163782613 ], [ 67.111879207279515, 24.816858435946202 ], [ 67.111998808299802, 24.816956788366099 ] ] ] } },
{ "type": "Feature", "properties": { "lead_id": "pakistan-small-pv-0206", "cell": "0134_0078", "roof_area_m2": 399.1316, "est_kwp": 39.48, "fixme": "Possible small rooftop PV (399 m2 roof, roofclf-flagged, not near any existing OSM solar feature) -- check imagery; if real, map as generator:source=solar or power=generator + generator:source=solar", "imagery_note": "osm=74.29778,31.59051 | bing=https://www.bing.com/maps?cp=31.59051~74.29778&lvl=19&style=a | google=https://www.google.com/maps/@31.59051,74.29778,200m/data=!3m1!1e3" }, "geometry": { "type": "Polygon", "coordinates": [ [ [ 74.297911242486904, 31.590446149377399 ], [ 74.297900558779901, 31.5905817334672 ], [ 74.297873817681605, 31.590580189565298 ], [ 74.297870194906807, 31.590626164972111 ], [ 74.297775788714702, 31.590620714368704 ], [ 74.297779411536695, 31.590574738965397 ], [ 74.297654330554195, 31.590567517225605 ], [ 74.297665014615603, 31.590431933160996 ], [ 74.297911242486904, 31.590446149377399 ] ] ] } },
{ "type": "Feature", "properties": { "lead_id": "pakistan-small-pv-0207", "cell": "0219_0117", "roof_area_m2": 399.1316, "est_kwp": 39.48, "fixme": "Possible small rooftop PV (399 m2 roof, roofclf-flagged, not near any existing OSM solar feature) -- check imagery; if real, map as generator:source=solar or power=generator + generator:source=solar", "imagery_note": "osm=74.29778,31.59051 | bing=https://www.bing.com/maps?cp=31.59051~74.29778&lvl=19&style=a | google=https://www.google.com/maps/@31.59051,74.29778,200m/data=!3m1!1e3" }, "geometry": { "type": "Polygon", "coordinates": [ [ [ 74.297911242486904, 31.590446149377399 ], [ 74.297900558779901, 31.5905817334672 ], [ 74.297873817681605, 31.590580189565298 ], [ 74.297870194906807, 31.590626164972111 ], [ 74.297775788714702, 31.590620714368704 ], [ 74.297779411536695, 31.590574738965397 ], [ 74.297654330554195, 31.590567517225605 ], [ 74.297665014615603, 31.590431933160996 ], [ 74.297911242486904, 31.590446149377399 ] ] ] } },
{ "type": "Feature", "properties": { "lead_id": "pakistan-small-pv-0208", "cell": "0136_0078", "roof_area_m2": 399.126, "est_kwp": 39.48, "fixme": "Possible small rooftop PV (399 m2 roof, roofclf-flagged, not near any existing OSM solar feature) -- check imagery; if real, map as generator:source=solar or power=generator + generator:source=solar", "imagery_note": "osm=74.44460,31.51801 | bing=https://www.bing.com/maps?cp=31.51801~74.44460&lvl=19&style=a | google=https://www.google.com/maps/@31.51801,74.44460,200m/data=!3m1!1e3" }, "geometry": { "type": "Polygon", "coordinates": [ [ [ 74.444750319999898, 31.518084527104808 ], [ 74.444581210307206, 31.518080369619696 ], [ 74.444582672780498, 31.518036715875102 ], [ 74.444446554365001, 31.518033369303105 ], [ 74.444448498064006, 31.517975353714498 ], [ 74.444549017554195, 31.517977825073501 ], [ 74.444551103396506, 31.517915564742101 ], [ 74.444755811609696, 31.517920597425704 ], [ 74.444750319999898, 31.518084527104808 ] ] ] } },
{ "type": "Feature", "properties": { "lead_id": "pakistan-small-pv-0209", "cell": "0219_0116", "roof_area_m2": 399.1241, "est_kwp": 39.48, "fixme": "Possible small rooftop PV (399 m2 roof, roofclf-flagged, not near any existing OSM solar feature) -- check imagery; if real, map as generator:source=solar or power=generator + generator:source=solar", "imagery_note": "osm=74.32211,31.47533 | bing=https://www.bing.com/maps?cp=31.47533~74.32211&lvl=19&style=a | google=https://www.google.com/maps/@31.47533,74.32211,200m/data=!3m1!1e3" }, "geometry": { "type": "Polygon", "coordinates": [ [ [ 74.322103159226501, 31.475212141838199 ], [ 74.322151141613105, 31.475300600501399 ], [ 74.322214969836807, 31.475275169493301 ], [ 74.322259673872097, 31.475357584034995 ], [ 74.322044490307505, 31.4754433192082 ], [ 74.321951804149805, 31.475272445877394 ], [ 74.322103159226501, 31.475212141838199 ] ] ] } },
{ "type": "Feature", "properties": { "lead_id": "pakistan-small-pv-0210", "cell": "0134_0077", "roof_area_m2": 399.1241, "est_kwp": 39.48, "fixme": "Possible small rooftop PV (399 m2 roof, roofclf-flagged, not near any existing OSM solar feature) -- check imagery; if real, map as generator:source=solar or power=generator + generator:source=solar", "imagery_note": "osm=74.32211,31.47533 | bing=https://www.bing.com/maps?cp=31.47533~74.32211&lvl=19&style=a | google=https://www.google.com/maps/@31.47533,74.32211,200m/data=!3m1!1e3" }, "geometry": { "type": "Polygon", "coordinates": [ [ [ 74.322103159226501, 31.475212141838199 ], [ 74.322151141613105, 31.475300600501399 ], [ 74.322214969836807, 31.475275169493301 ], [ 74.322259673872097, 31.475357584034995 ], [ 74.322044490307505, 31.4754433192082 ], [ 74.321951804149805, 31.475272445877394 ], [ 74.322103159226501, 31.475212141838199 ] ] ] } },
{ "type": "Feature", "properties": { "lead_id": "pakistan-small-pv-0211", "cell": "0134_0077", "roof_area_m2": 399.1193, "est_kwp": 39.48, "fixme": "Possible small rooftop PV (399 m2 roof, roofclf-flagged, not near any existing OSM solar feature) -- check imagery; if real, map as generator:source=solar or power=generator + generator:source=solar", "imagery_note": "osm=74.33005,31.48002 | bing=https://www.bing.com/maps?cp=31.48002~74.33005&lvl=19&style=a | google=https://www.google.com/maps/@31.48002,74.33005,200m/data=!3m1!1e3" }, "geometry": { "type": "Polygon", "coordinates": [ [ [ 74.330135548966894, 31.4800155792522 ], [ 74.330097431244894, 31.480113807162805 ], [ 74.330036104819598, 31.480096328669799 ], [ 74.330022034779518, 31.4801325865077 ], [ 74.329922895515494, 31.480104330992901 ], [ 74.329958353762194, 31.480012956930999 ], [ 74.329846230404897, 31.479981000734998 ], [ 74.329831621149495, 31.480018647936603 ], [ 74.329709149590002, 31.479983742266903 ], [ 74.329740488679604, 31.479902983484099 ], [ 74.330135548966894, 31.4800155792522 ] ] ] } },
{ "type": "Feature", "properties": { "lead_id": "pakistan-small-pv-0212", "cell": "0219_0116", "roof_area_m2": 399.1193, "est_kwp": 39.48, "fixme": "Possible small rooftop PV (399 m2 roof, roofclf-flagged, not near any existing OSM solar feature) -- check imagery; if real, map as generator:source=solar or power=generator + generator:source=solar", "imagery_note": "osm=74.33005,31.48002 | bing=https://www.bing.com/maps?cp=31.48002~74.33005&lvl=19&style=a | google=https://www.google.com/maps/@31.48002,74.33005,200m/data=!3m1!1e3" }, "geometry": { "type": "Polygon", "coordinates": [ [ [ 74.330135548966894, 31.4800155792522 ], [ 74.330097431244894, 31.480113807162805 ], [ 74.330036104819598, 31.480096328669799 ], [ 74.330022034779518, 31.4801325865077 ], [ 74.329922895515494, 31.480104330992901 ], [ 74.329958353762194, 31.480012956930999 ], [ 74.329846230404897, 31.479981000734998 ], [ 74.329831621149495, 31.480018647936603 ], [ 74.329709149590002, 31.479983742266903 ], [ 74.329740488679604, 31.479902983484099 ], [ 74.330135548966894, 31.4800155792522 ] ] ] } },
{ "type": "Feature", "properties": { "lead_id": "pakistan-small-pv-0213", "cell": "0109_0104", "roof_area_m2": 399.1176, "est_kwp": 39.48, "fixme": "Possible small rooftop PV (399 m2 roof, roofclf-flagged, not near any existing OSM solar feature) -- check imagery; if real, map as generator:source=solar or power=generator + generator:source=solar", "imagery_note": "osm=71.74681,34.15685 | bing=https://www.bing.com/maps?cp=34.15685~71.74681&lvl=19&style=a | google=https://www.google.com/maps/@34.15685,71.74681,200m/data=!3m1!1e3" }, "geometry": { "type": "Polygon", "coordinates": [ [ [ 71.7470219, 34.1567882 ], [ 71.7468416, 34.1567908 ], [ 71.7468455, 34.1569698 ], [ 71.7468093, 34.1569704 ], [ 71.7468082, 34.1569175 ], [ 71.7467059, 34.156919 ], [ 71.7467063, 34.1569485 ], [ 71.7466541, 34.1569493 ], [ 71.7466522, 34.1568584 ], [ 71.7466791, 34.1568583 ], [ 71.7466786, 34.1568341 ], [ 71.7467369, 34.1568332 ], [ 71.7467375, 34.156858 ], [ 71.7467676, 34.1568579 ], [ 71.7467647, 34.1567232 ], [ 71.7470204, 34.1567194 ], [ 71.7470219, 34.1567882 ] ] ] } },
{ "type": "Feature", "properties": { "lead_id": "pakistan-small-pv-0214", "cell": "0063_0011", "roof_area_m2": 399.1171, "est_kwp": 39.48, "fixme": "Possible small rooftop PV (399 m2 roof, roofclf-flagged, not near any existing OSM solar feature) -- check imagery; if real, map as generator:source=solar or power=generator + generator:source=solar", "imagery_note": "osm=67.17759,24.82242 | bing=https://www.bing.com/maps?cp=24.82242~67.17759&lvl=19&style=a | google=https://www.google.com/maps/@24.82242,67.17759,200m/data=!3m1!1e3" }, "geometry": { "type": "Polygon", "coordinates": [ [ [ 67.177702299110507, 24.822347021042592 ], [ 67.177669323158696, 24.822524914102395 ], [ 67.177474959968194, 24.822494904185103 ], [ 67.177507936183403, 24.822317011182999 ], [ 67.177702299110507, 24.822347021042592 ] ] ] } },
{ "type": "Feature", "properties": { "lead_id": "pakistan-small-pv-0215", "cell": "0119_0100", "roof_area_m2": 399.1154, "est_kwp": 39.48, "fixme": "Possible small rooftop PV (399 m2 roof, roofclf-flagged, not near any existing OSM solar feature) -- check imagery; if real, map as generator:source=solar or power=generator + generator:source=solar", "imagery_note": "osm=72.78350,33.74224 | bing=https://www.bing.com/maps?cp=33.74224~72.78350&lvl=19&style=a | google=https://www.google.com/maps/@33.74224,72.78350,200m/data=!3m1!1e3" }, "geometry": { "type": "Polygon", "coordinates": [ [ [ 72.783598231773794, 33.742346819145098 ], [ 72.783437624273105, 33.742364392179297 ], [ 72.783400371501202, 33.742126768472502 ], [ 72.783560978559606, 33.742109195468302 ], [ 72.783598231773794, 33.742346819145098 ] ] ] } },
{ "type": "Feature", "properties": { "lead_id": "pakistan-small-pv-0216", "cell": "0122_0099", "roof_area_m2": 399.1088, "est_kwp": 39.48, "fixme": "Possible small rooftop PV (399 m2 roof, roofclf-flagged, not near any existing OSM solar feature) -- check imagery; if real, map as generator:source=solar or power=generator + generator:source=solar", "imagery_note": "osm=73.11369,33.62470 | bing=https://www.bing.com/maps?cp=33.62470~73.11369&lvl=19&style=a | google=https://www.google.com/maps/@33.62470,73.11369,200m/data=!3m1!1e3" }, "geometry": { "type": "Polygon", "coordinates": [ [ [ 73.1139218227501, 33.624671759754399 ], [ 73.113886827661801, 33.624722180114809 ], [ 73.113798249357302, 33.6246791534709 ], [ 73.113712116048404, 33.624803252474798 ], [ 73.113571588166295, 33.624734991224599 ], [ 73.113692716768895, 33.624560472028804 ], [ 73.1139218227501, 33.624671759754399 ] ] ] } },
{ "type": "Feature", "properties": { "lead_id": "pakistan-small-pv-0217", "cell": "0120_0099", "roof_area_m2": 399.1023, "est_kwp": 39.48, "fixme": "Possible small rooftop PV (399 m2 roof, roofclf-flagged, not near any existing OSM solar feature) -- check imagery; if real, map as generator:source=solar or power=generator + generator:source=solar", "imagery_note": "osm=72.91360,33.65258 | bing=https://www.bing.com/maps?cp=33.65258~72.91360&lvl=19&style=a | google=https://www.google.com/maps/@33.65258,72.91360,200m/data=!3m1!1e3" }, "geometry": { "type": "Polygon", "coordinates": [ [ [ 72.913665443885805, 33.652543451651397 ], [ 72.913693140949206, 33.652539176261698 ], [ 72.913723171026703, 33.6526752387458 ], [ 72.913496734964895, 33.652710191793297 ], [ 72.913476421471501, 33.6526181528615 ], [ 72.9135132181041, 33.652612472900898 ], [ 72.913492176529402, 33.652517135091301 ], [ 72.913654118468799, 33.652492137445002 ], [ 72.913665443885805, 33.652543451651397 ] ] ] } },
{ "type": "Feature", "properties": { "lead_id": "pakistan-small-pv-0218", "cell": "0108_0056", "roof_area_m2": 399.1019, "est_kwp": 39.48, "fixme": "Possible small rooftop PV (399 m2 roof, roofclf-flagged, not near any existing OSM solar feature) -- check imagery; if real, map as generator:source=solar or power=generator + generator:source=solar", "imagery_note": "osm=71.67073,29.38847 | bing=https://www.bing.com/maps?cp=29.38847~71.67073&lvl=19&style=a | google=https://www.google.com/maps/@29.38847,71.67073,200m/data=!3m1!1e3" }, "geometry": { "type": "Polygon", "coordinates": [ [ [ 71.6708144, 29.3883881 ], [ 71.6708341, 29.3886517 ], [ 71.6707951, 29.3886539 ], [ 71.6707875, 29.3885517 ], [ 71.6707423, 29.3885543 ], [ 71.6707458, 29.3886015 ], [ 71.6706532, 29.3886068 ], [ 71.6706376, 29.3883982 ], [ 71.6708144, 29.3883881 ] ] ] } },
{ "type": "Feature", "properties": { "lead_id": "pakistan-small-pv-0219", "cell": "0105_0102", "roof_area_m2": 399.1013, "est_kwp": 39.48, "fixme": "Possible small rooftop PV (399 m2 roof, roofclf-flagged, not near any existing OSM solar feature) -- check imagery; if real, map as generator:source=solar or power=generator + generator:source=solar", "imagery_note": "osm=71.40528,33.98480 | bing=https://www.bing.com/maps?cp=33.98480~71.40528&lvl=19&style=a | google=https://www.google.com/maps/@33.98480,71.40528,200m/data=!3m1!1e3" }, "geometry": { "type": "Polygon", "coordinates": [ [ [ 71.405430859679399, 33.9847495349456 ], [ 71.405389662805902, 33.984894398037802 ], [ 71.4051352210804, 33.984844185007901 ], [ 71.405176418372307, 33.984699321982198 ], [ 71.405430859679399, 33.9847495349456 ] ] ] } },
{ "type": "Feature", "properties": { "lead_id": "pakistan-small-pv-0220", "cell": "0134_0078", "roof_area_m2": 399.099, "est_kwp": 39.47, "fixme": "Possible small rooftop PV (399 m2 roof, roofclf-flagged, not near any existing OSM solar feature) -- check imagery; if real, map as generator:source=solar or power=generator + generator:source=solar", "imagery_note": "osm=74.32219,31.55287 | bing=https://www.bing.com/maps?cp=31.55287~74.32219&lvl=19&style=a | google=https://www.google.com/maps/@31.55287,74.32219,200m/data=!3m1!1e3" }, "geometry": { "type": "Polygon", "coordinates": [ [ [ 74.3223477, 31.552883 ], [ 74.3223176, 31.5528942 ], [ 74.3223277, 31.5529142 ], [ 74.3222789, 31.5529323 ], [ 74.3222688, 31.5529122 ], [ 74.3221385, 31.5529606 ], [ 74.3221486, 31.552980600000012 ], [ 74.3221061, 31.5529964 ], [ 74.322035600000021, 31.5528569 ], [ 74.3222572, 31.5527747 ], [ 74.3222873, 31.5527635 ], [ 74.3223477, 31.552883 ] ] ] } },
{ "type": "Feature", "properties": { "lead_id": "pakistan-small-pv-0221", "cell": "0120_0099", "roof_area_m2": 399.0924, "est_kwp": 39.47, "fixme": "Possible small rooftop PV (399 m2 roof, roofclf-flagged, not near any existing OSM solar feature) -- check imagery; if real, map as generator:source=solar or power=generator + generator:source=solar", "imagery_note": "osm=72.84912,33.65277 | bing=https://www.bing.com/maps?cp=33.65277~72.84912&lvl=19&style=a | google=https://www.google.com/maps/@33.65277,72.84912,200m/data=!3m1!1e3" }, "geometry": { "type": "Polygon", "coordinates": [ [ [ 72.849259188652695, 33.6527064291692 ], [ 72.849153708716699, 33.652876839328492 ], [ 72.849113602508098, 33.652859476968899 ], [ 72.849101215981094, 33.652879488196099 ], [ 72.848976508479097, 33.652825501000997 ], [ 72.849094375184094, 33.652635079775699 ], [ 72.849259188652695, 33.6527064291692 ] ] ] } },
{ "type": "Feature", "properties": { "lead_id": "pakistan-small-pv-0222", "cell": "0136_0078", "roof_area_m2": 399.0889, "est_kwp": 39.47, "fixme": "Possible small rooftop PV (399 m2 roof, roofclf-flagged, not near any existing OSM solar feature) -- check imagery; if real, map as generator:source=solar or power=generator + generator:source=solar", "imagery_note": "osm=74.46349,31.52364 | bing=https://www.bing.com/maps?cp=31.52364~74.46349&lvl=19&style=a | google=https://www.google.com/maps/@31.52364,74.46349,200m/data=!3m1!1e3" }, "geometry": { "type": "Polygon", "coordinates": [ [ [ 74.4636761, 31.5237479 ], [ 74.4635796, 31.5238174 ], [ 74.4634553, 31.5236906 ], [ 74.463354, 31.5235873 ], [ 74.4634505, 31.5235179 ], [ 74.4636761, 31.5237479 ] ] ] } },
{ "type": "Feature", "properties": { "lead_id": "pakistan-small-pv-0223", "cell": "0062_0011", "roof_area_m2": 399.0811, "est_kwp": 39.47, "fixme": "Possible small rooftop PV (399 m2 roof, roofclf-flagged, not near any existing OSM solar feature) -- check imagery; if real, map as generator:source=solar or power=generator + generator:source=solar", "imagery_note": "osm=67.13626,24.90879 | bing=https://www.bing.com/maps?cp=24.90879~67.13626&lvl=19&style=a | google=https://www.google.com/maps/@24.90879,67.13626,200m/data=!3m1!1e3" }, "geometry": { "type": "Polygon", "coordinates": [ [ [ 67.136398439524598, 24.908748817628805 ], [ 67.136246147893402, 24.908925094099601 ], [ 67.136121591676499, 24.908835589658601 ], [ 67.136273883366798, 24.908659313326002 ], [ 67.136398439524598, 24.908748817628805 ] ] ] } },
{ "type": "Feature", "properties": { "lead_id": "pakistan-small-pv-0224", "cell": "0120_0099", "roof_area_m2": 399.0807, "est_kwp": 39.47, "fixme": "Possible small rooftop PV (399 m2 roof, roofclf-flagged, not near any existing OSM solar feature) -- check imagery; if real, map as generator:source=solar or power=generator + generator:source=solar", "imagery_note": "osm=72.86517,33.66293 | bing=https://www.bing.com/maps?cp=33.66293~72.86517&lvl=19&style=a | google=https://www.google.com/maps/@33.66293,72.86517,200m/data=!3m1!1e3" }, "geometry": { "type": "Polygon", "coordinates": [ [ [ 72.865319682737805, 33.662976272909894 ], [ 72.865125878856404, 33.6630683954101 ], [ 72.865087223783206, 33.663011533369193 ], [ 72.865109896293603, 33.663000756273199 ], [ 72.865027914273099, 33.662880159585406 ], [ 72.865104474137297, 33.6628437677657 ], [ 72.8651213603396, 33.662868607600501 ], [ 72.8652159315982, 33.662823654165898 ], [ 72.865319682737805, 33.662976272909894 ] ] ] } },
{ "type": "Feature", "properties": { "lead_id": "pakistan-small-pv-0225", "cell": "0135_0076", "roof_area_m2": 399.0711, "est_kwp": 39.47, "fixme": "Possible small rooftop PV (399 m2 roof, roofclf-flagged, not near any existing OSM solar feature) -- check imagery; if real, map as generator:source=solar or power=generator + generator:source=solar", "imagery_note": "osm=74.39068,31.35385 | bing=https://www.bing.com/maps?cp=31.35385~74.39068&lvl=19&style=a | google=https://www.google.com/maps/@31.35385,74.39068,200m/data=!3m1!1e3" }, "geometry": { "type": "Polygon", "coordinates": [ [ [ 74.390769351956905, 31.353957969060897 ], [ 74.390601397686495, 31.353966178552195 ], [ 74.3905865104295, 31.353741873462099 ], [ 74.390754464302006, 31.353733663984801 ], [ 74.390769351956905, 31.353957969060897 ] ] ] } },
{ "type": "Feature", "properties": { "lead_id": "pakistan-small-pv-0226", "cell": "0062_0011", "roof_area_m2": 399.0704, "est_kwp": 39.47, "fixme": "Possible small rooftop PV (399 m2 roof, roofclf-flagged, not near any existing OSM solar feature) -- check imagery; if real, map as generator:source=solar or power=generator + generator:source=solar", "imagery_note": "osm=67.12960,24.84305 | bing=https://www.bing.com/maps?cp=24.84305~67.12960&lvl=19&style=a | google=https://www.google.com/maps/@24.84305,67.12960,200m/data=!3m1!1e3" }, "geometry": { "type": "Polygon", "coordinates": [ [ [ 67.129765398668098, 24.843024529112 ], [ 67.1297541183108, 24.843082376102199 ], [ 67.129731073686898, 24.843078634340301 ], [ 67.129723551110402, 24.843117210918901 ], [ 67.129746595741096, 24.843120952682401 ], [ 67.12974263182771, 24.843141280062799 ], [ 67.129439725431098, 24.843092096761101 ], [ 67.129462492540299, 24.842975345872105 ], [ 67.129765398668098, 24.843024529112 ] ] ] } },
{ "type": "Feature", "properties": { "lead_id": "pakistan-small-pv-0227", "cell": "0061_0065", "roof_area_m2": 399.0696, "est_kwp": 39.47, "fixme": "Possible small rooftop PV (399 m2 roof, roofclf-flagged, not near any existing OSM solar feature) -- check imagery; if real, map as generator:source=solar or power=generator + generator:source=solar", "imagery_note": "osm=66.95927,30.20983 | bing=https://www.bing.com/maps?cp=30.20983~66.95927&lvl=19&style=a | google=https://www.google.com/maps/@30.20983,66.95927,200m/data=!3m1!1e3" }, "geometry": { "type": "Polygon", "coordinates": [ [ [ 66.959425577486201, 30.209845341518008 ], [ 66.959259933088603, 30.209909182215402 ], [ 66.959250921400297, 30.209891543642403 ], [ 66.959162225838398, 30.2099257275102 ], [ 66.959105413971798, 30.2098145293205 ], [ 66.959359753662895, 30.209716504863298 ], [ 66.959425577486201, 30.209845341518008 ] ] ] } },
{ "type": "Feature", "properties": { "lead_id": "pakistan-small-pv-0228", "cell": "0062_0012", "roof_area_m2": 399.0691, "est_kwp": 39.47, "fixme": "Possible small rooftop PV (399 m2 roof, roofclf-flagged, not near any existing OSM solar feature) -- check imagery; if real, map as generator:source=solar or power=generator + generator:source=solar", "imagery_note": "osm=67.05799,24.94823 | bing=https://www.bing.com/maps?cp=24.94823~67.05799&lvl=19&style=a | google=https://www.google.com/maps/@24.94823,67.05799,200m/data=!3m1!1e3" }, "geometry": { "type": "Polygon", "coordinates": [ [ [ 67.0580897, 24.9481899 ], [ 67.0580733, 24.9482018 ], [ 67.0581374, 24.9482755 ], [ 67.0580282, 24.9483544 ], [ 67.0579811, 24.9483004 ], [ 67.0579135, 24.9483493 ], [ 67.0578402, 24.9482652 ], [ 67.0580335, 24.9481254 ], [ 67.0580897, 24.9481899 ] ] ] } },
{ "type": "Feature", "properties": { "lead_id": "pakistan-small-pv-0229", "cell": "0135_0078", "roof_area_m2": 399.0667, "est_kwp": 39.47, "fixme": "Possible small rooftop PV (399 m2 roof, roofclf-flagged, not near any existing OSM solar feature) -- check imagery; if real, map as generator:source=solar or power=generator + generator:source=solar", "imagery_note": "osm=74.38939,31.52875 | bing=https://www.bing.com/maps?cp=31.52875~74.38939&lvl=19&style=a | google=https://www.google.com/maps/@31.52875,74.38939,200m/data=!3m1!1e3" }, "geometry": { "type": "Polygon", "coordinates": [ [ [ 74.389557408778302, 31.528792238460699 ], [ 74.389230166963898, 31.528813371276001 ], [ 74.389220039872399, 31.528698314597801 ], [ 74.389547281286994, 31.528677181802898 ], [ 74.389557408778302, 31.528792238460699 ] ] ] } },
{ "type": "Feature", "properties": { "lead_id": "pakistan-small-pv-0230", "cell": "0123_0099", "roof_area_m2": 399.0623, "est_kwp": 39.47, "fixme": "Possible small rooftop PV (399 m2 roof, roofclf-flagged, not near any existing OSM solar feature) -- check imagery; if real, map as generator:source=solar or power=generator + generator:source=solar", "imagery_note": "osm=73.22034,33.69103 | bing=https://www.bing.com/maps?cp=33.69103~73.22034&lvl=19&style=a | google=https://www.google.com/maps/@33.69103,73.22034,200m/data=!3m1!1e3" }, "geometry": { "type": "Polygon", "coordinates": [ [ [ 73.220505935961, 33.691033530609303 ], [ 73.220403847707104, 33.6911527373857 ], [ 73.220368446884294, 33.691131552774202 ], [ 73.220389341246204, 33.691107154817402 ], [ 73.220328287834505, 33.6910706191047 ], [ 73.220307393465305, 33.691095017051602 ], [ 73.220176206419097, 33.691016511604801 ], [ 73.220278294809702, 33.690897305018694 ], [ 73.220505935961, 33.691033530609303 ] ] ] } },
{ "type": "Feature", "properties": { "lead_id": "pakistan-small-pv-0231", "cell": "0118_0064", "roof_area_m2": 399.0507, "est_kwp": 39.47, "fixme": "Possible small rooftop PV (399 m2 roof, roofclf-flagged, not near any existing OSM solar feature) -- check imagery; if real, map as generator:source=solar or power=generator + generator:source=solar", "imagery_note": "osm=72.67370,30.16352 | bing=https://www.bing.com/maps?cp=30.16352~72.67370&lvl=19&style=a | google=https://www.google.com/maps/@30.16352,72.67370,200m/data=!3m1!1e3" }, "geometry": { "type": "Polygon", "coordinates": [ [ [ 72.673562792229802, 30.163481113862399 ], [ 72.67363792478011, 30.163487808780697 ], [ 72.673647062742205, 30.163410376052799 ], [ 72.673861141433207, 30.163429451948492 ], [ 72.673844113853903, 30.163573741765504 ], [ 72.673770911083309, 30.163567218925301 ], [ 72.673768708630107, 30.163585882111697 ], [ 72.673713636751103, 30.163580974823404 ], [ 72.673715839214907, 30.163562311638401 ], [ 72.673554902257194, 30.1635479709003 ], [ 72.673562792229802, 30.163481113862399 ] ] ] } },
{ "type": "Feature", "properties": { "lead_id": "pakistan-small-pv-0232", "cell": "0135_0078", "roof_area_m2": 399.0448, "est_kwp": 39.47, "fixme": "Possible small rooftop PV (399 m2 roof, roofclf-flagged, not near any existing OSM solar feature) -- check imagery; if real, map as generator:source=solar or power=generator + generator:source=solar", "imagery_note": "osm=74.36696,31.59685 | bing=https://www.bing.com/maps?cp=31.59685~74.36696&lvl=19&style=a | google=https://www.google.com/maps/@31.59685,74.36696,200m/data=!3m1!1e3" }, "geometry": { "type": "Polygon", "coordinates": [ [ [ 74.367066746081605, 31.596941226413591 ], [ 74.366875865236906, 31.596962507432302 ], [ 74.366846160386899, 31.596767313279003 ], [ 74.367037040838596, 31.596746032298594 ], [ 74.367066746081605, 31.596941226413591 ] ] ] } },
{ "type": "Feature", "properties": { "lead_id": "pakistan-small-pv-0233", "cell": "0219_0117", "roof_area_m2": 399.0448, "est_kwp": 39.47, "fixme": "Possible small rooftop PV (399 m2 roof, roofclf-flagged, not near any existing OSM solar feature) -- check imagery; if real, map as generator:source=solar or power=generator + generator:source=solar", "imagery_note": "osm=74.36696,31.59685 | bing=https://www.bing.com/maps?cp=31.59685~74.36696&lvl=19&style=a | google=https://www.google.com/maps/@31.59685,74.36696,200m/data=!3m1!1e3" }, "geometry": { "type": "Polygon", "coordinates": [ [ [ 74.367066746081605, 31.596941226413591 ], [ 74.366875865236906, 31.596962507432302 ], [ 74.366846160386899, 31.596767313279003 ], [ 74.367037040838596, 31.596746032298594 ], [ 74.367066746081605, 31.596941226413591 ] ] ] } },
{ "type": "Feature", "properties": { "lead_id": "pakistan-small-pv-0234", "cell": "0219_0116", "roof_area_m2": 399.0343, "est_kwp": 39.47, "fixme": "Possible small rooftop PV (399 m2 roof, roofclf-flagged, not near any existing OSM solar feature) -- check imagery; if real, map as generator:source=solar or power=generator + generator:source=solar", "imagery_note": "osm=74.30209,31.42734 | bing=https://www.bing.com/maps?cp=31.42734~74.30209&lvl=19&style=a | google=https://www.google.com/maps/@31.42734,74.30209,200m/data=!3m1!1e3" }, "geometry": { "type": "Polygon", "coordinates": [ [ [ 74.302189754734002, 31.427444640255402 ], [ 74.302013888471706, 31.427455462913702 ], [ 74.301995981907297, 31.427241507599401 ], [ 74.302171847771206, 31.427230684960101 ], [ 74.302189754734002, 31.427444640255402 ] ] ] } },
{ "type": "Feature", "properties": { "lead_id": "pakistan-small-pv-0235", "cell": "0062_0011", "roof_area_m2": 399.0321, "est_kwp": 39.47, "fixme": "Possible small rooftop PV (399 m2 roof, roofclf-flagged, not near any existing OSM solar feature) -- check imagery; if real, map as generator:source=solar or power=generator + generator:source=solar", "imagery_note": "osm=67.05085,24.83305 | bing=https://www.bing.com/maps?cp=24.83305~67.05085&lvl=19&style=a | google=https://www.google.com/maps/@24.83305,67.05085,200m/data=!3m1!1e3" }, "geometry": { "type": "Polygon", "coordinates": [ [ [ 67.050936714804493, 24.832989594646104 ], [ 67.050939395644804, 24.832975527394094 ], [ 67.050978022525797, 24.832981657762204 ], [ 67.050945307852103, 24.833153322440705 ], [ 67.050729735873304, 24.833119109439604 ], [ 67.050759769969204, 24.832961512073002 ], [ 67.050936714804493, 24.832989594646104 ] ] ] } },
{ "type": "Feature", "properties": { "lead_id": "pakistan-small-pv-0236", "cell": "0062_0011", "roof_area_m2": 399.0212, "est_kwp": 39.47, "fixme": "Possible small rooftop PV (399 m2 roof, roofclf-flagged, not near any existing OSM solar feature) -- check imagery; if real, map as generator:source=solar or power=generator + generator:source=solar", "imagery_note": "osm=67.08962,24.86684 | bing=https://www.bing.com/maps?cp=24.86684~67.08962&lvl=19&style=a | google=https://www.google.com/maps/@24.86684,67.08962,200m/data=!3m1!1e3" }, "geometry": { "type": "Polygon", "coordinates": [ [ [ 67.089706635457901, 24.866758952254099 ], [ 67.089684901700309, 24.866786003507602 ], [ 67.089746896226004, 24.866827460357705 ], [ 67.089702989202806, 24.866882109890202 ], [ 67.089734270642694, 24.866903028337401 ], [ 67.089680424986796, 24.866970048065003 ], [ 67.089496381884899, 24.866846974996196 ], [ 67.089615868394304, 24.866698254607805 ], [ 67.089706635457901, 24.866758952254099 ] ] ] } },
{ "type": "Feature", "properties": { "lead_id": "pakistan-small-pv-0237", "cell": "0122_0098", "roof_area_m2": 399.0202, "est_kwp": 39.47, "fixme": "Possible small rooftop PV (399 m2 roof, roofclf-flagged, not near any existing OSM solar feature) -- check imagery; if real, map as generator:source=solar or power=generator + generator:source=solar", "imagery_note": "osm=73.06163,33.58403 | bing=https://www.bing.com/maps?cp=33.58403~73.06163&lvl=19&style=a | google=https://www.google.com/maps/@33.58403,73.06163,200m/data=!3m1!1e3" }, "geometry": { "type": "Polygon", "coordinates": [ [ [ 73.061680956500098, 33.583953897580599 ], [ 73.061683884418997, 33.584101129052797 ], [ 73.061728108590501, 33.584100512962102 ], [ 73.061730917508896, 33.5842417569798 ], [ 73.061574097444307, 33.584243941572701 ], [ 73.061568361053801, 33.58395546609259 ], [ 73.061680956500098, 33.583953897580599 ] ] ] } },
{ "type": "Feature", "properties": { "lead_id": "pakistan-small-pv-0238", "cell": "0119_0100", "roof_area_m2": 399.0034, "est_kwp": 39.47, "fixme": "Possible small rooftop PV (399 m2 roof, roofclf-flagged, not near any existing OSM solar feature) -- check imagery; if real, map as generator:source=solar or power=generator + generator:source=solar", "imagery_note": "osm=72.78513,33.76157 | bing=https://www.bing.com/maps?cp=33.76157~72.78513&lvl=19&style=a | google=https://www.google.com/maps/@33.76157,72.78513,200m/data=!3m1!1e3" }, "geometry": { "type": "Polygon", "coordinates": [ [ [ 72.785272489212602, 33.761514884643596 ], [ 72.785134550950701, 33.761699672719502 ], [ 72.7849832889232, 33.76162090404749 ], [ 72.785121227364201, 33.761436116146598 ], [ 72.785272489212602, 33.761514884643596 ] ] ] } },
{ "type": "Feature", "properties": { "lead_id": "pakistan-small-pv-0239", "cell": "0119_0100", "roof_area_m2": 398.9937, "est_kwp": 39.46, "fixme": "Possible small rooftop PV (399 m2 roof, roofclf-flagged, not near any existing OSM solar feature) -- check imagery; if real, map as generator:source=solar or power=generator + generator:source=solar", "imagery_note": "osm=72.80599,33.75155 | bing=https://www.bing.com/maps?cp=33.75155~72.80599&lvl=19&style=a | google=https://www.google.com/maps/@33.75155,72.80599,200m/data=!3m1!1e3" }, "geometry": { "type": "Polygon", "coordinates": [ [ [ 72.805843419438901, 33.751671214714491 ], [ 72.80578907220341, 33.751581414006694 ], [ 72.806132927076206, 33.7514362065874 ], [ 72.806188003286195, 33.751525699434403 ], [ 72.805843419438901, 33.751671214714491 ] ] ] } },
{ "type": "Feature", "properties": { "lead_id": "pakistan-small-pv-0240", "cell": "0062_0011", "roof_area_m2": 398.9823, "est_kwp": 39.46, "fixme": "Possible small rooftop PV (399 m2 roof, roofclf-flagged, not near any existing OSM solar feature) -- check imagery; if real, map as generator:source=solar or power=generator + generator:source=solar", "imagery_note": "osm=67.07260,24.87140 | bing=https://www.bing.com/maps?cp=24.87140~67.07260&lvl=19&style=a | google=https://www.google.com/maps/@24.87140,67.07260,200m/data=!3m1!1e3" }, "geometry": { "type": "Polygon", "coordinates": [ [ [ 67.072707258203707, 24.8713580938911 ], [ 67.072699965982196, 24.871440903796501 ], [ 67.072748928112802, 24.8714444921881 ], [ 67.0727426572425, 24.871515703901704 ], [ 67.072594829525002, 24.871504869681999 ], [ 67.072601100478394, 24.871433657980901 ], [ 67.0725846601608, 24.871432453069801 ], [ 67.0725783891981, 24.871503664769502 ], [ 67.072479286741697, 24.871496401506199 ], [ 67.072492850122401, 24.871342379924499 ], [ 67.072707258203707, 24.8713580938911 ] ] ] } },
{ "type": "Feature", "properties": { "lead_id": "pakistan-small-pv-0241", "cell": "0123_0106", "roof_area_m2": 398.9814, "est_kwp": 39.46, "fixme": "Possible small rooftop PV (399 m2 roof, roofclf-flagged, not near any existing OSM solar feature) -- check imagery; if real, map as generator:source=solar or power=generator + generator:source=solar", "imagery_note": "osm=73.20898,34.30863 | bing=https://www.bing.com/maps?cp=34.30863~73.20898&lvl=19&style=a | google=https://www.google.com/maps/@34.30863,73.20898,200m/data=!3m1!1e3" }, "geometry": { "type": "Polygon", "coordinates": [ [ [ 73.209129811694993, 34.308689197616403 ], [ 73.209062837278793, 34.308740888398106 ], [ 73.209039428486193, 34.30872000345051 ], [ 73.208920337819904, 34.308811917224908 ], [ 73.208802586679596, 34.30870686119551 ], [ 73.208988651711195, 34.308563256828002 ], [ 73.209129811694993, 34.308689197616403 ] ] ] } },
{ "type": "Feature", "properties": { "lead_id": "pakistan-small-pv-0242", "cell": "0061_0065", "roof_area_m2": 398.9801, "est_kwp": 39.46, "fixme": "Possible small rooftop PV (399 m2 roof, roofclf-flagged, not near any existing OSM solar feature) -- check imagery; if real, map as generator:source=solar or power=generator + generator:source=solar", "imagery_note": "osm=66.95787,30.22457 | bing=https://www.bing.com/maps?cp=30.22457~66.95787&lvl=19&style=a | google=https://www.google.com/maps/@30.22457,66.95787,200m/data=!3m1!1e3" }, "geometry": { "type": "Polygon", "coordinates": [ [ [ 66.958046734037893, 30.224588466603805 ], [ 66.957722547201115, 30.224653171149296 ], [ 66.957693588702597, 30.224543753927399 ], [ 66.958017775190996, 30.224479049439601 ], [ 66.958046734037893, 30.224588466603805 ] ] ] } },
{ "type": "Feature", "properties": { "lead_id": "pakistan-small-pv-0243", "cell": "0061_0065", "roof_area_m2": 398.9789, "est_kwp": 39.46, "fixme": "Possible small rooftop PV (399 m2 roof, roofclf-flagged, not near any existing OSM solar feature) -- check imagery; if real, map as generator:source=solar or power=generator + generator:source=solar", "imagery_note": "osm=66.95659,30.22108 | bing=https://www.bing.com/maps?cp=30.22108~66.95659&lvl=19&style=a | google=https://www.google.com/maps/@30.22108,66.95659,200m/data=!3m1!1e3" }, "geometry": { "type": "Polygon", "coordinates": [ [ [ 66.956701858768099, 30.220992097617998 ], [ 66.956677464428196, 30.221185245394299 ], [ 66.956486418843397, 30.221167047659499 ], [ 66.956510813547794, 30.220973899935295 ], [ 66.956701858768099, 30.220992097617998 ] ] ] } },
{ "type": "Feature", "properties": { "lead_id": "pakistan-small-pv-0244", "cell": "0061_0012", "roof_area_m2": 398.9781, "est_kwp": 39.46, "fixme": "Possible small rooftop PV (399 m2 roof, roofclf-flagged, not near any existing OSM solar feature) -- check imagery; if real, map as generator:source=solar or power=generator + generator:source=solar", "imagery_note": "osm=67.03737,24.93991 | bing=https://www.bing.com/maps?cp=24.93991~67.03737&lvl=19&style=a | google=https://www.google.com/maps/@24.93991,67.03737,200m/data=!3m1!1e3" }, "geometry": { "type": "Polygon", "coordinates": [ [ [ 67.0375114541675, 24.939897885621303 ], [ 67.037322185320207, 24.940036486409404 ], [ 67.037221505805405, 24.939922190575302 ], [ 67.037410774573203, 24.939783589908405 ], [ 67.0375114541675, 24.939897885621303 ] ] ] } },
{ "type": "Feature", "properties": { "lead_id": "pakistan-small-pv-0245", "cell": "0109_0104", "roof_area_m2": 398.9708, "est_kwp": 39.46, "fixme": "Possible small rooftop PV (399 m2 roof, roofclf-flagged, not near any existing OSM solar feature) -- check imagery; if real, map as generator:source=solar or power=generator + generator:source=solar", "imagery_note": "osm=71.78084,34.13941 | bing=https://www.bing.com/maps?cp=34.13941~71.78084&lvl=19&style=a | google=https://www.google.com/maps/@34.13941,71.78084,200m/data=!3m1!1e3" }, "geometry": { "type": "Polygon", "coordinates": [ [ [ 71.780955641608202, 34.1393621714315 ], [ 71.780911321749798, 34.139523901466603 ], [ 71.780833404638599, 34.139509138930201 ], [ 71.780855439703814, 34.1394287299034 ], [ 71.780609103364895, 34.139382057505394 ], [ 71.780611630767694, 34.139372834750198 ], [ 71.780550214264295, 34.1393611983151 ], [ 71.780569972081196, 34.139289100123598 ], [ 71.780955641608202, 34.1393621714315 ] ] ] } },
{ "type": "Feature", "properties": { "lead_id": "pakistan-small-pv-0246", "cell": "0115_0110", "roof_area_m2": 398.9676, "est_kwp": 39.46, "fixme": "Possible small rooftop PV (399 m2 roof, roofclf-flagged, not near any existing OSM solar feature) -- check imagery; if real, map as generator:source=solar or power=generator + generator:source=solar", "imagery_note": "osm=72.35897,34.80886 | bing=https://www.bing.com/maps?cp=34.80886~72.35897&lvl=19&style=a | google=https://www.google.com/maps/@34.80886,72.35897,200m/data=!3m1!1e3" }, "geometry": { "type": "Polygon", "coordinates": [ [ [ 72.358845544070903, 34.808839107883699 ], [ 72.358848501207703, 34.808811753808101 ], [ 72.359165867900003, 34.808835093299194 ], [ 72.359153765050195, 34.808947050770492 ], [ 72.358836397934198, 34.808923711229099 ], [ 72.358839943520294, 34.808890913971901 ], [ 72.358773188744209, 34.808886004643703 ], [ 72.358778789335204, 34.808834198560398 ], [ 72.358845544070903, 34.808839107883699 ] ] ] } },
{ "type": "Feature", "properties": { "lead_id": "pakistan-small-pv-0247", "cell": "0062_0011", "roof_area_m2": 398.962, "est_kwp": 39.46, "fixme": "Possible small rooftop PV (399 m2 roof, roofclf-flagged, not near any existing OSM solar feature) -- check imagery; if real, map as generator:source=solar or power=generator + generator:source=solar", "imagery_note": "osm=67.10373,24.82639 | bing=https://www.bing.com/maps?cp=24.82639~67.10373&lvl=19&style=a | google=https://www.google.com/maps/@24.82639,67.10373,200m/data=!3m1!1e3" }, "geometry": { "type": "Polygon", "coordinates": [ [ [ 67.1038352, 24.8263095 ], [ 67.1037933, 24.8265015 ], [ 67.1036152, 24.8264691 ], [ 67.1036571, 24.8262771 ], [ 67.1038352, 24.8263095 ] ] ] } },
{ "type": "Feature", "properties": { "lead_id": "pakistan-small-pv-0248", "cell": "0219_0117", "roof_area_m2": 398.954, "est_kwp": 39.46, "fixme": "Possible small rooftop PV (399 m2 roof, roofclf-flagged, not near any existing OSM solar feature) -- check imagery; if real, map as generator:source=solar or power=generator + generator:source=solar", "imagery_note": "osm=74.36742,31.52331 | bing=https://www.bing.com/maps?cp=31.52331~74.36742&lvl=19&style=a | google=https://www.google.com/maps/@31.52331,74.36742,200m/data=!3m1!1e3" }, "geometry": { "type": "Polygon", "coordinates": [ [ [ 74.3675347, 31.5231681 ], [ 74.3675335, 31.5232078 ], [ 74.3675469, 31.5232081 ], [ 74.3675451, 31.523267 ], [ 74.3674885, 31.5232658 ], [ 74.3674853, 31.5233722 ], [ 74.3675419, 31.5233735 ], [ 74.3675407, 31.5234141 ], [ 74.3673937, 31.5234109 ], [ 74.3673956, 31.5233479 ], [ 74.3673432, 31.5233467 ], [ 74.3673475, 31.5232037 ], [ 74.3673868, 31.5232046 ], [ 74.3673876, 31.5231796 ], [ 74.3673703, 31.5231793 ], [ 74.3673707, 31.5231645 ], [ 74.3675347, 31.5231681 ] ] ] } },
{ "type": "Feature", "properties": { "lead_id": "pakistan-small-pv-0249", "cell": "0135_0078", "roof_area_m2": 398.954, "est_kwp": 39.46, "fixme": "Possible small rooftop PV (399 m2 roof, roofclf-flagged, not near any existing OSM solar feature) -- check imagery; if real, map as generator:source=solar or power=generator + generator:source=solar", "imagery_note": "osm=74.36742,31.52331 | bing=https://www.bing.com/maps?cp=31.52331~74.36742&lvl=19&style=a | google=https://www.google.com/maps/@31.52331,74.36742,200m/data=!3m1!1e3" }, "geometry": { "type": "Polygon", "coordinates": [ [ [ 74.3675347, 31.5231681 ], [ 74.3675335, 31.5232078 ], [ 74.3675469, 31.5232081 ], [ 74.3675451, 31.523267 ], [ 74.3674885, 31.5232658 ], [ 74.3674853, 31.5233722 ], [ 74.3675419, 31.5233735 ], [ 74.3675407, 31.5234141 ], [ 74.3673937, 31.5234109 ], [ 74.3673956, 31.5233479 ], [ 74.3673432, 31.5233467 ], [ 74.3673475, 31.5232037 ], [ 74.3673868, 31.5232046 ], [ 74.3673876, 31.5231796 ], [ 74.3673703, 31.5231793 ], [ 74.3673707, 31.5231645 ], [ 74.3675347, 31.5231681 ] ] ] } },
{ "type": "Feature", "properties": { "lead_id": "pakistan-small-pv-0250", "cell": "0108_0103", "roof_area_m2": 398.9489, "est_kwp": 39.46, "fixme": "Possible small rooftop PV (399 m2 roof, roofclf-flagged, not near any existing OSM solar feature) -- check imagery; if real, map as generator:source=solar or power=generator + generator:source=solar", "imagery_note": "osm=71.64454,34.01043 | bing=https://www.bing.com/maps?cp=34.01043~71.64454&lvl=19&style=a | google=https://www.google.com/maps/@34.01043,71.64454,200m/data=!3m1!1e3" }, "geometry": { "type": "Polygon", "coordinates": [ [ [ 71.644624810638206, 34.010554413477003 ], [ 71.644373064472006, 34.010533212695996 ], [ 71.644382350613697, 34.010456742015997 ], [ 71.644433428773297, 34.010461043604103 ], [ 71.644442398761797, 34.010387175959096 ], [ 71.644531540111203, 34.0103946830205 ], [ 71.644536392573698, 34.010354722716301 ], [ 71.644647918778503, 34.010364114832399 ], [ 71.644624810638206, 34.010554413477003 ] ] ] } },
{ "type": "Feature", "properties": { "lead_id": "pakistan-small-pv-0251", "cell": "0108_0102", "roof_area_m2": 398.9489, "est_kwp": 39.46, "fixme": "Possible small rooftop PV (399 m2 roof, roofclf-flagged, not near any existing OSM solar feature) -- check imagery; if real, map as generator:source=solar or power=generator + generator:source=solar", "imagery_note": "osm=71.64454,34.01043 | bing=https://www.bing.com/maps?cp=34.01043~71.64454&lvl=19&style=a | google=https://www.google.com/maps/@34.01043,71.64454,200m/data=!3m1!1e3" }, "geometry": { "type": "Polygon", "coordinates": [ [ [ 71.644624810638206, 34.010554413477003 ], [ 71.644373064472006, 34.010533212695996 ], [ 71.644382350613697, 34.010456742015997 ], [ 71.644433428773297, 34.010461043604103 ], [ 71.644442398761797, 34.010387175959096 ], [ 71.644531540111203, 34.0103946830205 ], [ 71.644536392573698, 34.010354722716301 ], [ 71.644647918778503, 34.010364114832399 ], [ 71.644624810638206, 34.010554413477003 ] ] ] } },
{ "type": "Feature", "properties": { "lead_id": "pakistan-small-pv-0252", "cell": "0094_0047", "roof_area_m2": 398.9443, "est_kwp": 39.46, "fixme": "Possible small rooftop PV (399 m2 roof, roofclf-flagged, not near any existing OSM solar feature) -- check imagery; if real, map as generator:source=solar or power=generator + generator:source=solar", "imagery_note": "osm=70.32884,28.43124 | bing=https://www.bing.com/maps?cp=28.43124~70.32884&lvl=19&style=a | google=https://www.google.com/maps/@28.43124,70.32884,200m/data=!3m1!1e3" }, "geometry": { "type": "Polygon", "coordinates": [ [ [ 70.328913919718801, 28.431174592606101 ], [ 70.328912015677105, 28.431307531020401 ], [ 70.328897668178797, 28.431307370444404 ], [ 70.328896024674407, 28.431422117289301 ], [ 70.328755613103795, 28.431420545738099 ], [ 70.328759160997606, 28.431172860470497 ], [ 70.328913919718801, 28.431174592606101 ] ] ] } },
{ "type": "Feature", "properties": { "lead_id": "pakistan-small-pv-0253", "cell": "0122_0098", "roof_area_m2": 398.9436, "est_kwp": 39.46, "fixme": "Possible small rooftop PV (399 m2 roof, roofclf-flagged, not near any existing OSM solar feature) -- check imagery; if real, map as generator:source=solar or power=generator + generator:source=solar", "imagery_note": "osm=73.09116,33.58409 | bing=https://www.bing.com/maps?cp=33.58409~73.09116&lvl=19&style=a | google=https://www.google.com/maps/@33.58409,73.09116,200m/data=!3m1!1e3" }, "geometry": { "type": "Polygon", "coordinates": [ [ [ 73.091296206409993, 33.584148731278198 ], [ 73.091072270443206, 33.584199726570901 ], [ 73.091019922357901, 33.584038692605702 ], [ 73.091243857929499, 33.583987697392999 ], [ 73.091296206409993, 33.584148731278198 ] ] ] } },
{ "type": "Feature", "properties": { "lead_id": "pakistan-small-pv-0254", "cell": "0135_0077", "roof_area_m2": 398.9413, "est_kwp": 39.46, "fixme": "Possible small rooftop PV (399 m2 roof, roofclf-flagged, not near any existing OSM solar feature) -- check imagery; if real, map as generator:source=solar or power=generator + generator:source=solar", "imagery_note": "osm=74.43516,31.45385 | bing=https://www.bing.com/maps?cp=31.45385~74.43516&lvl=19&style=a | google=https://www.google.com/maps/@31.45385,74.43516,200m/data=!3m1!1e3" }, "geometry": { "type": "Polygon", "coordinates": [ [ [ 74.435290610577994, 31.453893804153196 ], [ 74.434964312158399, 31.453981536223207 ], [ 74.434927698351402, 31.453881464213801 ], [ 74.435152569406895, 31.453821003094799 ], [ 74.435146140110604, 31.453803430782902 ], [ 74.4352475671419, 31.453776159924701 ], [ 74.435290610577994, 31.453893804153196 ] ] ] } },
{ "type": "Feature", "properties": { "lead_id": "pakistan-small-pv-0255", "cell": "0134_0077", "roof_area_m2": 398.9405, "est_kwp": 39.46, "fixme": "Possible small rooftop PV (399 m2 roof, roofclf-flagged, not near any existing OSM solar feature) -- check imagery; if real, map as generator:source=solar or power=generator + generator:source=solar", "imagery_note": "osm=74.28823,31.48839 | bing=https://www.bing.com/maps?cp=31.48839~74.28823&lvl=19&style=a | google=https://www.google.com/maps/@31.48839,74.28823,200m/data=!3m1!1e3" }, "geometry": { "type": "Polygon", "coordinates": [ [ [ 74.2883281, 31.4884122 ], [ 74.2883693, 31.4884138 ], [ 74.2883643, 31.4885093 ], [ 74.2881345, 31.48850040000001 ], [ 74.2881415, 31.4883669 ], [ 74.2881755, 31.4883682 ], [ 74.2881784, 31.4883123 ], [ 74.2883331, 31.4883183 ], [ 74.2883281, 31.4884122 ] ] ] } },
{ "type": "Feature", "properties": { "lead_id": "pakistan-small-pv-0256", "cell": "0219_0116", "roof_area_m2": 398.9405, "est_kwp": 39.46, "fixme": "Possible small rooftop PV (399 m2 roof, roofclf-flagged, not near any existing OSM solar feature) -- check imagery; if real, map as generator:source=solar or power=generator + generator:source=solar", "imagery_note": "osm=74.28823,31.48839 | bing=https://www.bing.com/maps?cp=31.48839~74.28823&lvl=19&style=a | google=https://www.google.com/maps/@31.48839,74.28823,200m/data=!3m1!1e3" }, "geometry": { "type": "Polygon", "coordinates": [ [ [ 74.2883281, 31.4884122 ], [ 74.2883693, 31.4884138 ], [ 74.2883643, 31.4885093 ], [ 74.2881345, 31.48850040000001 ], [ 74.2881415, 31.4883669 ], [ 74.2881755, 31.4883682 ], [ 74.2881784, 31.4883123 ], [ 74.2883331, 31.4883183 ], [ 74.2883281, 31.4884122 ] ] ] } },
{ "type": "Feature", "properties": { "lead_id": "pakistan-small-pv-0257", "cell": "0134_0078", "roof_area_m2": 398.9247, "est_kwp": 39.46, "fixme": "Possible small rooftop PV (399 m2 roof, roofclf-flagged, not near any existing OSM solar feature) -- check imagery; if real, map as generator:source=solar or power=generator + generator:source=solar", "imagery_note": "osm=74.27773,31.50929 | bing=https://www.bing.com/maps?cp=31.50929~74.27773&lvl=19&style=a | google=https://www.google.com/maps/@31.50929,74.27773,200m/data=!3m1!1e3" }, "geometry": { "type": "Polygon", "coordinates": [ [ [ 74.277874199635306, 31.509384165593104 ], [ 74.277759491805398, 31.509443855261999 ], [ 74.277588630034501, 31.509202848591897 ], [ 74.277703337671994, 31.509143159071304 ], [ 74.277874199635306, 31.509384165593104 ] ] ] } },
{ "type": "Feature", "properties": { "lead_id": "pakistan-small-pv-0258", "cell": "0219_0117", "roof_area_m2": 398.9247, "est_kwp": 39.46, "fixme": "Possible small rooftop PV (399 m2 roof, roofclf-flagged, not near any existing OSM solar feature) -- check imagery; if real, map as generator:source=solar or power=generator + generator:source=solar", "imagery_note": "osm=74.27773,31.50929 | bing=https://www.bing.com/maps?cp=31.50929~74.27773&lvl=19&style=a | google=https://www.google.com/maps/@31.50929,74.27773,200m/data=!3m1!1e3" }, "geometry": { "type": "Polygon", "coordinates": [ [ [ 74.277874199635306, 31.509384165593104 ], [ 74.277759491805398, 31.509443855261999 ], [ 74.277588630034501, 31.509202848591897 ], [ 74.277703337671994, 31.509143159071304 ], [ 74.277874199635306, 31.509384165593104 ] ] ] } },
{ "type": "Feature", "properties": { "lead_id": "pakistan-small-pv-0259", "cell": "0122_0099", "roof_area_m2": 398.9213, "est_kwp": 39.46, "fixme": "Possible small rooftop PV (399 m2 roof, roofclf-flagged, not near any existing OSM solar feature) -- check imagery; if real, map as generator:source=solar or power=generator + generator:source=solar", "imagery_note": "osm=73.07863,33.65496 | bing=https://www.bing.com/maps?cp=33.65496~73.07863&lvl=19&style=a | google=https://www.google.com/maps/@33.65496,73.07863,200m/data=!3m1!1e3" }, "geometry": { "type": "Polygon", "coordinates": [ [ [ 73.078781, 33.6549976 ], [ 73.0784936, 33.6550539 ], [ 73.0784783, 33.6549996 ], [ 73.0784495, 33.6550052 ], [ 73.0784402, 33.6549723 ], [ 73.0785428, 33.6549522 ], [ 73.0785287, 33.6549021 ], [ 73.0787426, 33.6548603 ], [ 73.078781, 33.6549976 ] ] ] } },
{ "type": "Feature", "properties": { "lead_id": "pakistan-small-pv-0260", "cell": "0106_0102", "roof_area_m2": 398.9181, "est_kwp": 39.46, "fixme": "Possible small rooftop PV (399 m2 roof, roofclf-flagged, not near any existing OSM solar feature) -- check imagery; if real, map as generator:source=solar or power=generator + generator:source=solar", "imagery_note": "osm=71.48713,33.99637 | bing=https://www.bing.com/maps?cp=33.99637~71.48713&lvl=19&style=a | google=https://www.google.com/maps/@33.99637,71.48713,200m/data=!3m1!1e3" }, "geometry": { "type": "Polygon", "coordinates": [ [ [ 71.487295688946304, 33.996311585271201 ], [ 71.487074589092302, 33.996511718130797 ], [ 71.486969428302615, 33.996431120091501 ], [ 71.487190263441903, 33.9962307844851 ], [ 71.487295688946304, 33.996311585271201 ] ] ] } },
{ "type": "Feature", "properties": { "lead_id": "pakistan-small-pv-0261", "cell": "0135_0078", "roof_area_m2": 398.916, "est_kwp": 39.46, "fixme": "Possible small rooftop PV (399 m2 roof, roofclf-flagged, not near any existing OSM solar feature) -- check imagery; if real, map as generator:source=solar or power=generator + generator:source=solar", "imagery_note": "osm=74.37630,31.53769 | bing=https://www.bing.com/maps?cp=31.53769~74.37630&lvl=19&style=a | google=https://www.google.com/maps/@31.53769,74.37630,200m/data=!3m1!1e3" }, "geometry": { "type": "Polygon", "coordinates": [ [ [ 74.376311, 31.5375905 ], [ 74.3763115, 31.5376015 ], [ 74.3763662, 31.5375996 ], [ 74.3763678, 31.5376334 ], [ 74.3763366, 31.5376345 ], [ 74.3763418, 31.5377463 ], [ 74.376373, 31.5377453 ], [ 74.3763801, 31.5378959 ], [ 74.3762648, 31.5378999 ], [ 74.3762626, 31.5378516 ], [ 74.3762272, 31.5378529 ], [ 74.3762256, 31.5378185 ], [ 74.3761838, 31.53782 ], [ 74.3761806, 31.5377519 ], [ 74.3762578, 31.5377492 ], [ 74.3762504, 31.5375926 ], [ 74.376311, 31.5375905 ] ] ] } },
{ "type": "Feature", "properties": { "lead_id": "pakistan-small-pv-0262", "cell": "0135_0078", "roof_area_m2": 398.9151, "est_kwp": 39.46, "fixme": "Possible small rooftop PV (399 m2 roof, roofclf-flagged, not near any existing OSM solar feature) -- check imagery; if real, map as generator:source=solar or power=generator + generator:source=solar", "imagery_note": "osm=74.36325,31.52969 | bing=https://www.bing.com/maps?cp=31.52969~74.36325&lvl=19&style=a | google=https://www.google.com/maps/@31.52969,74.36325,200m/data=!3m1!1e3" }, "geometry": { "type": "Polygon", "coordinates": [ [ [ 74.3633617, 31.529658 ], [ 74.3633275, 31.5296598 ], [ 74.3633301, 31.5296956 ], [ 74.3633644, 31.5296938 ], [ 74.3633712, 31.5297872 ], [ 74.363173, 31.5297979 ], [ 74.3631586, 31.5296015 ], [ 74.3633568, 31.5295908 ], [ 74.3633617, 31.529658 ] ] ] } },
{ "type": "Feature", "properties": { "lead_id": "pakistan-small-pv-0263", "cell": "0219_0117", "roof_area_m2": 398.9151, "est_kwp": 39.46, "fixme": "Possible small rooftop PV (399 m2 roof, roofclf-flagged, not near any existing OSM solar feature) -- check imagery; if real, map as generator:source=solar or power=generator + generator:source=solar", "imagery_note": "osm=74.36325,31.52969 | bing=https://www.bing.com/maps?cp=31.52969~74.36325&lvl=19&style=a | google=https://www.google.com/maps/@31.52969,74.36325,200m/data=!3m1!1e3" }, "geometry": { "type": "Polygon", "coordinates": [ [ [ 74.3633617, 31.529658 ], [ 74.3633275, 31.5296598 ], [ 74.3633301, 31.5296956 ], [ 74.3633644, 31.5296938 ], [ 74.3633712, 31.5297872 ], [ 74.363173, 31.5297979 ], [ 74.3631586, 31.5296015 ], [ 74.3633568, 31.5295908 ], [ 74.3633617, 31.529658 ] ] ] } },
{ "type": "Feature", "properties": { "lead_id": "pakistan-small-pv-0264", "cell": "0063_0012", "roof_area_m2": 398.9134, "est_kwp": 39.46, "fixme": "Possible small rooftop PV (399 m2 roof, roofclf-flagged, not near any existing OSM solar feature) -- check imagery; if real, map as generator:source=solar or power=generator + generator:source=solar", "imagery_note": "osm=67.16117,25.00031 | bing=https://www.bing.com/maps?cp=25.00031~67.16117&lvl=19&style=a | google=https://www.google.com/maps/@25.00031,67.16117,200m/data=!3m1!1e3" }, "geometry": { "type": "Polygon", "coordinates": [ [ [ 67.1612894, 25.0002359 ], [ 67.1612932, 25.0003839 ], [ 67.1610528, 25.000389 ], [ 67.161049, 25.000241 ], [ 67.1612894, 25.0002359 ] ] ] } },
{ "type": "Feature", "properties": { "lead_id": "pakistan-small-pv-0265", "cell": "0219_0116", "roof_area_m2": 398.9073, "est_kwp": 39.46, "fixme": "Possible small rooftop PV (399 m2 roof, roofclf-flagged, not near any existing OSM solar feature) -- check imagery; if real, map as generator:source=solar or power=generator + generator:source=solar", "imagery_note": "osm=74.33586,31.50334 | bing=https://www.bing.com/maps?cp=31.50334~74.33586&lvl=19&style=a | google=https://www.google.com/maps/@31.50334,74.33586,200m/data=!3m1!1e3" }, "geometry": { "type": "Polygon", "coordinates": [ [ [ 74.335942609134307, 31.503281369899199 ], [ 74.335892368228997, 31.503329614453804 ], [ 74.3359124652753, 31.503344977851 ], [ 74.335962706178506, 31.503296733288508 ], [ 74.335972348736902, 31.503304104637003 ], [ 74.335966524444999, 31.503309697502505 ], [ 74.3360815780037, 31.5033976511872 ], [ 74.335998791816905, 31.503477147880503 ], [ 74.335732237648102, 31.503273377701902 ], [ 74.335820848168296, 31.503188288320395 ], [ 74.335942609134307, 31.503281369899199 ] ] ] } },
{ "type": "Feature", "properties": { "lead_id": "pakistan-small-pv-0266", "cell": "0134_0077", "roof_area_m2": 398.9073, "est_kwp": 39.46, "fixme": "Possible small rooftop PV (399 m2 roof, roofclf-flagged, not near any existing OSM solar feature) -- check imagery; if real, map as generator:source=solar or power=generator + generator:source=solar", "imagery_note": "osm=74.33586,31.50334 | bing=https://www.bing.com/maps?cp=31.50334~74.33586&lvl=19&style=a | google=https://www.google.com/maps/@31.50334,74.33586,200m/data=!3m1!1e3" }, "geometry": { "type": "Polygon", "coordinates": [ [ [ 74.335942609134307, 31.503281369899199 ], [ 74.335892368228997, 31.503329614453804 ], [ 74.3359124652753, 31.503344977851 ], [ 74.335962706178506, 31.503296733288508 ], [ 74.335972348736902, 31.503304104637003 ], [ 74.335966524444999, 31.503309697502505 ], [ 74.3360815780037, 31.5033976511872 ], [ 74.335998791816905, 31.503477147880503 ], [ 74.335732237648102, 31.503273377701902 ], [ 74.335820848168296, 31.503188288320395 ], [ 74.335942609134307, 31.503281369899199 ] ] ] } },
{ "type": "Feature", "properties": { "lead_id": "pakistan-small-pv-0267", "cell": "0105_0102", "roof_area_m2": 398.8916, "est_kwp": 39.45, "fixme": "Possible small rooftop PV (399 m2 roof, roofclf-flagged, not near any existing OSM solar feature) -- check imagery; if real, map as generator:source=solar or power=generator + generator:source=solar", "imagery_note": "osm=71.43589,33.95709 | bing=https://www.bing.com/maps?cp=33.95709~71.43589&lvl=19&style=a | google=https://www.google.com/maps/@33.95709,71.43589,200m/data=!3m1!1e3" }, "geometry": { "type": "Polygon", "coordinates": [ [ [ 71.435976877708896, 33.957193934413091 ], [ 71.435864497810201, 33.957191818574103 ], [ 71.435863251867801, 33.957237769842799 ], [ 71.435799860203204, 33.957236576288999 ], [ 71.435806653808399, 33.956986030130594 ], [ 71.435982424914997, 33.956989339534303 ], [ 71.435976877708896, 33.957193934413091 ] ] ] } },
{ "type": "Feature", "properties": { "lead_id": "pakistan-small-pv-0268", "cell": "0219_0116", "roof_area_m2": 398.8875, "est_kwp": 39.45, "fixme": "Possible small rooftop PV (399 m2 roof, roofclf-flagged, not near any existing OSM solar feature) -- check imagery; if real, map as generator:source=solar or power=generator + generator:source=solar", "imagery_note": "osm=74.28265,31.46276 | bing=https://www.bing.com/maps?cp=31.46276~74.28265&lvl=19&style=a | google=https://www.google.com/maps/@31.46276,74.28265,200m/data=!3m1!1e3" }, "geometry": { "type": "Polygon", "coordinates": [ [ [ 74.282731826072904, 31.4626881077204 ], [ 74.282714651387394, 31.462840946321698 ], [ 74.282735112152196, 31.462842635607601 ], [ 74.282730691065694, 31.462881979120503 ], [ 74.282710230292494, 31.46288028983361 ], [ 74.282703294878502, 31.462942008304498 ], [ 74.282562309974793, 31.462930368187305 ], [ 74.282569245480502, 31.4628686497242 ], [ 74.282547058832606, 31.462866817916701 ], [ 74.282551479995007, 31.4628274744117 ], [ 74.282573666633795, 31.4628293062183 ], [ 74.282590841546195, 31.462676467639199 ], [ 74.282731826072904, 31.4626881077204 ] ] ] } },
{ "type": "Feature", "properties": { "lead_id": "pakistan-small-pv-0269", "cell": "0134_0077", "roof_area_m2": 398.8875, "est_kwp": 39.45, "fixme": "Possible small rooftop PV (399 m2 roof, roofclf-flagged, not near any existing OSM solar feature) -- check imagery; if real, map as generator:source=solar or power=generator + generator:source=solar", "imagery_note": "osm=74.28265,31.46276 | bing=https://www.bing.com/maps?cp=31.46276~74.28265&lvl=19&style=a | google=https://www.google.com/maps/@31.46276,74.28265,200m/data=!3m1!1e3" }, "geometry": { "type": "Polygon", "coordinates": [ [ [ 74.282731826072904, 31.4626881077204 ], [ 74.282714651387394, 31.462840946321698 ], [ 74.282735112152196, 31.462842635607601 ], [ 74.282730691065694, 31.462881979120503 ], [ 74.282710230292494, 31.46288028983361 ], [ 74.282703294878502, 31.462942008304498 ], [ 74.282562309974793, 31.462930368187305 ], [ 74.282569245480502, 31.4628686497242 ], [ 74.282547058832606, 31.462866817916701 ], [ 74.282551479995007, 31.4628274744117 ], [ 74.282573666633795, 31.4628293062183 ], [ 74.282590841546195, 31.462676467639199 ], [ 74.282731826072904, 31.4626881077204 ] ] ] } },
{ "type": "Feature", "properties": { "lead_id": "pakistan-small-pv-0270", "cell": "0062_0012", "roof_area_m2": 398.8839, "est_kwp": 39.45, "fixme": "Possible small rooftop PV (399 m2 roof, roofclf-flagged, not near any existing OSM solar feature) -- check imagery; if real, map as generator:source=solar or power=generator + generator:source=solar", "imagery_note": "osm=67.12252,25.00524 | bing=https://www.bing.com/maps?cp=25.00524~67.12252&lvl=19&style=a | google=https://www.google.com/maps/@25.00524,67.12252,200m/data=!3m1!1e3" }, "geometry": { "type": "Polygon", "coordinates": [ [ [ 67.122661741275493, 25.005254499198102 ], [ 67.122522797454494, 25.005366199547201 ], [ 67.1223833241542, 25.005222125665 ], [ 67.1225222679208, 25.005110425442101 ], [ 67.122661741275493, 25.005254499198102 ] ] ] } },
{ "type": "Feature", "properties": { "lead_id": "pakistan-small-pv-0271", "cell": "0108_0056", "roof_area_m2": 398.8768, "est_kwp": 39.45, "fixme": "Possible small rooftop PV (399 m2 roof, roofclf-flagged, not near any existing OSM solar feature) -- check imagery; if real, map as generator:source=solar or power=generator + generator:source=solar", "imagery_note": "osm=71.66367,29.40135 | bing=https://www.bing.com/maps?cp=29.40135~71.66367&lvl=19&style=a | google=https://www.google.com/maps/@29.40135,71.66367,200m/data=!3m1!1e3" }, "geometry": { "type": "Polygon", "coordinates": [ [ [ 71.663516775778106, 29.401235848986701 ], [ 71.663516134306704, 29.401256170600405 ], [ 71.663545188866607, 29.401256873837706 ], [ 71.663546544061305, 29.401213941305599 ], [ 71.663596389768401, 29.401215147758606 ], [ 71.663597462216103, 29.401181172119799 ], [ 71.663731748569106, 29.401184422263 ], [ 71.6637239746251, 29.401430714818694 ], [ 71.663696350707397, 29.401430046250301 ], [ 71.663697313586695, 29.401399540739703 ], [ 71.663643620687495, 29.401398241218704 ], [ 71.663642657791996, 29.401428746730094 ], [ 71.663620228652704, 29.401428203875103 ], [ 71.663624203822295, 29.401302267356204 ], [ 71.663454490251297, 29.401298159622304 ], [ 71.6634565032344, 29.401234390127598 ], [ 71.663516775778106, 29.401235848986701 ] ] ] } },
{ "type": "Feature", "properties": { "lead_id": "pakistan-small-pv-0272", "cell": "0133_0076", "roof_area_m2": 398.8733, "est_kwp": 39.45, "fixme": "Possible small rooftop PV (399 m2 roof, roofclf-flagged, not near any existing OSM solar feature) -- check imagery; if real, map as generator:source=solar or power=generator + generator:source=solar", "imagery_note": "osm=74.22604,31.35300 | bing=https://www.bing.com/maps?cp=31.35300~74.22604&lvl=19&style=a | google=https://www.google.com/maps/@31.35300,74.22604,200m/data=!3m1!1e3" }, "geometry": { "type": "Polygon", "coordinates": [ [ [ 74.2262104863552, 31.352985404140099 ], [ 74.226042692241506, 31.353117713722604 ], [ 74.225940777416795, 31.3530225272618 ], [ 74.225920645135304, 31.353038401983703 ], [ 74.225882728529498, 31.353002988536105 ], [ 74.225915678064993, 31.352977007146599 ], [ 74.225930488736793, 31.352990840055099 ], [ 74.226085465554902, 31.352868637308301 ], [ 74.2262104863552, 31.352985404140099 ] ] ] } },
{ "type": "Feature", "properties": { "lead_id": "pakistan-small-pv-0273", "cell": "0075_0016", "roof_area_m2": 398.8702, "est_kwp": 39.45, "fixme": "Possible small rooftop PV (399 m2 roof, roofclf-flagged, not near any existing OSM solar feature) -- check imagery; if real, map as generator:source=solar or power=generator + generator:source=solar", "imagery_note": "osm=68.36619,25.34665 | bing=https://www.bing.com/maps?cp=25.34665~68.36619&lvl=19&style=a | google=https://www.google.com/maps/@25.34665,68.36619,200m/data=!3m1!1e3" }, "geometry": { "type": "Polygon", "coordinates": [ [ [ 68.366366649148304, 25.346582257984604 ], [ 68.366090286412799, 25.346788944181998 ], [ 68.366020543818806, 25.346711939659301 ], [ 68.366296906491797, 25.346505253589701 ], [ 68.366366649148304, 25.346582257984604 ] ] ] } },
{ "type": "Feature", "properties": { "lead_id": "pakistan-small-pv-0274", "cell": "0134_0077", "roof_area_m2": 398.8697, "est_kwp": 39.45, "fixme": "Possible small rooftop PV (399 m2 roof, roofclf-flagged, not near any existing OSM solar feature) -- check imagery; if real, map as generator:source=solar or power=generator + generator:source=solar", "imagery_note": "osm=74.26224,31.47341 | bing=https://www.bing.com/maps?cp=31.47341~74.26224&lvl=19&style=a | google=https://www.google.com/maps/@31.47341,74.26224,200m/data=!3m1!1e3" }, "geometry": { "type": "Polygon", "coordinates": [ [ [ 74.2623279, 31.4733459 ], [ 74.2623196, 31.4733772 ], [ 74.2623497, 31.473383 ], [ 74.2623234, 31.473483 ], [ 74.262293400000019, 31.4734772 ], [ 74.2622777, 31.4735369 ], [ 74.2621536, 31.4735129 ], [ 74.2621776, 31.4734218 ], [ 74.2620844, 31.4734038 ], [ 74.2621106, 31.473304 ], [ 74.2623279, 31.4733459 ] ] ] } },
{ "type": "Feature", "properties": { "lead_id": "pakistan-small-pv-0275", "cell": "0219_0117", "roof_area_m2": 398.8634, "est_kwp": 39.45, "fixme": "Possible small rooftop PV (399 m2 roof, roofclf-flagged, not near any existing OSM solar feature) -- check imagery; if real, map as generator:source=solar or power=generator + generator:source=solar", "imagery_note": "osm=74.30927,31.51097 | bing=https://www.bing.com/maps?cp=31.51097~74.30927&lvl=19&style=a | google=https://www.google.com/maps/@31.51097,74.30927,200m/data=!3m1!1e3" }, "geometry": { "type": "Polygon", "coordinates": [ [ [ 74.309427818778204, 31.511042759027802 ], [ 74.309287884021998, 31.511142288026694 ], [ 74.309149506153702, 31.510999491824094 ], [ 74.309243019826894, 31.510932980062801 ], [ 74.309192548770994, 31.510880897401993 ], [ 74.309238969775294, 31.510847880332705 ], [ 74.309427818778204, 31.511042759027802 ] ] ] } },
{ "type": "Feature", "properties": { "lead_id": "pakistan-small-pv-0276", "cell": "0108_0056", "roof_area_m2": 398.8633, "est_kwp": 39.45, "fixme": "Possible small rooftop PV (399 m2 roof, roofclf-flagged, not near any existing OSM solar feature) -- check imagery; if real, map as generator:source=solar or power=generator + generator:source=solar", "imagery_note": "osm=71.70764,29.39880 | bing=https://www.bing.com/maps?cp=29.39880~71.70764&lvl=19&style=a | google=https://www.google.com/maps/@29.39880,71.70764,200m/data=!3m1!1e3" }, "geometry": { "type": "Polygon", "coordinates": [ [ [ 71.707809545102194, 29.398761414543202 ], [ 71.707808676606007, 29.398908297640403 ], [ 71.707644789293099, 29.398907554471805 ], [ 71.707645196540497, 29.398838697759 ], [ 71.707479174079893, 29.398837944695302 ], [ 71.707479635689197, 29.398759918289201 ], [ 71.707809545102194, 29.398761414543202 ] ] ] } },
{ "type": "Feature", "properties": { "lead_id": "pakistan-small-pv-0277", "cell": "0134_0077", "roof_area_m2": 398.8565, "est_kwp": 39.45, "fixme": "Possible small rooftop PV (399 m2 roof, roofclf-flagged, not near any existing OSM solar feature) -- check imagery; if real, map as generator:source=solar or power=generator + generator:source=solar", "imagery_note": "osm=74.30335,31.46233 | bing=https://www.bing.com/maps?cp=31.46233~74.30335&lvl=19&style=a | google=https://www.google.com/maps/@31.46233,74.30335,200m/data=!3m1!1e3" }, "geometry": { "type": "Polygon", "coordinates": [ [ [ 74.303482146451302, 31.462384879369797 ], [ 74.303304585349096, 31.462453670735307 ], [ 74.303211328131397, 31.462276811722102 ], [ 74.3033888889629, 31.462208020480006 ], [ 74.303482146451302, 31.462384879369797 ] ] ] } },
{ "type": "Feature", "properties": { "lead_id": "pakistan-small-pv-0278", "cell": "0219_0116", "roof_area_m2": 398.8565, "est_kwp": 39.45, "fixme": "Possible small rooftop PV (399 m2 roof, roofclf-flagged, not near any existing OSM solar feature) -- check imagery; if real, map as generator:source=solar or power=generator + generator:source=solar", "imagery_note": "osm=74.30335,31.46233 | bing=https://www.bing.com/maps?cp=31.46233~74.30335&lvl=19&style=a | google=https://www.google.com/maps/@31.46233,74.30335,200m/data=!3m1!1e3" }, "geometry": { "type": "Polygon", "coordinates": [ [ [ 74.303482146451302, 31.462384879369797 ], [ 74.303304585349096, 31.462453670735307 ], [ 74.303211328131397, 31.462276811722102 ], [ 74.3033888889629, 31.462208020480006 ], [ 74.303482146451302, 31.462384879369797 ] ] ] } },
{ "type": "Feature", "properties": { "lead_id": "pakistan-small-pv-0279", "cell": "0062_0012", "roof_area_m2": 398.8564, "est_kwp": 39.45, "fixme": "Possible small rooftop PV (399 m2 roof, roofclf-flagged, not near any existing OSM solar feature) -- check imagery; if real, map as generator:source=solar or power=generator + generator:source=solar", "imagery_note": "osm=67.10187,24.92602 | bing=https://www.bing.com/maps?cp=24.92602~67.10187&lvl=19&style=a | google=https://www.google.com/maps/@24.92602,67.10187,200m/data=!3m1!1e3" }, "geometry": { "type": "Polygon", "coordinates": [ [ [ 67.102017890964802, 24.926030047132301 ], [ 67.101910383616897, 24.9261476792969 ], [ 67.101731928037196, 24.926012061407395 ], [ 67.101839435418398, 24.925894429372605 ], [ 67.102017890964802, 24.926030047132301 ] ] ] } },
{ "type": "Feature", "properties": { "lead_id": "pakistan-small-pv-0280", "cell": "0063_0012", "roof_area_m2": 398.856, "est_kwp": 39.45, "fixme": "Possible small rooftop PV (399 m2 roof, roofclf-flagged, not near any existing OSM solar feature) -- check imagery; if real, map as generator:source=solar or power=generator + generator:source=solar", "imagery_note": "osm=67.16763,24.95750 | bing=https://www.bing.com/maps?cp=24.95750~67.16763&lvl=19&style=a | google=https://www.google.com/maps/@24.95750,67.16763,200m/data=!3m1!1e3" }, "geometry": { "type": "Polygon", "coordinates": [ [ [ 67.167779400477997, 24.957477115009997 ], [ 67.167587598551805, 24.957628755129601 ], [ 67.167486877635412, 24.957522876345795 ], [ 67.167678679503894, 24.9573712363525 ], [ 67.167779400477997, 24.957477115009997 ] ] ] } },
{ "type": "Feature", "properties": { "lead_id": "pakistan-small-pv-0281", "cell": "0111_0104", "roof_area_m2": 398.8498, "est_kwp": 39.45, "fixme": "Possible small rooftop PV (399 m2 roof, roofclf-flagged, not near any existing OSM solar feature) -- check imagery; if real, map as generator:source=solar or power=generator + generator:source=solar", "imagery_note": "osm=72.01670,34.16095 | bing=https://www.bing.com/maps?cp=34.16095~72.01670&lvl=19&style=a | google=https://www.google.com/maps/@34.16095,72.01670,200m/data=!3m1!1e3" }, "geometry": { "type": "Polygon", "coordinates": [ [ [ 72.0168264523533, 34.160878373319505 ], [ 72.016814744383396, 34.161042541207401 ], [ 72.016578110059697, 34.161030879113198 ], [ 72.016589818483297, 34.1608667112719 ], [ 72.0168264523533, 34.160878373319505 ] ] ] } },
{ "type": "Feature", "properties": { "lead_id": "pakistan-small-pv-0282", "cell": "0134_0078", "roof_area_m2": 398.8414, "est_kwp": 39.45, "fixme": "Possible small rooftop PV (399 m2 roof, roofclf-flagged, not near any existing OSM solar feature) -- check imagery; if real, map as generator:source=solar or power=generator + generator:source=solar", "imagery_note": "osm=74.30091,31.57755 | bing=https://www.bing.com/maps?cp=31.57755~74.30091&lvl=19&style=a | google=https://www.google.com/maps/@31.57755,74.30091,200m/data=!3m1!1e3" }, "geometry": { "type": "Polygon", "coordinates": [ [ [ 74.3007087, 31.5774747 ], [ 74.301018, 31.5774912 ], [ 74.3010153, 31.5775271 ], [ 74.3010727, 31.5775302 ], [ 74.3010684, 31.5775891 ], [ 74.301048, 31.577588 ], [ 74.3010446, 31.5776351 ], [ 74.3008576, 31.5776251 ], [ 74.300861, 31.577578 ], [ 74.3007484, 31.577572 ], [ 74.3007543, 31.5774908 ], [ 74.3007077, 31.5774883 ], [ 74.3007087, 31.5774747 ] ] ] } },
{ "type": "Feature", "properties": { "lead_id": "pakistan-small-pv-0283", "cell": "0122_0098", "roof_area_m2": 398.8372, "est_kwp": 39.45, "fixme": "Possible small rooftop PV (399 m2 roof, roofclf-flagged, not near any existing OSM solar feature) -- check imagery; if real, map as generator:source=solar or power=generator + generator:source=solar", "imagery_note": "osm=73.12538,33.55671 | bing=https://www.bing.com/maps?cp=33.55671~73.12538&lvl=19&style=a | google=https://www.google.com/maps/@33.55671,73.12538,200m/data=!3m1!1e3" }, "geometry": { "type": "Polygon", "coordinates": [ [ [ 73.1254978, 33.5567672 ], [ 73.125458, 33.5567722 ], [ 73.1254692, 33.556836 ], [ 73.125332400000019, 33.5568529 ], [ 73.1253235, 33.5568023 ], [ 73.1252829, 33.5568073 ], [ 73.1252573, 33.5566624 ], [ 73.1254745, 33.5566355 ], [ 73.1254978, 33.5567672 ] ] ] } },
{ "type": "Feature", "properties": { "lead_id": "pakistan-small-pv-0284", "cell": "0063_0012", "roof_area_m2": 398.8368, "est_kwp": 39.45, "fixme": "Possible small rooftop PV (399 m2 roof, roofclf-flagged, not near any existing OSM solar feature) -- check imagery; if real, map as generator:source=solar or power=generator + generator:source=solar", "imagery_note": "osm=67.17189,24.96810 | bing=https://www.bing.com/maps?cp=24.96810~67.17189&lvl=19&style=a | google=https://www.google.com/maps/@24.96810,67.17189,200m/data=!3m1!1e3" }, "geometry": { "type": "Polygon", "coordinates": [ [ [ 67.17198906344062, 24.968189336140103 ], [ 67.171811412525102, 24.9682072369813 ], [ 67.171787417388998, 24.968009360614396 ], [ 67.171965068019702, 24.967991459785395 ], [ 67.17198906344062, 24.968189336140103 ] ] ] } },
{ "type": "Feature", "properties": { "lead_id": "pakistan-small-pv-0285", "cell": "0135_0077", "roof_area_m2": 398.8176, "est_kwp": 39.45, "fixme": "Possible small rooftop PV (399 m2 roof, roofclf-flagged, not near any existing OSM solar feature) -- check imagery; if real, map as generator:source=solar or power=generator + generator:source=solar", "imagery_note": "osm=74.38780,31.49255 | bing=https://www.bing.com/maps?cp=31.49255~74.38780&lvl=19&style=a | google=https://www.google.com/maps/@31.49255,74.38780,200m/data=!3m1!1e3" }, "geometry": { "type": "Polygon", "coordinates": [ [ [ 74.387986882151012, 31.492594369511199 ], [ 74.387842940570494, 31.492589833277602 ], [ 74.387841216372806, 31.492630004623997 ], [ 74.387616785206205, 31.492622931484703 ], [ 74.3876218606962, 31.492504686269204 ], [ 74.387990233042501, 31.492516295624004 ], [ 74.387986882151012, 31.492594369511199 ] ] ] } },
{ "type": "Feature", "properties": { "lead_id": "pakistan-small-pv-0286", "cell": "0119_0100", "roof_area_m2": 398.8108, "est_kwp": 39.45, "fixme": "Possible small rooftop PV (399 m2 roof, roofclf-flagged, not near any existing OSM solar feature) -- check imagery; if real, map as generator:source=solar or power=generator + generator:source=solar", "imagery_note": "osm=72.76585,33.75042 | bing=https://www.bing.com/maps?cp=33.75042~72.76585&lvl=19&style=a | google=https://www.google.com/maps/@33.75042,72.76585,200m/data=!3m1!1e3" }, "geometry": { "type": "Polygon", "coordinates": [ [ [ 72.7658888, 33.7502896 ], [ 72.7659694, 33.7505032 ], [ 72.7658042, 33.7505467 ], [ 72.7657236, 33.7503331 ], [ 72.7658888, 33.7502896 ] ] ] } },
{ "type": "Feature", "properties": { "lead_id": "pakistan-small-pv-0287", "cell": "0075_0016", "roof_area_m2": 398.8073, "est_kwp": 39.45, "fixme": "Possible small rooftop PV (399 m2 roof, roofclf-flagged, not near any existing OSM solar feature) -- check imagery; if real, map as generator:source=solar or power=generator + generator:source=solar", "imagery_note": "osm=68.36166,25.32809 | bing=https://www.bing.com/maps?cp=25.32809~68.36166&lvl=19&style=a | google=https://www.google.com/maps/@25.32809,68.36166,200m/data=!3m1!1e3" }, "geometry": { "type": "Polygon", "coordinates": [ [ [ 68.361745686113807, 25.328231407425601 ], [ 68.361708832557994, 25.328237701941202 ], [ 68.361715849212899, 25.328271635587999 ], [ 68.361648485350003, 25.328283141178701 ], [ 68.361577617867795, 25.3279404131126 ], [ 68.361681835004305, 25.327922613049701 ], [ 68.361745686113807, 25.328231407425601 ] ] ] } },
{ "type": "Feature", "properties": { "lead_id": "pakistan-small-pv-0288", "cell": "0061_0065", "roof_area_m2": 398.8048, "est_kwp": 39.45, "fixme": "Possible small rooftop PV (399 m2 roof, roofclf-flagged, not near any existing OSM solar feature) -- check imagery; if real, map as generator:source=solar or power=generator + generator:source=solar", "imagery_note": "osm=66.96696,30.25564 | bing=https://www.bing.com/maps?cp=30.25564~66.96696&lvl=19&style=a | google=https://www.google.com/maps/@30.25564,66.96696,200m/data=!3m1!1e3" }, "geometry": { "type": "Polygon", "coordinates": [ [ [ 66.967117836843201, 30.255614399659301 ], [ 66.966914036529204, 30.255769631897095 ], [ 66.966809405921595, 30.255666105452502 ], [ 66.967013206167294, 30.255510873373701 ], [ 66.967117836843201, 30.255614399659301 ] ] ] } },
{ "type": "Feature", "properties": { "lead_id": "pakistan-small-pv-0289", "cell": "0219_0117", "roof_area_m2": 398.7965, "est_kwp": 39.44, "fixme": "Possible small rooftop PV (399 m2 roof, roofclf-flagged, not near any existing OSM solar feature) -- check imagery; if real, map as generator:source=solar or power=generator + generator:source=solar", "imagery_note": "osm=74.36979,31.52765 | bing=https://www.bing.com/maps?cp=31.52765~74.36979&lvl=19&style=a | google=https://www.google.com/maps/@31.52765,74.36979,200m/data=!3m1!1e3" }, "geometry": { "type": "Polygon", "coordinates": [ [ [ 74.3697236, 31.5275425 ], [ 74.3697255, 31.5275705 ], [ 74.3698991, 31.5275619 ], [ 74.3699099, 31.5277205 ], [ 74.3696818, 31.5277319 ], [ 74.3696691, 31.5275453 ], [ 74.3697236, 31.5275425 ] ] ] } },
{ "type": "Feature", "properties": { "lead_id": "pakistan-small-pv-0290", "cell": "0135_0078", "roof_area_m2": 398.7965, "est_kwp": 39.44, "fixme": "Possible small rooftop PV (399 m2 roof, roofclf-flagged, not near any existing OSM solar feature) -- check imagery; if real, map as generator:source=solar or power=generator + generator:source=solar", "imagery_note": "osm=74.36979,31.52765 | bing=https://www.bing.com/maps?cp=31.52765~74.36979&lvl=19&style=a | google=https://www.google.com/maps/@31.52765,74.36979,200m/data=!3m1!1e3" }, "geometry": { "type": "Polygon", "coordinates": [ [ [ 74.3697236, 31.5275425 ], [ 74.3697255, 31.5275705 ], [ 74.3698991, 31.5275619 ], [ 74.3699099, 31.5277205 ], [ 74.3696818, 31.5277319 ], [ 74.3696691, 31.5275453 ], [ 74.3697236, 31.5275425 ] ] ] } },
{ "type": "Feature", "properties": { "lead_id": "pakistan-small-pv-0291", "cell": "0100_0081", "roof_area_m2": 398.7938, "est_kwp": 39.44, "fixme": "Possible small rooftop PV (399 m2 roof, roofclf-flagged, not near any existing OSM solar feature) -- check imagery; if real, map as generator:source=solar or power=generator + generator:source=solar", "imagery_note": "osm=70.89543,31.86912 | bing=https://www.bing.com/maps?cp=31.86912~70.89543&lvl=19&style=a | google=https://www.google.com/maps/@31.86912,70.89543,200m/data=!3m1!1e3" }, "geometry": { "type": "Polygon", "coordinates": [ [ [ 70.895503684717497, 31.869040347027699 ], [ 70.895487643236095, 31.8690656933912 ], [ 70.895558382160203, 31.869098297842601 ], [ 70.895460263584297, 31.869253330087705 ], [ 70.895341620246995, 31.869198645844296 ], [ 70.895362518185095, 31.869165626176901 ], [ 70.895294320357195, 31.869134192839702 ], [ 70.895371541213905, 31.869012180384701 ], [ 70.895381620850202, 31.869016826233501 ], [ 70.895397662353005, 31.868991479883103 ], [ 70.895503684717497, 31.869040347027699 ] ] ] } },
{ "type": "Feature", "properties": { "lead_id": "pakistan-small-pv-0292", "cell": "0135_0077", "roof_area_m2": 398.7908, "est_kwp": 39.44, "fixme": "Possible small rooftop PV (399 m2 roof, roofclf-flagged, not near any existing OSM solar feature) -- check imagery; if real, map as generator:source=solar or power=generator + generator:source=solar", "imagery_note": "osm=74.35011,31.43068 | bing=https://www.bing.com/maps?cp=31.43068~74.35011&lvl=19&style=a | google=https://www.google.com/maps/@31.43068,74.35011,200m/data=!3m1!1e3" }, "geometry": { "type": "Polygon", "coordinates": [ [ [ 74.3501334, 31.4305662 ], [ 74.350202, 31.4307737 ], [ 74.350220100000016, 31.4307693 ], [ 74.3502427, 31.4308376 ], [ 74.350195, 31.4308492 ], [ 74.3502038, 31.430876 ], [ 74.3501193, 31.4308965 ], [ 74.3500192, 31.4305939 ], [ 74.3501334, 31.4305662 ] ] ] } },
{ "type": "Feature", "properties": { "lead_id": "pakistan-small-pv-0293", "cell": "0219_0116", "roof_area_m2": 398.7908, "est_kwp": 39.44, "fixme": "Possible small rooftop PV (399 m2 roof, roofclf-flagged, not near any existing OSM solar feature) -- check imagery; if real, map as generator:source=solar or power=generator + generator:source=solar", "imagery_note": "osm=74.35011,31.43068 | bing=https://www.bing.com/maps?cp=31.43068~74.35011&lvl=19&style=a | google=https://www.google.com/maps/@31.43068,74.35011,200m/data=!3m1!1e3" }, "geometry": { "type": "Polygon", "coordinates": [ [ [ 74.3501334, 31.4305662 ], [ 74.350202, 31.4307737 ], [ 74.350220100000016, 31.4307693 ], [ 74.3502427, 31.4308376 ], [ 74.350195, 31.4308492 ], [ 74.3502038, 31.430876 ], [ 74.3501193, 31.4308965 ], [ 74.3500192, 31.4305939 ], [ 74.3501334, 31.4305662 ] ] ] } },
{ "type": "Feature", "properties": { "lead_id": "pakistan-small-pv-0294", "cell": "0136_0088", "roof_area_m2": 398.79, "est_kwp": 39.44, "fixme": "Possible small rooftop PV (399 m2 roof, roofclf-flagged, not near any existing OSM solar feature) -- check imagery; if real, map as generator:source=solar or power=generator + generator:source=solar", "imagery_note": "osm=74.53727,32.55892 | bing=https://www.bing.com/maps?cp=32.55892~74.53727&lvl=19&style=a | google=https://www.google.com/maps/@32.55892,74.53727,200m/data=!3m1!1e3" }, "geometry": { "type": "Polygon", "coordinates": [ [ [ 74.537273207551394, 32.5590969362298 ], [ 74.537082466109894, 32.5590673262165 ], [ 74.537100505273202, 32.558983985584902 ], [ 74.537209480541804, 32.559000902548902 ], [ 74.537241046105393, 32.558855068970999 ], [ 74.537209577185095, 32.558850183849806 ], [ 74.537227168101893, 32.558768913354903 ], [ 74.537340402800794, 32.558786491458896 ], [ 74.537273207551394, 32.5590969362298 ] ] ] } },
{ "type": "Feature", "properties": { "lead_id": "pakistan-small-pv-0295", "cell": "0120_0099", "roof_area_m2": 398.7878, "est_kwp": 39.44, "fixme": "Possible small rooftop PV (399 m2 roof, roofclf-flagged, not near any existing OSM solar feature) -- check imagery; if real, map as generator:source=solar or power=generator + generator:source=solar", "imagery_note": "osm=72.93853,33.65089 | bing=https://www.bing.com/maps?cp=33.65089~72.93853&lvl=19&style=a | google=https://www.google.com/maps/@33.65089,72.93853,200m/data=!3m1!1e3" }, "geometry": { "type": "Polygon", "coordinates": [ [ [ 72.938681144674405, 33.650874633927707 ], [ 72.938561257397197, 33.6510166139145 ], [ 72.938379168565305, 33.650909073499598 ], [ 72.938499055972997, 33.650767093693197 ], [ 72.938681144674405, 33.650874633927707 ] ] ] } },
{ "type": "Feature", "properties": { "lead_id": "pakistan-small-pv-0296", "cell": "0131_0080", "roof_area_m2": 398.7833, "est_kwp": 39.44, "fixme": "Possible small rooftop PV (399 m2 roof, roofclf-flagged, not near any existing OSM solar feature) -- check imagery; if real, map as generator:source=solar or power=generator + generator:source=solar", "imagery_note": "osm=73.98493,31.73876 | bing=https://www.bing.com/maps?cp=31.73876~73.98493&lvl=19&style=a | google=https://www.google.com/maps/@31.73876,73.98493,200m/data=!3m1!1e3" }, "geometry": { "type": "Polygon", "coordinates": [ [ [ 73.985085640497104, 31.738811863224299 ], [ 73.984796677631607, 31.738845943438193 ], [ 73.984775880273602, 31.738717154434703 ], [ 73.985064842744094, 31.7386830742605 ], [ 73.985085640497104, 31.738811863224299 ] ] ] } },
{ "type": "Feature", "properties": { "lead_id": "pakistan-small-pv-0297", "cell": "0062_0011", "roof_area_m2": 398.7786, "est_kwp": 39.44, "fixme": "Possible small rooftop PV (399 m2 roof, roofclf-flagged, not near any existing OSM solar feature) -- check imagery; if real, map as generator:source=solar or power=generator + generator:source=solar", "imagery_note": "osm=67.08685,24.89669 | bing=https://www.bing.com/maps?cp=24.89669~67.08685&lvl=19&style=a | google=https://www.google.com/maps/@24.89669,67.08685,200m/data=!3m1!1e3" }, "geometry": { "type": "Polygon", "coordinates": [ [ [ 67.086980164515793, 24.896664029293795 ], [ 67.086912275464002, 24.896821291679501 ], [ 67.086755808609198, 24.896765098854296 ], [ 67.086772337778299, 24.896726809818603 ], [ 67.086720413065095, 24.8967081617586 ], [ 67.086771773143994, 24.896589188508699 ], [ 67.086980164515793, 24.896664029293795 ] ] ] } },
{ "type": "Feature", "properties": { "lead_id": "pakistan-small-pv-0298", "cell": "0207_0116", "roof_area_m2": 398.7774, "est_kwp": 39.44, "fixme": "Possible small rooftop PV (399 m2 roof, roofclf-flagged, not near any existing OSM solar feature) -- check imagery; if real, map as generator:source=solar or power=generator + generator:source=solar", "imagery_note": "osm=73.16224,31.47342 | bing=https://www.bing.com/maps?cp=31.47342~73.16224&lvl=19&style=a | google=https://www.google.com/maps/@31.47342,73.16224,200m/data=!3m1!1e3" }, "geometry": { "type": "Polygon", "coordinates": [ [ [ 73.1623860992527, 31.473443596500502 ], [ 73.162244391588104, 31.47355065129419 ], [ 73.162089942477294, 31.4734004757224 ], [ 73.162231650073593, 31.473293421095303 ], [ 73.1623860992527, 31.473443596500502 ] ] ] } },
{ "type": "Feature", "properties": { "lead_id": "pakistan-small-pv-0299", "cell": "0123_0077", "roof_area_m2": 398.7774, "est_kwp": 39.44, "fixme": "Possible small rooftop PV (399 m2 roof, roofclf-flagged, not near any existing OSM solar feature) -- check imagery; if real, map as generator:source=solar or power=generator + generator:source=solar", "imagery_note": "osm=73.16224,31.47342 | bing=https://www.bing.com/maps?cp=31.47342~73.16224&lvl=19&style=a | google=https://www.google.com/maps/@31.47342,73.16224,200m/data=!3m1!1e3" }, "geometry": { "type": "Polygon", "coordinates": [ [ [ 73.1623860992527, 31.473443596500502 ], [ 73.162244391588104, 31.47355065129419 ], [ 73.162089942477294, 31.4734004757224 ], [ 73.162231650073593, 31.473293421095303 ], [ 73.1623860992527, 31.473443596500502 ] ] ] } }
]
}
