{
"type": "FeatureCollection",
"name": "pakistan_small_pv_josm_leads_roofclf_only",
"crs": { "type": "name", "properties": { "name": "urn:ogc:def:crs:OGC:1.3:CRS84" } },
"features": [
{ "type": "Feature", "properties": { "lead_id": "pakistan-small-pv-roofclf-0000", "cell": "0108_0105", "roof_area_m2": 328.8794, "est_kwp": 32.53, "p_roofclf": 1.0, "sppi": -0.074, "fixme": "Possible small rooftop PV (329 m2 roof, roofclf p=1.00 alone -- SPPI=-0.07 shown for reference only, not used to filter this population -- not near any existing OSM solar feature) -- check imagery; if real, map as generator:source=solar or power=generator + generator:source=solar", "imagery_note": "osm=71.73381,34.24744 | bing=https://www.bing.com/maps?cp=34.24744~71.73381&lvl=19&style=a | google=https://www.google.com/maps/@34.24744,71.73381,200m/data=!3m1!1e3" }, "geometry": { "type": "Polygon", "coordinates": [ [ [ 71.733949, 34.24741980000001 ], [ 71.7338653, 34.2475488 ], [ 71.733672, 34.2474623 ], [ 71.7337203, 34.2473878 ], [ 71.7337557, 34.2473333 ], [ 71.733949, 34.24741980000001 ] ] ] } },
{ "type": "Feature", "properties": { "lead_id": "pakistan-small-pv-roofclf-0001", "cell": "0075_0016", "roof_area_m2": 32.8466, "est_kwp": 3.25, "p_roofclf": 1.0, "sppi": 0.0125, "fixme": "Possible small rooftop PV (33 m2 roof, roofclf p=1.00 alone -- SPPI=0.01 shown for reference only, not used to filter this population -- not near any existing OSM solar feature) -- check imagery; if real, map as generator:source=solar or power=generator + generator:source=solar", "imagery_note": "osm=68.43948,25.38163 | bing=https://www.bing.com/maps?cp=25.38163~68.43948&lvl=19&style=a | google=https://www.google.com/maps/@25.38163,68.43948,200m/data=!3m1!1e3" }, "geometry": { "type": "Polygon", "coordinates": [ [ [ 68.439523859132393, 25.381626728019899 ], [ 68.439494161898097, 25.381663187123802 ], [ 68.439442047689596, 25.381628155388398 ], [ 68.4394717449306, 25.381591696294901 ], [ 68.439523859132393, 25.381626728019899 ] ] ] } },
{ "type": "Feature", "properties": { "lead_id": "pakistan-small-pv-roofclf-0002", "cell": "0061_0064", "roof_area_m2": 16.2942, "est_kwp": 1.61, "p_roofclf": 1.0, "sppi": -0.0119, "fixme": "Possible small rooftop PV (16 m2 roof, roofclf p=1.00 alone -- SPPI=-0.01 shown for reference only, not used to filter this population -- not near any existing OSM solar feature) -- check imagery; if real, map as generator:source=solar or power=generator + generator:source=solar", "imagery_note": "osm=67.02527,30.17445 | bing=https://www.bing.com/maps?cp=30.17445~67.02527&lvl=19&style=a | google=https://www.google.com/maps/@30.17445,67.02527,200m/data=!3m1!1e3" }, "geometry": { "type": "Polygon", "coordinates": [ [ [ 67.025291432544904, 30.174429543127701 ], [ 67.025287679515202, 30.174473630074601 ], [ 67.025253290570106, 30.174471420112699 ], [ 67.025257043614801, 30.174427333167504 ], [ 67.025291432544904, 30.174429543127701 ] ] ] } },
{ "type": "Feature", "properties": { "lead_id": "pakistan-small-pv-roofclf-0003", "cell": "0075_0016", "roof_area_m2": 21.4129, "est_kwp": 2.12, "p_roofclf": 1.0, "sppi": -0.1079, "fixme": "Possible small rooftop PV (21 m2 roof, roofclf p=1.00 alone -- SPPI=-0.11 shown for reference only, not used to filter this population -- not near any existing OSM solar feature) -- check imagery; if real, map as generator:source=solar or power=generator + generator:source=solar", "imagery_note": "osm=68.38888,25.37333 | bing=https://www.bing.com/maps?cp=25.37333~68.38888&lvl=19&style=a | google=https://www.google.com/maps/@25.37333,68.38888,200m/data=!3m1!1e3" }, "geometry": { "type": "Polygon", "coordinates": [ [ [ 68.388907290994098, 25.373313165862502 ], [ 68.388889029420994, 25.373361012301903 ], [ 68.388853269150005, 25.3733497469388 ], [ 68.388871530735301, 25.373301900503801 ], [ 68.388907290994098, 25.373313165862502 ] ] ] } },
{ "type": "Feature", "properties": { "lead_id": "pakistan-small-pv-roofclf-0004", "cell": "0075_0016", "roof_area_m2": 18.4328, "est_kwp": 1.82, "p_roofclf": 1.0, "sppi": -0.1079, "fixme": "Possible small rooftop PV (18 m2 roof, roofclf p=1.00 alone -- SPPI=-0.11 shown for reference only, not used to filter this population -- not near any existing OSM solar feature) -- check imagery; if real, map as generator:source=solar or power=generator + generator:source=solar", "imagery_note": "osm=68.38885,25.37338 | bing=https://www.bing.com/maps?cp=25.37338~68.38885&lvl=19&style=a | google=https://www.google.com/maps/@25.37338,68.38885,200m/data=!3m1!1e3" }, "geometry": { "type": "Polygon", "coordinates": [ [ [ 68.388877142802798, 25.373360451823899 ], [ 68.388867894400803, 25.373403175800998 ], [ 68.388830713242896, 25.3733965326586 ], [ 68.388839961657496, 25.373353808684101 ], [ 68.388877142802798, 25.373360451823899 ] ] ] } },
{ "type": "Feature", "properties": { "lead_id": "pakistan-small-pv-roofclf-0005", "cell": "0108_0105", "roof_area_m2": 50.3478, "est_kwp": 4.98, "p_roofclf": 1.0, "sppi": -0.0078, "fixme": "Possible small rooftop PV (50 m2 roof, roofclf p=1.00 alone -- SPPI=-0.01 shown for reference only, not used to filter this population -- not near any existing OSM solar feature) -- check imagery; if real, map as generator:source=solar or power=generator + generator:source=solar", "imagery_note": "osm=71.73395,34.24740 | bing=https://www.bing.com/maps?cp=34.24740~71.73395&lvl=19&style=a | google=https://www.google.com/maps/@34.24740,71.73395,200m/data=!3m1!1e3" }, "geometry": { "type": "Polygon", "coordinates": [ [ [ 71.734020507049294, 34.247408078563197 ], [ 71.733998550431195, 34.247441930654695 ], [ 71.733885754088902, 34.247391479279202 ], [ 71.733907710741903, 34.247357627206 ], [ 71.734020507049294, 34.247408078563197 ] ] ] } },
{ "type": "Feature", "properties": { "lead_id": "pakistan-small-pv-roofclf-0006", "cell": "0075_0016", "roof_area_m2": 239.6166, "est_kwp": 23.7, "p_roofclf": 1.0, "sppi": -0.105, "fixme": "Possible small rooftop PV (240 m2 roof, roofclf p=1.00 alone -- SPPI=-0.10 shown for reference only, not used to filter this population -- not near any existing OSM solar feature) -- check imagery; if real, map as generator:source=solar or power=generator + generator:source=solar", "imagery_note": "osm=68.38893,25.37381 | bing=https://www.bing.com/maps?cp=25.37381~68.38893&lvl=19&style=a | google=https://www.google.com/maps/@25.37381,68.38893,200m/data=!3m1!1e3" }, "geometry": { "type": "Polygon", "coordinates": [ [ [ 68.389106875633402, 25.373827991965896 ], [ 68.389084273888002, 25.373887209930004 ], [ 68.388760948471102, 25.373785354996699 ], [ 68.388783550352997, 25.373726137084095 ], [ 68.389106875633402, 25.373827991965896 ] ] ] } },
{ "type": "Feature", "properties": { "lead_id": "pakistan-small-pv-roofclf-0007", "cell": "0119_0100", "roof_area_m2": 227.1027, "est_kwp": 22.46, "p_roofclf": 1.0, "sppi": -0.0601, "fixme": "Possible small rooftop PV (227 m2 roof, roofclf p=1.00 alone -- SPPI=-0.06 shown for reference only, not used to filter this population -- not near any existing OSM solar feature) -- check imagery; if real, map as generator:source=solar or power=generator + generator:source=solar", "imagery_note": "osm=72.77052,33.76771 | bing=https://www.bing.com/maps?cp=33.76771~72.77052&lvl=19&style=a | google=https://www.google.com/maps/@33.76771,72.77052,200m/data=!3m1!1e3" }, "geometry": { "type": "Polygon", "coordinates": [ [ [ 72.770573888955312, 33.767550248964994 ], [ 72.770555612595501, 33.767641724025403 ], [ 72.770590716902902, 33.767646616149001 ], [ 72.770563231950604, 33.767784181015699 ], [ 72.770455357017397, 33.767769147562198 ], [ 72.770501118569996, 33.7675401076797 ], [ 72.770573888955312, 33.767550248964994 ] ] ] } },
{ "type": "Feature", "properties": { "lead_id": "pakistan-small-pv-roofclf-0008", "cell": "0108_0105", "roof_area_m2": 20.3425, "est_kwp": 2.01, "p_roofclf": 1.0, "sppi": -0.0078, "fixme": "Possible small rooftop PV (20 m2 roof, roofclf p=1.00 alone -- SPPI=-0.01 shown for reference only, not used to filter this population -- not near any existing OSM solar feature) -- check imagery; if real, map as generator:source=solar or power=generator + generator:source=solar", "imagery_note": "osm=71.73388,34.24738 | bing=https://www.bing.com/maps?cp=34.24738~71.73388&lvl=19&style=a | google=https://www.google.com/maps/@34.24738,71.73388,200m/data=!3m1!1e3" }, "geometry": { "type": "Polygon", "coordinates": [ [ [ 71.733919363546804, 34.2473593707143 ], [ 71.7339073647384, 34.247357960137506 ], [ 71.733864532226704, 34.247399934796697 ], [ 71.733876545198797, 34.247329467357503 ], [ 71.733923519897104, 34.247334989698395 ], [ 71.733919363546804, 34.2473593707143 ] ] ] } },
{ "type": "Feature", "properties": { "lead_id": "pakistan-small-pv-roofclf-0009", "cell": "0062_0011", "roof_area_m2": 235.4785, "est_kwp": 23.29, "p_roofclf": 0.9999, "sppi": -0.0666, "fixme": "Possible small rooftop PV (235 m2 roof, roofclf p=1.00 alone -- SPPI=-0.07 shown for reference only, not used to filter this population -- not near any existing OSM solar feature) -- check imagery; if real, map as generator:source=solar or power=generator + generator:source=solar", "imagery_note": "osm=67.04036,24.87554 | bing=https://www.bing.com/maps?cp=24.87554~67.04036&lvl=19&style=a | google=https://www.google.com/maps/@24.87554,67.04036,200m/data=!3m1!1e3" }, "geometry": { "type": "Polygon", "coordinates": [ [ [ 67.040344934978805, 24.875380993086498 ], [ 67.040414632026796, 24.875388848453301 ], [ 67.040376636775207, 24.875669399207901 ], [ 67.040306939574904, 24.875661543814001 ], [ 67.040339750412699, 24.8754192750187 ], [ 67.0403204386201, 24.875417098432205 ], [ 67.040328316692495, 24.875358928173902 ], [ 67.040347628476397, 24.875361104758802 ], [ 67.040344934978805, 24.875380993086498 ] ] ] } },
{ "type": "Feature", "properties": { "lead_id": "pakistan-small-pv-roofclf-0010", "cell": "0075_0016", "roof_area_m2": 114.8053, "est_kwp": 11.36, "p_roofclf": 0.9999, "sppi": -0.1139, "fixme": "Possible small rooftop PV (115 m2 roof, roofclf p=1.00 alone -- SPPI=-0.11 shown for reference only, not used to filter this population -- not near any existing OSM solar feature) -- check imagery; if real, map as generator:source=solar or power=generator + generator:source=solar", "imagery_note": "osm=68.38872,25.37372 | bing=https://www.bing.com/maps?cp=25.37372~68.38872&lvl=19&style=a | google=https://www.google.com/maps/@25.37372,68.38872,200m/data=!3m1!1e3" }, "geometry": { "type": "Polygon", "coordinates": [ [ [ 68.388786547498, 25.373680491309404 ], [ 68.388747165659296, 25.373786906717196 ], [ 68.388660403272695, 25.373760404864601 ], [ 68.388699785177593, 25.373653989481198 ], [ 68.388786547498, 25.373680491309404 ] ] ] } },
{ "type": "Feature", "properties": { "lead_id": "pakistan-small-pv-roofclf-0011", "cell": "0114_0075", "roof_area_m2": 336.4732, "est_kwp": 33.28, "p_roofclf": 0.9999, "sppi": 0.1292, "fixme": "Possible small rooftop PV (336 m2 roof, roofclf p=1.00 alone -- SPPI=0.13 shown for reference only, not used to filter this population -- not near any existing OSM solar feature) -- check imagery; if real, map as generator:source=solar or power=generator + generator:source=solar", "imagery_note": "osm=72.32828,31.22602 | bing=https://www.bing.com/maps?cp=31.22602~72.32828&lvl=19&style=a | google=https://www.google.com/maps/@31.22602,72.32828,200m/data=!3m1!1e3" }, "geometry": { "type": "Polygon", "coordinates": [ [ [ 72.328389467904913, 31.225962330392601 ], [ 72.3283617580297, 31.2260843407572 ], [ 72.328341218034197, 31.2260808958954 ], [ 72.328328656984993, 31.226136203733507 ], [ 72.328169904347305, 31.226109578441296 ], [ 72.328210175574199, 31.225932260310397 ], [ 72.328389467904913, 31.225962330392601 ] ] ] } },
{ "type": "Feature", "properties": { "lead_id": "pakistan-small-pv-roofclf-0012", "cell": "0106_0098", "roof_area_m2": 104.9274, "est_kwp": 10.38, "p_roofclf": 0.9999, "sppi": -0.0558, "fixme": "Possible small rooftop PV (105 m2 roof, roofclf p=1.00 alone -- SPPI=-0.06 shown for reference only, not used to filter this population -- not near any existing OSM solar feature) -- check imagery; if real, map as generator:source=solar or power=generator + generator:source=solar", "imagery_note": "osm=71.47187,33.56369 | bing=https://www.bing.com/maps?cp=33.56369~71.47187&lvl=19&style=a | google=https://www.google.com/maps/@33.56369,71.47187,200m/data=!3m1!1e3" }, "geometry": { "type": "Polygon", "coordinates": [ [ [ 71.471959879243897, 33.563680022377099 ], [ 71.471937988015199, 33.5637359048471 ], [ 71.471773440474905, 33.563690728045799 ], [ 71.471795331801914, 33.563634845600198 ], [ 71.471959879243897, 33.563680022377099 ] ] ] } },
{ "type": "Feature", "properties": { "lead_id": "pakistan-small-pv-roofclf-0013", "cell": "0119_0100", "roof_area_m2": 53.6846, "est_kwp": 5.31, "p_roofclf": 0.9999, "sppi": -0.0812, "fixme": "Possible small rooftop PV (54 m2 roof, roofclf p=1.00 alone -- SPPI=-0.08 shown for reference only, not used to filter this population -- not near any existing OSM solar feature) -- check imagery; if real, map as generator:source=solar or power=generator + generator:source=solar", "imagery_note": "osm=72.77060,33.76776 | bing=https://www.bing.com/maps?cp=33.76776~72.77060&lvl=19&style=a | google=https://www.google.com/maps/@33.76776,72.77060,200m/data=!3m1!1e3" }, "geometry": { "type": "Polygon", "coordinates": [ [ [ 72.770634110170406, 33.767801141037801 ], [ 72.770577434459895, 33.767802525457093 ], [ 72.770574209889304, 33.767710447882401 ], [ 72.770630885539006, 33.767709063462398 ], [ 72.770634110170406, 33.767801141037801 ] ] ] } },
{ "type": "Feature", "properties": { "lead_id": "pakistan-small-pv-roofclf-0014", "cell": "0106_0098", "roof_area_m2": 100.3133, "est_kwp": 9.92, "p_roofclf": 0.9999, "sppi": -0.0543, "fixme": "Possible small rooftop PV (100 m2 roof, roofclf p=1.00 alone -- SPPI=-0.05 shown for reference only, not used to filter this population -- not near any existing OSM solar feature) -- check imagery; if real, map as generator:source=solar or power=generator + generator:source=solar", "imagery_note": "osm=71.47190,33.56360 | bing=https://www.bing.com/maps?cp=33.56360~71.47190&lvl=19&style=a | google=https://www.google.com/maps/@33.56360,71.47190,200m/data=!3m1!1e3" }, "geometry": { "type": "Polygon", "coordinates": [ [ [ 71.471993679780098, 33.563593738483398 ], [ 71.471972751252096, 33.563647163539493 ], [ 71.471808203868306, 33.563601986776099 ], [ 71.471829132489901, 33.563548561744199 ], [ 71.471993679780098, 33.563593738483398 ] ] ] } },
{ "type": "Feature", "properties": { "lead_id": "pakistan-small-pv-roofclf-0015", "cell": "0080_0039", "roof_area_m2": 82.8454, "est_kwp": 8.19, "p_roofclf": 0.9998, "sppi": 0.1133, "fixme": "Possible small rooftop PV (83 m2 roof, roofclf p=1.00 alone -- SPPI=0.11 shown for reference only, not used to filter this population -- not near any existing OSM solar feature) -- check imagery; if real, map as generator:source=solar or power=generator + generator:source=solar", "imagery_note": "osm=68.91859,27.68492 | bing=https://www.bing.com/maps?cp=27.68492~68.91859&lvl=19&style=a | google=https://www.google.com/maps/@27.68492,68.91859,200m/data=!3m1!1e3" }, "geometry": { "type": "Polygon", "coordinates": [ [ [ 68.918632420241707, 27.684886857870598 ], [ 68.918642894159504, 27.684987399718704 ], [ 68.918590743459802, 27.6849917049075 ], [ 68.918586911511795, 27.684954920900804 ], [ 68.918551484363803, 27.684957845501398 ], [ 68.918544842461799, 27.684894087654499 ], [ 68.918632420241707, 27.684886857870598 ] ] ] } },
{ "type": "Feature", "properties": { "lead_id": "pakistan-small-pv-roofclf-0016", "cell": "0119_0100", "roof_area_m2": 23.9602, "est_kwp": 2.37, "p_roofclf": 0.9998, "sppi": -0.0812, "fixme": "Possible small rooftop PV (24 m2 roof, roofclf p=1.00 alone -- SPPI=-0.08 shown for reference only, not used to filter this population -- not near any existing OSM solar feature) -- check imagery; if real, map as generator:source=solar or power=generator + generator:source=solar", "imagery_note": "osm=72.77052,33.76779 | bing=https://www.bing.com/maps?cp=33.76779~72.77052&lvl=19&style=a | google=https://www.google.com/maps/@33.76779,72.77052,200m/data=!3m1!1e3" }, "geometry": { "type": "Polygon", "coordinates": [ [ [ 72.770580274512099, 33.767791630991297 ], [ 72.770575722058297, 33.767812564302609 ], [ 72.770467919571999, 33.767796211731103 ], [ 72.770472472050599, 33.767775278424701 ], [ 72.770580274512099, 33.767791630991297 ] ] ] } },
{ "type": "Feature", "properties": { "lead_id": "pakistan-small-pv-roofclf-0017", "cell": "0063_0012", "roof_area_m2": 235.7742, "est_kwp": 23.32, "p_roofclf": 0.9998, "sppi": 0.0783, "fixme": "Possible small rooftop PV (236 m2 roof, roofclf p=1.00 alone -- SPPI=0.08 shown for reference only, not used to filter this population -- not near any existing OSM solar feature) -- check imagery; if real, map as generator:source=solar or power=generator + generator:source=solar", "imagery_note": "osm=67.22270,25.00133 | bing=https://www.bing.com/maps?cp=25.00133~67.22270&lvl=19&style=a | google=https://www.google.com/maps/@25.00133,67.22270,200m/data=!3m1!1e3" }, "geometry": { "type": "Polygon", "coordinates": [ [ [ 67.2225225602172, 25.001454043735603 ], [ 67.222495121667393, 25.001414331161602 ], [ 67.222874520508697, 25.001196626807101 ], [ 67.222901959142405, 25.0012363393176 ], [ 67.2225225602172, 25.001454043735603 ] ] ] } },
{ "type": "Feature", "properties": { "lead_id": "pakistan-small-pv-roofclf-0018", "cell": "0062_0011", "roof_area_m2": 183.8974, "est_kwp": 18.19, "p_roofclf": 0.9997, "sppi": 0.1342, "fixme": "Possible small rooftop PV (184 m2 roof, roofclf p=1.00 alone -- SPPI=0.13 shown for reference only, not used to filter this population -- not near any existing OSM solar feature) -- check imagery; if real, map as generator:source=solar or power=generator + generator:source=solar", "imagery_note": "osm=67.06274,24.85956 | bing=https://www.bing.com/maps?cp=24.85956~67.06274&lvl=19&style=a | google=https://www.google.com/maps/@24.85956,67.06274,200m/data=!3m1!1e3" }, "geometry": { "type": "Polygon", "coordinates": [ [ [ 67.062853528939698, 24.859543334580096 ], [ 67.062832425059312, 24.859619164676602 ], [ 67.062629349894294, 24.859572118337798 ], [ 67.062650453886604, 24.859496288276699 ], [ 67.062853528939698, 24.859543334580096 ] ] ] } },
{ "type": "Feature", "properties": { "lead_id": "pakistan-small-pv-roofclf-0019", "cell": "0064_0011", "roof_area_m2": 135.8704, "est_kwp": 13.44, "p_roofclf": 0.9997, "sppi": -0.1071, "fixme": "Possible small rooftop PV (136 m2 roof, roofclf p=1.00 alone -- SPPI=-0.11 shown for reference only, not used to filter this population -- not near any existing OSM solar feature) -- check imagery; if real, map as generator:source=solar or power=generator + generator:source=solar", "imagery_note": "osm=67.28531,24.82478 | bing=https://www.bing.com/maps?cp=24.82478~67.28531&lvl=19&style=a | google=https://www.google.com/maps/@24.82478,67.28531,200m/data=!3m1!1e3" }, "geometry": { "type": "Polygon", "coordinates": [ [ [ 67.285350583478206, 24.824669108256597 ], [ 67.285314102836196, 24.8248973969507 ], [ 67.285262170633899, 24.824890484861498 ], [ 67.285298651366901, 24.824662196185002 ], [ 67.285350583478206, 24.824669108256597 ] ] ] } },
{ "type": "Feature", "properties": { "lead_id": "pakistan-small-pv-roofclf-0020", "cell": "0063_0012", "roof_area_m2": 258.6351, "est_kwp": 25.58, "p_roofclf": 0.9996, "sppi": 0.0728, "fixme": "Possible small rooftop PV (259 m2 roof, roofclf p=1.00 alone -- SPPI=0.07 shown for reference only, not used to filter this population -- not near any existing OSM solar feature) -- check imagery; if real, map as generator:source=solar or power=generator + generator:source=solar", "imagery_note": "osm=67.22274,25.00138 | bing=https://www.bing.com/maps?cp=25.00138~67.22274&lvl=19&style=a | google=https://www.google.com/maps/@25.00138,67.22274,200m/data=!3m1!1e3" }, "geometry": { "type": "Polygon", "coordinates": [ [ [ 67.222941722867901, 25.001293890140499 ], [ 67.222562323822515, 25.001511594652399 ], [ 67.22253222477481, 25.0014680315108 ], [ 67.222911623727697, 25.001250327067904 ], [ 67.222941722867901, 25.001293890140499 ] ] ] } },
{ "type": "Feature", "properties": { "lead_id": "pakistan-small-pv-roofclf-0021", "cell": "0074_0016", "roof_area_m2": 86.4749, "est_kwp": 8.55, "p_roofclf": 0.9996, "sppi": -0.0333, "fixme": "Possible small rooftop PV (86 m2 roof, roofclf p=1.00 alone -- SPPI=-0.03 shown for reference only, not used to filter this population -- not near any existing OSM solar feature) -- check imagery; if real, map as generator:source=solar or power=generator + generator:source=solar", "imagery_note": "osm=68.27780,25.38129 | bing=https://www.bing.com/maps?cp=25.38129~68.27780&lvl=19&style=a | google=https://www.google.com/maps/@25.38129,68.27780,200m/data=!3m1!1e3" }, "geometry": { "type": "Polygon", "coordinates": [ [ [ 68.277863199588097, 25.381284195011698 ], [ 68.277808450017304, 25.381351382273497 ], [ 68.277734020875798, 25.381301328734398 ], [ 68.277788770463701, 25.3812341415003 ], [ 68.277863199588097, 25.381284195011698 ] ] ] } },
{ "type": "Feature", "properties": { "lead_id": "pakistan-small-pv-roofclf-0022", "cell": "0133_0076", "roof_area_m2": 172.0247, "est_kwp": 17.01, "p_roofclf": 0.9996, "sppi": 0.0334, "fixme": "Possible small rooftop PV (172 m2 roof, roofclf p=1.00 alone -- SPPI=0.03 shown for reference only, not used to filter this population -- not near any existing OSM solar feature) -- check imagery; if real, map as generator:source=solar or power=generator + generator:source=solar", "imagery_note": "osm=74.23604,31.39958 | bing=https://www.bing.com/maps?cp=31.39958~74.23604&lvl=19&style=a | google=https://www.google.com/maps/@31.39958,74.23604,200m/data=!3m1!1e3" }, "geometry": { "type": "Polygon", "coordinates": [ [ [ 74.236078412960893, 31.399540033143403 ], [ 74.236077573478696, 31.399616537504908 ], [ 74.236135686150803, 31.399617006643897 ], [ 74.236134862289205, 31.399692091475199 ], [ 74.2359980156169, 31.399690986679296 ], [ 74.235999679133897, 31.399539397490599 ], [ 74.236078412960893, 31.399540033143403 ] ] ] } },
{ "type": "Feature", "properties": { "lead_id": "pakistan-small-pv-roofclf-0023", "cell": "0114_0075", "roof_area_m2": 141.6957, "est_kwp": 14.02, "p_roofclf": 0.9995, "sppi": 0.1101, "fixme": "Possible small rooftop PV (142 m2 roof, roofclf p=1.00 alone -- SPPI=0.11 shown for reference only, not used to filter this population -- not near any existing OSM solar feature) -- check imagery; if real, map as generator:source=solar or power=generator + generator:source=solar", "imagery_note": "osm=72.32841,31.22606 | bing=https://www.bing.com/maps?cp=31.22606~72.32841&lvl=19&style=a | google=https://www.google.com/maps/@31.22606,72.32841,200m/data=!3m1!1e3" }, "geometry": { "type": "Polygon", "coordinates": [ [ [ 72.328462273573805, 31.225974540947298 ], [ 72.328422002788301, 31.226151859182409 ], [ 72.328349196991894, 31.226139648597602 ], [ 72.328389467904913, 31.225962330392601 ], [ 72.328462273573805, 31.225974540947298 ] ] ] } },
{ "type": "Feature", "properties": { "lead_id": "pakistan-small-pv-roofclf-0024", "cell": "0074_0016", "roof_area_m2": 85.1503, "est_kwp": 8.42, "p_roofclf": 0.9995, "sppi": 0.0497, "fixme": "Possible small rooftop PV (85 m2 roof, roofclf p=1.00 alone -- SPPI=0.05 shown for reference only, not used to filter this population -- not near any existing OSM solar feature) -- check imagery; if real, map as generator:source=solar or power=generator + generator:source=solar", "imagery_note": "osm=68.26250,25.40893 | bing=https://www.bing.com/maps?cp=25.40893~68.26250&lvl=19&style=a | google=https://www.google.com/maps/@25.40893,68.26250,200m/data=!3m1!1e3" }, "geometry": { "type": "Polygon", "coordinates": [ [ [ 68.262538460494696, 25.408867817299701 ], [ 68.262511772713495, 25.409000703165695 ], [ 68.2624562455904, 25.408991504261699 ], [ 68.262482933429894, 25.4088586184068 ], [ 68.262538460494696, 25.408867817299701 ] ] ] } },
{ "type": "Feature", "properties": { "lead_id": "pakistan-small-pv-roofclf-0025", "cell": "0074_0016", "roof_area_m2": 83.5265, "est_kwp": 8.26, "p_roofclf": 0.9995, "sppi": 0.0523, "fixme": "Possible small rooftop PV (84 m2 roof, roofclf p=1.00 alone -- SPPI=0.05 shown for reference only, not used to filter this population -- not near any existing OSM solar feature) -- check imagery; if real, map as generator:source=solar or power=generator + generator:source=solar", "imagery_note": "osm=68.27775,25.38136 | bing=https://www.bing.com/maps?cp=25.38136~68.27775&lvl=19&style=a | google=https://www.google.com/maps/@25.38136,68.27775,200m/data=!3m1!1e3" }, "geometry": { "type": "Polygon", "coordinates": [ [ [ 68.277808727202796, 25.381351717561799 ], [ 68.277756228835599, 25.381417029986 ], [ 68.277681559915905, 25.3813674978135 ], [ 68.277734058300396, 25.381302185416001 ], [ 68.277808727202796, 25.381351717561799 ] ] ] } },
{ "type": "Feature", "properties": { "lead_id": "pakistan-small-pv-roofclf-0026", "cell": "0123_0104", "roof_area_m2": 71.0436, "est_kwp": 7.03, "p_roofclf": 0.9995, "sppi": -0.0227, "fixme": "Possible small rooftop PV (71 m2 roof, roofclf p=1.00 alone -- SPPI=-0.02 shown for reference only, not used to filter this population -- not near any existing OSM solar feature) -- check imagery; if real, map as generator:source=solar or power=generator + generator:source=solar", "imagery_note": "osm=73.19275,34.12347 | bing=https://www.bing.com/maps?cp=34.12347~73.19275&lvl=19&style=a | google=https://www.google.com/maps/@34.12347,73.19275,200m/data=!3m1!1e3" }, "geometry": { "type": "Polygon", "coordinates": [ [ [ 73.192783422040094, 34.123455932306207 ], [ 73.192811284987698, 34.123488798357002 ], [ 73.192740754233597, 34.123530154785897 ], [ 73.1926958603906, 34.123477199683606 ], [ 73.192811252758304, 34.123409538162491 ], [ 73.192828283683909, 34.123429627183093 ], [ 73.192783422040094, 34.123455932306207 ] ] ] } },
{ "type": "Feature", "properties": { "lead_id": "pakistan-small-pv-roofclf-0027", "cell": "0121_0099", "roof_area_m2": 351.954, "est_kwp": 34.81, "p_roofclf": 0.9995, "sppi": 0.027, "fixme": "Possible small rooftop PV (352 m2 roof, roofclf p=1.00 alone -- SPPI=0.03 shown for reference only, not used to filter this population -- not near any existing OSM solar feature) -- check imagery; if real, map as generator:source=solar or power=generator + generator:source=solar", "imagery_note": "osm=73.01838,33.69531 | bing=https://www.bing.com/maps?cp=33.69531~73.01838&lvl=19&style=a | google=https://www.google.com/maps/@33.69531,73.01838,200m/data=!3m1!1e3" }, "geometry": { "type": "Polygon", "coordinates": [ [ [ 73.018535226620102, 33.695316152854197 ], [ 73.018454689253204, 33.6954251869114 ], [ 73.018227508794496, 33.695307941457997 ], [ 73.018308046324407, 33.695198907555501 ], [ 73.018535226620102, 33.695316152854197 ] ] ] } },
{ "type": "Feature", "properties": { "lead_id": "pakistan-small-pv-roofclf-0028", "cell": "0061_0065", "roof_area_m2": 365.4674, "est_kwp": 36.15, "p_roofclf": 0.9994, "sppi": -0.0285, "fixme": "Possible small rooftop PV (365 m2 roof, roofclf p=1.00 alone -- SPPI=-0.03 shown for reference only, not used to filter this population -- not near any existing OSM solar feature) -- check imagery; if real, map as generator:source=solar or power=generator + generator:source=solar", "imagery_note": "osm=66.95636,30.28931 | bing=https://www.bing.com/maps?cp=30.28931~66.95636&lvl=19&style=a | google=https://www.google.com/maps/@30.28931,66.95636,200m/data=!3m1!1e3" }, "geometry": { "type": "Polygon", "coordinates": [ [ [ 66.956362453835496, 30.289153892611306 ], [ 66.956467630381297, 30.289430180097405 ], [ 66.956355925198096, 30.289462205780396 ], [ 66.956250748943503, 30.289185918221602 ], [ 66.956362453835496, 30.289153892611306 ] ] ] } },
{ "type": "Feature", "properties": { "lead_id": "pakistan-small-pv-roofclf-0029", "cell": "0061_0065", "roof_area_m2": 26.9556, "est_kwp": 2.67, "p_roofclf": 0.9994, "sppi": 0.0262, "fixme": "Possible small rooftop PV (27 m2 roof, roofclf p=1.00 alone -- SPPI=0.03 shown for reference only, not used to filter this population -- not near any existing OSM solar feature) -- check imagery; if real, map as generator:source=solar or power=generator + generator:source=solar", "imagery_note": "osm=66.95532,30.28814 | bing=https://www.bing.com/maps?cp=30.28814~66.95532&lvl=19&style=a | google=https://www.google.com/maps/@30.28814,66.95532,200m/data=!3m1!1e3" }, "geometry": { "type": "Polygon", "coordinates": [ [ [ 66.955350840653907, 30.288153044236502 ], [ 66.955287823976406, 30.2881633472098 ], [ 66.955279424728204, 30.288124655981996 ], [ 66.955342441381418, 30.288114353011505 ], [ 66.955350840653907, 30.288153044236502 ] ] ] } },
{ "type": "Feature", "properties": { "lead_id": "pakistan-small-pv-roofclf-0030", "cell": "0073_0038", "roof_area_m2": 16.5275, "est_kwp": 1.63, "p_roofclf": 0.9994, "sppi": 0.1155, "fixme": "Possible small rooftop PV (17 m2 roof, roofclf p=1.00 alone -- SPPI=0.12 shown for reference only, not used to filter this population -- not near any existing OSM solar feature) -- check imagery; if real, map as generator:source=solar or power=generator + generator:source=solar", "imagery_note": "osm=68.19695,27.55389 | bing=https://www.bing.com/maps?cp=27.55389~68.19695&lvl=19&style=a | google=https://www.google.com/maps/@27.55389,68.19695,200m/data=!3m1!1e3" }, "geometry": { "type": "Polygon", "coordinates": [ [ [ 68.196975145052505, 27.553878700688905 ], [ 68.196963753103603, 27.553913349648791 ], [ 68.196923679980401, 27.553902883608004 ], [ 68.196935071940601, 27.553868234651603 ], [ 68.196975145052505, 27.553878700688905 ] ] ] } },
{ "type": "Feature", "properties": { "lead_id": "pakistan-small-pv-roofclf-0031", "cell": "0114_0075", "roof_area_m2": 37.1339, "est_kwp": 3.67, "p_roofclf": 0.9994, "sppi": 0.0864, "fixme": "Possible small rooftop PV (37 m2 roof, roofclf p=1.00 alone -- SPPI=0.09 shown for reference only, not used to filter this population -- not near any existing OSM solar feature) -- check imagery; if real, map as generator:source=solar or power=generator + generator:source=solar", "imagery_note": "osm=72.32833,31.22591 | bing=https://www.bing.com/maps?cp=31.22591~72.32833&lvl=19&style=a | google=https://www.google.com/maps/@31.22591,72.32833,200m/data=!3m1!1e3" }, "geometry": { "type": "Polygon", "coordinates": [ [ [ 72.328371956145105, 31.225887249160301 ], [ 72.328366540304103, 31.225931578952199 ], [ 72.328288177261797, 31.225924508985699 ], [ 72.328293593138596, 31.225880179198899 ], [ 72.328371956145105, 31.225887249160301 ] ] ] } },
{ "type": "Feature", "properties": { "lead_id": "pakistan-small-pv-roofclf-0032", "cell": "0063_0011", "roof_area_m2": 49.3553, "est_kwp": 4.88, "p_roofclf": 0.9994, "sppi": 0.0959, "fixme": "Possible small rooftop PV (49 m2 roof, roofclf p=1.00 alone -- SPPI=0.10 shown for reference only, not used to filter this population -- not near any existing OSM solar feature) -- check imagery; if real, map as generator:source=solar or power=generator + generator:source=solar", "imagery_note": "osm=67.16632,24.84599 | bing=https://www.bing.com/maps?cp=24.84599~67.16632&lvl=19&style=a | google=https://www.google.com/maps/@24.84599,67.16632,200m/data=!3m1!1e3" }, "geometry": { "type": "Polygon", "coordinates": [ [ [ 67.166385222998798, 24.845980719918902 ], [ 67.1663816855486, 24.846017360733903 ], [ 67.166262555301998, 24.846007784542898 ], [ 67.166266092787097, 24.845971143732804 ], [ 67.166385222998798, 24.845980719918902 ] ] ] } },
{ "type": "Feature", "properties": { "lead_id": "pakistan-small-pv-roofclf-0033", "cell": "0063_0012", "roof_area_m2": 213.6093, "est_kwp": 21.13, "p_roofclf": 0.9994, "sppi": 0.0495, "fixme": "Possible small rooftop PV (214 m2 roof, roofclf p=1.00 alone -- SPPI=0.05 shown for reference only, not used to filter this population -- not near any existing OSM solar feature) -- check imagery; if real, map as generator:source=solar or power=generator + generator:source=solar", "imagery_note": "osm=67.22268,25.00126 | bing=https://www.bing.com/maps?cp=25.00126~67.22268&lvl=19&style=a | google=https://www.google.com/maps/@25.00126,67.22268,200m/data=!3m1!1e3" }, "geometry": { "type": "Polygon", "coordinates": [ [ [ 67.222865584410201, 25.001179749263702 ], [ 67.222523785970296, 25.001373254711197 ], [ 67.222496354371202, 25.001333013925805 ], [ 67.222838152734198, 25.001139508536603 ], [ 67.222865584410201, 25.001179749263702 ] ] ] } },
{ "type": "Feature", "properties": { "lead_id": "pakistan-small-pv-roofclf-0034", "cell": "0061_0065", "roof_area_m2": 24.5167, "est_kwp": 2.42, "p_roofclf": 0.9994, "sppi": 0.0262, "fixme": "Possible small rooftop PV (25 m2 roof, roofclf p=1.00 alone -- SPPI=0.03 shown for reference only, not used to filter this population -- not near any existing OSM solar feature) -- check imagery; if real, map as generator:source=solar or power=generator + generator:source=solar", "imagery_note": "osm=66.95532,30.28818 | bing=https://www.bing.com/maps?cp=30.28818~66.95532&lvl=19&style=a | google=https://www.google.com/maps/@30.28818,66.95532,200m/data=!3m1!1e3" }, "geometry": { "type": "Polygon", "coordinates": [ [ [ 66.955358479984099, 30.288188234766292 ], [ 66.955295463284415, 30.2881985377423 ], [ 66.955287823976406, 30.2881633472098 ], [ 66.955350840653907, 30.288153044236502 ], [ 66.955358479984099, 30.288188234766292 ] ] ] } },
{ "type": "Feature", "properties": { "lead_id": "pakistan-small-pv-roofclf-0035", "cell": "0061_0064", "roof_area_m2": 35.4311, "est_kwp": 3.5, "p_roofclf": 0.9993, "sppi": -0.0371, "fixme": "Possible small rooftop PV (35 m2 roof, roofclf p=1.00 alone -- SPPI=-0.04 shown for reference only, not used to filter this population -- not near any existing OSM solar feature) -- check imagery; if real, map as generator:source=solar or power=generator + generator:source=solar", "imagery_note": "osm=67.02554,30.17412 | bing=https://www.bing.com/maps?cp=30.17412~67.02554&lvl=19&style=a | google=https://www.google.com/maps/@30.17412,67.02554,200m/data=!3m1!1e3" }, "geometry": { "type": "Polygon", "coordinates": [ [ [ 67.0255631, 30.1740631 ], [ 67.0255596, 30.1741525 ], [ 67.0255226, 30.1741514 ], [ 67.0255247, 30.1740971 ], [ 67.0255261, 30.1740619 ], [ 67.0255631, 30.1740631 ] ] ] } },
{ "type": "Feature", "properties": { "lead_id": "pakistan-small-pv-roofclf-0036", "cell": "0061_0065", "roof_area_m2": 45.6918, "est_kwp": 4.52, "p_roofclf": 0.9993, "sppi": 0.0122, "fixme": "Possible small rooftop PV (46 m2 roof, roofclf p=1.00 alone -- SPPI=0.01 shown for reference only, not used to filter this population -- not near any existing OSM solar feature) -- check imagery; if real, map as generator:source=solar or power=generator + generator:source=solar", "imagery_note": "osm=66.94388,30.26426 | bing=https://www.bing.com/maps?cp=30.26426~66.94388&lvl=19&style=a | google=https://www.google.com/maps/@30.26426,66.94388,200m/data=!3m1!1e3" }, "geometry": { "type": "Polygon", "coordinates": [ [ [ 66.943900187236494, 30.2642193333417 ], [ 66.943927178387796, 30.264277531462799 ], [ 66.943863914548103, 30.264299639983797 ], [ 66.9438369234296, 30.264241441851098 ], [ 66.943900187236494, 30.2642193333417 ] ] ] } },
{ "type": "Feature", "properties": { "lead_id": "pakistan-small-pv-roofclf-0037", "cell": "0063_0012", "roof_area_m2": 177.369, "est_kwp": 17.54, "p_roofclf": 0.9993, "sppi": 0.048, "fixme": "Possible small rooftop PV (177 m2 roof, roofclf p=1.00 alone -- SPPI=0.05 shown for reference only, not used to filter this population -- not near any existing OSM solar feature) -- check imagery; if real, map as generator:source=solar or power=generator + generator:source=solar", "imagery_note": "osm=67.22267,25.00118 | bing=https://www.bing.com/maps?cp=25.00118~67.22267&lvl=19&style=a | google=https://www.google.com/maps/@25.00118,67.22267,200m/data=!3m1!1e3" }, "geometry": { "type": "Polygon", "coordinates": [ [ [ 67.222827338030697, 25.001123643965997 ], [ 67.222545053615505, 25.001283456285904 ], [ 67.222517473787221, 25.001242998043399 ], [ 67.222799758138294, 25.001083185772096 ], [ 67.222827338030697, 25.001123643965997 ] ] ] } },
{ "type": "Feature", "properties": { "lead_id": "pakistan-small-pv-roofclf-0038", "cell": "0061_0065", "roof_area_m2": 22.0805, "est_kwp": 2.18, "p_roofclf": 0.9993, "sppi": 0.0262, "fixme": "Possible small rooftop PV (22 m2 roof, roofclf p=1.00 alone -- SPPI=0.03 shown for reference only, not used to filter this population -- not near any existing OSM solar feature) -- check imagery; if real, map as generator:source=solar or power=generator + generator:source=solar", "imagery_note": "osm=66.95533,30.28821 | bing=https://www.bing.com/maps?cp=30.28821~66.95533&lvl=19&style=a | google=https://www.google.com/maps/@30.28821,66.95533,200m/data=!3m1!1e3" }, "geometry": { "type": "Polygon", "coordinates": [ [ [ 66.955365360210806, 30.288219928471896 ], [ 66.955302343491297, 30.288230231450203 ], [ 66.955295463284415, 30.2881985377423 ], [ 66.955358479984099, 30.288188234766292 ], [ 66.955365360210806, 30.288219928471896 ] ] ] } },
{ "type": "Feature", "properties": { "lead_id": "pakistan-small-pv-roofclf-0039", "cell": "0105_0102", "roof_area_m2": 136.9441, "est_kwp": 13.55, "p_roofclf": 0.9993, "sppi": 0.0816, "fixme": "Possible small rooftop PV (137 m2 roof, roofclf p=1.00 alone -- SPPI=0.08 shown for reference only, not used to filter this population -- not near any existing OSM solar feature) -- check imagery; if real, map as generator:source=solar or power=generator + generator:source=solar", "imagery_note": "osm=71.41956,33.99663 | bing=https://www.bing.com/maps?cp=33.99663~71.41956&lvl=19&style=a | google=https://www.google.com/maps/@33.99663,71.41956,200m/data=!3m1!1e3" }, "geometry": { "type": "Polygon", "coordinates": [ [ [ 71.419678379238704, 33.996614311875703 ], [ 71.419666418962109, 33.996671902505099 ], [ 71.419441189652801, 33.996639452530403 ], [ 71.419453150079804, 33.996581861916297 ], [ 71.419678379238704, 33.996614311875703 ] ] ] } },
{ "type": "Feature", "properties": { "lead_id": "pakistan-small-pv-roofclf-0040", "cell": "0122_0099", "roof_area_m2": 268.1961, "est_kwp": 26.53, "p_roofclf": 0.9993, "sppi": -0.0679, "fixme": "Possible small rooftop PV (268 m2 roof, roofclf p=1.00 alone -- SPPI=-0.07 shown for reference only, not used to filter this population -- not near any existing OSM solar feature) -- check imagery; if real, map as generator:source=solar or power=generator + generator:source=solar", "imagery_note": "osm=73.11162,33.65643 | bing=https://www.bing.com/maps?cp=33.65643~73.11162&lvl=19&style=a | google=https://www.google.com/maps/@33.65643,73.11162,200m/data=!3m1!1e3" }, "geometry": { "type": "Polygon", "coordinates": [ [ [ 73.111668124961199, 33.656322735299 ], [ 73.111662347795004, 33.656374121060502 ], [ 73.111708662998296, 33.656377762564297 ], [ 73.111695653570493, 33.656493476905602 ], [ 73.111612013934405, 33.6564869007751 ], [ 73.111609034318107, 33.65651340314691 ], [ 73.111535509032805, 33.656507622204792 ], [ 73.111557275537606, 33.6563140197634 ], [ 73.111668124961199, 33.656322735299 ] ] ] } },
{ "type": "Feature", "properties": { "lead_id": "pakistan-small-pv-roofclf-0041", "cell": "0137_0087", "roof_area_m2": 18.7758, "est_kwp": 1.86, "p_roofclf": 0.9993, "sppi": -0.0333, "fixme": "Possible small rooftop PV (19 m2 roof, roofclf p=1.00 alone -- SPPI=-0.03 shown for reference only, not used to filter this population -- not near any existing OSM solar feature) -- check imagery; if real, map as generator:source=solar or power=generator + generator:source=solar", "imagery_note": "osm=74.59338,32.49509 | bing=https://www.bing.com/maps?cp=32.49509~74.59338&lvl=19&style=a | google=https://www.google.com/maps/@32.49509,74.59338,200m/data=!3m1!1e3" }, "geometry": { "type": "Polygon", "coordinates": [ [ [ 74.593411079182204, 32.495102778541899 ], [ 74.593353589027103, 32.495107837502303 ], [ 74.593349792999504, 32.495076854542596 ], [ 74.593407283134894, 32.495071795583797 ], [ 74.593411079182204, 32.495102778541899 ] ] ] } },
{ "type": "Feature", "properties": { "lead_id": "pakistan-small-pv-roofclf-0042", "cell": "0094_0047", "roof_area_m2": 40.6478, "est_kwp": 4.02, "p_roofclf": 0.9992, "sppi": 0.1076, "fixme": "Possible small rooftop PV (41 m2 roof, roofclf p=1.00 alone -- SPPI=0.11 shown for reference only, not used to filter this population -- not near any existing OSM solar feature) -- check imagery; if real, map as generator:source=solar or power=generator + generator:source=solar", "imagery_note": "osm=70.26575,28.43291 | bing=https://www.bing.com/maps?cp=28.43291~70.26575&lvl=19&style=a | google=https://www.google.com/maps/@28.43291,70.26575,200m/data=!3m1!1e3" }, "geometry": { "type": "Polygon", "coordinates": [ [ [ 70.265772127002805, 28.432868570655 ], [ 70.265768771027894, 28.432949390080399 ], [ 70.265722576459197, 28.432947891225901 ], [ 70.265725932469394, 28.432867071800501 ], [ 70.265772127002805, 28.432868570655 ] ] ] } },
{ "type": "Feature", "properties": { "lead_id": "pakistan-small-pv-roofclf-0043", "cell": "0121_0099", "roof_area_m2": 83.8843, "est_kwp": 8.3, "p_roofclf": 0.9992, "sppi": -0.015, "fixme": "Possible small rooftop PV (84 m2 roof, roofclf p=1.00 alone -- SPPI=-0.01 shown for reference only, not used to filter this population -- not near any existing OSM solar feature) -- check imagery; if real, map as generator:source=solar or power=generator + generator:source=solar", "imagery_note": "osm=73.04032,33.66394 | bing=https://www.bing.com/maps?cp=33.66394~73.04032&lvl=19&style=a | google=https://www.google.com/maps/@33.66394,73.04032,200m/data=!3m1!1e3" }, "geometry": { "type": "Polygon", "coordinates": [ [ [ 73.040393214913152, 33.663929450319571 ], [ 73.040356409851753, 33.663992763461636 ], [ 73.04025208551694, 33.663950752548466 ], [ 73.040288890578339, 33.663887439375515 ], [ 73.040393214913152, 33.663929450319571 ] ] ] } },
{ "type": "Feature", "properties": { "lead_id": "pakistan-small-pv-roofclf-0044", "cell": "0061_0065", "roof_area_m2": 63.3349, "est_kwp": 6.26, "p_roofclf": 0.9992, "sppi": -0.0789, "fixme": "Possible small rooftop PV (63 m2 roof, roofclf p=1.00 alone -- SPPI=-0.08 shown for reference only, not used to filter this population -- not near any existing OSM solar feature) -- check imagery; if real, map as generator:source=solar or power=generator + generator:source=solar", "imagery_note": "osm=66.95462,30.22011 | bing=https://www.bing.com/maps?cp=30.22011~66.95462&lvl=19&style=a | google=https://www.google.com/maps/@30.22011,66.95462,200m/data=!3m1!1e3" }, "geometry": { "type": "Polygon", "coordinates": [ [ [ 66.954681534995004, 30.2201268940765 ], [ 66.954644902963906, 30.220162399471199 ], [ 66.954552292176899, 30.220090336096703 ], [ 66.954588924211805, 30.220054830727296 ], [ 66.954681534995004, 30.2201268940765 ] ] ] } },
{ "type": "Feature", "properties": { "lead_id": "pakistan-small-pv-roofclf-0045", "cell": "0122_0099", "roof_area_m2": 83.8843, "est_kwp": 8.3, "p_roofclf": 0.9992, "sppi": -0.0184, "fixme": "Possible small rooftop PV (84 m2 roof, roofclf p=1.00 alone -- SPPI=-0.02 shown for reference only, not used to filter this population -- not near any existing OSM solar feature) -- check imagery; if real, map as generator:source=solar or power=generator + generator:source=solar", "imagery_note": "osm=73.04032,33.66394 | bing=https://www.bing.com/maps?cp=33.66394~73.04032&lvl=19&style=a | google=https://www.google.com/maps/@33.66394,73.04032,200m/data=!3m1!1e3" }, "geometry": { "type": "Polygon", "coordinates": [ [ [ 73.040393214913152, 33.663929450319571 ], [ 73.040356409851753, 33.663992763461636 ], [ 73.04025208551694, 33.663950752548466 ], [ 73.040288890578339, 33.663887439375515 ], [ 73.040393214913152, 33.663929450319571 ] ] ] } },
{ "type": "Feature", "properties": { "lead_id": "pakistan-small-pv-roofclf-0046", "cell": "0061_0064", "roof_area_m2": 178.4608, "est_kwp": 17.65, "p_roofclf": 0.9992, "sppi": 0.0061, "fixme": "Possible small rooftop PV (178 m2 roof, roofclf p=1.00 alone -- SPPI=0.01 shown for reference only, not used to filter this population -- not near any existing OSM solar feature) -- check imagery; if real, map as generator:source=solar or power=generator + generator:source=solar", "imagery_note": "osm=66.96087,30.16545 | bing=https://www.bing.com/maps?cp=30.16545~66.96087&lvl=19&style=a | google=https://www.google.com/maps/@30.16545,66.96087,200m/data=!3m1!1e3" }, "geometry": { "type": "Polygon", "coordinates": [ [ [ 66.960932944803702, 30.165568916238705 ], [ 66.960871449493496, 30.165580569245002 ], [ 66.960806410998103, 30.165321421140199 ], [ 66.960867906151407, 30.165309768157499 ], [ 66.960932944803702, 30.165568916238705 ] ] ] } },
{ "type": "Feature", "properties": { "lead_id": "pakistan-small-pv-roofclf-0047", "cell": "0062_0013", "roof_area_m2": 38.0906, "est_kwp": 3.77, "p_roofclf": 0.9992, "sppi": -0.127, "fixme": "Possible small rooftop PV (38 m2 roof, roofclf p=1.00 alone -- SPPI=-0.13 shown for reference only, not used to filter this population -- not near any existing OSM solar feature) -- check imagery; if real, map as generator:source=solar or power=generator + generator:source=solar", "imagery_note": "osm=67.13681,25.04537 | bing=https://www.bing.com/maps?cp=25.04537~67.13681&lvl=19&style=a | google=https://www.google.com/maps/@25.04537,67.13681,200m/data=!3m1!1e3" }, "geometry": { "type": "Polygon", "coordinates": [ [ [ 67.136835745720603, 25.045330530358303 ], [ 67.136829983374597, 25.045415225304403 ], [ 67.136789988044001, 25.045412967043102 ], [ 67.136795750417093, 25.0453282721002 ], [ 67.136835745720603, 25.045330530358303 ] ] ] } },
{ "type": "Feature", "properties": { "lead_id": "pakistan-small-pv-roofclf-0048", "cell": "0075_0016", "roof_area_m2": 268.8657, "est_kwp": 26.59, "p_roofclf": 0.9992, "sppi": -0.1004, "fixme": "Possible small rooftop PV (269 m2 roof, roofclf p=1.00 alone -- SPPI=-0.10 shown for reference only, not used to filter this population -- not near any existing OSM solar feature) -- check imagery; if real, map as generator:source=solar or power=generator + generator:source=solar", "imagery_note": "osm=68.38909,25.37336 | bing=https://www.bing.com/maps?cp=25.37336~68.38909&lvl=19&style=a | google=https://www.google.com/maps/@25.37336,68.38909,200m/data=!3m1!1e3" }, "geometry": { "type": "Polygon", "coordinates": [ [ [ 68.389277999545001, 25.373384382318697 ], [ 68.389254845125905, 25.373445868092602 ], [ 68.388904439030696, 25.373336953014899 ], [ 68.388927593603995, 25.3732754672982 ], [ 68.389277999545001, 25.373384382318697 ] ] ] } },
{ "type": "Feature", "properties": { "lead_id": "pakistan-small-pv-roofclf-0049", "cell": "0073_0038", "roof_area_m2": 364.4913, "est_kwp": 36.05, "p_roofclf": 0.9991, "sppi": 0.126, "fixme": "Possible small rooftop PV (364 m2 roof, roofclf p=1.00 alone -- SPPI=0.13 shown for reference only, not used to filter this population -- not near any existing OSM solar feature) -- check imagery; if real, map as generator:source=solar or power=generator + generator:source=solar", "imagery_note": "osm=68.20036,27.56597 | bing=https://www.bing.com/maps?cp=27.56597~68.20036&lvl=19&style=a | google=https://www.google.com/maps/@27.56597,68.20036,200m/data=!3m1!1e3" }, "geometry": { "type": "Polygon", "coordinates": [ [ [ 68.200497272040096, 27.566068100948403 ], [ 68.200401143808705, 27.566124036098099 ], [ 68.200223444046898, 27.565881499107796 ], [ 68.200319572151599, 27.565825564077702 ], [ 68.200497272040096, 27.566068100948403 ] ] ] } },
{ "type": "Feature", "properties": { "lead_id": "pakistan-small-pv-roofclf-0050", "cell": "0134_0077", "roof_area_m2": 230.4437, "est_kwp": 22.79, "p_roofclf": 0.9991, "sppi": 0.1459, "fixme": "Possible small rooftop PV (230 m2 roof, roofclf p=1.00 alone -- SPPI=0.15 shown for reference only, not used to filter this population -- not near any existing OSM solar feature) -- check imagery; if real, map as generator:source=solar or power=generator + generator:source=solar", "imagery_note": "osm=74.29760,31.48156 | bing=https://www.bing.com/maps?cp=31.48156~74.29760&lvl=19&style=a | google=https://www.google.com/maps/@31.48156,74.29760,200m/data=!3m1!1e3" }, "geometry": { "type": "Polygon", "coordinates": [ [ [ 74.297689060877801, 31.481624089943598 ], [ 74.297522211741807, 31.481629641068103 ], [ 74.297516287083994, 31.4814988541162 ], [ 74.297683135987697, 31.481493302992103 ], [ 74.297689060877801, 31.481624089943598 ] ] ] } },
{ "type": "Feature", "properties": { "lead_id": "pakistan-small-pv-roofclf-0051", "cell": "0219_0116", "roof_area_m2": 230.4437, "est_kwp": 22.79, "p_roofclf": 0.9991, "sppi": 0.1459, "fixme": "Possible small rooftop PV (230 m2 roof, roofclf p=1.00 alone -- SPPI=0.15 shown for reference only, not used to filter this population -- not near any existing OSM solar feature) -- check imagery; if real, map as generator:source=solar or power=generator + generator:source=solar", "imagery_note": "osm=74.29760,31.48156 | bing=https://www.bing.com/maps?cp=31.48156~74.29760&lvl=19&style=a | google=https://www.google.com/maps/@31.48156,74.29760,200m/data=!3m1!1e3" }, "geometry": { "type": "Polygon", "coordinates": [ [ [ 74.297689060877801, 31.481624089943598 ], [ 74.297522211741807, 31.481629641068103 ], [ 74.297516287083994, 31.4814988541162 ], [ 74.297683135987697, 31.481493302992103 ], [ 74.297689060877801, 31.481624089943598 ] ] ] } },
{ "type": "Feature", "properties": { "lead_id": "pakistan-small-pv-roofclf-0052", "cell": "0137_0087", "roof_area_m2": 207.7337, "est_kwp": 20.55, "p_roofclf": 0.999, "sppi": 0.0802, "fixme": "Possible small rooftop PV (208 m2 roof, roofclf p=1.00 alone -- SPPI=0.08 shown for reference only, not used to filter this population -- not near any existing OSM solar feature) -- check imagery; if real, map as generator:source=solar or power=generator + generator:source=solar", "imagery_note": "osm=74.58438,32.49574 | bing=https://www.bing.com/maps?cp=32.49574~74.58438&lvl=19&style=a | google=https://www.google.com/maps/@32.49574,74.58438,200m/data=!3m1!1e3" }, "geometry": { "type": "Polygon", "coordinates": [ [ [ 74.584348263765307, 32.495594928589902 ], [ 74.584355188519694, 32.495663216990899 ], [ 74.584401228772094, 32.495659863855003 ], [ 74.584403551832594, 32.495682772557899 ], [ 74.584436920301499, 32.495680342303991 ], [ 74.5844491206459, 32.495800654544603 ], [ 74.584326379246704, 32.4958095938591 ], [ 74.584304931304899, 32.4955980845005 ], [ 74.584348263765307, 32.495594928589902 ] ] ] } },
{ "type": "Feature", "properties": { "lead_id": "pakistan-small-pv-roofclf-0053", "cell": "0062_0013", "roof_area_m2": 116.3558, "est_kwp": 11.51, "p_roofclf": 0.999, "sppi": -0.1396, "fixme": "Possible small rooftop PV (116 m2 roof, roofclf p=1.00 alone -- SPPI=-0.14 shown for reference only, not used to filter this population -- not near any existing OSM solar feature) -- check imagery; if real, map as generator:source=solar or power=generator + generator:source=solar", "imagery_note": "osm=67.13687,25.04544 | bing=https://www.bing.com/maps?cp=25.04544~67.13687&lvl=19&style=a | google=https://www.google.com/maps/@25.04544,67.13687,200m/data=!3m1!1e3" }, "geometry": { "type": "Polygon", "coordinates": [ [ [ 67.136909, 25.0453759 ], [ 67.1368996, 25.0455096 ], [ 67.1368222, 25.045505 ], [ 67.1368316, 25.0453714 ], [ 67.136909, 25.0453759 ] ] ] } },
{ "type": "Feature", "properties": { "lead_id": "pakistan-small-pv-roofclf-0054", "cell": "0073_0038", "roof_area_m2": 179.4903, "est_kwp": 17.75, "p_roofclf": 0.999, "sppi": 0.0693, "fixme": "Possible small rooftop PV (179 m2 roof, roofclf p=1.00 alone -- SPPI=0.07 shown for reference only, not used to filter this population -- not near any existing OSM solar feature) -- check imagery; if real, map as generator:source=solar or power=generator + generator:source=solar", "imagery_note": "osm=68.19488,27.56104 | bing=https://www.bing.com/maps?cp=27.56104~68.19488&lvl=19&style=a | google=https://www.google.com/maps/@27.56104,68.19488,200m/data=!3m1!1e3" }, "geometry": { "type": "Polygon", "coordinates": [ [ [ 68.194953582372094, 27.560978155207401 ], [ 68.1949571573236, 27.561091043145804 ], [ 68.194812217128998, 27.561094688722903 ], [ 68.194808642325796, 27.560981800784099 ], [ 68.194953582372094, 27.560978155207401 ] ] ] } },
{ "type": "Feature", "properties": { "lead_id": "pakistan-small-pv-roofclf-0055", "cell": "0061_0064", "roof_area_m2": 209.7571, "est_kwp": 20.75, "p_roofclf": 0.9989, "sppi": -0.0018, "fixme": "Possible small rooftop PV (210 m2 roof, roofclf p=1.00 alone -- SPPI=-0.00 shown for reference only, not used to filter this population -- not near any existing OSM solar feature) -- check imagery; if real, map as generator:source=solar or power=generator + generator:source=solar", "imagery_note": "osm=67.03069,30.19677 | bing=https://www.bing.com/maps?cp=30.19677~67.03069&lvl=19&style=a | google=https://www.google.com/maps/@30.19677,67.03069,200m/data=!3m1!1e3" }, "geometry": { "type": "Polygon", "coordinates": [ [ [ 67.030758245245195, 30.196695065313712 ], [ 67.030738045315019, 30.196851294210202 ], [ 67.030613973227702, 30.196839189370497 ], [ 67.030634173349299, 30.196682960501398 ], [ 67.030758245245195, 30.196695065313712 ] ] ] } },
{ "type": "Feature", "properties": { "lead_id": "pakistan-small-pv-roofclf-0056", "cell": "0094_0047", "roof_area_m2": 62.7013, "est_kwp": 6.2, "p_roofclf": 0.9989, "sppi": 0.0875, "fixme": "Possible small rooftop PV (63 m2 roof, roofclf p=1.00 alone -- SPPI=0.09 shown for reference only, not used to filter this population -- not near any existing OSM solar feature) -- check imagery; if real, map as generator:source=solar or power=generator + generator:source=solar", "imagery_note": "osm=70.26592,28.43296 | bing=https://www.bing.com/maps?cp=28.43296~70.26592&lvl=19&style=a | google=https://www.google.com/maps/@28.43296,70.26592,200m/data=!3m1!1e3" }, "geometry": { "type": "Polygon", "coordinates": [ [ [ 70.2659735823825, 28.432936139187799 ], [ 70.265971203147501, 28.432991921829501 ], [ 70.265867970952598, 28.4329884813314 ], [ 70.265870350241798, 28.432932698689704 ], [ 70.2659735823825, 28.432936139187799 ] ] ] } },
{ "type": "Feature", "properties": { "lead_id": "pakistan-small-pv-roofclf-0057", "cell": "0111_0103", "roof_area_m2": 120.6398, "est_kwp": 11.93, "p_roofclf": 0.9989, "sppi": 0.1011, "fixme": "Possible small rooftop PV (121 m2 roof, roofclf p=1.00 alone -- SPPI=0.10 shown for reference only, not used to filter this population -- not near any existing OSM solar feature) -- check imagery; if real, map as generator:source=solar or power=generator + generator:source=solar", "imagery_note": "osm=71.99108,34.09952 | bing=https://www.bing.com/maps?cp=34.09952~71.99108&lvl=19&style=a | google=https://www.google.com/maps/@34.09952,71.99108,200m/data=!3m1!1e3" }, "geometry": { "type": "Polygon", "coordinates": [ [ [ 71.991147650169793, 34.0994829950602 ], [ 71.991150115084807, 34.099545976762009 ], [ 71.991081262822107, 34.099547841574697 ], [ 71.991082840766694, 34.099588160802305 ], [ 71.991010875584493, 34.099590109886698 ], [ 71.991006832862695, 34.099486808946097 ], [ 71.991147650169793, 34.0994829950602 ] ] ] } },
{ "type": "Feature", "properties": { "lead_id": "pakistan-small-pv-roofclf-0058", "cell": "0137_0087", "roof_area_m2": 189.5791, "est_kwp": 18.75, "p_roofclf": 0.9989, "sppi": 0.1065, "fixme": "Possible small rooftop PV (190 m2 roof, roofclf p=1.00 alone -- SPPI=0.11 shown for reference only, not used to filter this population -- not near any existing OSM solar feature) -- check imagery; if real, map as generator:source=solar or power=generator + generator:source=solar", "imagery_note": "osm=74.58436,32.49552 | bing=https://www.bing.com/maps?cp=32.49552~74.58436&lvl=19&style=a | google=https://www.google.com/maps/@32.49552,74.58436,200m/data=!3m1!1e3" }, "geometry": { "type": "Polygon", "coordinates": [ [ [ 74.5844276724184, 32.495589145204505 ], [ 74.584304931304899, 32.4955980845005 ], [ 74.584290022685494, 32.49545106225969 ], [ 74.584412763600398, 32.4954421229763 ], [ 74.5844276724184, 32.495589145204505 ] ] ] } },
{ "type": "Feature", "properties": { "lead_id": "pakistan-small-pv-roofclf-0059", "cell": "0123_0104", "roof_area_m2": 18.7108, "est_kwp": 1.85, "p_roofclf": 0.9988, "sppi": -0.0227, "fixme": "Possible small rooftop PV (19 m2 roof, roofclf p=1.00 alone -- SPPI=-0.02 shown for reference only, not used to filter this population -- not near any existing OSM solar feature) -- check imagery; if real, map as generator:source=solar or power=generator + generator:source=solar", "imagery_note": "osm=73.19283,34.12345 | bing=https://www.bing.com/maps?cp=34.12345~73.19283&lvl=19&style=a | google=https://www.google.com/maps/@34.12345,73.19283,200m/data=!3m1!1e3" }, "geometry": { "type": "Polygon", "coordinates": [ [ [ 73.192866419831702, 34.123447497784099 ], [ 73.192831391669799, 34.123480648028597 ], [ 73.192800276526, 34.123457908150698 ], [ 73.192835304690206, 34.123424757914798 ], [ 73.192866419831702, 34.123447497784099 ] ] ] } },
{ "type": "Feature", "properties": { "lead_id": "pakistan-small-pv-roofclf-0060", "cell": "0062_0011", "roof_area_m2": 87.0741, "est_kwp": 8.61, "p_roofclf": 0.9988, "sppi": -0.0983, "fixme": "Possible small rooftop PV (87 m2 roof, roofclf p=1.00 alone -- SPPI=-0.10 shown for reference only, not used to filter this population -- not near any existing OSM solar feature) -- check imagery; if real, map as generator:source=solar or power=generator + generator:source=solar", "imagery_note": "osm=67.06465,24.83324 | bing=https://www.bing.com/maps?cp=24.83324~67.06465&lvl=19&style=a | google=https://www.google.com/maps/@24.83324,67.06465,200m/data=!3m1!1e3" }, "geometry": { "type": "Polygon", "coordinates": [ [ [ 67.064724532596699, 24.833260069559302 ], [ 67.064684918033294, 24.833302663093498 ], [ 67.064579019758099, 24.8332206403825 ], [ 67.064618634327502, 24.833178046876501 ], [ 67.064724532596699, 24.833260069559302 ] ] ] } },
{ "type": "Feature", "properties": { "lead_id": "pakistan-small-pv-roofclf-0061", "cell": "0073_0038", "roof_area_m2": 248.0563, "est_kwp": 24.54, "p_roofclf": 0.9988, "sppi": 0.0802, "fixme": "Possible small rooftop PV (248 m2 roof, roofclf p=1.00 alone -- SPPI=0.08 shown for reference only, not used to filter this population -- not near any existing OSM solar feature) -- check imagery; if real, map as generator:source=solar or power=generator + generator:source=solar", "imagery_note": "osm=68.19487,27.56119 | bing=https://www.bing.com/maps?cp=27.56119~68.19487&lvl=19&style=a | google=https://www.google.com/maps/@27.56119,68.19487,200m/data=!3m1!1e3" }, "geometry": { "type": "Polygon", "coordinates": [ [ [ 68.194933708171106, 27.561287941898499 ], [ 68.194818428673599, 27.561290841424402 ], [ 68.194812217128998, 27.561094688722903 ], [ 68.194927496420917, 27.561091789197604 ], [ 68.194933708171106, 27.561287941898499 ] ] ] } },
{ "type": "Feature", "properties": { "lead_id": "pakistan-small-pv-roofclf-0062", "cell": "0135_0078", "roof_area_m2": 181.1426, "est_kwp": 17.92, "p_roofclf": 0.9988, "sppi": 0.0718, "fixme": "Possible small rooftop PV (181 m2 roof, roofclf p=1.00 alone -- SPPI=0.07 shown for reference only, not used to filter this population -- not near any existing OSM solar feature) -- check imagery; if real, map as generator:source=solar or power=generator + generator:source=solar", "imagery_note": "osm=74.39738,31.54025 | bing=https://www.bing.com/maps?cp=31.54025~74.39738&lvl=19&style=a | google=https://www.google.com/maps/@31.54025,74.39738,200m/data=!3m1!1e3" }, "geometry": { "type": "Polygon", "coordinates": [ [ [ 74.3974423, 31.5401611 ], [ 74.3974428, 31.5401941 ], [ 74.3974443, 31.540296 ], [ 74.3973169, 31.5402974 ], [ 74.3973149, 31.5401625 ], [ 74.3974423, 31.5401611 ] ] ] } },
{ "type": "Feature", "properties": { "lead_id": "pakistan-small-pv-roofclf-0063", "cell": "0074_0016", "roof_area_m2": 54.4052, "est_kwp": 5.38, "p_roofclf": 0.9987, "sppi": -0.0935, "fixme": "Possible small rooftop PV (54 m2 roof, roofclf p=1.00 alone -- SPPI=-0.09 shown for reference only, not used to filter this population -- not near any existing OSM solar feature) -- check imagery; if real, map as generator:source=solar or power=generator + generator:source=solar", "imagery_note": "osm=68.33397,25.38640 | bing=https://www.bing.com/maps?cp=25.38640~68.33397&lvl=19&style=a | google=https://www.google.com/maps/@25.38640,68.33397,200m/data=!3m1!1e3" }, "geometry": { "type": "Polygon", "coordinates": [ [ [ 68.334026640919603, 25.386398388304304 ], [ 68.333994769953705, 25.386441350604301 ], [ 68.333916808165696, 25.386393625116 ], [ 68.333948679145905, 25.386350662833102 ], [ 68.334026640919603, 25.386398388304304 ] ] ] } },
{ "type": "Feature", "properties": { "lead_id": "pakistan-small-pv-roofclf-0064", "cell": "0119_0100", "roof_area_m2": 229.6248, "est_kwp": 22.71, "p_roofclf": 0.9987, "sppi": 0.1154, "fixme": "Possible small rooftop PV (230 m2 roof, roofclf p=1.00 alone -- SPPI=0.12 shown for reference only, not used to filter this population -- not near any existing OSM solar feature) -- check imagery; if real, map as generator:source=solar or power=generator + generator:source=solar", "imagery_note": "osm=72.74297,33.75657 | bing=https://www.bing.com/maps?cp=33.75657~72.74297&lvl=19&style=a | google=https://www.google.com/maps/@33.75657,72.74297,200m/data=!3m1!1e3" }, "geometry": { "type": "Polygon", "coordinates": [ [ [ 72.743072665057895, 33.756608028418 ], [ 72.742890996310294, 33.756641909955299 ], [ 72.742859689170004, 33.756524791471897 ], [ 72.743041357676603, 33.756490909970502 ], [ 72.743072665057895, 33.756608028418 ] ] ] } },
{ "type": "Feature", "properties": { "lead_id": "pakistan-small-pv-roofclf-0065", "cell": "0074_0016", "roof_area_m2": 357.2121, "est_kwp": 35.33, "p_roofclf": 0.9987, "sppi": 0.0867, "fixme": "Possible small rooftop PV (357 m2 roof, roofclf p=1.00 alone -- SPPI=0.09 shown for reference only, not used to filter this population -- not near any existing OSM solar feature) -- check imagery; if real, map as generator:source=solar or power=generator + generator:source=solar", "imagery_note": "osm=68.28434,25.34796 | bing=https://www.bing.com/maps?cp=25.34796~68.28434&lvl=19&style=a | google=https://www.google.com/maps/@25.34796,68.28434,200m/data=!3m1!1e3" }, "geometry": { "type": "Polygon", "coordinates": [ [ [ 68.284244019949597, 25.3478530599903 ], [ 68.284232000168601, 25.347872934854301 ], [ 68.284370274276, 25.347941986379698 ], [ 68.284382294042004, 25.347922111504001 ], [ 68.284506176817601, 25.347983976085899 ], [ 68.284447739018802, 25.348080604011798 ], [ 68.284165199944397, 25.347939509364402 ], [ 68.284223637894698, 25.347842881553099 ], [ 68.284244019949597, 25.3478530599903 ] ] ] } },
{ "type": "Feature", "properties": { "lead_id": "pakistan-small-pv-roofclf-0066", "cell": "0111_0103", "roof_area_m2": 25.5775, "est_kwp": 2.53, "p_roofclf": 0.9987, "sppi": 0.1225, "fixme": "Possible small rooftop PV (26 m2 roof, roofclf p=1.00 alone -- SPPI=0.12 shown for reference only, not used to filter this population -- not near any existing OSM solar feature) -- check imagery; if real, map as generator:source=solar or power=generator + generator:source=solar", "imagery_note": "osm=71.99246,34.09487 | bing=https://www.bing.com/maps?cp=34.09487~71.99246&lvl=19&style=a | google=https://www.google.com/maps/@34.09487,71.99246,200m/data=!3m1!1e3" }, "geometry": { "type": "Polygon", "coordinates": [ [ [ 71.992488658815901, 34.09488753743441 ], [ 71.992437018746202, 34.094893751200097 ], [ 71.992428781060397, 34.094846368506097 ], [ 71.9924804211024, 34.094840154745199 ], [ 71.992488658815901, 34.09488753743441 ] ] ] } },
{ "type": "Feature", "properties": { "lead_id": "pakistan-small-pv-roofclf-0067", "cell": "0061_0064", "roof_area_m2": 11.4368, "est_kwp": 1.13, "p_roofclf": 0.9987, "sppi": -0.0371, "fixme": "Possible small rooftop PV (11 m2 roof, roofclf p=1.00 alone -- SPPI=-0.04 shown for reference only, not used to filter this population -- not near any existing OSM solar feature) -- check imagery; if real, map as generator:source=solar or power=generator + generator:source=solar", "imagery_note": "osm=67.02550,30.17415 | bing=https://www.bing.com/maps?cp=30.17415~67.02550&lvl=19&style=a | google=https://www.google.com/maps/@30.17415,67.02550,200m/data=!3m1!1e3" }, "geometry": { "type": "Polygon", "coordinates": [ [ [ 67.025524048934301, 30.174133273095102 ], [ 67.025516714671696, 30.174164758527592 ], [ 67.025484069340607, 30.174159017840903 ], [ 67.025491403612904, 30.174127532410498 ], [ 67.025524048934301, 30.174133273095102 ] ] ] } },
{ "type": "Feature", "properties": { "lead_id": "pakistan-small-pv-roofclf-0068", "cell": "0063_0011", "roof_area_m2": 204.3863, "est_kwp": 20.22, "p_roofclf": 0.9987, "sppi": 0.0715, "fixme": "Possible small rooftop PV (204 m2 roof, roofclf p=1.00 alone -- SPPI=0.07 shown for reference only, not used to filter this population -- not near any existing OSM solar feature) -- check imagery; if real, map as generator:source=solar or power=generator + generator:source=solar", "imagery_note": "osm=67.17102,24.87939 | bing=https://www.bing.com/maps?cp=24.87939~67.17102&lvl=19&style=a | google=https://www.google.com/maps/@24.87939,67.17102,200m/data=!3m1!1e3" }, "geometry": { "type": "Polygon", "coordinates": [ [ [ 67.1710575, 24.8793002 ], [ 67.1711018, 24.879307 ], [ 67.1710981, 24.8793268 ], [ 67.1711195, 24.8793301 ], [ 67.1711138, 24.8793607 ], [ 67.1710797, 24.8793554 ], [ 67.1710663, 24.8794273 ], [ 67.1710347, 24.8794224 ], [ 67.1710272, 24.8794626 ], [ 67.1709499, 24.8794506 ], [ 67.1709802, 24.8792882 ], [ 67.1710575, 24.8793002 ] ] ] } },
{ "type": "Feature", "properties": { "lead_id": "pakistan-small-pv-roofclf-0069", "cell": "0111_0103", "roof_area_m2": 139.2388, "est_kwp": 13.77, "p_roofclf": 0.9987, "sppi": 0.1136, "fixme": "Possible small rooftop PV (139 m2 roof, roofclf p=1.00 alone -- SPPI=0.11 shown for reference only, not used to filter this population -- not near any existing OSM solar feature) -- check imagery; if real, map as generator:source=solar or power=generator + generator:source=solar", "imagery_note": "osm=71.98924,34.09593 | bing=https://www.bing.com/maps?cp=34.09593~71.98924&lvl=19&style=a | google=https://www.google.com/maps/@34.09593,71.98924,200m/data=!3m1!1e3" }, "geometry": { "type": "Polygon", "coordinates": [ [ [ 71.989290303952998, 34.095868305347999 ], [ 71.989288713144802, 34.095999510712801 ], [ 71.989185077136796, 34.095998641017196 ], [ 71.989186668105106, 34.095867435645104 ], [ 71.989290303952998, 34.095868305347999 ] ] ] } },
{ "type": "Feature", "properties": { "lead_id": "pakistan-small-pv-roofclf-0070", "cell": "0061_0064", "roof_area_m2": 9.9768, "est_kwp": 0.99, "p_roofclf": 0.9986, "sppi": -0.0371, "fixme": "Possible small rooftop PV (10 m2 roof, roofclf p=1.00 alone -- SPPI=-0.04 shown for reference only, not used to filter this population -- not near any existing OSM solar feature) -- check imagery; if real, map as generator:source=solar or power=generator + generator:source=solar", "imagery_note": "osm=67.02548,30.17418 | bing=https://www.bing.com/maps?cp=30.17418~67.02548&lvl=19&style=a | google=https://www.google.com/maps/@30.17418,67.02548,200m/data=!3m1!1e3" }, "geometry": { "type": "Polygon", "coordinates": [ [ [ 67.025500309475603, 30.174164537453503 ], [ 67.025488561988993, 30.174196725063705 ], [ 67.025462213621594, 30.174189465583805 ], [ 67.025473961115594, 30.174157277976299 ], [ 67.025500309475603, 30.174164537453503 ] ] ] } },
{ "type": "Feature", "properties": { "lead_id": "pakistan-small-pv-roofclf-0071", "cell": "0119_0100", "roof_area_m2": 70.1234, "est_kwp": 6.94, "p_roofclf": 0.9986, "sppi": 0.1411, "fixme": "Possible small rooftop PV (70 m2 roof, roofclf p=1.00 alone -- SPPI=0.14 shown for reference only, not used to filter this population -- not near any existing OSM solar feature) -- check imagery; if real, map as generator:source=solar or power=generator + generator:source=solar", "imagery_note": "osm=72.74314,33.75653 | bing=https://www.bing.com/maps?cp=33.75653~72.74314&lvl=19&style=a | google=https://www.google.com/maps/@33.75653,72.74314,200m/data=!3m1!1e3" }, "geometry": { "type": "Polygon", "coordinates": [ [ [ 72.743189915372398, 33.756570176895501 ], [ 72.743116650301204, 33.756583841075098 ], [ 72.743092943424401, 33.756495155703107 ], [ 72.743166208422295, 33.756481491534501 ], [ 72.743189915372398, 33.756570176895501 ] ] ] } },
{ "type": "Feature", "properties": { "lead_id": "pakistan-small-pv-roofclf-0072", "cell": "0135_0076", "roof_area_m2": 240.7189, "est_kwp": 23.81, "p_roofclf": 0.9985, "sppi": 0.0295, "fixme": "Possible small rooftop PV (241 m2 roof, roofclf p=1.00 alone -- SPPI=0.03 shown for reference only, not used to filter this population -- not near any existing OSM solar feature) -- check imagery; if real, map as generator:source=solar or power=generator + generator:source=solar", "imagery_note": "osm=74.37905,31.33108 | bing=https://www.bing.com/maps?cp=31.33108~74.37905&lvl=19&style=a | google=https://www.google.com/maps/@31.33108,74.37905,200m/data=!3m1!1e3" }, "geometry": { "type": "Polygon", "coordinates": [ [ [ 74.379176534681505, 31.331048914624905 ], [ 74.379164439919293, 31.331143086588504 ], [ 74.378925315921094, 31.331120457901303 ], [ 74.378937410917402, 31.331026285962999 ], [ 74.379176534681505, 31.331048914624905 ] ] ] } },
{ "type": "Feature", "properties": { "lead_id": "pakistan-small-pv-roofclf-0073", "cell": "0106_0098", "roof_area_m2": 98.4547, "est_kwp": 9.74, "p_roofclf": 0.9985, "sppi": 0.0526, "fixme": "Possible small rooftop PV (98 m2 roof, roofclf p=1.00 alone -- SPPI=0.05 shown for reference only, not used to filter this population -- not near any existing OSM solar feature) -- check imagery; if real, map as generator:source=solar or power=generator + generator:source=solar", "imagery_note": "osm=71.50101,33.51999 | bing=https://www.bing.com/maps?cp=33.51999~71.50101&lvl=19&style=a | google=https://www.google.com/maps/@33.51999,71.50101,200m/data=!3m1!1e3" }, "geometry": { "type": "Polygon", "coordinates": [ [ [ 71.5011326, 33.51998780000001 ], [ 71.5011264, 33.5200266 ], [ 71.5008849, 33.5199994 ], [ 71.5008911, 33.5199605 ], [ 71.5011326, 33.51998780000001 ] ] ] } },
{ "type": "Feature", "properties": { "lead_id": "pakistan-small-pv-roofclf-0074", "cell": "0121_0077", "roof_area_m2": 129.5515, "est_kwp": 12.81, "p_roofclf": 0.9984, "sppi": 0.1136, "fixme": "Possible small rooftop PV (130 m2 roof, roofclf p=1.00 alone -- SPPI=0.11 shown for reference only, not used to filter this population -- not near any existing OSM solar feature) -- check imagery; if real, map as generator:source=solar or power=generator + generator:source=solar", "imagery_note": "osm=73.03615,31.44613 | bing=https://www.bing.com/maps?cp=31.44613~73.03615&lvl=19&style=a | google=https://www.google.com/maps/@31.44613,73.03615,200m/data=!3m1!1e3" }, "geometry": { "type": "Polygon", "coordinates": [ [ [ 73.036143415175502, 31.4460324996972 ], [ 73.036174784436, 31.446064402096496 ], [ 73.036151582522294, 31.446081170322802 ], [ 73.036239905616313, 31.446170994387604 ], [ 73.036187005182398, 31.4462092259771 ], [ 73.036067312855806, 31.4460874994598 ], [ 73.036143415175502, 31.4460324996972 ] ] ] } },
{ "type": "Feature", "properties": { "lead_id": "pakistan-small-pv-roofclf-0075", "cell": "0133_0077", "roof_area_m2": 168.0337, "est_kwp": 16.62, "p_roofclf": 0.9984, "sppi": 0.0611, "fixme": "Possible small rooftop PV (168 m2 roof, roofclf p=1.00 alone -- SPPI=0.06 shown for reference only, not used to filter this population -- not near any existing OSM solar feature) -- check imagery; if real, map as generator:source=solar or power=generator + generator:source=solar", "imagery_note": "osm=74.19235,31.45037 | bing=https://www.bing.com/maps?cp=31.45037~74.19235&lvl=19&style=a | google=https://www.google.com/maps/@31.45037,74.19235,200m/data=!3m1!1e3" }, "geometry": { "type": "Polygon", "coordinates": [ [ [ 74.192393319304003, 31.450261659077007 ], [ 74.192377841117903, 31.4504874806257 ], [ 74.192307539190907, 31.450483939295491 ], [ 74.192323017544695, 31.450258117757897 ], [ 74.192393319304003, 31.450261659077007 ] ] ] } },
{ "type": "Feature", "properties": { "lead_id": "pakistan-small-pv-roofclf-0076", "cell": "0119_0100", "roof_area_m2": 222.946, "est_kwp": 22.05, "p_roofclf": 0.9984, "sppi": 0.136, "fixme": "Possible small rooftop PV (223 m2 roof, roofclf p=1.00 alone -- SPPI=0.14 shown for reference only, not used to filter this population -- not near any existing OSM solar feature) -- check imagery; if real, map as generator:source=solar or power=generator + generator:source=solar", "imagery_note": "osm=72.78708,33.74262 | bing=https://www.bing.com/maps?cp=33.74262~72.78708&lvl=19&style=a | google=https://www.google.com/maps/@33.74262,72.78708,200m/data=!3m1!1e3" }, "geometry": { "type": "Polygon", "coordinates": [ [ [ 72.787206217466505, 33.742648128663902 ], [ 72.786969206441995, 33.742672475756997 ], [ 72.786955940817094, 33.742582347909099 ], [ 72.787192951594307, 33.742558000831302 ], [ 72.787206217466505, 33.742648128663902 ] ] ] } },
{ "type": "Feature", "properties": { "lead_id": "pakistan-small-pv-roofclf-0077", "cell": "0123_0106", "roof_area_m2": 190.7045, "est_kwp": 18.86, "p_roofclf": 0.9984, "sppi": 0.0407, "fixme": "Possible small rooftop PV (191 m2 roof, roofclf p=1.00 alone -- SPPI=0.04 shown for reference only, not used to filter this population -- not near any existing OSM solar feature) -- check imagery; if real, map as generator:source=solar or power=generator + generator:source=solar", "imagery_note": "osm=73.22583,34.34694 | bing=https://www.bing.com/maps?cp=34.34694~73.22583&lvl=19&style=a | google=https://www.google.com/maps/@34.34694,73.22583,200m/data=!3m1!1e3" }, "geometry": { "type": "Polygon", "coordinates": [ [ [ 73.225886181381298, 34.346887198730599 ], [ 73.225843546096698, 34.347001963847497 ], [ 73.225991685700805, 34.347039824503803 ], [ 73.225972294198399, 34.347092022431298 ], [ 73.225768282399301, 34.347039882223598 ], [ 73.225830309364497, 34.346872919235601 ], [ 73.225886181381298, 34.346887198730599 ] ] ] } },
{ "type": "Feature", "properties": { "lead_id": "pakistan-small-pv-roofclf-0078", "cell": "0106_0064", "roof_area_m2": 276.6692, "est_kwp": 27.37, "p_roofclf": 0.9984, "sppi": 0.0919, "fixme": "Possible small rooftop PV (277 m2 roof, roofclf p=1.00 alone -- SPPI=0.09 shown for reference only, not used to filter this population -- not near any existing OSM solar feature) -- check imagery; if real, map as generator:source=solar or power=generator + generator:source=solar", "imagery_note": "osm=71.48415,30.13775 | bing=https://www.bing.com/maps?cp=30.13775~71.48415&lvl=19&style=a | google=https://www.google.com/maps/@30.13775,71.48415,200m/data=!3m1!1e3" }, "geometry": { "type": "Polygon", "coordinates": [ [ [ 71.48429855831921, 30.137712243245197 ], [ 71.484296513356696, 30.137798454244209 ], [ 71.483996516796694, 30.137793077918897 ], [ 71.483998562021199, 30.137706866904505 ], [ 71.48429855831921, 30.137712243245197 ] ] ] } },
{ "type": "Feature", "properties": { "lead_id": "pakistan-small-pv-roofclf-0079", "cell": "0122_0076", "roof_area_m2": 187.231, "est_kwp": 18.52, "p_roofclf": 0.9983, "sppi": 0.1176, "fixme": "Possible small rooftop PV (187 m2 roof, roofclf p=1.00 alone -- SPPI=0.12 shown for reference only, not used to filter this population -- not near any existing OSM solar feature) -- check imagery; if real, map as generator:source=solar or power=generator + generator:source=solar", "imagery_note": "osm=73.08037,31.36877 | bing=https://www.bing.com/maps?cp=31.36877~73.08037&lvl=19&style=a | google=https://www.google.com/maps/@31.36877,73.08037,200m/data=!3m1!1e3" }, "geometry": { "type": "Polygon", "coordinates": [ [ [ 73.080484281143896, 31.368739999741504 ], [ 73.080327480617115, 31.368860499975504 ], [ 73.0802619686458, 31.368797739599692 ], [ 73.080418769142796, 31.368677239444196 ], [ 73.080484281143896, 31.368739999741504 ] ] ] } },
{ "type": "Feature", "properties": { "lead_id": "pakistan-small-pv-roofclf-0080", "cell": "0121_0099", "roof_area_m2": 342.5011, "est_kwp": 33.88, "p_roofclf": 0.9983, "sppi": -0.0155, "fixme": "Possible small rooftop PV (343 m2 roof, roofclf p=1.00 alone -- SPPI=-0.02 shown for reference only, not used to filter this population -- not near any existing OSM solar feature) -- check imagery; if real, map as generator:source=solar or power=generator + generator:source=solar", "imagery_note": "osm=73.01794,33.69560 | bing=https://www.bing.com/maps?cp=33.69560~73.01794&lvl=19&style=a | google=https://www.google.com/maps/@33.69560,73.01794,200m/data=!3m1!1e3" }, "geometry": { "type": "Polygon", "coordinates": [ [ [ 73.018080494346606, 33.695576562985011 ], [ 73.017975580727295, 33.695718443878398 ], [ 73.017805785043805, 33.695630719309399 ], [ 73.017910698820799, 33.6954888385646 ], [ 73.018080494346606, 33.695576562985011 ] ] ] } },
{ "type": "Feature", "properties": { "lead_id": "pakistan-small-pv-roofclf-0081", "cell": "0062_0011", "roof_area_m2": 121.3388, "est_kwp": 12.0, "p_roofclf": 0.9983, "sppi": -0.0596, "fixme": "Possible small rooftop PV (121 m2 roof, roofclf p=1.00 alone -- SPPI=-0.06 shown for reference only, not used to filter this population -- not near any existing OSM solar feature) -- check imagery; if real, map as generator:source=solar or power=generator + generator:source=solar", "imagery_note": "osm=67.07232,24.85630 | bing=https://www.bing.com/maps?cp=24.85630~67.07232&lvl=19&style=a | google=https://www.google.com/maps/@24.85630,67.07232,200m/data=!3m1!1e3" }, "geometry": { "type": "Polygon", "coordinates": [ [ [ 67.072395848766504, 24.856295033949305 ], [ 67.072352051307703, 24.856368536501005 ], [ 67.072238476341397, 24.8563121987366 ], [ 67.072282273842603, 24.856238696220597 ], [ 67.072395848766504, 24.856295033949305 ] ] ] } },
{ "type": "Feature", "properties": { "lead_id": "pakistan-small-pv-roofclf-0082", "cell": "0136_0087", "roof_area_m2": 236.9003, "est_kwp": 23.43, "p_roofclf": 0.9983, "sppi": 0.1239, "fixme": "Possible small rooftop PV (237 m2 roof, roofclf p=1.00 alone -- SPPI=0.12 shown for reference only, not used to filter this population -- not near any existing OSM solar feature) -- check imagery; if real, map as generator:source=solar or power=generator + generator:source=solar", "imagery_note": "osm=74.52628,32.46986 | bing=https://www.bing.com/maps?cp=32.46986~74.52628&lvl=19&style=a | google=https://www.google.com/maps/@32.46986,74.52628,200m/data=!3m1!1e3" }, "geometry": { "type": "Polygon", "coordinates": [ [ [ 74.526344356391604, 32.4697725939278 ], [ 74.526352167379201, 32.469941466067297 ], [ 74.5262178924567, 32.469945929220302 ], [ 74.526210081720095, 32.469777057077103 ], [ 74.526344356391604, 32.4697725939278 ] ] ] } },
{ "type": "Feature", "properties": { "lead_id": "pakistan-small-pv-roofclf-0083", "cell": "0074_0016", "roof_area_m2": 84.3494, "est_kwp": 8.34, "p_roofclf": 0.9982, "sppi": -0.0029, "fixme": "Possible small rooftop PV (84 m2 roof, roofclf p=1.00 alone -- SPPI=-0.00 shown for reference only, not used to filter this population -- not near any existing OSM solar feature) -- check imagery; if real, map as generator:source=solar or power=generator + generator:source=solar", "imagery_note": "osm=68.27782,25.38141 | bing=https://www.bing.com/maps?cp=25.38141~68.27782&lvl=19&style=a | google=https://www.google.com/maps/@25.38141,68.27782,200m/data=!3m1!1e3" }, "geometry": { "type": "Polygon", "coordinates": [ [ [ 68.27788413176701, 25.3814017376354 ], [ 68.277831633415403, 25.381467050085199 ], [ 68.277756228835599, 25.381417029986 ], [ 68.277808727202796, 25.381351717561799 ], [ 68.27788413176701, 25.3814017376354 ] ] ] } },
{ "type": "Feature", "properties": { "lead_id": "pakistan-small-pv-roofclf-0084", "cell": "0106_0098", "roof_area_m2": 27.2747, "est_kwp": 2.7, "p_roofclf": 0.9982, "sppi": 0.0614, "fixme": "Possible small rooftop PV (27 m2 roof, roofclf p=1.00 alone -- SPPI=0.06 shown for reference only, not used to filter this population -- not near any existing OSM solar feature) -- check imagery; if real, map as generator:source=solar or power=generator + generator:source=solar", "imagery_note": "osm=71.50104,33.51995 | bing=https://www.bing.com/maps?cp=33.51995~71.50104&lvl=19&style=a | google=https://www.google.com/maps/@33.51995,71.50104,200m/data=!3m1!1e3" }, "geometry": { "type": "Polygon", "coordinates": [ [ [ 71.501048813478604, 33.519926769270398 ], [ 71.501045108107419, 33.519949835102693 ], [ 71.501075798673398, 33.519953294012097 ], [ 71.501071370944899, 33.519980856546901 ], [ 71.501006055757699, 33.519973495340601 ], [ 71.501014188887098, 33.519922866975698 ], [ 71.501048813478604, 33.519926769270398 ] ] ] } },
{ "type": "Feature", "properties": { "lead_id": "pakistan-small-pv-roofclf-0085", "cell": "0063_0011", "roof_area_m2": 43.5997, "est_kwp": 4.31, "p_roofclf": 0.9982, "sppi": 0.1723, "fixme": "Possible small rooftop PV (44 m2 roof, roofclf p=1.00 alone -- SPPI=0.17 shown for reference only, not used to filter this population -- not near any existing OSM solar feature) -- check imagery; if real, map as generator:source=solar or power=generator + generator:source=solar", "imagery_note": "osm=67.17101,24.87968 | bing=https://www.bing.com/maps?cp=24.87968~67.17101&lvl=19&style=a | google=https://www.google.com/maps/@24.87968,67.17101,200m/data=!3m1!1e3" }, "geometry": { "type": "Polygon", "coordinates": [ [ [ 67.171052132220296, 24.879693824335298 ], [ 67.171010356602096, 24.879726907048298 ], [ 67.170959863986596, 24.879673848690899 ], [ 67.1710016395986, 24.879640765991503 ], [ 67.171052132220296, 24.879693824335298 ] ] ] } },
{ "type": "Feature", "properties": { "lead_id": "pakistan-small-pv-roofclf-0086", "cell": "0121_0099", "roof_area_m2": 301.8724, "est_kwp": 29.86, "p_roofclf": 0.9981, "sppi": 0.1394, "fixme": "Possible small rooftop PV (302 m2 roof, roofclf p=1.00 alone -- SPPI=0.14 shown for reference only, not used to filter this population -- not near any existing OSM solar feature) -- check imagery; if real, map as generator:source=solar or power=generator + generator:source=solar", "imagery_note": "osm=72.98234,33.62489 | bing=https://www.bing.com/maps?cp=33.62489~72.98234&lvl=19&style=a | google=https://www.google.com/maps/@33.62489,72.98234,200m/data=!3m1!1e3" }, "geometry": { "type": "Polygon", "coordinates": [ [ [ 72.982182465753695, 33.624915556841401 ], [ 72.982230940667193, 33.624922382853399 ], [ 72.982249449083312, 33.624830395843503 ], [ 72.982456994101199, 33.624859621134199 ], [ 72.982431081708697, 33.62498840744 ], [ 72.982175061461007, 33.624952356085593 ], [ 72.982182465753695, 33.624915556841401 ] ] ] } },
{ "type": "Feature", "properties": { "lead_id": "pakistan-small-pv-roofclf-0087", "cell": "0062_0011", "roof_area_m2": 17.2071, "est_kwp": 1.7, "p_roofclf": 0.998, "sppi": 0.0818, "fixme": "Possible small rooftop PV (17 m2 roof, roofclf p=1.00 alone -- SPPI=0.08 shown for reference only, not used to filter this population -- not near any existing OSM solar feature) -- check imagery; if real, map as generator:source=solar or power=generator + generator:source=solar", "imagery_note": "osm=67.13044,24.87947 | bing=https://www.bing.com/maps?cp=24.87947~67.13044&lvl=19&style=a | google=https://www.google.com/maps/@24.87947,67.13044,200m/data=!3m1!1e3" }, "geometry": { "type": "Polygon", "coordinates": [ [ [ 67.130466534637094, 24.879455960321199 ], [ 67.130461959056504, 24.8794926323793 ], [ 67.130420662909103, 24.879488344657403 ], [ 67.130425238501402, 24.879451672601796 ], [ 67.130466534637094, 24.879455960321199 ] ] ] } },
{ "type": "Feature", "properties": { "lead_id": "pakistan-small-pv-roofclf-0088", "cell": "0111_0103", "roof_area_m2": 98.8084, "est_kwp": 9.77, "p_roofclf": 0.998, "sppi": 0.1082, "fixme": "Possible small rooftop PV (99 m2 roof, roofclf p=1.00 alone -- SPPI=0.11 shown for reference only, not used to filter this population -- not near any existing OSM solar feature) -- check imagery; if real, map as generator:source=solar or power=generator + generator:source=solar", "imagery_note": "osm=71.98793,34.09564 | bing=https://www.bing.com/maps?cp=34.09564~71.98793&lvl=19&style=a | google=https://www.google.com/maps/@34.09564,71.98793,200m/data=!3m1!1e3" }, "geometry": { "type": "Polygon", "coordinates": [ [ [ 71.987980025050334, 34.095596375797108 ], [ 71.987984167691721, 34.09568731357993 ], [ 71.987878195157776, 34.095690617946765 ], [ 71.987874060191288, 34.095599679928199 ], [ 71.987980025050334, 34.095596375797108 ] ] ] } },
{ "type": "Feature", "properties": { "lead_id": "pakistan-small-pv-roofclf-0089", "cell": "0111_0103", "roof_area_m2": 77.9539, "est_kwp": 7.71, "p_roofclf": 0.998, "sppi": 0.0989, "fixme": "Possible small rooftop PV (78 m2 roof, roofclf p=1.00 alone -- SPPI=0.10 shown for reference only, not used to filter this population -- not near any existing OSM solar feature) -- check imagery; if real, map as generator:source=solar or power=generator + generator:source=solar", "imagery_note": "osm=71.98922,34.08928 | bing=https://www.bing.com/maps?cp=34.08928~71.98922&lvl=19&style=a | google=https://www.google.com/maps/@34.08928,71.98922,200m/data=!3m1!1e3" }, "geometry": { "type": "Polygon", "coordinates": [ [ [ 71.989188993762298, 34.089237070539099 ], [ 71.989189730407801, 34.089258988098798 ], [ 71.989302900338501, 34.089256355127901 ], [ 71.989304263510107, 34.089296912177097 ], [ 71.989142800272106, 34.08930066869511 ], [ 71.989140700544198, 34.0892381940794 ], [ 71.989188993762298, 34.089237070539099 ] ] ] } },
{ "type": "Feature", "properties": { "lead_id": "pakistan-small-pv-roofclf-0090", "cell": "0106_0102", "roof_area_m2": 203.2137, "est_kwp": 20.1, "p_roofclf": 0.9979, "sppi": 0.1239, "fixme": "Possible small rooftop PV (203 m2 roof, roofclf p=1.00 alone -- SPPI=0.12 shown for reference only, not used to filter this population -- not near any existing OSM solar feature) -- check imagery; if real, map as generator:source=solar or power=generator + generator:source=solar", "imagery_note": "osm=71.45758,33.97323 | bing=https://www.bing.com/maps?cp=33.97323~71.45758&lvl=19&style=a | google=https://www.google.com/maps/@33.97323,71.45758,200m/data=!3m1!1e3" }, "geometry": { "type": "Polygon", "coordinates": [ [ [ 71.457667459916806, 33.973307774831106 ], [ 71.457570526214099, 33.973337138050702 ], [ 71.457491719324395, 33.973156555995701 ], [ 71.457588652859002, 33.973127192844601 ], [ 71.457667459916806, 33.973307774831106 ] ] ] } },
{ "type": "Feature", "properties": { "lead_id": "pakistan-small-pv-roofclf-0091", "cell": "0135_0077", "roof_area_m2": 23.3524, "est_kwp": 2.31, "p_roofclf": 0.9979, "sppi": -0.1002, "fixme": "Possible small rooftop PV (23 m2 roof, roofclf p=1.00 alone -- SPPI=-0.10 shown for reference only, not used to filter this population -- not near any existing OSM solar feature) -- check imagery; if real, map as generator:source=solar or power=generator + generator:source=solar", "imagery_note": "osm=74.43619,31.46619 | bing=https://www.bing.com/maps?cp=31.46619~74.43619&lvl=19&style=a | google=https://www.google.com/maps/@31.46619,74.43619,200m/data=!3m1!1e3" }, "geometry": { "type": "Polygon", "coordinates": [ [ [ 74.436200903557094, 31.466156896900301 ], [ 74.436221652960498, 31.466204971676508 ], [ 74.436181138162695, 31.466217818497896 ], [ 74.436160388777097, 31.466169743715501 ], [ 74.436200903557094, 31.466156896900301 ] ] ] } },
{ "type": "Feature", "properties": { "lead_id": "pakistan-small-pv-roofclf-0092", "cell": "0111_0103", "roof_area_m2": 121.4912, "est_kwp": 12.02, "p_roofclf": 0.9979, "sppi": 0.1234, "fixme": "Possible small rooftop PV (121 m2 roof, roofclf p=1.00 alone -- SPPI=0.12 shown for reference only, not used to filter this population -- not near any existing OSM solar feature) -- check imagery; if real, map as generator:source=solar or power=generator + generator:source=solar", "imagery_note": "osm=71.99108,34.09984 | bing=https://www.bing.com/maps?cp=34.09984~71.99108&lvl=19&style=a | google=https://www.google.com/maps/@34.09984,71.99108,200m/data=!3m1!1e3" }, "geometry": { "type": "Polygon", "coordinates": [ [ [ 71.991123477269895, 34.099772605394698 ], [ 71.991125940757698, 34.09990645919671 ], [ 71.991037311230301, 34.099907587996398 ], [ 71.991034847882105, 34.099773734186904 ], [ 71.991123477269895, 34.099772605394698 ] ] ] } },
{ "type": "Feature", "properties": { "lead_id": "pakistan-small-pv-roofclf-0093", "cell": "0106_0098", "roof_area_m2": 24.6922, "est_kwp": 2.44, "p_roofclf": 0.9979, "sppi": 0.0587, "fixme": "Possible small rooftop PV (25 m2 roof, roofclf p=1.00 alone -- SPPI=0.06 shown for reference only, not used to filter this population -- not near any existing OSM solar feature) -- check imagery; if real, map as generator:source=solar or power=generator + generator:source=solar", "imagery_note": "osm=71.50096,33.51990 | bing=https://www.bing.com/maps?cp=33.51990~71.50096&lvl=19&style=a | google=https://www.google.com/maps/@33.51990,71.50096,200m/data=!3m1!1e3" }, "geometry": { "type": "Polygon", "coordinates": [ [ [ 71.500964298799204, 33.5199407276382 ], [ 71.500936972215001, 33.519937647833302 ], [ 71.500950803711603, 33.519851547774003 ], [ 71.500978130268706, 33.519854627577196 ], [ 71.500964298799204, 33.5199407276382 ] ] ] } },
{ "type": "Feature", "properties": { "lead_id": "pakistan-small-pv-roofclf-0094", "cell": "0105_0064", "roof_area_m2": 38.2735, "est_kwp": 3.79, "p_roofclf": 0.9978, "sppi": 0.1228, "fixme": "Possible small rooftop PV (38 m2 roof, roofclf p=1.00 alone -- SPPI=0.12 shown for reference only, not used to filter this population -- not near any existing OSM solar feature) -- check imagery; if real, map as generator:source=solar or power=generator + generator:source=solar", "imagery_note": "osm=71.41771,30.18149 | bing=https://www.bing.com/maps?cp=30.18149~71.41771&lvl=19&style=a | google=https://www.google.com/maps/@30.18149,71.41771,200m/data=!3m1!1e3" }, "geometry": { "type": "Polygon", "coordinates": [ [ [ 71.417743288074405, 30.181470824360897 ], [ 71.417737526288093, 30.181522523891399 ], [ 71.417668905786797, 30.181516751497302 ], [ 71.417674667609205, 30.181465051967901 ], [ 71.417743288074405, 30.181470824360897 ] ] ] } },
{ "type": "Feature", "properties": { "lead_id": "pakistan-small-pv-roofclf-0095", "cell": "0121_0099", "roof_area_m2": 184.494, "est_kwp": 18.25, "p_roofclf": 0.9977, "sppi": -0.3043, "fixme": "Possible small rooftop PV (184 m2 roof, roofclf p=1.00 alone -- SPPI=-0.30 shown for reference only, not used to filter this population -- not near any existing OSM solar feature) -- check imagery; if real, map as generator:source=solar or power=generator + generator:source=solar", "imagery_note": "osm=73.00199,33.69730 | bing=https://www.bing.com/maps?cp=33.69730~73.00199&lvl=19&style=a | google=https://www.google.com/maps/@33.69730,73.00199,200m/data=!3m1!1e3" }, "geometry": { "type": "Polygon", "coordinates": [ [ [ 73.002087042325599, 33.6972633560475 ], [ 73.001994400001607, 33.697395089517599 ], [ 73.001893217313096, 33.697345374387098 ], [ 73.001985859730596, 33.6972136409955 ], [ 73.002087042325599, 33.6972633560475 ] ] ] } },
{ "type": "Feature", "properties": { "lead_id": "pakistan-small-pv-roofclf-0096", "cell": "0137_0087", "roof_area_m2": 56.9682, "est_kwp": 5.63, "p_roofclf": 0.9977, "sppi": 0.0789, "fixme": "Possible small rooftop PV (57 m2 roof, roofclf p=1.00 alone -- SPPI=0.08 shown for reference only, not used to filter this population -- not near any existing OSM solar feature) -- check imagery; if real, map as generator:source=solar or power=generator + generator:source=solar", "imagery_note": "osm=74.58439,32.49563 | bing=https://www.bing.com/maps?cp=32.49563~74.58439&lvl=19&style=a | google=https://www.google.com/maps/@32.49563,74.58439,200m/data=!3m1!1e3" }, "geometry": { "type": "Polygon", "coordinates": [ [ [ 74.5844276724184, 32.495589145204505 ], [ 74.584434597232502, 32.4956574336017 ], [ 74.584355188519694, 32.495663216990899 ], [ 74.584348263765307, 32.495594928589902 ], [ 74.5844276724184, 32.495589145204505 ] ] ] } },
{ "type": "Feature", "properties": { "lead_id": "pakistan-small-pv-roofclf-0097", "cell": "0108_0105", "roof_area_m2": 55.2167, "est_kwp": 5.46, "p_roofclf": 0.9977, "sppi": -0.2609, "fixme": "Possible small rooftop PV (55 m2 roof, roofclf p=1.00 alone -- SPPI=-0.26 shown for reference only, not used to filter this population -- not near any existing OSM solar feature) -- check imagery; if real, map as generator:source=solar or power=generator + generator:source=solar", "imagery_note": "osm=71.68296,34.22121 | bing=https://www.bing.com/maps?cp=34.22121~71.68296&lvl=19&style=a | google=https://www.google.com/maps/@34.22121,71.68296,200m/data=!3m1!1e3" }, "geometry": { "type": "Polygon", "coordinates": [ [ [ 71.683017396392501, 34.221192741617102 ], [ 71.682969233161202, 34.2212617533187 ], [ 71.682910659503904, 34.221233545748703 ], [ 71.682958822770502, 34.221164534068201 ], [ 71.683017396392501, 34.221192741617102 ] ] ] } },
{ "type": "Feature", "properties": { "lead_id": "pakistan-small-pv-roofclf-0098", "cell": "0062_0011", "roof_area_m2": 61.4245, "est_kwp": 6.08, "p_roofclf": 0.9977, "sppi": -0.0596, "fixme": "Possible small rooftop PV (61 m2 roof, roofclf p=1.00 alone -- SPPI=-0.06 shown for reference only, not used to filter this population -- not near any existing OSM solar feature) -- check imagery; if real, map as generator:source=solar or power=generator + generator:source=solar", "imagery_note": "osm=67.07234,24.85622 | bing=https://www.bing.com/maps?cp=24.85622~67.07234&lvl=19&style=a | google=https://www.google.com/maps/@24.85622,67.07234,200m/data=!3m1!1e3" }, "geometry": { "type": "Polygon", "coordinates": [ [ [ 67.072389391054401, 24.856209545458899 ], [ 67.072353040362501, 24.856270550614802 ], [ 67.072283767976501, 24.856236188710401 ], [ 67.072320118689703, 24.856175183572901 ], [ 67.072389391054401, 24.856209545458899 ] ] ] } },
{ "type": "Feature", "properties": { "lead_id": "pakistan-small-pv-roofclf-0099", "cell": "0219_0117", "roof_area_m2": 251.5794, "est_kwp": 24.88, "p_roofclf": 0.9976, "sppi": 0.1248, "fixme": "Possible small rooftop PV (252 m2 roof, roofclf p=1.00 alone -- SPPI=0.12 shown for reference only, not used to filter this population -- not near any existing OSM solar feature) -- check imagery; if real, map as generator:source=solar or power=generator + generator:source=solar", "imagery_note": "osm=74.35342,31.51197 | bing=https://www.bing.com/maps?cp=31.51197~74.35342&lvl=19&style=a | google=https://www.google.com/maps/@31.51197,74.35342,200m/data=!3m1!1e3" }, "geometry": { "type": "Polygon", "coordinates": [ [ [ 74.353490287766206, 31.511901852017399 ], [ 74.353492562009606, 31.511943012336403 ], [ 74.353552432112593, 31.511940584408702 ], [ 74.353555462443396, 31.511995428067497 ], [ 74.353281747847106, 31.512006527853302 ], [ 74.353276443526596, 31.511910523868902 ], [ 74.353490287766206, 31.511901852017399 ] ] ] } },
{ "type": "Feature", "properties": { "lead_id": "pakistan-small-pv-roofclf-0100", "cell": "0123_0104", "roof_area_m2": 81.8763, "est_kwp": 8.1, "p_roofclf": 0.9975, "sppi": -0.1084, "fixme": "Possible small rooftop PV (82 m2 roof, roofclf p=1.00 alone -- SPPI=-0.11 shown for reference only, not used to filter this population -- not near any existing OSM solar feature) -- check imagery; if real, map as generator:source=solar or power=generator + generator:source=solar", "imagery_note": "osm=73.19207,34.12240 | bing=https://www.bing.com/maps?cp=34.12240~73.19207&lvl=19&style=a | google=https://www.google.com/maps/@34.12240,73.19207,200m/data=!3m1!1e3" }, "geometry": { "type": "Polygon", "coordinates": [ [ [ 73.192151896540807, 34.122416931291994 ], [ 73.192110660287895, 34.122460988757496 ], [ 73.191997603525294, 34.122387798536607 ], [ 73.192038839797902, 34.122343741109198 ], [ 73.192151896540807, 34.122416931291994 ] ] ] } },
{ "type": "Feature", "properties": { "lead_id": "pakistan-small-pv-roofclf-0101", "cell": "0106_0065", "roof_area_m2": 225.8832, "est_kwp": 22.34, "p_roofclf": 0.9975, "sppi": 0.0974, "fixme": "Possible small rooftop PV (226 m2 roof, roofclf p=1.00 alone -- SPPI=0.10 shown for reference only, not used to filter this population -- not near any existing OSM solar feature) -- check imagery; if real, map as generator:source=solar or power=generator + generator:source=solar", "imagery_note": "osm=71.48145,30.24764 | bing=https://www.bing.com/maps?cp=30.24764~71.48145&lvl=19&style=a | google=https://www.google.com/maps/@30.24764,71.48145,200m/data=!3m1!1e3" }, "geometry": { "type": "Polygon", "coordinates": [ [ [ 71.481544196868299, 30.247694876228305 ], [ 71.481365970347298, 30.247704068715905 ], [ 71.481357879696802, 30.24758582742821 ], [ 71.481536106006502, 30.247576634963394 ], [ 71.481544196868299, 30.247694876228305 ] ] ] } },
{ "type": "Feature", "properties": { "lead_id": "pakistan-small-pv-roofclf-0102", "cell": "0108_0105", "roof_area_m2": 16.5028, "est_kwp": 1.63, "p_roofclf": 0.9974, "sppi": 0.0157, "fixme": "Possible small rooftop PV (17 m2 roof, roofclf p=1.00 alone -- SPPI=0.02 shown for reference only, not used to filter this population -- not near any existing OSM solar feature) -- check imagery; if real, map as generator:source=solar or power=generator + generator:source=solar", "imagery_note": "osm=71.73400,34.24759 | bing=https://www.bing.com/maps?cp=34.24759~71.73400&lvl=19&style=a | google=https://www.google.com/maps/@34.24759,71.73400,200m/data=!3m1!1e3" }, "geometry": { "type": "Polygon", "coordinates": [ [ [ 71.734025397834003, 34.247568503281691 ], [ 71.734023557847607, 34.247608728774999 ], [ 71.733983475250398, 34.247607464426302 ], [ 71.733985315256206, 34.247567238932703 ], [ 71.734025397834003, 34.247568503281691 ] ] ] } },
{ "type": "Feature", "properties": { "lead_id": "pakistan-small-pv-roofclf-0103", "cell": "0105_0102", "roof_area_m2": 30.5983, "est_kwp": 3.03, "p_roofclf": 0.9974, "sppi": 0.0933, "fixme": "Possible small rooftop PV (31 m2 roof, roofclf p=1.00 alone -- SPPI=0.09 shown for reference only, not used to filter this population -- not near any existing OSM solar feature) -- check imagery; if real, map as generator:source=solar or power=generator + generator:source=solar", "imagery_note": "osm=71.42580,33.98556 | bing=https://www.bing.com/maps?cp=33.98556~71.42580&lvl=19&style=a | google=https://www.google.com/maps/@33.98556,71.42580,200m/data=!3m1!1e3" }, "geometry": { "type": "Polygon", "coordinates": [ [ [ 71.425836928674102, 33.985539145342997 ], [ 71.425805620963203, 33.985602233031202 ], [ 71.4257652176953, 33.985588319580494 ], [ 71.425796525432602, 33.985525231901498 ], [ 71.425836928674102, 33.985539145342997 ] ] ] } },
{ "type": "Feature", "properties": { "lead_id": "pakistan-small-pv-roofclf-0104", "cell": "0137_0087", "roof_area_m2": 32.323, "est_kwp": 3.2, "p_roofclf": 0.9974, "sppi": 0.1288, "fixme": "Possible small rooftop PV (32 m2 roof, roofclf p=1.00 alone -- SPPI=0.13 shown for reference only, not used to filter this population -- not near any existing OSM solar feature) -- check imagery; if real, map as generator:source=solar or power=generator + generator:source=solar", "imagery_note": "osm=74.55988,32.46658 | bing=https://www.bing.com/maps?cp=32.46658~74.55988&lvl=19&style=a | google=https://www.google.com/maps/@32.46658,74.55988,200m/data=!3m1!1e3" }, "geometry": { "type": "Polygon", "coordinates": [ [ [ 74.559818411778494, 32.466567981028099 ], [ 74.559942851310794, 32.4665710985646 ], [ 74.559941984111603, 32.466595976380901 ], [ 74.559817544544799, 32.4665928588432 ], [ 74.559818411778494, 32.466567981028099 ] ] ] } },
{ "type": "Feature", "properties": { "lead_id": "pakistan-small-pv-roofclf-0105", "cell": "0108_0105", "roof_area_m2": 79.3516, "est_kwp": 7.85, "p_roofclf": 0.9973, "sppi": 0.0304, "fixme": "Possible small rooftop PV (79 m2 roof, roofclf p=1.00 alone -- SPPI=0.03 shown for reference only, not used to filter this population -- not near any existing OSM solar feature) -- check imagery; if real, map as generator:source=solar or power=generator + generator:source=solar", "imagery_note": "osm=71.65490,34.26960 | bing=https://www.bing.com/maps?cp=34.26960~71.65490&lvl=19&style=a | google=https://www.google.com/maps/@34.26960,71.65490,200m/data=!3m1!1e3" }, "geometry": { "type": "Polygon", "coordinates": [ [ [ 71.654964245464896, 34.269569246166796 ], [ 71.654923963630594, 34.269655138761202 ], [ 71.654845450571116, 34.269629760484399 ], [ 71.654885732478107, 34.269543867912397 ], [ 71.654964245464896, 34.269569246166796 ] ] ] } },
{ "type": "Feature", "properties": { "lead_id": "pakistan-small-pv-roofclf-0106", "cell": "0064_0011", "roof_area_m2": 88.9928, "est_kwp": 8.8, "p_roofclf": 0.9973, "sppi": -0.0211, "fixme": "Possible small rooftop PV (89 m2 roof, roofclf p=1.00 alone -- SPPI=-0.02 shown for reference only, not used to filter this population -- not near any existing OSM solar feature) -- check imagery; if real, map as generator:source=solar or power=generator + generator:source=solar", "imagery_note": "osm=67.25523,24.84161 | bing=https://www.bing.com/maps?cp=24.84161~67.25523&lvl=19&style=a | google=https://www.google.com/maps/@24.84161,67.25523,200m/data=!3m1!1e3" }, "geometry": { "type": "Polygon", "coordinates": [ [ [ 67.255334519885693, 24.841591060498804 ], [ 67.255333779764399, 24.841630554350498 ], [ 67.255133012169594, 24.841627421350498 ], [ 67.255133752354496, 24.841587927503198 ], [ 67.255334519885693, 24.841591060498804 ] ] ] } },
{ "type": "Feature", "properties": { "lead_id": "pakistan-small-pv-roofclf-0107", "cell": "0135_0076", "roof_area_m2": 306.3818, "est_kwp": 30.3, "p_roofclf": 0.9972, "sppi": 0.1193, "fixme": "Possible small rooftop PV (306 m2 roof, roofclf p=1.00 alone -- SPPI=0.12 shown for reference only, not used to filter this population -- not near any existing OSM solar feature) -- check imagery; if real, map as generator:source=solar or power=generator + generator:source=solar", "imagery_note": "osm=74.35248,31.37411 | bing=https://www.bing.com/maps?cp=31.37411~74.35248&lvl=19&style=a | google=https://www.google.com/maps/@31.37411,74.35248,200m/data=!3m1!1e3" }, "geometry": { "type": "Polygon", "coordinates": [ [ [ 74.352605618126816, 31.374127767762801 ], [ 74.352466263832, 31.374218992533397 ], [ 74.352349202417201, 31.374087355885301 ], [ 74.352488556626099, 31.373996131238904 ], [ 74.352605618126816, 31.374127767762801 ] ] ] } },
{ "type": "Feature", "properties": { "lead_id": "pakistan-small-pv-roofclf-0108", "cell": "0107_0105", "roof_area_m2": 38.1035, "est_kwp": 3.77, "p_roofclf": 0.9972, "sppi": 0.089, "fixme": "Possible small rooftop PV (38 m2 roof, roofclf p=1.00 alone -- SPPI=0.09 shown for reference only, not used to filter this population -- not near any existing OSM solar feature) -- check imagery; if real, map as generator:source=solar or power=generator + generator:source=solar", "imagery_note": "osm=71.54406,34.21177 | bing=https://www.bing.com/maps?cp=34.21177~71.54406&lvl=19&style=a | google=https://www.google.com/maps/@34.21177,71.54406,200m/data=!3m1!1e3" }, "geometry": { "type": "Polygon", "coordinates": [ [ [ 71.5440905233161, 34.211749771838697 ], [ 71.5440808985812, 34.211782727086103 ], [ 71.544102146572598, 34.211787010108402 ], [ 71.544093220512494, 34.211817573087501 ], [ 71.544026789281801, 34.211804182329203 ], [ 71.544045340117293, 34.211740664108902 ], [ 71.5440905233161, 34.211749771838697 ] ] ] } },
{ "type": "Feature", "properties": { "lead_id": "pakistan-small-pv-roofclf-0109", "cell": "0122_0099", "roof_area_m2": 148.6556, "est_kwp": 14.7, "p_roofclf": 0.9972, "sppi": -0.0834, "fixme": "Possible small rooftop PV (149 m2 roof, roofclf p=1.00 alone -- SPPI=-0.08 shown for reference only, not used to filter this population -- not near any existing OSM solar feature) -- check imagery; if real, map as generator:source=solar or power=generator + generator:source=solar", "imagery_note": "osm=73.11188,33.65665 | bing=https://www.bing.com/maps?cp=33.65665~73.11188&lvl=19&style=a | google=https://www.google.com/maps/@33.65665,73.11188,200m/data=!3m1!1e3" }, "geometry": { "type": "Polygon", "coordinates": [ [ [ 73.111948008355796, 33.656603368973805 ], [ 73.111932331290603, 33.656702757206595 ], [ 73.111870039670094, 33.656695885833109 ], [ 73.111863973655403, 33.656734342432301 ], [ 73.111805893391306, 33.656727935582403 ], [ 73.111827636630807, 33.656590090774799 ], [ 73.111948008355796, 33.656603368973805 ] ] ] } },
{ "type": "Feature", "properties": { "lead_id": "pakistan-small-pv-roofclf-0110", "cell": "0107_0105", "roof_area_m2": 132.8396, "est_kwp": 13.14, "p_roofclf": 0.9972, "sppi": 0.0909, "fixme": "Possible small rooftop PV (133 m2 roof, roofclf p=1.00 alone -- SPPI=0.09 shown for reference only, not used to filter this population -- not near any existing OSM solar feature) -- check imagery; if real, map as generator:source=solar or power=generator + generator:source=solar", "imagery_note": "osm=71.54400,34.21186 | bing=https://www.bing.com/maps?cp=34.21186~71.54400&lvl=19&style=a | google=https://www.google.com/maps/@34.21186,71.54400,200m/data=!3m1!1e3" }, "geometry": { "type": "Polygon", "coordinates": [ [ [ 71.544083159413006, 34.211822114742802 ], [ 71.544067464319795, 34.211910990655596 ], [ 71.543924365215105, 34.211893549060697 ], [ 71.543940060456606, 34.2118046731579 ], [ 71.544083159413006, 34.211822114742802 ] ] ] } },
{ "type": "Feature", "properties": { "lead_id": "pakistan-small-pv-roofclf-0111", "cell": "0106_0098", "roof_area_m2": 12.9808, "est_kwp": 1.28, "p_roofclf": 0.9972, "sppi": 0.0587, "fixme": "Possible small rooftop PV (13 m2 roof, roofclf p=1.00 alone -- SPPI=0.06 shown for reference only, not used to filter this population -- not near any existing OSM solar feature) -- check imagery; if real, map as generator:source=solar or power=generator + generator:source=solar", "imagery_note": "osm=71.50093,33.51986 | bing=https://www.bing.com/maps?cp=33.51986~71.50093&lvl=19&style=a | google=https://www.google.com/maps/@33.51986,71.50093,200m/data=!3m1!1e3" }, "geometry": { "type": "Polygon", "coordinates": [ [ [ 71.500950803711603, 33.519851547774003 ], [ 71.500946003654093, 33.519881427798509 ], [ 71.500904608429707, 33.519876762393601 ], [ 71.500909408501499, 33.519846882370103 ], [ 71.500950803711603, 33.519851547774003 ] ] ] } },
{ "type": "Feature", "properties": { "lead_id": "pakistan-small-pv-roofclf-0112", "cell": "0061_0012", "roof_area_m2": 374.7344, "est_kwp": 37.06, "p_roofclf": 0.9971, "sppi": 0.0114, "fixme": "Possible small rooftop PV (375 m2 roof, roofclf p=1.00 alone -- SPPI=0.01 shown for reference only, not used to filter this population -- not near any existing OSM solar feature) -- check imagery; if real, map as generator:source=solar or power=generator + generator:source=solar", "imagery_note": "osm=66.96822,24.92410 | bing=https://www.bing.com/maps?cp=24.92410~66.96822&lvl=19&style=a | google=https://www.google.com/maps/@24.92410,66.96822,200m/data=!3m1!1e3" }, "geometry": { "type": "Polygon", "coordinates": [ [ [ 66.968289657643197, 24.9239458297798 ], [ 66.9682505817688, 24.9242649464172 ], [ 66.968147186838195, 24.924254065691095 ], [ 66.9681862629714, 24.923934949096701 ], [ 66.968289657643197, 24.9239458297798 ] ] ] } },
{ "type": "Feature", "properties": { "lead_id": "pakistan-small-pv-roofclf-0113", "cell": "0073_0038", "roof_area_m2": 48.463, "est_kwp": 4.79, "p_roofclf": 0.9971, "sppi": 0.0791, "fixme": "Possible small rooftop PV (48 m2 roof, roofclf p=1.00 alone -- SPPI=0.08 shown for reference only, not used to filter this population -- not near any existing OSM solar feature) -- check imagery; if real, map as generator:source=solar or power=generator + generator:source=solar", "imagery_note": "osm=68.19687,27.55367 | bing=https://www.bing.com/maps?cp=27.55367~68.19687&lvl=19&style=a | google=https://www.google.com/maps/@27.55367,68.19687,200m/data=!3m1!1e3" }, "geometry": { "type": "Polygon", "coordinates": [ [ [ 68.196898666097894, 27.553633488854796 ], [ 68.196907715329502, 27.553699251884101 ], [ 68.196841484990401, 27.553706491388201 ], [ 68.196832435798598, 27.553640728355301 ], [ 68.196898666097894, 27.553633488854796 ] ] ] } },
{ "type": "Feature", "properties": { "lead_id": "pakistan-small-pv-roofclf-0114", "cell": "0133_0077", "roof_area_m2": 42.9912, "est_kwp": 4.25, "p_roofclf": 0.9971, "sppi": 0.0496, "fixme": "Possible small rooftop PV (43 m2 roof, roofclf p=1.00 alone -- SPPI=0.05 shown for reference only, not used to filter this population -- not near any existing OSM solar feature) -- check imagery; if real, map as generator:source=solar or power=generator + generator:source=solar", "imagery_note": "osm=74.19235,31.45072 | bing=https://www.bing.com/maps?cp=31.45072~74.19235&lvl=19&style=a | google=https://www.google.com/maps/@31.45072,74.19235,200m/data=!3m1!1e3" }, "geometry": { "type": "Polygon", "coordinates": [ [ [ 74.192380595755395, 31.450684442153495 ], [ 74.192378455161204, 31.450752178722897 ], [ 74.192318327742697, 31.450750782267797 ], [ 74.192320468380103, 31.450683045700107 ], [ 74.192380595755395, 31.450684442153495 ] ] ] } },
{ "type": "Feature", "properties": { "lead_id": "pakistan-small-pv-roofclf-0115", "cell": "0122_0098", "roof_area_m2": 217.0988, "est_kwp": 21.47, "p_roofclf": 0.9971, "sppi": -0.0273, "fixme": "Possible small rooftop PV (217 m2 roof, roofclf p=1.00 alone -- SPPI=-0.03 shown for reference only, not used to filter this population -- not near any existing OSM solar feature) -- check imagery; if real, map as generator:source=solar or power=generator + generator:source=solar", "imagery_note": "osm=73.11285,33.53632 | bing=https://www.bing.com/maps?cp=33.53632~73.11285&lvl=19&style=a | google=https://www.google.com/maps/@33.53632,73.11285,200m/data=!3m1!1e3" }, "geometry": { "type": "Polygon", "coordinates": [ [ [ 73.112694740215602, 33.536369137783701 ], [ 73.112686150474104, 33.536303462989501 ], [ 73.113003095279694, 33.536274390830201 ], [ 73.113011685260403, 33.536340065611995 ], [ 73.112694740215602, 33.536369137783701 ] ] ] } },
{ "type": "Feature", "properties": { "lead_id": "pakistan-small-pv-roofclf-0116", "cell": "0133_0077", "roof_area_m2": 246.3242, "est_kwp": 24.36, "p_roofclf": 0.9969, "sppi": 0.0487, "fixme": "Possible small rooftop PV (246 m2 roof, roofclf p=1.00 alone -- SPPI=0.05 shown for reference only, not used to filter this population -- not near any existing OSM solar feature) -- check imagery; if real, map as generator:source=solar or power=generator + generator:source=solar", "imagery_note": "osm=74.19217,31.45036 | bing=https://www.bing.com/maps?cp=31.45036~74.19217&lvl=19&style=a | google=https://www.google.com/maps/@31.45036,74.19217,200m/data=!3m1!1e3" }, "geometry": { "type": "Polygon", "coordinates": [ [ [ 74.192248094574694, 31.450289661084799 ], [ 74.192236088456696, 31.450446467135603 ], [ 74.192087799095404, 31.450438122710505 ], [ 74.192099805458895, 31.450281316677501 ], [ 74.192248094574694, 31.450289661084799 ] ] ] } },
{ "type": "Feature", "properties": { "lead_id": "pakistan-small-pv-roofclf-0117", "cell": "0122_0077", "roof_area_m2": 263.6917, "est_kwp": 26.08, "p_roofclf": 0.9968, "sppi": 0.1534, "fixme": "Possible small rooftop PV (264 m2 roof, roofclf p=1.00 alone -- SPPI=0.15 shown for reference only, not used to filter this population -- not near any existing OSM solar feature) -- check imagery; if real, map as generator:source=solar or power=generator + generator:source=solar", "imagery_note": "osm=73.09502,31.49836 | bing=https://www.bing.com/maps?cp=31.49836~73.09502&lvl=19&style=a | google=https://www.google.com/maps/@31.49836,73.09502,200m/data=!3m1!1e3" }, "geometry": { "type": "Polygon", "coordinates": [ [ [ 73.0951349, 31.4983983 ], [ 73.0950242, 31.4984657 ], [ 73.0948997, 31.4983157 ], [ 73.0950105, 31.4982482 ], [ 73.0951349, 31.4983983 ] ] ] } },
{ "type": "Feature", "properties": { "lead_id": "pakistan-small-pv-roofclf-0118", "cell": "0063_0012", "roof_area_m2": 37.9588, "est_kwp": 3.75, "p_roofclf": 0.9967, "sppi": 0.063, "fixme": "Possible small rooftop PV (38 m2 roof, roofclf p=1.00 alone -- SPPI=0.06 shown for reference only, not used to filter this population -- not near any existing OSM solar feature) -- check imagery; if real, map as generator:source=solar or power=generator + generator:source=solar", "imagery_note": "osm=67.21234,24.94797 | bing=https://www.bing.com/maps?cp=24.94797~67.21234&lvl=19&style=a | google=https://www.google.com/maps/@24.94797,67.21234,200m/data=!3m1!1e3" }, "geometry": { "type": "Polygon", "coordinates": [ [ [ 67.212390220776399, 24.9479602400754 ], [ 67.212381464587097, 24.947994011042599 ], [ 67.212286508238293, 24.947973545925901 ], [ 67.212295264451498, 24.947939774965104 ], [ 67.212390220776399, 24.9479602400754 ] ] ] } },
{ "type": "Feature", "properties": { "lead_id": "pakistan-small-pv-roofclf-0119", "cell": "0123_0106", "roof_area_m2": 82.1171, "est_kwp": 8.12, "p_roofclf": 0.9966, "sppi": 0.1064, "fixme": "Possible small rooftop PV (82 m2 roof, roofclf p=1.00 alone -- SPPI=0.11 shown for reference only, not used to filter this population -- not near any existing OSM solar feature) -- check imagery; if real, map as generator:source=solar or power=generator + generator:source=solar", "imagery_note": "osm=73.20516,34.31922 | bing=https://www.bing.com/maps?cp=34.31922~73.20516&lvl=19&style=a | google=https://www.google.com/maps/@34.31922,73.20516,200m/data=!3m1!1e3" }, "geometry": { "type": "Polygon", "coordinates": [ [ [ 73.205220812756593, 34.319162304868797 ], [ 73.205222355490307, 34.319187682073803 ], [ 73.205202264932296, 34.3191885228633 ], [ 73.205206126925404, 34.319252050958802 ], [ 73.205121642342405, 34.319255586597897 ], [ 73.205116237711195, 34.319166681296203 ], [ 73.205220812756593, 34.319162304868797 ] ] ] } },
{ "type": "Feature", "properties": { "lead_id": "pakistan-small-pv-roofclf-0120", "cell": "0121_0099", "roof_area_m2": 159.3182, "est_kwp": 15.76, "p_roofclf": 0.9966, "sppi": 0.1422, "fixme": "Possible small rooftop PV (159 m2 roof, roofclf p=1.00 alone -- SPPI=0.14 shown for reference only, not used to filter this population -- not near any existing OSM solar feature) -- check imagery; if real, map as generator:source=solar or power=generator + generator:source=solar", "imagery_note": "osm=73.03267,33.70642 | bing=https://www.bing.com/maps?cp=33.70642~73.03267&lvl=19&style=a | google=https://www.google.com/maps/@33.70642,73.03267,200m/data=!3m1!1e3" }, "geometry": { "type": "Polygon", "coordinates": [ [ [ 73.032667628581393, 33.706510909247797 ], [ 73.032580377510996, 33.706469273745697 ], [ 73.032671837775993, 33.706335394037602 ], [ 73.032759088758496, 33.706377029470303 ], [ 73.032667628581393, 33.706510909247797 ] ] ] } },
{ "type": "Feature", "properties": { "lead_id": "pakistan-small-pv-roofclf-0121", "cell": "0134_0077", "roof_area_m2": 205.9205, "est_kwp": 20.37, "p_roofclf": 0.9966, "sppi": 0.0183, "fixme": "Possible small rooftop PV (206 m2 roof, roofclf p=1.00 alone -- SPPI=0.02 shown for reference only, not used to filter this population -- not near any existing OSM solar feature) -- check imagery; if real, map as generator:source=solar or power=generator + generator:source=solar", "imagery_note": "osm=74.30047,31.44356 | bing=https://www.bing.com/maps?cp=31.44356~74.30047&lvl=19&style=a | google=https://www.google.com/maps/@31.44356,74.30047,200m/data=!3m1!1e3" }, "geometry": { "type": "Polygon", "coordinates": [ [ [ 74.300698898117204, 31.443481250261204 ], [ 74.300263776324996, 31.443668825962703 ], [ 74.300242774505307, 31.443633016426102 ], [ 74.300677896177007, 31.443445440802893 ], [ 74.300698898117204, 31.443481250261204 ] ] ] } },
{ "type": "Feature", "properties": { "lead_id": "pakistan-small-pv-roofclf-0122", "cell": "0135_0077", "roof_area_m2": 117.0765, "est_kwp": 11.58, "p_roofclf": 0.9965, "sppi": 0.0939, "fixme": "Possible small rooftop PV (117 m2 roof, roofclf p=1.00 alone -- SPPI=0.09 shown for reference only, not used to filter this population -- not near any existing OSM solar feature) -- check imagery; if real, map as generator:source=solar or power=generator + generator:source=solar", "imagery_note": "osm=74.43340,31.41716 | bing=https://www.bing.com/maps?cp=31.41716~74.43340&lvl=19&style=a | google=https://www.google.com/maps/@31.41716,74.43340,200m/data=!3m1!1e3" }, "geometry": { "type": "Polygon", "coordinates": [ [ [ 74.433415423961705, 31.417287439835505 ], [ 74.433370442059399, 31.417286457578705 ], [ 74.433377761325204, 31.417039950299493 ], [ 74.433422743109702, 31.417040932552506 ], [ 74.433415423961705, 31.417287439835505 ] ] ] } },
{ "type": "Feature", "properties": { "lead_id": "pakistan-small-pv-roofclf-0123", "cell": "0106_0064", "roof_area_m2": 369.3766, "est_kwp": 36.54, "p_roofclf": 0.9965, "sppi": 0.1055, "fixme": "Possible small rooftop PV (369 m2 roof, roofclf p=1.00 alone -- SPPI=0.11 shown for reference only, not used to filter this population -- not near any existing OSM solar feature) -- check imagery; if real, map as generator:source=solar or power=generator + generator:source=solar", "imagery_note": "osm=71.49950,30.16964 | bing=https://www.bing.com/maps?cp=30.16964~71.49950&lvl=19&style=a | google=https://www.google.com/maps/@30.16964,71.49950,200m/data=!3m1!1e3" }, "geometry": { "type": "Polygon", "coordinates": [ [ [ 71.499454280895094, 30.169889189292594 ], [ 71.499386925752404, 30.169873238813398 ], [ 71.499536719310399, 30.1693956817833 ], [ 71.499604074140507, 30.169411632203605 ], [ 71.499454280895094, 30.169889189292594 ] ] ] } },
{ "type": "Feature", "properties": { "lead_id": "pakistan-small-pv-roofclf-0124", "cell": "0133_0076", "roof_area_m2": 9.0134, "est_kwp": 0.89, "p_roofclf": 0.9964, "sppi": 0.123, "fixme": "Possible small rooftop PV (9 m2 roof, roofclf p=1.00 alone -- SPPI=0.12 shown for reference only, not used to filter this population -- not near any existing OSM solar feature) -- check imagery; if real, map as generator:source=solar or power=generator + generator:source=solar", "imagery_note": "osm=74.16540,31.39867 | bing=https://www.bing.com/maps?cp=31.39867~74.16540&lvl=19&style=a | google=https://www.google.com/maps/@31.39867,74.16540,200m/data=!3m1!1e3" }, "geometry": { "type": "Polygon", "coordinates": [ [ [ 74.165419809754496, 31.3986517651655 ], [ 74.165419570283504, 31.398678830280701 ], [ 74.1653880168124, 31.398678624869504 ], [ 74.165388256292403, 31.398651559754505 ], [ 74.165419809754496, 31.3986517651655 ] ] ] } },
{ "type": "Feature", "properties": { "lead_id": "pakistan-small-pv-roofclf-0125", "cell": "0111_0104", "roof_area_m2": 77.5721, "est_kwp": 7.67, "p_roofclf": 0.9963, "sppi": 0.1228, "fixme": "Possible small rooftop PV (78 m2 roof, roofclf p=1.00 alone -- SPPI=0.12 shown for reference only, not used to filter this population -- not near any existing OSM solar feature) -- check imagery; if real, map as generator:source=solar or power=generator + generator:source=solar", "imagery_note": "osm=72.03282,34.12171 | bing=https://www.bing.com/maps?cp=34.12171~72.03282&lvl=19&style=a | google=https://www.google.com/maps/@34.12171,72.03282,200m/data=!3m1!1e3" }, "geometry": { "type": "Polygon", "coordinates": [ [ [ 72.032855958511703, 34.121653797984401 ], [ 72.032847873642396, 34.121763290523901 ], [ 72.032778918794406, 34.121759768764996 ], [ 72.032787003754095, 34.121650276234995 ], [ 72.032855958511703, 34.121653797984401 ] ] ] } },
{ "type": "Feature", "properties": { "lead_id": "pakistan-small-pv-roofclf-0126", "cell": "0219_0117", "roof_area_m2": 235.4778, "est_kwp": 23.29, "p_roofclf": 0.9963, "sppi": 0.1207, "fixme": "Possible small rooftop PV (235 m2 roof, roofclf p=1.00 alone -- SPPI=0.12 shown for reference only, not used to filter this population -- not near any existing OSM solar feature) -- check imagery; if real, map as generator:source=solar or power=generator + generator:source=solar", "imagery_note": "osm=74.28650,31.59186 | bing=https://www.bing.com/maps?cp=31.59186~74.28650&lvl=19&style=a | google=https://www.google.com/maps/@31.59186,74.28650,200m/data=!3m1!1e3" }, "geometry": { "type": "Polygon", "coordinates": [ [ [ 74.2862956, 31.5918354 ], [ 74.286702, 31.5918296 ], [ 74.2867031, 31.5918846 ], [ 74.2862967, 31.5918904 ], [ 74.2862956, 31.5918354 ] ] ] } },
{ "type": "Feature", "properties": { "lead_id": "pakistan-small-pv-roofclf-0127", "cell": "0133_0077", "roof_area_m2": 45.2824, "est_kwp": 4.48, "p_roofclf": 0.9963, "sppi": 0.0357, "fixme": "Possible small rooftop PV (45 m2 roof, roofclf p=1.00 alone -- SPPI=0.04 shown for reference only, not used to filter this population -- not near any existing OSM solar feature) -- check imagery; if real, map as generator:source=solar or power=generator + generator:source=solar", "imagery_note": "osm=74.19209,31.45071 | bing=https://www.bing.com/maps?cp=31.45071~74.19209&lvl=19&style=a | google=https://www.google.com/maps/@31.45071,74.19209,200m/data=!3m1!1e3" }, "geometry": { "type": "Polygon", "coordinates": [ [ [ 74.192125214620006, 31.450678510752802 ], [ 74.192123073842296, 31.4507462473149 ], [ 74.192059742012901, 31.450744776310504 ], [ 74.192061882836001, 31.450677039750104 ], [ 74.192125214620006, 31.450678510752802 ] ] ] } },
{ "type": "Feature", "properties": { "lead_id": "pakistan-small-pv-roofclf-0128", "cell": "0134_0077", "roof_area_m2": 158.0153, "est_kwp": 15.63, "p_roofclf": 0.9963, "sppi": 0.1053, "fixme": "Possible small rooftop PV (158 m2 roof, roofclf p=1.00 alone -- SPPI=0.11 shown for reference only, not used to filter this population -- not near any existing OSM solar feature) -- check imagery; if real, map as generator:source=solar or power=generator + generator:source=solar", "imagery_note": "osm=74.31505,31.48428 | bing=https://www.bing.com/maps?cp=31.48428~74.31505&lvl=19&style=a | google=https://www.google.com/maps/@31.48428,74.31505,200m/data=!3m1!1e3" }, "geometry": { "type": "Polygon", "coordinates": [ [ [ 74.3151248910888, 31.484224521315003 ], [ 74.315065055214305, 31.484362097838904 ], [ 74.314969412375007, 31.484331549002803 ], [ 74.315029248368205, 31.4841939725248 ], [ 74.3151248910888, 31.484224521315003 ] ] ] } },
{ "type": "Feature", "properties": { "lead_id": "pakistan-small-pv-roofclf-0129", "cell": "0132_0088", "roof_area_m2": 330.2711, "est_kwp": 32.67, "p_roofclf": 0.9962, "sppi": 0.0902, "fixme": "Possible small rooftop PV (330 m2 roof, roofclf p=1.00 alone -- SPPI=0.09 shown for reference only, not used to filter this population -- not near any existing OSM solar feature) -- check imagery; if real, map as generator:source=solar or power=generator + generator:source=solar", "imagery_note": "osm=74.06294,32.57698 | bing=https://www.bing.com/maps?cp=32.57698~74.06294&lvl=19&style=a | google=https://www.google.com/maps/@32.57698,74.06294,200m/data=!3m1!1e3" }, "geometry": { "type": "Polygon", "coordinates": [ [ [ 74.063042150303502, 32.577078201716802 ], [ 74.062919409579706, 32.577112307803098 ], [ 74.062829041961919, 32.576879160125394 ], [ 74.0629517823984, 32.576845054121399 ], [ 74.063042150303502, 32.577078201716802 ] ] ] } },
{ "type": "Feature", "properties": { "lead_id": "pakistan-small-pv-roofclf-0130", "cell": "0133_0077", "roof_area_m2": 138.0977, "est_kwp": 13.66, "p_roofclf": 0.9962, "sppi": 0.0555, "fixme": "Possible small rooftop PV (138 m2 roof, roofclf p=1.00 alone -- SPPI=0.06 shown for reference only, not used to filter this population -- not near any existing OSM solar feature) -- check imagery; if real, map as generator:source=solar or power=generator + generator:source=solar", "imagery_note": "osm=74.19231,31.44992 | bing=https://www.bing.com/maps?cp=31.44992~74.19231&lvl=19&style=a | google=https://www.google.com/maps/@31.44992,74.19231,200m/data=!3m1!1e3" }, "geometry": { "type": "Polygon", "coordinates": [ [ [ 74.192385524016998, 31.449872505396996 ], [ 74.192382290703506, 31.449966167605005 ], [ 74.192242630527602, 31.449962624273905 ], [ 74.192245863979906, 31.449868962071701 ], [ 74.192385524016998, 31.449872505396996 ] ] ] } },
{ "type": "Feature", "properties": { "lead_id": "pakistan-small-pv-roofclf-0131", "cell": "0063_0012", "roof_area_m2": 5.8609, "est_kwp": 0.58, "p_roofclf": 0.996, "sppi": 0.0704, "fixme": "Possible small rooftop PV (6 m2 roof, roofclf p=1.00 alone -- SPPI=0.07 shown for reference only, not used to filter this population -- not near any existing OSM solar feature) -- check imagery; if real, map as generator:source=solar or power=generator + generator:source=solar", "imagery_note": "osm=67.22028,24.94457 | bing=https://www.bing.com/maps?cp=24.94457~67.22028&lvl=19&style=a | google=https://www.google.com/maps/@24.94457,67.22028,200m/data=!3m1!1e3" }, "geometry": { "type": "Polygon", "coordinates": [ [ [ 67.220293604709198, 24.944563617915296 ], [ 67.220291213893617, 24.944585426382595 ], [ 67.220267479393698, 24.944583263447303 ], [ 67.2202698702134, 24.944561454980601 ], [ 67.220293604709198, 24.944563617915296 ] ] ] } },
{ "type": "Feature", "properties": { "lead_id": "pakistan-small-pv-roofclf-0132", "cell": "0133_0077", "roof_area_m2": 73.0079, "est_kwp": 7.22, "p_roofclf": 0.996, "sppi": 0.0563, "fixme": "Possible small rooftop PV (73 m2 roof, roofclf p=1.00 alone -- SPPI=0.06 shown for reference only, not used to filter this population -- not near any existing OSM solar feature) -- check imagery; if real, map as generator:source=solar or power=generator + generator:source=solar", "imagery_note": "osm=74.19245,31.45125 | bing=https://www.bing.com/maps?cp=31.45125~74.19245&lvl=19&style=a | google=https://www.google.com/maps/@31.45125,74.19245,200m/data=!3m1!1e3" }, "geometry": { "type": "Polygon", "coordinates": [ [ [ 74.192502675651397, 31.451217219705701 ], [ 74.192502117316508, 31.451282304942801 ], [ 74.192395776268299, 31.451281634478001 ], [ 74.192396334676801, 31.451216549242599 ], [ 74.192502675651397, 31.451217219705701 ] ] ] } },
{ "type": "Feature", "properties": { "lead_id": "pakistan-small-pv-roofclf-0133", "cell": "0120_0099", "roof_area_m2": 59.0564, "est_kwp": 5.84, "p_roofclf": 0.9959, "sppi": 0.1049, "fixme": "Possible small rooftop PV (59 m2 roof, roofclf p=1.00 alone -- SPPI=0.10 shown for reference only, not used to filter this population -- not near any existing OSM solar feature) -- check imagery; if real, map as generator:source=solar or power=generator + generator:source=solar", "imagery_note": "osm=72.90113,33.63224 | bing=https://www.bing.com/maps?cp=33.63224~72.90113&lvl=19&style=a | google=https://www.google.com/maps/@33.63224,72.90113,200m/data=!3m1!1e3" }, "geometry": { "type": "Polygon", "coordinates": [ [ [ 72.901189962638995, 33.632229310351299 ], [ 72.9011592021631, 33.632286697661094 ], [ 72.901075972016898, 33.632255480754999 ], [ 72.901106732534615, 33.63219809346721 ], [ 72.901189962638995, 33.632229310351299 ] ] ] } },
{ "type": "Feature", "properties": { "lead_id": "pakistan-small-pv-roofclf-0134", "cell": "0134_0077", "roof_area_m2": 241.2282, "est_kwp": 23.86, "p_roofclf": 0.9958, "sppi": 0.0657, "fixme": "Possible small rooftop PV (241 m2 roof, roofclf p=1.00 alone -- SPPI=0.07 shown for reference only, not used to filter this population -- not near any existing OSM solar feature) -- check imagery; if real, map as generator:source=solar or power=generator + generator:source=solar", "imagery_note": "osm=74.30395,31.48054 | bing=https://www.bing.com/maps?cp=31.48054~74.30395&lvl=19&style=a | google=https://www.google.com/maps/@31.48054,74.30395,200m/data=!3m1!1e3" }, "geometry": { "type": "Polygon", "coordinates": [ [ [ 74.303981776571007, 31.480406812874101 ], [ 74.304038845322395, 31.480423424296795 ], [ 74.303937478050997, 31.480679193873403 ], [ 74.303858763439194, 31.480656281812099 ], [ 74.303967054572595, 31.480383042485901 ], [ 74.303988700242698, 31.480389343058807 ], [ 74.303981776571007, 31.480406812874101 ] ] ] } },
{ "type": "Feature", "properties": { "lead_id": "pakistan-small-pv-roofclf-0135", "cell": "0064_0011", "roof_area_m2": 112.2489, "est_kwp": 11.1, "p_roofclf": 0.9957, "sppi": 0.052, "fixme": "Possible small rooftop PV (112 m2 roof, roofclf p=1.00 alone -- SPPI=0.05 shown for reference only, not used to filter this population -- not near any existing OSM solar feature) -- check imagery; if real, map as generator:source=solar or power=generator + generator:source=solar", "imagery_note": "osm=67.29460,24.86403 | bing=https://www.bing.com/maps?cp=24.86403~67.29460&lvl=19&style=a | google=https://www.google.com/maps/@24.86403,67.29460,200m/data=!3m1!1e3" }, "geometry": { "type": "Polygon", "coordinates": [ [ [ 67.294594794070704, 24.864135425616102 ], [ 67.294545817713697, 24.864122690777705 ], [ 67.294604843905205, 24.863933738188098 ], [ 67.294653820196004, 24.863946473003704 ], [ 67.294594794070704, 24.864135425616102 ] ] ] } },
{ "type": "Feature", "properties": { "lead_id": "pakistan-small-pv-roofclf-0136", "cell": "0098_0063", "roof_area_m2": 66.5039, "est_kwp": 6.58, "p_roofclf": 0.9957, "sppi": 0.1008, "fixme": "Possible small rooftop PV (67 m2 roof, roofclf p=1.00 alone -- SPPI=0.10 shown for reference only, not used to filter this population -- not near any existing OSM solar feature) -- check imagery; if real, map as generator:source=solar or power=generator + generator:source=solar", "imagery_note": "osm=70.64322,30.06961 | bing=https://www.bing.com/maps?cp=30.06961~70.64322&lvl=19&style=a | google=https://www.google.com/maps/@30.06961,70.64322,200m/data=!3m1!1e3" }, "geometry": { "type": "Polygon", "coordinates": [ [ [ 70.643291060645893, 30.069585071099702 ], [ 70.643289031069102, 30.069629952763101 ], [ 70.643150766834097, 30.069625222586303 ], [ 70.643152796473402, 30.069580340922403 ], [ 70.643291060645893, 30.069585071099702 ] ] ] } },
{ "type": "Feature", "properties": { "lead_id": "pakistan-small-pv-roofclf-0137", "cell": "0061_0012", "roof_area_m2": 79.4133, "est_kwp": 7.85, "p_roofclf": 0.9956, "sppi": 0.1007, "fixme": "Possible small rooftop PV (79 m2 roof, roofclf p=1.00 alone -- SPPI=0.10 shown for reference only, not used to filter this population -- not near any existing OSM solar feature) -- check imagery; if real, map as generator:source=solar or power=generator + generator:source=solar", "imagery_note": "osm=67.03494,24.97371 | bing=https://www.bing.com/maps?cp=24.97371~67.03494&lvl=19&style=a | google=https://www.google.com/maps/@24.97371,67.03494,200m/data=!3m1!1e3" }, "geometry": { "type": "Polygon", "coordinates": [ [ [ 67.035029090570902, 24.973692072646003 ], [ 67.0350278867312, 24.973734459835896 ], [ 67.034860843901598, 24.973730517927699 ], [ 67.034862047798001, 24.973688130742403 ], [ 67.035029090570902, 24.973692072646003 ] ] ] } },
{ "type": "Feature", "properties": { "lead_id": "pakistan-small-pv-roofclf-0138", "cell": "0061_0012", "roof_area_m2": 83.8875, "est_kwp": 8.3, "p_roofclf": 0.9956, "sppi": 0.0514, "fixme": "Possible small rooftop PV (84 m2 roof, roofclf p=1.00 alone -- SPPI=0.05 shown for reference only, not used to filter this population -- not near any existing OSM solar feature) -- check imagery; if real, map as generator:source=solar or power=generator + generator:source=solar", "imagery_note": "osm=67.03060,24.96020 | bing=https://www.bing.com/maps?cp=24.96020~67.03060&lvl=19&style=a | google=https://www.google.com/maps/@24.96020,67.03060,200m/data=!3m1!1e3" }, "geometry": { "type": "Polygon", "coordinates": [ [ [ 67.030667927177007, 24.960180608796801 ], [ 67.030567750992702, 24.960265624064299 ], [ 67.030526882516497, 24.960225603160101 ], [ 67.030627058692403, 24.960140587919501 ], [ 67.030667927177007, 24.960180608796801 ] ] ] } },
{ "type": "Feature", "properties": { "lead_id": "pakistan-small-pv-roofclf-0139", "cell": "0133_0083", "roof_area_m2": 362.9457, "est_kwp": 35.9, "p_roofclf": 0.9955, "sppi": 0.1074, "fixme": "Possible small rooftop PV (363 m2 roof, roofclf p=1.00 alone -- SPPI=0.11 shown for reference only, not used to filter this population -- not near any existing OSM solar feature) -- check imagery; if real, map as generator:source=solar or power=generator + generator:source=solar", "imagery_note": "osm=74.20068,32.06349 | bing=https://www.bing.com/maps?cp=32.06349~74.20068&lvl=19&style=a | google=https://www.google.com/maps/@32.06349,74.20068,200m/data=!3m1!1e3" }, "geometry": { "type": "Polygon", "coordinates": [ [ [ 74.200759232446998, 32.063418108015298 ], [ 74.200776283531198, 32.063418438423597 ], [ 74.200772135692702, 32.063573661724305 ], [ 74.200580026500305, 32.063569938979597 ], [ 74.200584627858007, 32.063397757251202 ], [ 74.200709830591208, 32.063400183493798 ], [ 74.200710812235499, 32.063363448588099 ], [ 74.200760667233396, 32.063364414668797 ], [ 74.200759232446998, 32.063418108015298 ] ] ] } },
{ "type": "Feature", "properties": { "lead_id": "pakistan-small-pv-roofclf-0140", "cell": "0105_0064", "roof_area_m2": 12.7881, "est_kwp": 1.26, "p_roofclf": 0.9954, "sppi": 0.1054, "fixme": "Possible small rooftop PV (13 m2 roof, roofclf p=1.00 alone -- SPPI=0.11 shown for reference only, not used to filter this population -- not near any existing OSM solar feature) -- check imagery; if real, map as generator:source=solar or power=generator + generator:source=solar", "imagery_note": "osm=71.41802,30.18136 | bing=https://www.bing.com/maps?cp=30.18136~71.41802&lvl=19&style=a | google=https://www.google.com/maps/@30.18136,71.41802,200m/data=!3m1!1e3" }, "geometry": { "type": "Polygon", "coordinates": [ [ [ 71.418043256036299, 30.181345804189601 ], [ 71.418040403020996, 30.181373081022901 ], [ 71.417996898273103, 30.1813696463994 ], [ 71.4179997513004, 30.181342369566401 ], [ 71.418043256036299, 30.181345804189601 ] ] ] } },
{ "type": "Feature", "properties": { "lead_id": "pakistan-small-pv-roofclf-0141", "cell": "0122_0069", "roof_area_m2": 300.9949, "est_kwp": 29.77, "p_roofclf": 0.9953, "sppi": 0.0526, "fixme": "Possible small rooftop PV (301 m2 roof, roofclf p=1.00 alone -- SPPI=0.05 shown for reference only, not used to filter this population -- not near any existing OSM solar feature) -- check imagery; if real, map as generator:source=solar or power=generator + generator:source=solar", "imagery_note": "osm=73.07585,30.65703 | bing=https://www.bing.com/maps?cp=30.65703~73.07585&lvl=19&style=a | google=https://www.google.com/maps/@30.65703,73.07585,200m/data=!3m1!1e3" }, "geometry": { "type": "Polygon", "coordinates": [ [ [ 73.075946226134604, 30.656957011861895 ], [ 73.075939036555297, 30.657112320250807 ], [ 73.075757116248198, 30.657106025853103 ], [ 73.075764306116994, 30.656950717486499 ], [ 73.075946226134604, 30.656957011861895 ] ] ] } },
{ "type": "Feature", "properties": { "lead_id": "pakistan-small-pv-roofclf-0142", "cell": "0111_0104", "roof_area_m2": 150.4593, "est_kwp": 14.88, "p_roofclf": 0.9952, "sppi": 0.1066, "fixme": "Possible small rooftop PV (150 m2 roof, roofclf p=1.00 alone -- SPPI=0.11 shown for reference only, not used to filter this population -- not near any existing OSM solar feature) -- check imagery; if real, map as generator:source=solar or power=generator + generator:source=solar", "imagery_note": "osm=72.03284,34.12191 | bing=https://www.bing.com/maps?cp=34.12191~72.03284&lvl=19&style=a | google=https://www.google.com/maps/@34.12191,72.03284,200m/data=!3m1!1e3" }, "geometry": { "type": "Polygon", "coordinates": [ [ [ 72.032775, 34.1217873 ], [ 72.0328857, 34.1217932 ], [ 72.0328711, 34.1219839 ], [ 72.0328083, 34.1219806 ], [ 72.0328186, 34.1218453 ], [ 72.0327707, 34.1218428 ], [ 72.032775, 34.1217873 ] ] ] } },
{ "type": "Feature", "properties": { "lead_id": "pakistan-small-pv-roofclf-0143", "cell": "0106_0065", "roof_area_m2": 317.2239, "est_kwp": 31.38, "p_roofclf": 0.9952, "sppi": 0.0802, "fixme": "Possible small rooftop PV (317 m2 roof, roofclf p=1.00 alone -- SPPI=0.08 shown for reference only, not used to filter this population -- not near any existing OSM solar feature) -- check imagery; if real, map as generator:source=solar or power=generator + generator:source=solar", "imagery_note": "osm=71.52841,30.21289 | bing=https://www.bing.com/maps?cp=30.21289~71.52841&lvl=19&style=a | google=https://www.google.com/maps/@30.21289,71.52841,200m/data=!3m1!1e3" }, "geometry": { "type": "Polygon", "coordinates": [ [ [ 71.5285629537874, 30.212863425619407 ], [ 71.528561216899007, 30.212956351167598 ], [ 71.528467660188198, 30.212955032083499 ], [ 71.528467210719597, 30.212979077932598 ], [ 71.528311949774704, 30.212976888713097 ], [ 71.528312988463199, 30.2129213251349 ], [ 71.528266958821405, 30.212920676069402 ], [ 71.528268106790506, 30.212859268241708 ], [ 71.5285629537874, 30.212863425619407 ] ] ] } },
{ "type": "Feature", "properties": { "lead_id": "pakistan-small-pv-roofclf-0144", "cell": "0107_0102", "roof_area_m2": 396.234, "est_kwp": 39.19, "p_roofclf": 0.9951, "sppi": 0.0337, "fixme": "Possible small rooftop PV (396 m2 roof, roofclf p=1.00 alone -- SPPI=0.03 shown for reference only, not used to filter this population -- not near any existing OSM solar feature) -- check imagery; if real, map as generator:source=solar or power=generator + generator:source=solar", "imagery_note": "osm=71.54787,33.92808 | bing=https://www.bing.com/maps?cp=33.92808~71.54787&lvl=19&style=a | google=https://www.google.com/maps/@33.92808,71.54787,200m/data=!3m1!1e3" }, "geometry": { "type": "Polygon", "coordinates": [ [ [ 71.548080864703806, 33.928068053127902 ], [ 71.548075838349305, 33.928095429848099 ], [ 71.548136156496, 33.928103125093905 ], [ 71.548125561318301, 33.928160833334296 ], [ 71.547662615266404, 33.928101770990999 ], [ 71.547678237237804, 33.928016686066201 ], [ 71.548080864703806, 33.928068053127902 ] ] ] } },
{ "type": "Feature", "properties": { "lead_id": "pakistan-small-pv-roofclf-0145", "cell": "0135_0076", "roof_area_m2": 142.1325, "est_kwp": 14.06, "p_roofclf": 0.995, "sppi": 0.1071, "fixme": "Possible small rooftop PV (142 m2 roof, roofclf p=0.99 alone -- SPPI=0.11 shown for reference only, not used to filter this population -- not near any existing OSM solar feature) -- check imagery; if real, map as generator:source=solar or power=generator + generator:source=solar", "imagery_note": "osm=74.38161,31.40232 | bing=https://www.bing.com/maps?cp=31.40232~74.38161&lvl=19&style=a | google=https://www.google.com/maps/@31.40232,74.38161,200m/data=!3m1!1e3" }, "geometry": { "type": "Polygon", "coordinates": [ [ [ 74.381603299293502, 31.402176494116102 ], [ 74.381662573094104, 31.402457025188301 ], [ 74.381616090723, 31.402464250573008 ], [ 74.381556817057103, 31.4021837194813 ], [ 74.381603299293502, 31.402176494116102 ] ] ] } },
{ "type": "Feature", "properties": { "lead_id": "pakistan-small-pv-roofclf-0146", "cell": "0122_0076", "roof_area_m2": 291.1288, "est_kwp": 28.8, "p_roofclf": 0.995, "sppi": 0.0606, "fixme": "Possible small rooftop PV (291 m2 roof, roofclf p=0.99 alone -- SPPI=0.06 shown for reference only, not used to filter this population -- not near any existing OSM solar feature) -- check imagery; if real, map as generator:source=solar or power=generator + generator:source=solar", "imagery_note": "osm=73.07346,31.37673 | bing=https://www.bing.com/maps?cp=31.37673~73.07346&lvl=19&style=a | google=https://www.google.com/maps/@31.37673,73.07346,200m/data=!3m1!1e3" }, "geometry": { "type": "Polygon", "coordinates": [ [ [ 73.073589057245499, 31.376755140839197 ], [ 73.073475397219298, 31.376840598512004 ], [ 73.073335212129095, 31.376703355740897 ], [ 73.073448872105104, 31.376617898190698 ], [ 73.073589057245499, 31.376755140839197 ] ] ] } },
{ "type": "Feature", "properties": { "lead_id": "pakistan-small-pv-roofclf-0147", "cell": "0094_0047", "roof_area_m2": 142.3261, "est_kwp": 14.08, "p_roofclf": 0.9949, "sppi": 0.034, "fixme": "Possible small rooftop PV (142 m2 roof, roofclf p=0.99 alone -- SPPI=0.03 shown for reference only, not used to filter this population -- not near any existing OSM solar feature) -- check imagery; if real, map as generator:source=solar or power=generator + generator:source=solar", "imagery_note": "osm=70.33722,28.46627 | bing=https://www.bing.com/maps?cp=28.46627~70.33722&lvl=19&style=a | google=https://www.google.com/maps/@28.46627,70.33722,200m/data=!3m1!1e3" }, "geometry": { "type": "Polygon", "coordinates": [ [ [ 70.337272866705405, 28.466197732069698 ], [ 70.337271187685701, 28.466334944811305 ], [ 70.337175769521707, 28.4663340330229 ], [ 70.337177448664903, 28.466196820278398 ], [ 70.337272866705405, 28.466197732069698 ] ] ] } },
{ "type": "Feature", "properties": { "lead_id": "pakistan-small-pv-roofclf-0148", "cell": "0136_0074", "roof_area_m2": 33.1844, "est_kwp": 3.28, "p_roofclf": 0.9948, "sppi": 0.049, "fixme": "Possible small rooftop PV (33 m2 roof, roofclf p=0.99 alone -- SPPI=0.05 shown for reference only, not used to filter this population -- not near any existing OSM solar feature) -- check imagery; if real, map as generator:source=solar or power=generator + generator:source=solar", "imagery_note": "osm=74.44801,31.19389 | bing=https://www.bing.com/maps?cp=31.19389~74.44801&lvl=19&style=a | google=https://www.google.com/maps/@31.19389,74.44801,200m/data=!3m1!1e3" }, "geometry": { "type": "Polygon", "coordinates": [ [ [ 74.448055408498206, 31.193872957433705 ], [ 74.448054184383295, 31.1939061666993 ], [ 74.447959802583298, 31.193903595780601 ], [ 74.447961026731093, 31.193870386516302 ], [ 74.448055408498206, 31.193872957433705 ] ] ] } },
{ "type": "Feature", "properties": { "lead_id": "pakistan-small-pv-roofclf-0149", "cell": "0132_0088", "roof_area_m2": 29.9741, "est_kwp": 2.96, "p_roofclf": 0.9947, "sppi": 0.1135, "fixme": "Possible small rooftop PV (30 m2 roof, roofclf p=0.99 alone -- SPPI=0.11 shown for reference only, not used to filter this population -- not near any existing OSM solar feature) -- check imagery; if real, map as generator:source=solar or power=generator + generator:source=solar", "imagery_note": "osm=74.06290,32.57684 | bing=https://www.bing.com/maps?cp=32.57684~74.06290&lvl=19&style=a | google=https://www.google.com/maps/@32.57684,74.06290,200m/data=!3m1!1e3" }, "geometry": { "type": "Polygon", "coordinates": [ [ [ 74.062938544751802, 32.576846569526197 ], [ 74.062863443691995, 32.576860243305902 ], [ 74.062854145052796, 32.576823629937699 ], [ 74.062929246083215, 32.576809956162904 ], [ 74.062938544751802, 32.576846569526197 ] ] ] } },
{ "type": "Feature", "properties": { "lead_id": "pakistan-small-pv-roofclf-0150", "cell": "0122_0099", "roof_area_m2": 82.0212, "est_kwp": 8.11, "p_roofclf": 0.9947, "sppi": 0.0708, "fixme": "Possible small rooftop PV (82 m2 roof, roofclf p=0.99 alone -- SPPI=0.07 shown for reference only, not used to filter this population -- not near any existing OSM solar feature) -- check imagery; if real, map as generator:source=solar or power=generator + generator:source=solar", "imagery_note": "osm=73.10976,33.64399 | bing=https://www.bing.com/maps?cp=33.64399~73.10976&lvl=19&style=a | google=https://www.google.com/maps/@33.64399,73.10976,200m/data=!3m1!1e3" }, "geometry": { "type": "Polygon", "coordinates": [ [ [ 73.109815033926594, 33.643959169141503 ], [ 73.109790930734306, 33.644043858260396 ], [ 73.109701886029001, 33.6440261299295 ], [ 73.109725989301893, 33.643941440830503 ], [ 73.109815033926594, 33.643959169141503 ] ] ] } },
{ "type": "Feature", "properties": { "lead_id": "pakistan-small-pv-roofclf-0151", "cell": "0135_0078", "roof_area_m2": 88.4709, "est_kwp": 8.75, "p_roofclf": 0.9946, "sppi": 0.0705, "fixme": "Possible small rooftop PV (88 m2 roof, roofclf p=0.99 alone -- SPPI=0.07 shown for reference only, not used to filter this population -- not near any existing OSM solar feature) -- check imagery; if real, map as generator:source=solar or power=generator + generator:source=solar", "imagery_note": "osm=74.39736,31.54037 | bing=https://www.bing.com/maps?cp=31.54037~74.39736&lvl=19&style=a | google=https://www.google.com/maps/@31.54037,74.39736,200m/data=!3m1!1e3" }, "geometry": { "type": "Polygon", "coordinates": [ [ [ 74.397353567458396, 31.5403360012794 ], [ 74.397352937707396, 31.540317787892004 ], [ 74.397417045261804, 31.540316162006395 ], [ 74.397419856365104, 31.540397461879198 ], [ 74.397305400495298, 31.540400364666894 ], [ 74.397303219232398, 31.540337278180498 ], [ 74.397353567458396, 31.5403360012794 ] ] ] } },
{ "type": "Feature", "properties": { "lead_id": "pakistan-small-pv-roofclf-0152", "cell": "0062_0012", "roof_area_m2": 60.1073, "est_kwp": 5.95, "p_roofclf": 0.9945, "sppi": 0.038, "fixme": "Possible small rooftop PV (60 m2 roof, roofclf p=0.99 alone -- SPPI=0.04 shown for reference only, not used to filter this population -- not near any existing OSM solar feature) -- check imagery; if real, map as generator:source=solar or power=generator + generator:source=solar", "imagery_note": "osm=67.06649,24.93785 | bing=https://www.bing.com/maps?cp=24.93785~67.06649&lvl=19&style=a | google=https://www.google.com/maps/@24.93785,67.06649,200m/data=!3m1!1e3" }, "geometry": { "type": "Polygon", "coordinates": [ [ [ 67.066548633697195, 24.937834455197702 ], [ 67.0664796934892, 24.9379023191862 ], [ 67.066437173834203, 24.937866409372205 ], [ 67.066506114042696, 24.937798545403297 ], [ 67.066548633697195, 24.937834455197702 ] ] ] } },
{ "type": "Feature", "properties": { "lead_id": "pakistan-small-pv-roofclf-0153", "cell": "0073_0038", "roof_area_m2": 30.9424, "est_kwp": 3.06, "p_roofclf": 0.9943, "sppi": 0.0626, "fixme": "Possible small rooftop PV (31 m2 roof, roofclf p=0.99 alone -- SPPI=0.06 shown for reference only, not used to filter this population -- not near any existing OSM solar feature) -- check imagery; if real, map as generator:source=solar or power=generator + generator:source=solar", "imagery_note": "osm=68.19687,27.55373 | bing=https://www.bing.com/maps?cp=27.55373~68.19687&lvl=19&style=a | google=https://www.google.com/maps/@27.55373,68.19687,200m/data=!3m1!1e3" }, "geometry": { "type": "Polygon", "coordinates": [ [ [ 68.196902108004778, 27.553748991822385 ], [ 68.196838014176421, 27.553752742183221 ], [ 68.196834749764591, 27.553708890995882 ], [ 68.196898843887766, 27.55370514459339 ], [ 68.196902108004778, 27.553748991822385 ] ] ] } },
{ "type": "Feature", "properties": { "lead_id": "pakistan-small-pv-roofclf-0154", "cell": "0114_0075", "roof_area_m2": 320.6911, "est_kwp": 31.72, "p_roofclf": 0.9943, "sppi": 0.0251, "fixme": "Possible small rooftop PV (321 m2 roof, roofclf p=0.99 alone -- SPPI=0.03 shown for reference only, not used to filter this population -- not near any existing OSM solar feature) -- check imagery; if real, map as generator:source=solar or power=generator + generator:source=solar", "imagery_note": "osm=72.32820,31.22583 | bing=https://www.bing.com/maps?cp=31.22583~72.32820&lvl=19&style=a | google=https://www.google.com/maps/@31.22583,72.32820,200m/data=!3m1!1e3" }, "geometry": { "type": "Polygon", "coordinates": [ [ [ 72.328273082773563, 31.225928993246384 ], [ 72.328091927806668, 31.225896727343898 ], [ 72.328131027459932, 31.225736255796214 ], [ 72.328312169839037, 31.225768519511441 ], [ 72.328273082773563, 31.225928993246384 ] ] ] } },
{ "type": "Feature", "properties": { "lead_id": "pakistan-small-pv-roofclf-0155", "cell": "0118_0083", "roof_area_m2": 384.6872, "est_kwp": 38.05, "p_roofclf": 0.9943, "sppi": 0.1314, "fixme": "Possible small rooftop PV (385 m2 roof, roofclf p=0.99 alone -- SPPI=0.13 shown for reference only, not used to filter this population -- not near any existing OSM solar feature) -- check imagery; if real, map as generator:source=solar or power=generator + generator:source=solar", "imagery_note": "osm=72.72458,32.04583 | bing=https://www.bing.com/maps?cp=32.04583~72.72458&lvl=19&style=a | google=https://www.google.com/maps/@32.04583,72.72458,200m/data=!3m1!1e3" }, "geometry": { "type": "Polygon", "coordinates": [ [ [ 72.724757396275606, 32.045915914137801 ], [ 72.724667105720101, 32.045974809035002 ], [ 72.724575547640697, 32.0458729819848 ], [ 72.724543879679103, 32.045893638379404 ], [ 72.724441089153601, 32.045779318690997 ], [ 72.724563047547093, 32.04569976755721 ], [ 72.724757396275606, 32.045915914137801 ] ] ] } },
{ "type": "Feature", "properties": { "lead_id": "pakistan-small-pv-roofclf-0156", "cell": "0123_0104", "roof_area_m2": 26.116, "est_kwp": 2.58, "p_roofclf": 0.9943, "sppi": 0.0, "fixme": "Possible small rooftop PV (26 m2 roof, roofclf p=0.99 alone -- SPPI=0.00 shown for reference only, not used to filter this population -- not near any existing OSM solar feature) -- check imagery; if real, map as generator:source=solar or power=generator + generator:source=solar", "imagery_note": "osm=73.17201,34.16901 | bing=https://www.bing.com/maps?cp=34.16901~73.17201&lvl=19&style=a | google=https://www.google.com/maps/@34.16901,73.17201,200m/data=!3m1!1e3" }, "geometry": { "type": "Polygon", "coordinates": [ [ [ 73.172049689928798, 34.169014755213119 ], [ 73.172005445918145, 34.1690439678896 ], [ 73.171971446329167, 34.169008716896748 ], [ 73.172015690339819, 34.168979504208068 ], [ 73.172049689928798, 34.169014755213119 ] ] ] } },
{ "type": "Feature", "properties": { "lead_id": "pakistan-small-pv-roofclf-0157", "cell": "0135_0078", "roof_area_m2": 148.745, "est_kwp": 14.71, "p_roofclf": 0.9942, "sppi": 0.1042, "fixme": "Possible small rooftop PV (149 m2 roof, roofclf p=0.99 alone -- SPPI=0.10 shown for reference only, not used to filter this population -- not near any existing OSM solar feature) -- check imagery; if real, map as generator:source=solar or power=generator + generator:source=solar", "imagery_note": "osm=74.35343,31.51204 | bing=https://www.bing.com/maps?cp=31.51204~74.35343&lvl=19&style=a | google=https://www.google.com/maps/@31.51204,74.35343,200m/data=!3m1!1e3" }, "geometry": { "type": "Polygon", "coordinates": [ [ [ 74.3535594, 31.5120674 ], [ 74.3533102, 31.5120775 ], [ 74.3533071, 31.512021 ], [ 74.3535563, 31.5120109 ], [ 74.3535594, 31.5120674 ] ] ] } },
{ "type": "Feature", "properties": { "lead_id": "pakistan-small-pv-roofclf-0158", "cell": "0123_0104", "roof_area_m2": 278.4455, "est_kwp": 27.54, "p_roofclf": 0.9942, "sppi": 0.0058, "fixme": "Possible small rooftop PV (278 m2 roof, roofclf p=0.99 alone -- SPPI=0.01 shown for reference only, not used to filter this population -- not near any existing OSM solar feature) -- check imagery; if real, map as generator:source=solar or power=generator + generator:source=solar", "imagery_note": "osm=73.19575,34.16423 | bing=https://www.bing.com/maps?cp=34.16423~73.19575&lvl=19&style=a | google=https://www.google.com/maps/@34.16423,73.19575,200m/data=!3m1!1e3" }, "geometry": { "type": "Polygon", "coordinates": [ [ [ 73.1958281204939, 34.164140422530799 ], [ 73.195816674292502, 34.164328530342708 ], [ 73.195672356162504, 34.1643224623582 ], [ 73.195683802681501, 34.164134354571608 ], [ 73.1958281204939, 34.164140422530799 ] ] ] } },
{ "type": "Feature", "properties": { "lead_id": "pakistan-small-pv-roofclf-0159", "cell": "0098_0063", "roof_area_m2": 46.9303, "est_kwp": 4.64, "p_roofclf": 0.9942, "sppi": 0.1008, "fixme": "Possible small rooftop PV (47 m2 roof, roofclf p=0.99 alone -- SPPI=0.10 shown for reference only, not used to filter this population -- not near any existing OSM solar feature) -- check imagery; if real, map as generator:source=solar or power=generator + generator:source=solar", "imagery_note": "osm=70.64324,30.06965 | bing=https://www.bing.com/maps?cp=30.06965~70.64324&lvl=19&style=a | google=https://www.google.com/maps/@30.06965,70.64324,200m/data=!3m1!1e3" }, "geometry": { "type": "Polygon", "coordinates": [ [ [ 70.643291029088402, 30.0696386790367 ], [ 70.643284473412507, 30.069680116408001 ], [ 70.643180596699196, 30.0696676836107 ], [ 70.643187152417994, 30.0696262462438 ], [ 70.643291029088402, 30.0696386790367 ] ] ] } },
{ "type": "Feature", "properties": { "lead_id": "pakistan-small-pv-roofclf-0160", "cell": "0134_0077", "roof_area_m2": 73.5609, "est_kwp": 7.28, "p_roofclf": 0.9942, "sppi": 0.1053, "fixme": "Possible small rooftop PV (74 m2 roof, roofclf p=0.99 alone -- SPPI=0.11 shown for reference only, not used to filter this population -- not near any existing OSM solar feature) -- check imagery; if real, map as generator:source=solar or power=generator + generator:source=solar", "imagery_note": "osm=74.31497,31.48427 | bing=https://www.bing.com/maps?cp=31.48427~74.31497&lvl=19&style=a | google=https://www.google.com/maps/@31.48427,74.31497,200m/data=!3m1!1e3" }, "geometry": { "type": "Polygon", "coordinates": [ [ [ 74.3149694, 31.4843315 ], [ 74.3149185, 31.4843153 ], [ 74.3149553, 31.4842309 ], [ 74.3149709, 31.4841948 ], [ 74.3150218, 31.4842111 ], [ 74.3149694, 31.4843315 ] ] ] } },
{ "type": "Feature", "properties": { "lead_id": "pakistan-small-pv-roofclf-0161", "cell": "0133_0076", "roof_area_m2": 341.1269, "est_kwp": 33.74, "p_roofclf": 0.9941, "sppi": 0.0619, "fixme": "Possible small rooftop PV (341 m2 roof, roofclf p=0.99 alone -- SPPI=0.06 shown for reference only, not used to filter this population -- not near any existing OSM solar feature) -- check imagery; if real, map as generator:source=solar or power=generator + generator:source=solar", "imagery_note": "osm=74.15421,31.31377 | bing=https://www.bing.com/maps?cp=31.31377~74.15421&lvl=19&style=a | google=https://www.google.com/maps/@31.31377,74.15421,200m/data=!3m1!1e3" }, "geometry": { "type": "Polygon", "coordinates": [ [ [ 74.154244825863003, 31.313908539222602 ], [ 74.154129442572298, 31.313890246585395 ], [ 74.154182012436394, 31.313645836155604 ], [ 74.154242052644307, 31.313655354821204 ], [ 74.154253820456105, 31.313600642976496 ], [ 74.154309163222905, 31.313609416890301 ], [ 74.154244825863003, 31.313908539222602 ] ] ] } },
{ "type": "Feature", "properties": { "lead_id": "pakistan-small-pv-roofclf-0162", "cell": "0061_0012", "roof_area_m2": 330.566, "est_kwp": 32.7, "p_roofclf": 0.9938, "sppi": 0.0688, "fixme": "Possible small rooftop PV (331 m2 roof, roofclf p=0.99 alone -- SPPI=0.07 shown for reference only, not used to filter this population -- not near any existing OSM solar feature) -- check imagery; if real, map as generator:source=solar or power=generator + generator:source=solar", "imagery_note": "osm=67.03172,24.99421 | bing=https://www.bing.com/maps?cp=24.99421~67.03172&lvl=19&style=a | google=https://www.google.com/maps/@24.99421,67.03172,200m/data=!3m1!1e3" }, "geometry": { "type": "Polygon", "coordinates": [ [ [ 67.03185, 24.994166 ], [ 67.0318259, 24.9942922 ], [ 67.031599, 24.9942562 ], [ 67.0316232, 24.99413 ], [ 67.03185, 24.994166 ] ] ] } },
{ "type": "Feature", "properties": { "lead_id": "pakistan-small-pv-roofclf-0163", "cell": "0061_0012", "roof_area_m2": 63.3752, "est_kwp": 6.27, "p_roofclf": 0.9938, "sppi": 0.062, "fixme": "Possible small rooftop PV (63 m2 roof, roofclf p=0.99 alone -- SPPI=0.06 shown for reference only, not used to filter this population -- not near any existing OSM solar feature) -- check imagery; if real, map as generator:source=solar or power=generator + generator:source=solar", "imagery_note": "osm=66.99758,24.91629 | bing=https://www.bing.com/maps?cp=24.91629~66.99758&lvl=19&style=a | google=https://www.google.com/maps/@24.91629,66.99758,200m/data=!3m1!1e3" }, "geometry": { "type": "Polygon", "coordinates": [ [ [ 66.997630346973807, 24.916268049461902 ], [ 66.997578822602307, 24.916340145691503 ], [ 66.997523802342599, 24.916307444270601 ], [ 66.997575326729503, 24.916235348061502 ], [ 66.997630346973807, 24.916268049461902 ] ] ] } },
{ "type": "Feature", "properties": { "lead_id": "pakistan-small-pv-roofclf-0164", "cell": "0061_0012", "roof_area_m2": 239.0688, "est_kwp": 23.65, "p_roofclf": 0.9937, "sppi": 0.0598, "fixme": "Possible small rooftop PV (239 m2 roof, roofclf p=0.99 alone -- SPPI=0.06 shown for reference only, not used to filter this population -- not near any existing OSM solar feature) -- check imagery; if real, map as generator:source=solar or power=generator + generator:source=solar", "imagery_note": "osm=66.95481,24.96660 | bing=https://www.bing.com/maps?cp=24.96660~66.95481&lvl=19&style=a | google=https://www.google.com/maps/@24.96660,66.95481,200m/data=!3m1!1e3" }, "geometry": { "type": "Polygon", "coordinates": [ [ [ 66.954912801665714, 24.966566426031097 ], [ 66.954830721392597, 24.966697784979001 ], [ 66.954708128873705, 24.966634130562102 ], [ 66.954790209223702, 24.966502771687502 ], [ 66.954912801665714, 24.966566426031097 ] ] ] } },
{ "type": "Feature", "properties": { "lead_id": "pakistan-small-pv-roofclf-0165", "cell": "0136_0087", "roof_area_m2": 239.6682, "est_kwp": 23.71, "p_roofclf": 0.9937, "sppi": 0.0847, "fixme": "Possible small rooftop PV (240 m2 roof, roofclf p=0.99 alone -- SPPI=0.08 shown for reference only, not used to filter this population -- not near any existing OSM solar feature) -- check imagery; if real, map as generator:source=solar or power=generator + generator:source=solar", "imagery_note": "osm=74.52643,32.46979 | bing=https://www.bing.com/maps?cp=32.46979~74.52643&lvl=19&style=a | google=https://www.google.com/maps/@32.46979,74.52643,200m/data=!3m1!1e3" }, "geometry": { "type": "Polygon", "coordinates": [ [ [ 74.5265144, 32.4697168 ], [ 74.5265205, 32.4698499 ], [ 74.5263482, 32.4698557 ], [ 74.526342, 32.4697226 ], [ 74.5265144, 32.4697168 ] ] ] } },
{ "type": "Feature", "properties": { "lead_id": "pakistan-small-pv-roofclf-0166", "cell": "0132_0088", "roof_area_m2": 369.518, "est_kwp": 36.55, "p_roofclf": 0.9937, "sppi": 0.0795, "fixme": "Possible small rooftop PV (370 m2 roof, roofclf p=0.99 alone -- SPPI=0.08 shown for reference only, not used to filter this population -- not near any existing OSM solar feature) -- check imagery; if real, map as generator:source=solar or power=generator + generator:source=solar", "imagery_note": "osm=74.08318,32.55264 | bing=https://www.bing.com/maps?cp=32.55264~74.08318&lvl=19&style=a | google=https://www.google.com/maps/@32.55264,74.08318,200m/data=!3m1!1e3" }, "geometry": { "type": "Polygon", "coordinates": [ [ [ 74.083360930869006, 32.552689791005001 ], [ 74.082991015319095, 32.552685307996597 ], [ 74.082992634587995, 32.552589478719597 ], [ 74.083362549742901, 32.552593961716603 ], [ 74.083360930869006, 32.552689791005001 ] ] ] } },
{ "type": "Feature", "properties": { "lead_id": "pakistan-small-pv-roofclf-0167", "cell": "0136_0078", "roof_area_m2": 163.0631, "est_kwp": 16.13, "p_roofclf": 0.9935, "sppi": 0.1244, "fixme": "Possible small rooftop PV (163 m2 roof, roofclf p=0.99 alone -- SPPI=0.12 shown for reference only, not used to filter this population -- not near any existing OSM solar feature) -- check imagery; if real, map as generator:source=solar or power=generator + generator:source=solar", "imagery_note": "osm=74.46875,31.59606 | bing=https://www.bing.com/maps?cp=31.59606~74.46875&lvl=19&style=a | google=https://www.google.com/maps/@31.59606,74.46875,200m/data=!3m1!1e3" }, "geometry": { "type": "Polygon", "coordinates": [ [ [ 74.468788615168194, 31.5959393695899 ], [ 74.468782507436401, 31.596172103391702 ], [ 74.468716012643299, 31.596170824927704 ], [ 74.468722120540306, 31.5959380911309 ], [ 74.468788615168194, 31.5959393695899 ] ] ] } },
{ "type": "Feature", "properties": { "lead_id": "pakistan-small-pv-roofclf-0168", "cell": "0080_0039", "roof_area_m2": 380.8235, "est_kwp": 37.67, "p_roofclf": 0.9934, "sppi": 0.0369, "fixme": "Possible small rooftop PV (381 m2 roof, roofclf p=0.99 alone -- SPPI=0.04 shown for reference only, not used to filter this population -- not near any existing OSM solar feature) -- check imagery; if real, map as generator:source=solar or power=generator + generator:source=solar", "imagery_note": "osm=68.85091,27.69516 | bing=https://www.bing.com/maps?cp=27.69516~68.85091&lvl=19&style=a | google=https://www.google.com/maps/@27.69516,68.85091,200m/data=!3m1!1e3" }, "geometry": { "type": "Polygon", "coordinates": [ [ [ 68.851001391310803, 27.695051257240401 ], [ 68.8509844954432, 27.695272244191798 ], [ 68.850827811742107, 27.695262752789695 ], [ 68.850844707923599, 27.695041765857702 ], [ 68.851001391310803, 27.695051257240401 ] ] ] } },
{ "type": "Feature", "properties": { "lead_id": "pakistan-small-pv-roofclf-0169", "cell": "0122_0098", "roof_area_m2": 297.9086, "est_kwp": 29.47, "p_roofclf": 0.9933, "sppi": 0.0754, "fixme": "Possible small rooftop PV (298 m2 roof, roofclf p=0.99 alone -- SPPI=0.08 shown for reference only, not used to filter this population -- not near any existing OSM solar feature) -- check imagery; if real, map as generator:source=solar or power=generator + generator:source=solar", "imagery_note": "osm=73.13389,33.54964 | bing=https://www.bing.com/maps?cp=33.54964~73.13389&lvl=19&style=a | google=https://www.google.com/maps/@33.54964,73.13389,200m/data=!3m1!1e3" }, "geometry": { "type": "Polygon", "coordinates": [ [ [ 73.133859290989705, 33.549538106169898 ], [ 73.133860645280294, 33.5495655600742 ], [ 73.133942239868702, 33.549562738148992 ], [ 73.133941371837295, 33.54954514194349 ], [ 73.133971674163206, 33.549544093932496 ], [ 73.133980139788406, 33.549715702594298 ], [ 73.133807104875501, 33.549721686923199 ], [ 73.133798153323397, 33.549540220562797 ], [ 73.133859290989705, 33.549538106169898 ] ] ] } },
{ "type": "Feature", "properties": { "lead_id": "pakistan-small-pv-roofclf-0170", "cell": "0097_0092", "roof_area_m2": 24.4299, "est_kwp": 2.42, "p_roofclf": 0.9933, "sppi": 0.1007, "fixme": "Possible small rooftop PV (24 m2 roof, roofclf p=0.99 alone -- SPPI=0.10 shown for reference only, not used to filter this population -- not near any existing OSM solar feature) -- check imagery; if real, map as generator:source=solar or power=generator + generator:source=solar", "imagery_note": "osm=70.61481,32.93933 | bing=https://www.bing.com/maps?cp=32.93933~70.61481&lvl=19&style=a | google=https://www.google.com/maps/@32.93933,70.61481,200m/data=!3m1!1e3" }, "geometry": { "type": "Polygon", "coordinates": [ [ [ 70.6148413717696, 32.939344704456595 ], [ 70.614796098649805, 32.939354508789897 ], [ 70.614781240482912, 32.939305724415306 ], [ 70.6148265135797, 32.939295920088 ], [ 70.6148413717696, 32.939344704456595 ] ] ] } },
{ "type": "Feature", "properties": { "lead_id": "pakistan-small-pv-roofclf-0171", "cell": "0094_0047", "roof_area_m2": 257.1231, "est_kwp": 25.43, "p_roofclf": 0.9933, "sppi": 0.0568, "fixme": "Possible small rooftop PV (257 m2 roof, roofclf p=0.99 alone -- SPPI=0.06 shown for reference only, not used to filter this population -- not near any existing OSM solar feature) -- check imagery; if real, map as generator:source=solar or power=generator + generator:source=solar", "imagery_note": "osm=70.28107,28.45185 | bing=https://www.bing.com/maps?cp=28.45185~70.28107&lvl=19&style=a | google=https://www.google.com/maps/@28.45185,70.28107,200m/data=!3m1!1e3" }, "geometry": { "type": "Polygon", "coordinates": [ [ [ 70.281181624586296, 28.451819315097001 ], [ 70.281123701862896, 28.4519383317805 ], [ 70.280955997399104, 28.451874579919298 ], [ 70.281013920281694, 28.451755563300903 ], [ 70.281181624586296, 28.451819315097001 ] ] ] } },
{ "type": "Feature", "properties": { "lead_id": "pakistan-small-pv-roofclf-0172", "cell": "0123_0106", "roof_area_m2": 79.447, "est_kwp": 7.86, "p_roofclf": 0.9933, "sppi": 0.0995, "fixme": "Possible small rooftop PV (79 m2 roof, roofclf p=0.99 alone -- SPPI=0.10 shown for reference only, not used to filter this population -- not near any existing OSM solar feature) -- check imagery; if real, map as generator:source=solar or power=generator + generator:source=solar", "imagery_note": "osm=73.20524,34.31924 | bing=https://www.bing.com/maps?cp=34.31924~73.20524&lvl=19&style=a | google=https://www.google.com/maps/@34.31924,73.20524,200m/data=!3m1!1e3" }, "geometry": { "type": "Polygon", "coordinates": [ [ [ 73.205271393014598, 34.319293551675202 ], [ 73.205208809057396, 34.319296170819904 ], [ 73.205202264932296, 34.3191885228633 ], [ 73.2052245320438, 34.31918759098491 ], [ 73.205222989309803, 34.319162213779897 ], [ 73.205263306063202, 34.319160526513798 ], [ 73.205271393014598, 34.319293551675202 ] ] ] } },
{ "type": "Feature", "properties": { "lead_id": "pakistan-small-pv-roofclf-0173", "cell": "0062_0012", "roof_area_m2": 249.4398, "est_kwp": 24.67, "p_roofclf": 0.9932, "sppi": 0.0674, "fixme": "Possible small rooftop PV (249 m2 roof, roofclf p=0.99 alone -- SPPI=0.07 shown for reference only, not used to filter this population -- not near any existing OSM solar feature) -- check imagery; if real, map as generator:source=solar or power=generator + generator:source=solar", "imagery_note": "osm=67.04265,24.97153 | bing=https://www.bing.com/maps?cp=24.97153~67.04265&lvl=19&style=a | google=https://www.google.com/maps/@24.97153,67.04265,200m/data=!3m1!1e3" }, "geometry": { "type": "Polygon", "coordinates": [ [ [ 67.042786157845597, 24.971528689307 ], [ 67.042539809294993, 24.971613226799704 ], [ 67.042507131322097, 24.971534103086 ], [ 67.042753479732696, 24.971449565645798 ], [ 67.042786157845597, 24.971528689307 ] ] ] } },
{ "type": "Feature", "properties": { "lead_id": "pakistan-small-pv-roofclf-0174", "cell": "0106_0064", "roof_area_m2": 191.6074, "est_kwp": 18.95, "p_roofclf": 0.9932, "sppi": 0.0531, "fixme": "Possible small rooftop PV (192 m2 roof, roofclf p=0.99 alone -- SPPI=0.05 shown for reference only, not used to filter this population -- not near any existing OSM solar feature) -- check imagery; if real, map as generator:source=solar or power=generator + generator:source=solar", "imagery_note": "osm=71.50372,30.14713 | bing=https://www.bing.com/maps?cp=30.14713~71.50372&lvl=19&style=a | google=https://www.google.com/maps/@30.14713,71.50372,200m/data=!3m1!1e3" }, "geometry": { "type": "Polygon", "coordinates": [ [ [ 71.5038424, 30.147166 ], [ 71.5036415, 30.147166 ], [ 71.5036415, 30.1472075 ], [ 71.5036026, 30.1472075 ], [ 71.5036026, 30.147098 ], [ 71.5038424, 30.147098 ], [ 71.5038424, 30.147166 ] ] ] } },
{ "type": "Feature", "properties": { "lead_id": "pakistan-small-pv-roofclf-0175", "cell": "0122_0076", "roof_area_m2": 263.7714, "est_kwp": 26.09, "p_roofclf": 0.9932, "sppi": 0.124, "fixme": "Possible small rooftop PV (264 m2 roof, roofclf p=0.99 alone -- SPPI=0.12 shown for reference only, not used to filter this population -- not near any existing OSM solar feature) -- check imagery; if real, map as generator:source=solar or power=generator + generator:source=solar", "imagery_note": "osm=73.08055,31.36873 | bing=https://www.bing.com/maps?cp=31.36873~73.08055&lvl=19&style=a | google=https://www.google.com/maps/@31.36873,73.08055,200m/data=!3m1!1e3" }, "geometry": { "type": "Polygon", "coordinates": [ [ [ 73.080680028203602, 31.368789899325701 ], [ 73.080600314498014, 31.368851159062302 ], [ 73.080418769142796, 31.368677239444196 ], [ 73.080498482807513, 31.368615979816703 ], [ 73.080680028203602, 31.368789899325701 ] ] ] } },
{ "type": "Feature", "properties": { "lead_id": "pakistan-small-pv-roofclf-0176", "cell": "0064_0011", "roof_area_m2": 241.7683, "est_kwp": 23.91, "p_roofclf": 0.993, "sppi": 0.0678, "fixme": "Possible small rooftop PV (242 m2 roof, roofclf p=0.99 alone -- SPPI=0.07 shown for reference only, not used to filter this population -- not near any existing OSM solar feature) -- check imagery; if real, map as generator:source=solar or power=generator + generator:source=solar", "imagery_note": "osm=67.25032,24.82158 | bing=https://www.bing.com/maps?cp=24.82158~67.25032&lvl=19&style=a | google=https://www.google.com/maps/@24.82158,67.25032,200m/data=!3m1!1e3" }, "geometry": { "type": "Polygon", "coordinates": [ [ [ 67.250357680398096, 24.821380612245395 ], [ 67.250342815956898, 24.821790330312904 ], [ 67.250290291203001, 24.8217887430541 ], [ 67.250305155816307, 24.8213790250012 ], [ 67.250357680398096, 24.821380612245395 ] ] ] } },
{ "type": "Feature", "properties": { "lead_id": "pakistan-small-pv-roofclf-0177", "cell": "0122_0069", "roof_area_m2": 295.3492, "est_kwp": 29.21, "p_roofclf": 0.9928, "sppi": 0.0932, "fixme": "Possible small rooftop PV (295 m2 roof, roofclf p=0.99 alone -- SPPI=0.09 shown for reference only, not used to filter this population -- not near any existing OSM solar feature) -- check imagery; if real, map as generator:source=solar or power=generator + generator:source=solar", "imagery_note": "osm=73.07902,30.65548 | bing=https://www.bing.com/maps?cp=30.65548~73.07902&lvl=19&style=a | google=https://www.google.com/maps/@30.65548,73.07902,200m/data=!3m1!1e3" }, "geometry": { "type": "Polygon", "coordinates": [ [ [ 73.079034288293101, 30.655301876469903 ], [ 73.079036276028305, 30.6554185244288 ], [ 73.079090063334604, 30.655417839354097 ], [ 73.079092116204706, 30.655538305956103 ], [ 73.078948574151596, 30.655540134155505 ], [ 73.078944533831503, 30.655303019603405 ], [ 73.079034288293101, 30.655301876469903 ] ] ] } },
{ "type": "Feature", "properties": { "lead_id": "pakistan-small-pv-roofclf-0178", "cell": "0219_0117", "roof_area_m2": 148.745, "est_kwp": 14.71, "p_roofclf": 0.9927, "sppi": 0.0847, "fixme": "Possible small rooftop PV (149 m2 roof, roofclf p=0.99 alone -- SPPI=0.08 shown for reference only, not used to filter this population -- not near any existing OSM solar feature) -- check imagery; if real, map as generator:source=solar or power=generator + generator:source=solar", "imagery_note": "osm=74.35343,31.51204 | bing=https://www.bing.com/maps?cp=31.51204~74.35343&lvl=19&style=a | google=https://www.google.com/maps/@31.51204,74.35343,200m/data=!3m1!1e3" }, "geometry": { "type": "Polygon", "coordinates": [ [ [ 74.3535594, 31.5120674 ], [ 74.3533102, 31.5120775 ], [ 74.3533071, 31.512021 ], [ 74.3535563, 31.5120109 ], [ 74.3535594, 31.5120674 ] ] ] } },
{ "type": "Feature", "properties": { "lead_id": "pakistan-small-pv-roofclf-0179", "cell": "0135_0076", "roof_area_m2": 151.4434, "est_kwp": 14.98, "p_roofclf": 0.9926, "sppi": 0.0736, "fixme": "Possible small rooftop PV (151 m2 roof, roofclf p=0.99 alone -- SPPI=0.07 shown for reference only, not used to filter this population -- not near any existing OSM solar feature) -- check imagery; if real, map as generator:source=solar or power=generator + generator:source=solar", "imagery_note": "osm=74.34985,31.40096 | bing=https://www.bing.com/maps?cp=31.40096~74.34985&lvl=19&style=a | google=https://www.google.com/maps/@31.40096,74.34985,200m/data=!3m1!1e3" }, "geometry": { "type": "Polygon", "coordinates": [ [ [ 74.349924365825402, 31.400870082627296 ], [ 74.349928109723606, 31.400923552619403 ], [ 74.349899821171107, 31.400925009850006 ], [ 74.349905156013193, 31.401001201784695 ], [ 74.349806546359602, 31.401006281423204 ], [ 74.349797467770699, 31.400876619491299 ], [ 74.349924365825402, 31.400870082627296 ] ] ] } },
{ "type": "Feature", "properties": { "lead_id": "pakistan-small-pv-roofclf-0180", "cell": "0122_0098", "roof_area_m2": 98.569, "est_kwp": 9.75, "p_roofclf": 0.9926, "sppi": 0.1121, "fixme": "Possible small rooftop PV (99 m2 roof, roofclf p=0.99 alone -- SPPI=0.11 shown for reference only, not used to filter this population -- not near any existing OSM solar feature) -- check imagery; if real, map as generator:source=solar or power=generator + generator:source=solar", "imagery_note": "osm=73.09646,33.52291 | bing=https://www.bing.com/maps?cp=33.52291~73.09646&lvl=19&style=a | google=https://www.google.com/maps/@33.52291,73.09646,200m/data=!3m1!1e3" }, "geometry": { "type": "Polygon", "coordinates": [ [ [ 73.096556469141504, 33.522929714215003 ], [ 73.096372172049598, 33.522938157685893 ], [ 73.096368793619803, 33.522886425393409 ], [ 73.096553090600295, 33.5228779819249 ], [ 73.096556469141504, 33.522929714215003 ] ] ] } },
{ "type": "Feature", "properties": { "lead_id": "pakistan-small-pv-roofclf-0181", "cell": "0122_0076", "roof_area_m2": 186.8909, "est_kwp": 18.49, "p_roofclf": 0.9924, "sppi": 0.0655, "fixme": "Possible small rooftop PV (187 m2 roof, roofclf p=0.99 alone -- SPPI=0.07 shown for reference only, not used to filter this population -- not near any existing OSM solar feature) -- check imagery; if real, map as generator:source=solar or power=generator + generator:source=solar", "imagery_note": "osm=73.07362,31.37667 | bing=https://www.bing.com/maps?cp=31.37667~73.07362&lvl=19&style=a | google=https://www.google.com/maps/@31.37667,73.07362,200m/data=!3m1!1e3" }, "geometry": { "type": "Polygon", "coordinates": [ [ [ 73.073721317718395, 31.376655697698205 ], [ 73.073589057245499, 31.376755140839197 ], [ 73.0735117211849, 31.3766794281321 ], [ 73.073643981626205, 31.376579985070702 ], [ 73.073721317718395, 31.376655697698205 ] ] ] } },
{ "type": "Feature", "properties": { "lead_id": "pakistan-small-pv-roofclf-0182", "cell": "0111_0104", "roof_area_m2": 116.5124, "est_kwp": 11.52, "p_roofclf": 0.9924, "sppi": 0.091, "fixme": "Possible small rooftop PV (117 m2 roof, roofclf p=0.99 alone -- SPPI=0.09 shown for reference only, not used to filter this population -- not near any existing OSM solar feature) -- check imagery; if real, map as generator:source=solar or power=generator + generator:source=solar", "imagery_note": "osm=72.03381,34.12195 | bing=https://www.bing.com/maps?cp=34.12195~72.03381&lvl=19&style=a | google=https://www.google.com/maps/@34.12195,72.03381,200m/data=!3m1!1e3" }, "geometry": { "type": "Polygon", "coordinates": [ [ [ 72.033852317615697, 34.12188953887771 ], [ 72.033842764141198, 34.122023150300507 ], [ 72.033757870479704, 34.122018951768098 ], [ 72.033767424086093, 34.121885340359903 ], [ 72.033852317615697, 34.12188953887771 ] ] ] } },
{ "type": "Feature", "properties": { "lead_id": "pakistan-small-pv-roofclf-0183", "cell": "0120_0099", "roof_area_m2": 97.306, "est_kwp": 9.62, "p_roofclf": 0.9924, "sppi": 0.0726, "fixme": "Possible small rooftop PV (97 m2 roof, roofclf p=0.99 alone -- SPPI=0.07 shown for reference only, not used to filter this population -- not near any existing OSM solar feature) -- check imagery; if real, map as generator:source=solar or power=generator + generator:source=solar", "imagery_note": "osm=72.90108,33.63215 | bing=https://www.bing.com/maps?cp=33.63215~72.90108&lvl=19&style=a | google=https://www.google.com/maps/@33.63215,72.90108,200m/data=!3m1!1e3" }, "geometry": { "type": "Polygon", "coordinates": [ [ [ 72.9011494441216, 33.632118409935899 ], [ 72.901095204662695, 33.632219600050099 ], [ 72.901017431407496, 33.6321904297792 ], [ 72.901071670935494, 33.632089239701401 ], [ 72.9011494441216, 33.632118409935899 ] ] ] } },
{ "type": "Feature", "properties": { "lead_id": "pakistan-small-pv-roofclf-0184", "cell": "0062_0013", "roof_area_m2": 108.4768, "est_kwp": 10.73, "p_roofclf": 0.9924, "sppi": -0.0019, "fixme": "Possible small rooftop PV (108 m2 roof, roofclf p=0.99 alone -- SPPI=-0.00 shown for reference only, not used to filter this population -- not near any existing OSM solar feature) -- check imagery; if real, map as generator:source=solar or power=generator + generator:source=solar", "imagery_note": "osm=67.13792,25.02754 | bing=https://www.bing.com/maps?cp=25.02754~67.13792&lvl=19&style=a | google=https://www.google.com/maps/@25.02754,67.13792,200m/data=!3m1!1e3" }, "geometry": { "type": "Polygon", "coordinates": [ [ [ 67.137995329534405, 25.027569426326998 ], [ 67.137940485794104, 25.027614111860199 ], [ 67.137844202949594, 25.027516014173401 ], [ 67.137899046676495, 25.027471328674501 ], [ 67.137995329534405, 25.027569426326998 ] ] ] } },
{ "type": "Feature", "properties": { "lead_id": "pakistan-small-pv-roofclf-0185", "cell": "0062_0013", "roof_area_m2": 111.4791, "est_kwp": 11.03, "p_roofclf": 0.9919, "sppi": -0.0453, "fixme": "Possible small rooftop PV (111 m2 roof, roofclf p=0.99 alone -- SPPI=-0.05 shown for reference only, not used to filter this population -- not near any existing OSM solar feature) -- check imagery; if real, map as generator:source=solar or power=generator + generator:source=solar", "imagery_note": "osm=67.14045,25.03017 | bing=https://www.bing.com/maps?cp=25.03017~67.14045&lvl=19&style=a | google=https://www.google.com/maps/@25.03017,67.14045,200m/data=!3m1!1e3" }, "geometry": { "type": "Polygon", "coordinates": [ [ [ 67.1405256643489, 25.030193567413605 ], [ 67.140469291955895, 25.030238499366302 ], [ 67.140373281289897, 25.0301385082027 ], [ 67.14042965366842, 25.030093576285498 ], [ 67.1405256643489, 25.030193567413605 ] ] ] } },
{ "type": "Feature", "properties": { "lead_id": "pakistan-small-pv-roofclf-0186", "cell": "0062_0012", "roof_area_m2": 104.9444, "est_kwp": 10.38, "p_roofclf": 0.9919, "sppi": 0.0562, "fixme": "Possible small rooftop PV (105 m2 roof, roofclf p=0.99 alone -- SPPI=0.06 shown for reference only, not used to filter this population -- not near any existing OSM solar feature) -- check imagery; if real, map as generator:source=solar or power=generator + generator:source=solar", "imagery_note": "osm=67.04250,24.97111 | bing=https://www.bing.com/maps?cp=24.97111~67.04250&lvl=19&style=a | google=https://www.google.com/maps/@24.97111,67.04250,200m/data=!3m1!1e3" }, "geometry": { "type": "Polygon", "coordinates": [ [ [ 67.042578433089304, 24.971118160115999 ], [ 67.042443247401806, 24.971165154041703 ], [ 67.042417950521099, 24.971104688303004 ], [ 67.042553136148811, 24.9710576943971 ], [ 67.042578433089304, 24.971118160115999 ] ] ] } },
{ "type": "Feature", "properties": { "lead_id": "pakistan-small-pv-roofclf-0187", "cell": "0062_0012", "roof_area_m2": 191.3877, "est_kwp": 18.93, "p_roofclf": 0.9917, "sppi": 0.0363, "fixme": "Possible small rooftop PV (191 m2 roof, roofclf p=0.99 alone -- SPPI=0.04 shown for reference only, not used to filter this population -- not near any existing OSM solar feature) -- check imagery; if real, map as generator:source=solar or power=generator + generator:source=solar", "imagery_note": "osm=67.06658,24.93795 | bing=https://www.bing.com/maps?cp=24.93795~67.06658&lvl=19&style=a | google=https://www.google.com/maps/@24.93795,67.06658,200m/data=!3m1!1e3" }, "geometry": { "type": "Polygon", "coordinates": [ [ [ 67.066664099024905, 24.937931970791904 ], [ 67.066561671217698, 24.9380327996478 ], [ 67.066493683140806, 24.937975380681699 ], [ 67.066546197651903, 24.937923686004499 ], [ 67.066498720399906, 24.937883589314101 ], [ 67.066548633697195, 24.937834455197702 ], [ 67.066664099024905, 24.937931970791904 ] ] ] } },
{ "type": "Feature", "properties": { "lead_id": "pakistan-small-pv-roofclf-0188", "cell": "0122_0077", "roof_area_m2": 130.9979, "est_kwp": 12.96, "p_roofclf": 0.9917, "sppi": 0.1434, "fixme": "Possible small rooftop PV (131 m2 roof, roofclf p=0.99 alone -- SPPI=0.14 shown for reference only, not used to filter this population -- not near any existing OSM solar feature) -- check imagery; if real, map as generator:source=solar or power=generator + generator:source=solar", "imagery_note": "osm=73.09518,31.49841 | bing=https://www.bing.com/maps?cp=31.49841~73.09518&lvl=19&style=a | google=https://www.google.com/maps/@31.49841,73.09518,200m/data=!3m1!1e3" }, "geometry": { "type": "Polygon", "coordinates": [ [ [ 73.095272959473604, 31.498355546196695 ], [ 73.095148282751495, 31.498499301379503 ], [ 73.095092597273094, 31.498463844869001 ], [ 73.095217274027604, 31.4983200897411 ], [ 73.095272959473604, 31.498355546196695 ] ] ] } },
{ "type": "Feature", "properties": { "lead_id": "pakistan-small-pv-roofclf-0189", "cell": "0111_0104", "roof_area_m2": 131.2013, "est_kwp": 12.98, "p_roofclf": 0.9915, "sppi": 0.0797, "fixme": "Possible small rooftop PV (131 m2 roof, roofclf p=0.99 alone -- SPPI=0.08 shown for reference only, not used to filter this population -- not near any existing OSM solar feature) -- check imagery; if real, map as generator:source=solar or power=generator + generator:source=solar", "imagery_note": "osm=72.03333,34.12305 | bing=https://www.bing.com/maps?cp=34.12305~72.03333&lvl=19&style=a | google=https://www.google.com/maps/@34.12305,72.03333,200m/data=!3m1!1e3" }, "geometry": { "type": "Polygon", "coordinates": [ [ [ 72.033391099613596, 34.1229922913152 ], [ 72.033386178616695, 34.123044926318798 ], [ 72.033400875444599, 34.123045876686803 ], [ 72.033395258456196, 34.1231059560278 ], [ 72.033310099477106, 34.123100449208309 ], [ 72.0333124946292, 34.12307483093781 ], [ 72.033267532807201, 34.123071923450901 ], [ 72.033275675789199, 34.122984827394099 ], [ 72.033391099613596, 34.1229922913152 ] ] ] } },
{ "type": "Feature", "properties": { "lead_id": "pakistan-small-pv-roofclf-0190", "cell": "0111_0104", "roof_area_m2": 102.0423, "est_kwp": 10.09, "p_roofclf": 0.9915, "sppi": 0.0964, "fixme": "Possible small rooftop PV (102 m2 roof, roofclf p=0.99 alone -- SPPI=0.10 shown for reference only, not used to filter this population -- not near any existing OSM solar feature) -- check imagery; if real, map as generator:source=solar or power=generator + generator:source=solar", "imagery_note": "osm=72.03275,34.12166 | bing=https://www.bing.com/maps?cp=34.12166~72.03275&lvl=19&style=a | google=https://www.google.com/maps/@34.12166,72.03275,200m/data=!3m1!1e3" }, "geometry": { "type": "Polygon", "coordinates": [ [ [ 72.032790605954901, 34.121601492418193 ], [ 72.032781068214703, 34.121730659759898 ], [ 72.0327041779789, 34.121726732669195 ], [ 72.032713715832017, 34.1215975653394 ], [ 72.032790605954901, 34.121601492418193 ] ] ] } },
{ "type": "Feature", "properties": { "lead_id": "pakistan-small-pv-roofclf-0191", "cell": "0118_0083", "roof_area_m2": 32.9492, "est_kwp": 3.26, "p_roofclf": 0.9914, "sppi": 0.0479, "fixme": "Possible small rooftop PV (33 m2 roof, roofclf p=0.99 alone -- SPPI=0.05 shown for reference only, not used to filter this population -- not near any existing OSM solar feature) -- check imagery; if real, map as generator:source=solar or power=generator + generator:source=solar", "imagery_note": "osm=72.68021,32.04123 | bing=https://www.bing.com/maps?cp=32.04123~72.68021&lvl=19&style=a | google=https://www.google.com/maps/@32.04123,72.68021,200m/data=!3m1!1e3" }, "geometry": { "type": "Polygon", "coordinates": [ [ [ 72.680210926636406, 32.041187015187298 ], [ 72.680243308903599, 32.0412610999389 ], [ 72.680206040188196, 32.041272918613508 ], [ 72.680173657947293, 32.041198833854097 ], [ 72.680210926636406, 32.041187015187298 ] ] ] } },
{ "type": "Feature", "properties": { "lead_id": "pakistan-small-pv-roofclf-0192", "cell": "0132_0088", "roof_area_m2": 354.0812, "est_kwp": 35.02, "p_roofclf": 0.9914, "sppi": 0.0661, "fixme": "Possible small rooftop PV (354 m2 roof, roofclf p=0.99 alone -- SPPI=0.07 shown for reference only, not used to filter this population -- not near any existing OSM solar feature) -- check imagery; if real, map as generator:source=solar or power=generator + generator:source=solar", "imagery_note": "osm=74.07800,32.60550 | bing=https://www.bing.com/maps?cp=32.60550~74.07800&lvl=19&style=a | google=https://www.google.com/maps/@32.60550,74.07800,200m/data=!3m1!1e3" }, "geometry": { "type": "Polygon", "coordinates": [ [ [ 74.077922748175027, 32.605595890645326 ], [ 74.077894399054856, 32.60542294779934 ], [ 74.078068112436256, 32.605402740510627 ], [ 74.078084312213662, 32.605501566766485 ], [ 74.078129056993816, 32.605496364452534 ], [ 74.078141205912218, 32.605570478497249 ], [ 74.077922748175027, 32.605595890645326 ] ] ] } },
{ "type": "Feature", "properties": { "lead_id": "pakistan-small-pv-roofclf-0193", "cell": "0107_0105", "roof_area_m2": 81.888, "est_kwp": 8.1, "p_roofclf": 0.9913, "sppi": 0.0967, "fixme": "Possible small rooftop PV (82 m2 roof, roofclf p=0.99 alone -- SPPI=0.10 shown for reference only, not used to filter this population -- not near any existing OSM solar feature) -- check imagery; if real, map as generator:source=solar or power=generator + generator:source=solar", "imagery_note": "osm=71.54422,34.20900 | bing=https://www.bing.com/maps?cp=34.20900~71.54422&lvl=19&style=a | google=https://www.google.com/maps/@34.20900,71.54422,200m/data=!3m1!1e3" }, "geometry": { "type": "Polygon", "coordinates": [ [ [ 71.544215347198204, 34.209063109997111 ], [ 71.544147746528907, 34.209015459639097 ], [ 71.544218090629897, 34.208946577023802 ], [ 71.544285691278105, 34.2089942273441 ], [ 71.544215347198204, 34.209063109997111 ] ] ] } },
{ "type": "Feature", "properties": { "lead_id": "pakistan-small-pv-roofclf-0194", "cell": "0103_0063", "roof_area_m2": 172.3913, "est_kwp": 17.05, "p_roofclf": 0.9913, "sppi": 0.0441, "fixme": "Possible small rooftop PV (172 m2 roof, roofclf p=0.99 alone -- SPPI=0.04 shown for reference only, not used to filter this population -- not near any existing OSM solar feature) -- check imagery; if real, map as generator:source=solar or power=generator + generator:source=solar", "imagery_note": "osm=71.17623,30.07971 | bing=https://www.bing.com/maps?cp=30.07971~71.17623&lvl=19&style=a | google=https://www.google.com/maps/@30.07971,71.17623,200m/data=!3m1!1e3" }, "geometry": { "type": "Polygon", "coordinates": [ [ [ 71.176269862503702, 30.079655279348895 ], [ 71.176306615219602, 30.079645670171899 ], [ 71.176310667483094, 30.079657393096202 ], [ 71.176273914763598, 30.0796670022747 ], [ 71.176302301064794, 30.0797491219198 ], [ 71.176189989716207, 30.079778486203704 ], [ 71.176145835501202, 30.079650750575006 ], [ 71.1762581467231, 30.079621386334804 ], [ 71.176269862503702, 30.079655279348895 ] ] ] } },
{ "type": "Feature", "properties": { "lead_id": "pakistan-small-pv-roofclf-0195", "cell": "0135_0087", "roof_area_m2": 227.8642, "est_kwp": 22.54, "p_roofclf": 0.9912, "sppi": 0.1406, "fixme": "Possible small rooftop PV (228 m2 roof, roofclf p=0.99 alone -- SPPI=0.14 shown for reference only, not used to filter this population -- not near any existing OSM solar feature) -- check imagery; if real, map as generator:source=solar or power=generator + generator:source=solar", "imagery_note": "osm=74.35275,32.44488 | bing=https://www.bing.com/maps?cp=32.44488~74.35275&lvl=19&style=a | google=https://www.google.com/maps/@32.44488,74.35275,200m/data=!3m1!1e3" }, "geometry": { "type": "Polygon", "coordinates": [ [ [ 74.352945423693498, 32.444899029723402 ], [ 74.352558063884402, 32.444920186297807 ], [ 74.352553799398606, 32.444864043089403 ], [ 74.352941158968406, 32.444842886525109 ], [ 74.352945423693498, 32.444899029723402 ] ] ] } },
{ "type": "Feature", "properties": { "lead_id": "pakistan-small-pv-roofclf-0196", "cell": "0103_0063", "roof_area_m2": 206.2583, "est_kwp": 20.4, "p_roofclf": 0.9912, "sppi": 0.084, "fixme": "Possible small rooftop PV (206 m2 roof, roofclf p=0.99 alone -- SPPI=0.08 shown for reference only, not used to filter this population -- not near any existing OSM solar feature) -- check imagery; if real, map as generator:source=solar or power=generator + generator:source=solar", "imagery_note": "osm=71.19039,30.04335 | bing=https://www.bing.com/maps?cp=30.04335~71.19039&lvl=19&style=a | google=https://www.google.com/maps/@30.04335,71.19039,200m/data=!3m1!1e3" }, "geometry": { "type": "Polygon", "coordinates": [ [ [ 71.190490597874103, 30.043423446368504 ], [ 71.190405600318599, 30.043462815660806 ], [ 71.190297502977501, 30.043286162571697 ], [ 71.190382500439796, 30.043246793351003 ], [ 71.190490597874103, 30.043423446368504 ] ] ] } },
{ "type": "Feature", "properties": { "lead_id": "pakistan-small-pv-roofclf-0197", "cell": "0219_0116", "roof_area_m2": 313.558, "est_kwp": 31.01, "p_roofclf": 0.9912, "sppi": -0.1734, "fixme": "Possible small rooftop PV (314 m2 roof, roofclf p=0.99 alone -- SPPI=-0.17 shown for reference only, not used to filter this population -- not near any existing OSM solar feature) -- check imagery; if real, map as generator:source=solar or power=generator + generator:source=solar", "imagery_note": "osm=74.34737,31.46837 | bing=https://www.bing.com/maps?cp=31.46837~74.34737&lvl=19&style=a | google=https://www.google.com/maps/@31.46837,74.34737,200m/data=!3m1!1e3" }, "geometry": { "type": "Polygon", "coordinates": [ [ [ 74.347478529444501, 31.468214058395304 ], [ 74.347341196748999, 31.468557346823804 ], [ 74.347263697030996, 31.468534570225795 ], [ 74.347401029986301, 31.468191281886408 ], [ 74.347478529444501, 31.468214058395304 ] ] ] } },
{ "type": "Feature", "properties": { "lead_id": "pakistan-small-pv-roofclf-0198", "cell": "0111_0104", "roof_area_m2": 117.7885, "est_kwp": 11.65, "p_roofclf": 0.9912, "sppi": 0.1255, "fixme": "Possible small rooftop PV (118 m2 roof, roofclf p=0.99 alone -- SPPI=0.13 shown for reference only, not used to filter this population -- not near any existing OSM solar feature) -- check imagery; if real, map as generator:source=solar or power=generator + generator:source=solar", "imagery_note": "osm=72.03447,34.12145 | bing=https://www.bing.com/maps?cp=34.12145~72.03447&lvl=19&style=a | google=https://www.google.com/maps/@34.12145,72.03447,200m/data=!3m1!1e3" }, "geometry": { "type": "Polygon", "coordinates": [ [ [ 72.034525302387806, 34.121403164260499 ], [ 72.034515593286301, 34.121510800385096 ], [ 72.0344092807332, 34.121504167307698 ], [ 72.034418989967307, 34.121396531197902 ], [ 72.034525302387806, 34.121403164260499 ] ] ] } },
{ "type": "Feature", "properties": { "lead_id": "pakistan-small-pv-roofclf-0199", "cell": "0135_0078", "roof_area_m2": 73.8593, "est_kwp": 7.31, "p_roofclf": 0.9911, "sppi": 0.1245, "fixme": "Possible small rooftop PV (74 m2 roof, roofclf p=0.99 alone -- SPPI=0.12 shown for reference only, not used to filter this population -- not near any existing OSM solar feature) -- check imagery; if real, map as generator:source=solar or power=generator + generator:source=solar", "imagery_note": "osm=74.41337,31.54804 | bing=https://www.bing.com/maps?cp=31.54804~74.41337&lvl=19&style=a | google=https://www.google.com/maps/@31.54804,74.41337,200m/data=!3m1!1e3" }, "geometry": { "type": "Polygon", "coordinates": [ [ [ 74.413428733925102, 31.548063943357903 ], [ 74.413337242734698, 31.548086931691998 ], [ 74.413313074209995, 31.548016389591595 ], [ 74.413404565336904, 31.547993401273811 ], [ 74.413428733925102, 31.548063943357903 ] ] ] } },
{ "type": "Feature", "properties": { "lead_id": "pakistan-small-pv-roofclf-0200", "cell": "0219_0116", "roof_area_m2": 241.2282, "est_kwp": 23.86, "p_roofclf": 0.9911, "sppi": 0.0587, "fixme": "Possible small rooftop PV (241 m2 roof, roofclf p=0.99 alone -- SPPI=0.06 shown for reference only, not used to filter this population -- not near any existing OSM solar feature) -- check imagery; if real, map as generator:source=solar or power=generator + generator:source=solar", "imagery_note": "osm=74.30395,31.48054 | bing=https://www.bing.com/maps?cp=31.48054~74.30395&lvl=19&style=a | google=https://www.google.com/maps/@31.48054,74.30395,200m/data=!3m1!1e3" }, "geometry": { "type": "Polygon", "coordinates": [ [ [ 74.303981776571007, 31.480406812874101 ], [ 74.304038845322395, 31.480423424296795 ], [ 74.303937478050997, 31.480679193873403 ], [ 74.303858763439194, 31.480656281812099 ], [ 74.303967054572595, 31.480383042485901 ], [ 74.303988700242698, 31.480389343058807 ], [ 74.303981776571007, 31.480406812874101 ] ] ] } },
{ "type": "Feature", "properties": { "lead_id": "pakistan-small-pv-roofclf-0201", "cell": "0061_0011", "roof_area_m2": 261.4933, "est_kwp": 25.86, "p_roofclf": 0.991, "sppi": 0.038, "fixme": "Possible small rooftop PV (261 m2 roof, roofclf p=0.99 alone -- SPPI=0.04 shown for reference only, not used to filter this population -- not near any existing OSM solar feature) -- check imagery; if real, map as generator:source=solar or power=generator + generator:source=solar", "imagery_note": "osm=67.03990,24.87815 | bing=https://www.bing.com/maps?cp=24.87815~67.03990&lvl=19&style=a | google=https://www.google.com/maps/@24.87815,67.03990,200m/data=!3m1!1e3" }, "geometry": { "type": "Polygon", "coordinates": [ [ [ 67.0400386, 24.8781523 ], [ 67.0399775, 24.8781763 ], [ 67.0399688, 24.878158 ], [ 67.0398603, 24.8782007 ], [ 67.0398689, 24.878219 ], [ 67.0398149, 24.8782403 ], [ 67.0397692, 24.8781435 ], [ 67.0399929, 24.8780555 ], [ 67.0400386, 24.8781523 ] ] ] } },
{ "type": "Feature", "properties": { "lead_id": "pakistan-small-pv-roofclf-0202", "cell": "0103_0063", "roof_area_m2": 330.276, "est_kwp": 32.67, "p_roofclf": 0.9908, "sppi": 0.0467, "fixme": "Possible small rooftop PV (330 m2 roof, roofclf p=0.99 alone -- SPPI=0.05 shown for reference only, not used to filter this population -- not near any existing OSM solar feature) -- check imagery; if real, map as generator:source=solar or power=generator + generator:source=solar", "imagery_note": "osm=71.19039,30.04358 | bing=https://www.bing.com/maps?cp=30.04358~71.19039&lvl=19&style=a | google=https://www.google.com/maps/@30.04358,71.19039,200m/data=!3m1!1e3" }, "geometry": { "type": "Polygon", "coordinates": [ [ [ 71.190511622396201, 30.0436360766038 ], [ 71.19037285313162, 30.043700351819901 ], [ 71.190266831219304, 30.043527090754601 ], [ 71.190405600318599, 30.043462815660806 ], [ 71.190511622396201, 30.0436360766038 ] ] ] } },
{ "type": "Feature", "properties": { "lead_id": "pakistan-small-pv-roofclf-0203", "cell": "0080_0039", "roof_area_m2": 264.6675, "est_kwp": 26.18, "p_roofclf": 0.9908, "sppi": 0.0349, "fixme": "Possible small rooftop PV (265 m2 roof, roofclf p=0.99 alone -- SPPI=0.03 shown for reference only, not used to filter this population -- not near any existing OSM solar feature) -- check imagery; if real, map as generator:source=solar or power=generator + generator:source=solar", "imagery_note": "osm=68.84924,27.70063 | bing=https://www.bing.com/maps?cp=27.70063~68.84924&lvl=19&style=a | google=https://www.google.com/maps/@27.70063,68.84924,200m/data=!3m1!1e3" }, "geometry": { "type": "Polygon", "coordinates": [ [ [ 68.849352516964203, 27.700598623018202 ], [ 68.849281951057606, 27.700732018678302 ], [ 68.849133599537794, 27.700669847313996 ], [ 68.849204165583998, 27.700536451729 ], [ 68.849352516964203, 27.700598623018202 ] ] ] } },
{ "type": "Feature", "properties": { "lead_id": "pakistan-small-pv-roofclf-0204", "cell": "0123_0104", "roof_area_m2": 141.0437, "est_kwp": 13.95, "p_roofclf": 0.9906, "sppi": 0.0007, "fixme": "Possible small rooftop PV (141 m2 roof, roofclf p=0.99 alone -- SPPI=0.00 shown for reference only, not used to filter this population -- not near any existing OSM solar feature) -- check imagery; if real, map as generator:source=solar or power=generator + generator:source=solar", "imagery_note": "osm=73.21642,34.13897 | bing=https://www.bing.com/maps?cp=34.13897~73.21642&lvl=19&style=a | google=https://www.google.com/maps/@34.13897,73.21642,200m/data=!3m1!1e3" }, "geometry": { "type": "Polygon", "coordinates": [ [ [ 73.216504619738302, 34.138937015366999 ], [ 73.216442367603605, 34.139043176630707 ], [ 73.216337479726207, 34.139000652185111 ], [ 73.216399731956301, 34.138894490977101 ], [ 73.216504619738302, 34.138937015366999 ] ] ] } },
{ "type": "Feature", "properties": { "lead_id": "pakistan-small-pv-roofclf-0205", "cell": "0118_0064", "roof_area_m2": 311.8618, "est_kwp": 30.85, "p_roofclf": 0.9906, "sppi": 0.0619, "fixme": "Possible small rooftop PV (312 m2 roof, roofclf p=0.99 alone -- SPPI=0.06 shown for reference only, not used to filter this population -- not near any existing OSM solar feature) -- check imagery; if real, map as generator:source=solar or power=generator + generator:source=solar", "imagery_note": "osm=72.70894,30.20265 | bing=https://www.bing.com/maps?cp=30.20265~72.70894&lvl=19&style=a | google=https://www.google.com/maps/@30.20265,72.70894,200m/data=!3m1!1e3" }, "geometry": { "type": "Polygon", "coordinates": [ [ [ 72.709067696424995, 30.202701383239802 ], [ 72.708806705987499, 30.202703550898995 ], [ 72.708805475263702, 30.202591739355299 ], [ 72.7090664654053, 30.202589571683198 ], [ 72.709067696424995, 30.202701383239802 ] ] ] } },
{ "type": "Feature", "properties": { "lead_id": "pakistan-small-pv-roofclf-0206", "cell": "0106_0065", "roof_area_m2": 111.7912, "est_kwp": 11.06, "p_roofclf": 0.9906, "sppi": 0.0811, "fixme": "Possible small rooftop PV (112 m2 roof, roofclf p=0.99 alone -- SPPI=0.08 shown for reference only, not used to filter this population -- not near any existing OSM solar feature) -- check imagery; if real, map as generator:source=solar or power=generator + generator:source=solar", "imagery_note": "osm=71.52752,30.21386 | bing=https://www.bing.com/maps?cp=30.21386~71.52752&lvl=19&style=a | google=https://www.google.com/maps/@30.21386,71.52752,200m/data=!3m1!1e3" }, "geometry": { "type": "Polygon", "coordinates": [ [ [ 71.527568880414904, 30.213788903480502 ], [ 71.527533576726498, 30.213941566318201 ], [ 71.527467847156302, 30.213930218577993 ], [ 71.527502802368005, 30.213777495572806 ], [ 71.527568880414904, 30.213788903480502 ] ] ] } },
{ "type": "Feature", "properties": { "lead_id": "pakistan-small-pv-roofclf-0207", "cell": "0118_0064", "roof_area_m2": 283.5555, "est_kwp": 28.05, "p_roofclf": 0.9906, "sppi": 0.0565, "fixme": "Possible small rooftop PV (284 m2 roof, roofclf p=0.99 alone -- SPPI=0.06 shown for reference only, not used to filter this population -- not near any existing OSM solar feature) -- check imagery; if real, map as generator:source=solar or power=generator + generator:source=solar", "imagery_note": "osm=72.70893,30.20254 | bing=https://www.bing.com/maps?cp=30.20254~72.70893&lvl=19&style=a | google=https://www.google.com/maps/@30.20254,72.70893,200m/data=!3m1!1e3" }, "geometry": { "type": "Polygon", "coordinates": [ [ [ 72.709058662112795, 30.202589500202304 ], [ 72.708799458649807, 30.202590258716199 ], [ 72.708799061716604, 30.202487886868592 ], [ 72.709058264910894, 30.202487128341701 ], [ 72.709058662112795, 30.202589500202304 ] ] ] } },
{ "type": "Feature", "properties": { "lead_id": "pakistan-small-pv-roofclf-0208", "cell": "0219_0116", "roof_area_m2": 153.5625, "est_kwp": 15.19, "p_roofclf": 0.9905, "sppi": 0.0619, "fixme": "Possible small rooftop PV (154 m2 roof, roofclf p=0.99 alone -- SPPI=0.06 shown for reference only, not used to filter this population -- not near any existing OSM solar feature) -- check imagery; if real, map as generator:source=solar or power=generator + generator:source=solar", "imagery_note": "osm=74.28252,31.45812 | bing=https://www.bing.com/maps?cp=31.45812~74.28252&lvl=19&style=a | google=https://www.google.com/maps/@31.45812,74.28252,200m/data=!3m1!1e3" }, "geometry": { "type": "Polygon", "coordinates": [ [ [ 74.282618671141293, 31.4581444874817 ], [ 74.282560319880105, 31.458204030972109 ], [ 74.282416961004699, 31.458100799912902 ], [ 74.282475312290003, 31.458041256487199 ], [ 74.282618671141293, 31.4581444874817 ] ] ] } },
{ "type": "Feature", "properties": { "lead_id": "pakistan-small-pv-roofclf-0209", "cell": "0123_0106", "roof_area_m2": 99.3179, "est_kwp": 9.82, "p_roofclf": 0.9905, "sppi": 0.0225, "fixme": "Possible small rooftop PV (99 m2 roof, roofclf p=0.99 alone -- SPPI=0.02 shown for reference only, not used to filter this population -- not near any existing OSM solar feature) -- check imagery; if real, map as generator:source=solar or power=generator + generator:source=solar", "imagery_note": "osm=73.16415,34.33394 | bing=https://www.bing.com/maps?cp=34.33394~73.16415&lvl=19&style=a | google=https://www.google.com/maps/@34.33394,73.16415,200m/data=!3m1!1e3" }, "geometry": { "type": "Polygon", "coordinates": [ [ [ 73.164153902982406, 34.333906752537395 ], [ 73.1641863334156, 34.333878824766003 ], [ 73.164226610849099, 34.333911011224806 ], [ 73.164151711852199, 34.333975511179503 ], [ 73.164044509664194, 34.333889843736401 ], [ 73.1640869782279, 34.333853271600397 ], [ 73.164153902982406, 34.333906752537395 ] ] ] } },
{ "type": "Feature", "properties": { "lead_id": "pakistan-small-pv-roofclf-0210", "cell": "0064_0011", "roof_area_m2": 166.1051, "est_kwp": 16.43, "p_roofclf": 0.9902, "sppi": 0.0952, "fixme": "Possible small rooftop PV (166 m2 roof, roofclf p=0.99 alone -- SPPI=0.10 shown for reference only, not used to filter this population -- not near any existing OSM solar feature) -- check imagery; if real, map as generator:source=solar or power=generator + generator:source=solar", "imagery_note": "osm=67.29769,24.83239 | bing=https://www.bing.com/maps?cp=24.83239~67.29769&lvl=19&style=a | google=https://www.google.com/maps/@24.83239,67.29769,200m/data=!3m1!1e3" }, "geometry": { "type": "Polygon", "coordinates": [ [ [ 67.297791562964804, 24.832424122845399 ], [ 67.297586767541603, 24.8324191869232 ], [ 67.2975888580076, 24.832346956071799 ], [ 67.297793653312795, 24.8323518919862 ], [ 67.297791562964804, 24.832424122845399 ] ] ] } },
{ "type": "Feature", "properties": { "lead_id": "pakistan-small-pv-roofclf-0211", "cell": "0120_0102", "roof_area_m2": 151.1495, "est_kwp": 14.95, "p_roofclf": 0.9901, "sppi": 0.0719, "fixme": "Possible small rooftop PV (151 m2 roof, roofclf p=0.99 alone -- SPPI=0.07 shown for reference only, not used to filter this population -- not near any existing OSM solar feature) -- check imagery; if real, map as generator:source=solar or power=generator + generator:source=solar", "imagery_note": "osm=72.92085,33.97390 | bing=https://www.bing.com/maps?cp=33.97390~72.92085&lvl=19&style=a | google=https://www.google.com/maps/@33.97390,72.92085,200m/data=!3m1!1e3" }, "geometry": { "type": "Polygon", "coordinates": [ [ [ 72.920911352792501, 33.973987190339997 ], [ 72.920832496568806, 33.9739996182347 ], [ 72.920791518427805, 33.973819140704897 ], [ 72.920870374487521, 33.9738067128295 ], [ 72.920911352792501, 33.973987190339997 ] ] ] } },
{ "type": "Feature", "properties": { "lead_id": "pakistan-small-pv-roofclf-0212", "cell": "0107_0105", "roof_area_m2": 36.7587, "est_kwp": 3.64, "p_roofclf": 0.9899, "sppi": 0.1087, "fixme": "Possible small rooftop PV (37 m2 roof, roofclf p=0.99 alone -- SPPI=0.11 shown for reference only, not used to filter this population -- not near any existing OSM solar feature) -- check imagery; if real, map as generator:source=solar or power=generator + generator:source=solar", "imagery_note": "osm=71.54369,34.21062 | bing=https://www.bing.com/maps?cp=34.21062~71.54369&lvl=19&style=a | google=https://www.google.com/maps/@34.21062,71.54369,200m/data=!3m1!1e3" }, "geometry": { "type": "Polygon", "coordinates": [ [ [ 71.543735803587495, 34.210600268781 ], [ 71.543719296813705, 34.210648285299897 ], [ 71.543650073803803, 34.210631860391501 ], [ 71.543666580614897, 34.210583843880201 ], [ 71.543735803587495, 34.210600268781 ] ] ] } },
{ "type": "Feature", "properties": { "lead_id": "pakistan-small-pv-roofclf-0213", "cell": "0032_0032", "roof_area_m2": 128.4458, "est_kwp": 12.7, "p_roofclf": 0.9897, "sppi": 0.0, "fixme": "Possible small rooftop PV (128 m2 roof, roofclf p=0.99 alone -- SPPI=0.00 shown for reference only, not used to filter this population -- not near any existing OSM solar feature) -- check imagery; if real, map as generator:source=solar or power=generator + generator:source=solar", "imagery_note": "osm=64.04841,27.00120 | bing=https://www.bing.com/maps?cp=27.00120~64.04841&lvl=19&style=a | google=https://www.google.com/maps/@27.00120,64.04841,200m/data=!3m1!1e3" }, "geometry": { "type": "Polygon", "coordinates": [ [ [ 64.048451565677695, 27.001156763746799 ], [ 64.048445911608098, 27.001176208118402 ], [ 64.048472364697005, 27.0011823801911 ], [ 64.048461786259793, 27.001218759497402 ], [ 64.048489879165501, 27.001225314168099 ], [ 64.048478258409801, 27.001265278023197 ], [ 64.048342529484003, 27.001233609527603 ], [ 64.048370382838399, 27.001137822014396 ], [ 64.048451565677695, 27.001156763746799 ] ] ] } },
{ "type": "Feature", "properties": { "lead_id": "pakistan-small-pv-roofclf-0214", "cell": "0219_0116", "roof_area_m2": 83.7765, "est_kwp": 8.29, "p_roofclf": 0.9896, "sppi": 0.0165, "fixme": "Possible small rooftop PV (84 m2 roof, roofclf p=0.99 alone -- SPPI=0.02 shown for reference only, not used to filter this population -- not near any existing OSM solar feature) -- check imagery; if real, map as generator:source=solar or power=generator + generator:source=solar", "imagery_note": "osm=74.30034,31.44358 | bing=https://www.bing.com/maps?cp=31.44358~74.30034&lvl=19&style=a | google=https://www.google.com/maps/@31.44358,74.30034,200m/data=!3m1!1e3" }, "geometry": { "type": "Polygon", "coordinates": [ [ [ 74.300438354010495, 31.443557039318002 ], [ 74.300252016274698, 31.4436352938155 ], [ 74.300232377131096, 31.443600920580703 ], [ 74.300418714816118, 31.4435226661145 ], [ 74.300438354010495, 31.443557039318002 ] ] ] } },
{ "type": "Feature", "properties": { "lead_id": "pakistan-small-pv-roofclf-0215", "cell": "0219_0117", "roof_area_m2": 391.606, "est_kwp": 38.73, "p_roofclf": 0.9896, "sppi": 0.0872, "fixme": "Possible small rooftop PV (392 m2 roof, roofclf p=0.99 alone -- SPPI=0.09 shown for reference only, not used to filter this population -- not near any existing OSM solar feature) -- check imagery; if real, map as generator:source=solar or power=generator + generator:source=solar", "imagery_note": "osm=74.33562,31.52396 | bing=https://www.bing.com/maps?cp=31.52396~74.33562&lvl=19&style=a | google=https://www.google.com/maps/@31.52396,74.33562,200m/data=!3m1!1e3" }, "geometry": { "type": "Polygon", "coordinates": [ [ [ 74.3357839, 31.5239154 ], [ 74.3357789, 31.5239574 ], [ 74.3357965, 31.523959 ], [ 74.3357883, 31.5240278 ], [ 74.3355992, 31.5240113 ], [ 74.3354499, 31.5239982 ], [ 74.3354631, 31.5238874 ], [ 74.3357839, 31.5239154 ] ] ] } },
{ "type": "Feature", "properties": { "lead_id": "pakistan-small-pv-roofclf-0216", "cell": "0137_0087", "roof_area_m2": 180.5261, "est_kwp": 17.86, "p_roofclf": 0.9894, "sppi": 0.0999, "fixme": "Possible small rooftop PV (181 m2 roof, roofclf p=0.99 alone -- SPPI=0.10 shown for reference only, not used to filter this population -- not near any existing OSM solar feature) -- check imagery; if real, map as generator:source=solar or power=generator + generator:source=solar", "imagery_note": "osm=74.56857,32.44566 | bing=https://www.bing.com/maps?cp=32.44566~74.56857&lvl=19&style=a | google=https://www.google.com/maps/@32.44566,74.56857,200m/data=!3m1!1e3" }, "geometry": { "type": "Polygon", "coordinates": [ [ [ 74.5685151, 32.4456336 ], [ 74.5685172, 32.4456033 ], [ 74.5686746, 32.4456109 ], [ 74.5686684, 32.4457029 ], [ 74.5684663, 32.4456932 ], [ 74.5684705, 32.4456314 ], [ 74.5685151, 32.4456336 ] ] ] } },
{ "type": "Feature", "properties": { "lead_id": "pakistan-small-pv-roofclf-0217", "cell": "0135_0078", "roof_area_m2": 69.9699, "est_kwp": 6.92, "p_roofclf": 0.9894, "sppi": 0.1227, "fixme": "Possible small rooftop PV (70 m2 roof, roofclf p=0.99 alone -- SPPI=0.12 shown for reference only, not used to filter this population -- not near any existing OSM solar feature) -- check imagery; if real, map as generator:source=solar or power=generator + generator:source=solar", "imagery_note": "osm=74.41349,31.54801 | bing=https://www.bing.com/maps?cp=31.54801~74.41349&lvl=19&style=a | google=https://www.google.com/maps/@31.54801,74.41349,200m/data=!3m1!1e3" }, "geometry": { "type": "Polygon", "coordinates": [ [ [ 74.413549461194805, 31.548033608966307 ], [ 74.413462787948106, 31.548055386828594 ], [ 74.413438619336304, 31.547984844750403 ], [ 74.413525292522706, 31.547963066903598 ], [ 74.413549461194805, 31.548033608966307 ] ] ] } },
{ "type": "Feature", "properties": { "lead_id": "pakistan-small-pv-roofclf-0218", "cell": "0061_0011", "roof_area_m2": 353.4878, "est_kwp": 34.96, "p_roofclf": 0.9892, "sppi": 0.0632, "fixme": "Possible small rooftop PV (353 m2 roof, roofclf p=0.99 alone -- SPPI=0.06 shown for reference only, not used to filter this population -- not near any existing OSM solar feature) -- check imagery; if real, map as generator:source=solar or power=generator + generator:source=solar", "imagery_note": "osm=67.03865,24.81633 | bing=https://www.bing.com/maps?cp=24.81633~67.03865&lvl=19&style=a | google=https://www.google.com/maps/@24.81633,67.03865,200m/data=!3m1!1e3" }, "geometry": { "type": "Polygon", "coordinates": [ [ [ 67.038726869072306, 24.816184274511901 ], [ 67.0387243517592, 24.816237150519203 ], [ 67.038699672530498, 24.816236171783199 ], [ 67.038698563750302, 24.816259461527803 ], [ 67.038723242983295, 24.816260440264305 ], [ 67.038716625345003, 24.816399442875401 ], [ 67.038567842861099, 24.816393542341299 ], [ 67.038578086841994, 24.816178374003599 ], [ 67.038726869072306, 24.816184274511901 ] ] ] } },
{ "type": "Feature", "properties": { "lead_id": "pakistan-small-pv-roofclf-0219", "cell": "0062_0013", "roof_area_m2": 105.6998, "est_kwp": 10.45, "p_roofclf": 0.9889, "sppi": -0.017, "fixme": "Possible small rooftop PV (106 m2 roof, roofclf p=0.99 alone -- SPPI=-0.02 shown for reference only, not used to filter this population -- not near any existing OSM solar feature) -- check imagery; if real, map as generator:source=solar or power=generator + generator:source=solar", "imagery_note": "osm=67.14060,25.03023 | bing=https://www.bing.com/maps?cp=25.03023~67.14060&lvl=19&style=a | google=https://www.google.com/maps/@25.03023,67.14060,200m/data=!3m1!1e3" }, "geometry": { "type": "Polygon", "coordinates": [ [ [ 67.140676511533101, 25.030253750872298 ], [ 67.140623245666802, 25.030296585625205 ], [ 67.140526793015894, 25.030197022749103 ], [ 67.140580058868096, 25.03015418803 ], [ 67.140676511533101, 25.030253750872298 ] ] ] } },
{ "type": "Feature", "properties": { "lead_id": "pakistan-small-pv-roofclf-0220", "cell": "0136_0088", "roof_area_m2": 73.6573, "est_kwp": 7.29, "p_roofclf": 0.9888, "sppi": 0.1348, "fixme": "Possible small rooftop PV (74 m2 roof, roofclf p=0.99 alone -- SPPI=0.13 shown for reference only, not used to filter this population -- not near any existing OSM solar feature) -- check imagery; if real, map as generator:source=solar or power=generator + generator:source=solar", "imagery_note": "osm=74.49478,32.51721 | bing=https://www.bing.com/maps?cp=32.51721~74.49478&lvl=19&style=a | google=https://www.google.com/maps/@32.51721,74.49478,200m/data=!3m1!1e3" }, "geometry": { "type": "Polygon", "coordinates": [ [ [ 74.494846575821398, 32.517233077382997 ], [ 74.494788969144096, 32.5172658847506 ], [ 74.4947219543659, 32.5171814119701 ], [ 74.494779561012606, 32.51714860463251 ], [ 74.494846575821398, 32.517233077382997 ] ] ] } },
{ "type": "Feature", "properties": { "lead_id": "pakistan-small-pv-roofclf-0221", "cell": "0207_0116", "roof_area_m2": 397.4609, "est_kwp": 39.31, "p_roofclf": 0.9888, "sppi": 0.1088, "fixme": "Possible small rooftop PV (397 m2 roof, roofclf p=0.99 alone -- SPPI=0.11 shown for reference only, not used to filter this population -- not near any existing OSM solar feature) -- check imagery; if real, map as generator:source=solar or power=generator + generator:source=solar", "imagery_note": "osm=73.12475,31.40703 | bing=https://www.bing.com/maps?cp=31.40703~73.12475&lvl=19&style=a | google=https://www.google.com/maps/@31.40703,73.12475,200m/data=!3m1!1e3" }, "geometry": { "type": "Polygon", "coordinates": [ [ [ 73.124925899411195, 31.407128410271305 ], [ 73.124843242105698, 31.407192362621906 ], [ 73.124579007218898, 31.406941137610207 ], [ 73.124661664465208, 31.406877185426005 ], [ 73.124925899411195, 31.407128410271305 ] ] ] } },
{ "type": "Feature", "properties": { "lead_id": "pakistan-small-pv-roofclf-0222", "cell": "0207_0116", "roof_area_m2": 390.171, "est_kwp": 38.59, "p_roofclf": 0.9888, "sppi": 0.1095, "fixme": "Possible small rooftop PV (390 m2 roof, roofclf p=0.99 alone -- SPPI=0.11 shown for reference only, not used to filter this population -- not near any existing OSM solar feature) -- check imagery; if real, map as generator:source=solar or power=generator + generator:source=solar", "imagery_note": "osm=73.12483,31.40697 | bing=https://www.bing.com/maps?cp=31.40697~73.12483&lvl=19&style=a | google=https://www.google.com/maps/@31.40697,73.12483,200m/data=!3m1!1e3" }, "geometry": { "type": "Polygon", "coordinates": [ [ [ 73.125006918617103, 31.4070645991582 ], [ 73.124925643285493, 31.407127508064701 ], [ 73.124661833571594, 31.4068767897855 ], [ 73.124743108836697, 31.406813881045604 ], [ 73.125006918617103, 31.4070645991582 ] ] ] } },
{ "type": "Feature", "properties": { "lead_id": "pakistan-small-pv-roofclf-0223", "cell": "0122_0098", "roof_area_m2": 137.3126, "est_kwp": 13.58, "p_roofclf": 0.9887, "sppi": 0.034, "fixme": "Possible small rooftop PV (137 m2 roof, roofclf p=0.99 alone -- SPPI=0.03 shown for reference only, not used to filter this population -- not near any existing OSM solar feature) -- check imagery; if real, map as generator:source=solar or power=generator + generator:source=solar", "imagery_note": "osm=73.06439,33.54345 | bing=https://www.bing.com/maps?cp=33.54345~73.06439&lvl=19&style=a | google=https://www.google.com/maps/@33.54345,73.06439,200m/data=!3m1!1e3" }, "geometry": { "type": "Polygon", "coordinates": [ [ [ 73.0644709399823, 33.543424798781494 ], [ 73.064432963006496, 33.543513185964791 ], [ 73.064299489462599, 33.543472973477598 ], [ 73.064337466553098, 33.543384586338597 ], [ 73.0644709399823, 33.543424798781494 ] ] ] } },
{ "type": "Feature", "properties": { "lead_id": "pakistan-small-pv-roofclf-0224", "cell": "0219_0116", "roof_area_m2": 24.9008, "est_kwp": 2.46, "p_roofclf": 0.9885, "sppi": 0.0554, "fixme": "Possible small rooftop PV (25 m2 roof, roofclf p=0.99 alone -- SPPI=0.06 shown for reference only, not used to filter this population -- not near any existing OSM solar feature) -- check imagery; if real, map as generator:source=solar or power=generator + generator:source=solar", "imagery_note": "osm=74.33765,31.43930 | bing=https://www.bing.com/maps?cp=31.43930~74.33765&lvl=19&style=a | google=https://www.google.com/maps/@31.43930,74.33765,200m/data=!3m1!1e3" }, "geometry": { "type": "Polygon", "coordinates": [ [ [ 74.337677288287594, 31.439322817255302 ], [ 74.337626247844298, 31.439330498378901 ], [ 74.337617063112106, 31.439285633930602 ], [ 74.337668103531897, 31.439277952810205 ], [ 74.337677288287594, 31.439322817255302 ] ] ] } },
{ "type": "Feature", "properties": { "lead_id": "pakistan-small-pv-roofclf-0225", "cell": "0132_0088", "roof_area_m2": 394.0885, "est_kwp": 38.98, "p_roofclf": 0.9884, "sppi": 0.1043, "fixme": "Possible small rooftop PV (394 m2 roof, roofclf p=0.99 alone -- SPPI=0.10 shown for reference only, not used to filter this population -- not near any existing OSM solar feature) -- check imagery; if real, map as generator:source=solar or power=generator + generator:source=solar", "imagery_note": "osm=74.07622,32.58479 | bing=https://www.bing.com/maps?cp=32.58479~74.07622&lvl=19&style=a | google=https://www.google.com/maps/@32.58479,74.07622,200m/data=!3m1!1e3" }, "geometry": { "type": "Polygon", "coordinates": [ [ [ 74.076350505824607, 32.584848949018095 ], [ 74.076297575066306, 32.584846421983002 ], [ 74.076295201734297, 32.584882053714701 ], [ 74.076081397940996, 32.584871846003402 ], [ 74.076091285257107, 32.584723409053197 ], [ 74.076358019392003, 32.5847361437717 ], [ 74.076350505824607, 32.584848949018095 ] ] ] } },
{ "type": "Feature", "properties": { "lead_id": "pakistan-small-pv-roofclf-0226", "cell": "0134_0077", "roof_area_m2": 298.5696, "est_kwp": 29.53, "p_roofclf": 0.9884, "sppi": 0.1036, "fixme": "Possible small rooftop PV (299 m2 roof, roofclf p=0.99 alone -- SPPI=0.10 shown for reference only, not used to filter this population -- not near any existing OSM solar feature) -- check imagery; if real, map as generator:source=solar or power=generator + generator:source=solar", "imagery_note": "osm=74.29764,31.48170 | bing=https://www.bing.com/maps?cp=31.48170~74.29764&lvl=19&style=a | google=https://www.google.com/maps/@31.48170,74.29764,200m/data=!3m1!1e3" }, "geometry": { "type": "Polygon", "coordinates": [ [ [ 74.297779184894196, 31.481642611804098 ], [ 74.297783765207996, 31.4817437160184 ], [ 74.297504124517502, 31.481753019820896 ], [ 74.297499544504305, 31.481651915601304 ], [ 74.297779184894196, 31.481642611804098 ] ] ] } },
{ "type": "Feature", "properties": { "lead_id": "pakistan-small-pv-roofclf-0227", "cell": "0094_0047", "roof_area_m2": 56.3041, "est_kwp": 5.57, "p_roofclf": 0.9882, "sppi": 0.0815, "fixme": "Possible small rooftop PV (56 m2 roof, roofclf p=0.99 alone -- SPPI=0.08 shown for reference only, not used to filter this population -- not near any existing OSM solar feature) -- check imagery; if real, map as generator:source=solar or power=generator + generator:source=solar", "imagery_note": "osm=70.27447,28.42588 | bing=https://www.bing.com/maps?cp=28.42588~70.27447&lvl=19&style=a | google=https://www.google.com/maps/@28.42588,70.27447,200m/data=!3m1!1e3" }, "geometry": { "type": "Polygon", "coordinates": [ [ [ 70.274472630721107, 28.425955365313399 ], [ 70.274472982776501, 28.425924079724997 ], [ 70.274446701768596, 28.425923848606601 ], [ 70.274447656586503, 28.425839000044402 ], [ 70.274499318814605, 28.425839454364699 ], [ 70.274498011990403, 28.425955588514299 ], [ 70.274472630721107, 28.425955365313399 ] ] ] } },
{ "type": "Feature", "properties": { "lead_id": "pakistan-small-pv-roofclf-0228", "cell": "0061_0011", "roof_area_m2": 91.6081, "est_kwp": 9.06, "p_roofclf": 0.9881, "sppi": 0.0621, "fixme": "Possible small rooftop PV (92 m2 roof, roofclf p=0.99 alone -- SPPI=0.06 shown for reference only, not used to filter this population -- not near any existing OSM solar feature) -- check imagery; if real, map as generator:source=solar or power=generator + generator:source=solar", "imagery_note": "osm=67.01007,24.84028 | bing=https://www.bing.com/maps?cp=24.84028~67.01007&lvl=19&style=a | google=https://www.google.com/maps/@24.84028,67.01007,200m/data=!3m1!1e3" }, "geometry": { "type": "Polygon", "coordinates": [ [ [ 67.010149206233606, 24.840290618359699 ], [ 67.010004982829003, 24.8403163619802 ], [ 67.009993295098695, 24.840261838776705 ], [ 67.010137518439905, 24.840236095162705 ], [ 67.010149206233606, 24.840290618359699 ] ] ] } },
{ "type": "Feature", "properties": { "lead_id": "pakistan-small-pv-roofclf-0229", "cell": "0122_0099", "roof_area_m2": 114.5236, "est_kwp": 11.33, "p_roofclf": 0.9881, "sppi": 0.0836, "fixme": "Possible small rooftop PV (115 m2 roof, roofclf p=0.99 alone -- SPPI=0.08 shown for reference only, not used to filter this population -- not near any existing OSM solar feature) -- check imagery; if real, map as generator:source=solar or power=generator + generator:source=solar", "imagery_note": "osm=73.05762,33.68387 | bing=https://www.bing.com/maps?cp=33.68387~73.05762&lvl=19&style=a | google=https://www.google.com/maps/@33.68387,73.05762,200m/data=!3m1!1e3" }, "geometry": { "type": "Polygon", "coordinates": [ [ [ 73.057558437886897, 33.683798317917201 ], [ 73.057723211851595, 33.683883221216803 ], [ 73.057687117666902, 33.683932177382701 ], [ 73.057522343649396, 33.683847274033603 ], [ 73.057558437886897, 33.683798317917201 ] ] ] } },
{ "type": "Feature", "properties": { "lead_id": "pakistan-small-pv-roofclf-0230", "cell": "0135_0087", "roof_area_m2": 27.0047, "est_kwp": 2.67, "p_roofclf": 0.9881, "sppi": 0.1412, "fixme": "Possible small rooftop PV (27 m2 roof, roofclf p=0.99 alone -- SPPI=0.14 shown for reference only, not used to filter this population -- not near any existing OSM solar feature) -- check imagery; if real, map as generator:source=solar or power=generator + generator:source=solar", "imagery_note": "osm=74.35462,32.44314 | bing=https://www.bing.com/maps?cp=32.44314~74.35462&lvl=19&style=a | google=https://www.google.com/maps/@32.44314,74.35462,200m/data=!3m1!1e3" }, "geometry": { "type": "Polygon", "coordinates": [ [ [ 74.354658741183499, 32.443128751117001 ], [ 74.354657044200806, 32.443163781875 ], [ 74.354583290765106, 32.44316121278181 ], [ 74.354584987776306, 32.443126182024891 ], [ 74.354658741183499, 32.443128751117001 ] ] ] } },
{ "type": "Feature", "properties": { "lead_id": "pakistan-small-pv-roofclf-0231", "cell": "0207_0116", "roof_area_m2": 130.9979, "est_kwp": 12.96, "p_roofclf": 0.988, "sppi": 0.1319, "fixme": "Possible small rooftop PV (131 m2 roof, roofclf p=0.99 alone -- SPPI=0.13 shown for reference only, not used to filter this population -- not near any existing OSM solar feature) -- check imagery; if real, map as generator:source=solar or power=generator + generator:source=solar", "imagery_note": "osm=73.09518,31.49841 | bing=https://www.bing.com/maps?cp=31.49841~73.09518&lvl=19&style=a | google=https://www.google.com/maps/@31.49841,73.09518,200m/data=!3m1!1e3" }, "geometry": { "type": "Polygon", "coordinates": [ [ [ 73.095272959473604, 31.498355546196695 ], [ 73.095148282751495, 31.498499301379503 ], [ 73.095092597273094, 31.498463844869001 ], [ 73.095217274027604, 31.4983200897411 ], [ 73.095272959473604, 31.498355546196695 ] ] ] } },
{ "type": "Feature", "properties": { "lead_id": "pakistan-small-pv-roofclf-0232", "cell": "0064_0011", "roof_area_m2": 95.3916, "est_kwp": 9.44, "p_roofclf": 0.9877, "sppi": 0.0212, "fixme": "Possible small rooftop PV (95 m2 roof, roofclf p=0.99 alone -- SPPI=0.02 shown for reference only, not used to filter this population -- not near any existing OSM solar feature) -- check imagery; if real, map as generator:source=solar or power=generator + generator:source=solar", "imagery_note": "osm=67.29455,24.86405 | bing=https://www.bing.com/maps?cp=24.86405~67.29455&lvl=19&style=a | google=https://www.google.com/maps/@24.86405,67.29455,200m/data=!3m1!1e3" }, "geometry": { "type": "Polygon", "coordinates": [ [ [ 67.294531883505897, 24.864167296381304 ], [ 67.294498211216094, 24.864158540897101 ], [ 67.294571171671095, 24.8639249827228 ], [ 67.294604843905205, 24.863933738188098 ], [ 67.294531883505897, 24.864167296381304 ] ] ] } },
{ "type": "Feature", "properties": { "lead_id": "pakistan-small-pv-roofclf-0233", "cell": "0132_0088", "roof_area_m2": 260.9292, "est_kwp": 25.81, "p_roofclf": 0.9877, "sppi": 0.0911, "fixme": "Possible small rooftop PV (261 m2 roof, roofclf p=0.99 alone -- SPPI=0.09 shown for reference only, not used to filter this population -- not near any existing OSM solar feature) -- check imagery; if real, map as generator:source=solar or power=generator + generator:source=solar", "imagery_note": "osm=74.07645,32.58479 | bing=https://www.bing.com/maps?cp=32.58479~74.07645&lvl=19&style=a | google=https://www.google.com/maps/@32.58479,74.07645,200m/data=!3m1!1e3" }, "geometry": { "type": "Polygon", "coordinates": [ [ [ 74.076542354608407, 32.584735927298503 ], [ 74.076530243821097, 32.584921510164392 ], [ 74.076502187754002, 32.584920197824303 ], [ 74.076504352384703, 32.584887027748799 ], [ 74.076477219358694, 32.584885758578899 ], [ 74.076478946439906, 32.584859293466799 ], [ 74.076354868665504, 32.584853489551101 ], [ 74.076363088013807, 32.584727541890707 ], [ 74.076542354608407, 32.584735927298503 ] ] ] } },
{ "type": "Feature", "properties": { "lead_id": "pakistan-small-pv-roofclf-0234", "cell": "0120_0102", "roof_area_m2": 23.6938, "est_kwp": 2.34, "p_roofclf": 0.9875, "sppi": 0.1124, "fixme": "Possible small rooftop PV (24 m2 roof, roofclf p=0.99 alone -- SPPI=0.11 shown for reference only, not used to filter this population -- not near any existing OSM solar feature) -- check imagery; if real, map as generator:source=solar or power=generator + generator:source=solar", "imagery_note": "osm=72.92089,33.97401 | bing=https://www.bing.com/maps?cp=33.97401~72.92089&lvl=19&style=a | google=https://www.google.com/maps/@33.97401,72.92089,200m/data=!3m1!1e3" }, "geometry": { "type": "Polygon", "coordinates": [ [ [ 72.920920498676594, 33.97402747074041 ], [ 72.920865113591105, 33.974036199542802 ], [ 72.920855967732905, 33.973995919139199 ], [ 72.920911352792501, 33.973987190339997 ], [ 72.920920498676594, 33.97402747074041 ] ] ] } },
{ "type": "Feature", "properties": { "lead_id": "pakistan-small-pv-roofclf-0235", "cell": "0106_0065", "roof_area_m2": 72.7447, "est_kwp": 7.2, "p_roofclf": 0.9875, "sppi": 0.0811, "fixme": "Possible small rooftop PV (73 m2 roof, roofclf p=0.99 alone -- SPPI=0.08 shown for reference only, not used to filter this population -- not near any existing OSM solar feature) -- check imagery; if real, map as generator:source=solar or power=generator + generator:source=solar", "imagery_note": "osm=71.52760,30.21387 | bing=https://www.bing.com/maps?cp=30.21387~71.52760&lvl=19&style=a | google=https://www.google.com/maps/@30.21387,71.52760,200m/data=!3m1!1e3" }, "geometry": { "type": "Polygon", "coordinates": [ [ [ 71.527652065675994, 30.213843289500598 ], [ 71.527631670912299, 30.213918255165794 ], [ 71.527545654046094, 30.213900603637899 ], [ 71.527566048873794, 30.213825637983103 ], [ 71.527652065675994, 30.213843289500598 ] ] ] } },
{ "type": "Feature", "properties": { "lead_id": "pakistan-small-pv-roofclf-0236", "cell": "0062_0013", "roof_area_m2": 116.9132, "est_kwp": 11.56, "p_roofclf": 0.9875, "sppi": -0.0014, "fixme": "Possible small rooftop PV (117 m2 roof, roofclf p=0.99 alone -- SPPI=-0.00 shown for reference only, not used to filter this population -- not near any existing OSM solar feature) -- check imagery; if real, map as generator:source=solar or power=generator + generator:source=solar", "imagery_note": "osm=67.13617,25.02981 | bing=https://www.bing.com/maps?cp=25.02981~67.13617&lvl=19&style=a | google=https://www.google.com/maps/@25.02981,67.13617,200m/data=!3m1!1e3" }, "geometry": { "type": "Polygon", "coordinates": [ [ [ 67.136250092724296, 25.029841231843001 ], [ 67.136193179672404, 25.029886291576599 ], [ 67.136093537097693, 25.029781819146205 ], [ 67.136150450132405, 25.029736759449605 ], [ 67.136250092724296, 25.029841231843001 ] ] ] } },
{ "type": "Feature", "properties": { "lead_id": "pakistan-small-pv-roofclf-0237", "cell": "0122_0099", "roof_area_m2": 303.7887, "est_kwp": 30.05, "p_roofclf": 0.9873, "sppi": 0.0345, "fixme": "Possible small rooftop PV (304 m2 roof, roofclf p=0.99 alone -- SPPI=0.03 shown for reference only, not used to filter this population -- not near any existing OSM solar feature) -- check imagery; if real, map as generator:source=solar or power=generator + generator:source=solar", "imagery_note": "osm=73.10967,33.64410 | bing=https://www.bing.com/maps?cp=33.64410~73.10967&lvl=19&style=a | google=https://www.google.com/maps/@33.64410,73.10967,200m/data=!3m1!1e3" }, "geometry": { "type": "Polygon", "coordinates": [ [ [ 73.109790930734306, 33.644043858260396 ], [ 73.109739527153195, 33.644224469562303 ], [ 73.109604605058195, 33.644197607244905 ], [ 73.109621011380398, 33.644139962498201 ], [ 73.109566195866805, 33.644129048957502 ], [ 73.109584691729296, 33.644064062506402 ], [ 73.109639507204705, 33.6440749760377 ], [ 73.109656008899407, 33.644016996007508 ], [ 73.109790930734306, 33.644043858260396 ] ] ] } },
{ "type": "Feature", "properties": { "lead_id": "pakistan-small-pv-roofclf-0238", "cell": "0122_0069", "roof_area_m2": 149.0058, "est_kwp": 14.74, "p_roofclf": 0.9872, "sppi": 0.0537, "fixme": "Possible small rooftop PV (149 m2 roof, roofclf p=0.99 alone -- SPPI=0.05 shown for reference only, not used to filter this population -- not near any existing OSM solar feature) -- check imagery; if real, map as generator:source=solar or power=generator + generator:source=solar", "imagery_note": "osm=73.11614,30.65209 | bing=https://www.bing.com/maps?cp=30.65209~73.11614&lvl=19&style=a | google=https://www.google.com/maps/@30.65209,73.11614,200m/data=!3m1!1e3" }, "geometry": { "type": "Polygon", "coordinates": [ [ [ 73.1162255490257, 30.6520631732967 ], [ 73.116192445006007, 30.6521553579576 ], [ 73.116053843516696, 30.652118153850704 ], [ 73.116086947647602, 30.6520259692292 ], [ 73.1162255490257, 30.6520631732967 ] ] ] } },
{ "type": "Feature", "properties": { "lead_id": "pakistan-small-pv-roofclf-0239", "cell": "0107_0105", "roof_area_m2": 79.3135, "est_kwp": 7.84, "p_roofclf": 0.987, "sppi": 0.0799, "fixme": "Possible small rooftop PV (79 m2 roof, roofclf p=0.99 alone -- SPPI=0.08 shown for reference only, not used to filter this population -- not near any existing OSM solar feature) -- check imagery; if real, map as generator:source=solar or power=generator + generator:source=solar", "imagery_note": "osm=71.54318,34.21280 | bing=https://www.bing.com/maps?cp=34.21280~71.54318&lvl=19&style=a | google=https://www.google.com/maps/@34.21280,71.54318,200m/data=!3m1!1e3" }, "geometry": { "type": "Polygon", "coordinates": [ [ [ 71.543195472497999, 34.212734040725898 ], [ 71.543226688760598, 34.212862938962502 ], [ 71.5431688506673, 34.212872606259793 ], [ 71.543137634487294, 34.21274370800441 ], [ 71.543195472497999, 34.212734040725898 ] ] ] } },
{ "type": "Feature", "properties": { "lead_id": "pakistan-small-pv-roofclf-0240", "cell": "0110_0105", "roof_area_m2": 221.9042, "est_kwp": 21.95, "p_roofclf": 0.987, "sppi": 0.0634, "fixme": "Possible small rooftop PV (222 m2 roof, roofclf p=0.99 alone -- SPPI=0.06 shown for reference only, not used to filter this population -- not near any existing OSM solar feature) -- check imagery; if real, map as generator:source=solar or power=generator + generator:source=solar", "imagery_note": "osm=71.91545,34.30309 | bing=https://www.bing.com/maps?cp=34.30309~71.91545&lvl=19&style=a | google=https://www.google.com/maps/@34.30309,71.91545,200m/data=!3m1!1e3" }, "geometry": { "type": "Polygon", "coordinates": [ [ [ 71.915576569680994, 34.303048758877203 ], [ 71.9155716989182, 34.303133758585297 ], [ 71.915316675407396, 34.303123694184606 ], [ 71.915321546428402, 34.303038694475902 ], [ 71.915576569680994, 34.303048758877203 ] ] ] } },
{ "type": "Feature", "properties": { "lead_id": "pakistan-small-pv-roofclf-0241", "cell": "0122_0098", "roof_area_m2": 308.7258, "est_kwp": 30.54, "p_roofclf": 0.9868, "sppi": 0.0574, "fixme": "Possible small rooftop PV (309 m2 roof, roofclf p=0.99 alone -- SPPI=0.06 shown for reference only, not used to filter this population -- not near any existing OSM solar feature) -- check imagery; if real, map as generator:source=solar or power=generator + generator:source=solar", "imagery_note": "osm=73.09466,33.55694 | bing=https://www.bing.com/maps?cp=33.55694~73.09466&lvl=19&style=a | google=https://www.google.com/maps/@33.55694,73.09466,200m/data=!3m1!1e3" }, "geometry": { "type": "Polygon", "coordinates": [ [ [ 73.094801547595978, 33.55689770573499 ], [ 73.094791111469604, 33.557005570312413 ], [ 73.094515140801491, 33.556987027982991 ], [ 73.094525587476937, 33.556879147996021 ], [ 73.094801547595978, 33.55689770573499 ] ] ] } },
{ "type": "Feature", "properties": { "lead_id": "pakistan-small-pv-roofclf-0242", "cell": "0103_0063", "roof_area_m2": 123.505, "est_kwp": 12.22, "p_roofclf": 0.9868, "sppi": 0.0733, "fixme": "Possible small rooftop PV (124 m2 roof, roofclf p=0.99 alone -- SPPI=0.07 shown for reference only, not used to filter this population -- not near any existing OSM solar feature) -- check imagery; if real, map as generator:source=solar or power=generator + generator:source=solar", "imagery_note": "osm=71.19167,30.05979 | bing=https://www.bing.com/maps?cp=30.05979~71.19167&lvl=19&style=a | google=https://www.google.com/maps/@30.05979,71.19167,200m/data=!3m1!1e3" }, "geometry": { "type": "Polygon", "coordinates": [ [ [ 71.191547209148794, 30.0597753337657 ], [ 71.191801840216797, 30.059777457513992 ], [ 71.191801511305897, 30.059807300952901 ], [ 71.191777383180494, 30.059807099733902 ], [ 71.191777194747402, 30.0598241966795 ], [ 71.1915466916886, 30.059822274155 ], [ 71.191547209148794, 30.0597753337657 ] ] ] } },
{ "type": "Feature", "properties": { "lead_id": "pakistan-small-pv-roofclf-0243", "cell": "0118_0083", "roof_area_m2": 65.7231, "est_kwp": 6.5, "p_roofclf": 0.9867, "sppi": 0.0957, "fixme": "Possible small rooftop PV (66 m2 roof, roofclf p=0.99 alone -- SPPI=0.10 shown for reference only, not used to filter this population -- not near any existing OSM solar feature) -- check imagery; if real, map as generator:source=solar or power=generator + generator:source=solar", "imagery_note": "osm=72.72465,32.04518 | bing=https://www.bing.com/maps?cp=32.04518~72.72465&lvl=19&style=a | google=https://www.google.com/maps/@32.04518,72.72465,200m/data=!3m1!1e3" }, "geometry": { "type": "Polygon", "coordinates": [ [ [ 72.724706902669595, 32.0452059101356 ], [ 72.724652913127997, 32.045238096213303 ], [ 72.724588847726295, 32.045160135891798 ], [ 72.724642837244204, 32.045127949838601 ], [ 72.724706902669595, 32.0452059101356 ] ] ] } },
{ "type": "Feature", "properties": { "lead_id": "pakistan-small-pv-roofclf-0244", "cell": "0114_0075", "roof_area_m2": 312.7889, "est_kwp": 30.94, "p_roofclf": 0.9866, "sppi": 0.0154, "fixme": "Possible small rooftop PV (313 m2 roof, roofclf p=0.99 alone -- SPPI=0.02 shown for reference only, not used to filter this population -- not near any existing OSM solar feature) -- check imagery; if real, map as generator:source=solar or power=generator + generator:source=solar", "imagery_note": "osm=72.32854,31.22608 | bing=https://www.bing.com/maps?cp=31.22608~72.32854&lvl=19&style=a | google=https://www.google.com/maps/@31.22608,72.32854,200m/data=!3m1!1e3" }, "geometry": { "type": "Polygon", "coordinates": [ [ [ 72.328643030537805, 31.2260069810186 ], [ 72.328601634682101, 31.226184342749701 ], [ 72.328463928067293, 31.226160607931405 ], [ 72.328481436497597, 31.226085593116402 ], [ 72.328442202017499, 31.226078830718599 ], [ 72.328466089722795, 31.225976483869498 ], [ 72.328643030537805, 31.2260069810186 ] ] ] } },
{ "type": "Feature", "properties": { "lead_id": "pakistan-small-pv-roofclf-0245", "cell": "0107_0105", "roof_area_m2": 77.1933, "est_kwp": 7.64, "p_roofclf": 0.9866, "sppi": 0.0697, "fixme": "Possible small rooftop PV (77 m2 roof, roofclf p=0.99 alone -- SPPI=0.07 shown for reference only, not used to filter this population -- not near any existing OSM solar feature) -- check imagery; if real, map as generator:source=solar or power=generator + generator:source=solar", "imagery_note": "osm=71.54430,34.20898 | bing=https://www.bing.com/maps?cp=34.20898~71.54430&lvl=19&style=a | google=https://www.google.com/maps/@34.20898,71.54430,200m/data=!3m1!1e3" }, "geometry": { "type": "Polygon", "coordinates": [ [ [ 71.544384410247119, 34.209003936244898 ], [ 71.544364342051793, 34.209023587567003 ], [ 71.544353588336904, 34.20901600751349 ], [ 71.544338102959102, 34.209031171205901 ], [ 71.544218090629897, 34.208946577023802 ], [ 71.544253644222195, 34.20891176204529 ], [ 71.544384410247119, 34.209003936244898 ] ] ] } },
{ "type": "Feature", "properties": { "lead_id": "pakistan-small-pv-roofclf-0246", "cell": "0122_0069", "roof_area_m2": 19.4163, "est_kwp": 1.92, "p_roofclf": 0.9866, "sppi": 0.0693, "fixme": "Possible small rooftop PV (19 m2 roof, roofclf p=0.99 alone -- SPPI=0.07 shown for reference only, not used to filter this population -- not near any existing OSM solar feature) -- check imagery; if real, map as generator:source=solar or power=generator + generator:source=solar", "imagery_note": "osm=73.09572,30.66315 | bing=https://www.bing.com/maps?cp=30.66315~73.09572&lvl=19&style=a | google=https://www.google.com/maps/@30.66315,73.09572,200m/data=!3m1!1e3" }, "geometry": { "type": "Polygon", "coordinates": [ [ [ 73.095745448982598, 30.663126569417205 ], [ 73.095727834019101, 30.663175684468406 ], [ 73.095693923709106, 30.663166595829001 ], [ 73.095711538687596, 30.6631174807831 ], [ 73.095745448982598, 30.663126569417205 ] ] ] } },
{ "type": "Feature", "properties": { "lead_id": "pakistan-small-pv-roofclf-0247", "cell": "0106_0065", "roof_area_m2": 51.0572, "est_kwp": 5.05, "p_roofclf": 0.9864, "sppi": 0.1007, "fixme": "Possible small rooftop PV (51 m2 roof, roofclf p=0.99 alone -- SPPI=0.10 shown for reference only, not used to filter this population -- not near any existing OSM solar feature) -- check imagery; if real, map as generator:source=solar or power=generator + generator:source=solar", "imagery_note": "osm=71.52858,30.21294 | bing=https://www.bing.com/maps?cp=30.21294~71.52858&lvl=19&style=a | google=https://www.google.com/maps/@30.21294,71.52858,200m/data=!3m1!1e3" }, "geometry": { "type": "Polygon", "coordinates": [ [ [ 71.528603930573098, 30.212884272188397 ], [ 71.528601315180396, 30.213000162936702 ], [ 71.528560098251603, 30.212999461292505 ], [ 71.528562713692494, 30.212883570542203 ], [ 71.528603930573098, 30.212884272188397 ] ] ] } },
{ "type": "Feature", "properties": { "lead_id": "pakistan-small-pv-roofclf-0248", "cell": "0115_0110", "roof_area_m2": 99.2566, "est_kwp": 9.82, "p_roofclf": 0.9863, "sppi": 0.0532, "fixme": "Possible small rooftop PV (99 m2 roof, roofclf p=0.99 alone -- SPPI=0.05 shown for reference only, not used to filter this population -- not near any existing OSM solar feature) -- check imagery; if real, map as generator:source=solar or power=generator + generator:source=solar", "imagery_note": "osm=72.34979,34.78580 | bing=https://www.bing.com/maps?cp=34.78580~72.34979&lvl=19&style=a | google=https://www.google.com/maps/@34.78580,72.34979,200m/data=!3m1!1e3" }, "geometry": { "type": "Polygon", "coordinates": [ [ [ 72.349873225048896, 34.785817738473 ], [ 72.349714963787406, 34.785849275247102 ], [ 72.349697879361699, 34.785790918318703 ], [ 72.349856140514902, 34.785759381562102 ], [ 72.349873225048896, 34.785817738473 ] ] ] } },
{ "type": "Feature", "properties": { "lead_id": "pakistan-small-pv-roofclf-0249", "cell": "0135_0077", "roof_area_m2": 218.6603, "est_kwp": 21.63, "p_roofclf": 0.9863, "sppi": -0.1894, "fixme": "Possible small rooftop PV (219 m2 roof, roofclf p=0.99 alone -- SPPI=-0.19 shown for reference only, not used to filter this population -- not near any existing OSM solar feature) -- check imagery; if real, map as generator:source=solar or power=generator + generator:source=solar", "imagery_note": "osm=74.34709,31.46907 | bing=https://www.bing.com/maps?cp=31.46907~74.34709&lvl=19&style=a | google=https://www.google.com/maps/@31.46907,74.34709,200m/data=!3m1!1e3" }, "geometry": { "type": "Polygon", "coordinates": [ [ [ 74.347179013134905, 31.468970462197099 ], [ 74.347090800586699, 31.469189217724104 ], [ 74.347006131778997, 31.469164135720405 ], [ 74.3470943445014, 31.4689453802538 ], [ 74.347179013134905, 31.468970462197099 ] ] ] } },
{ "type": "Feature", "properties": { "lead_id": "pakistan-small-pv-roofclf-0250", "cell": "0135_0077", "roof_area_m2": 153.162, "est_kwp": 15.15, "p_roofclf": 0.9862, "sppi": 0.1296, "fixme": "Possible small rooftop PV (153 m2 roof, roofclf p=0.99 alone -- SPPI=0.13 shown for reference only, not used to filter this population -- not near any existing OSM solar feature) -- check imagery; if real, map as generator:source=solar or power=generator + generator:source=solar", "imagery_note": "osm=74.36550,31.48703 | bing=https://www.bing.com/maps?cp=31.48703~74.36550&lvl=19&style=a | google=https://www.google.com/maps/@31.48703,74.36550,200m/data=!3m1!1e3" }, "geometry": { "type": "Polygon", "coordinates": [ [ [ 74.365416301750301, 31.487104452612403 ], [ 74.365384791150007, 31.487063214463099 ], [ 74.365518408179099, 31.486988239186999 ], [ 74.365506139782696, 31.486972183466605 ], [ 74.365587421017096, 31.486926574761103 ], [ 74.365631200077402, 31.486983868571603 ], [ 74.365416301750301, 31.487104452612403 ] ] ] } },
{ "type": "Feature", "properties": { "lead_id": "pakistan-small-pv-roofclf-0251", "cell": "0219_0117", "roof_area_m2": 190.2459, "est_kwp": 18.82, "p_roofclf": 0.9861, "sppi": 0.0997, "fixme": "Possible small rooftop PV (190 m2 roof, roofclf p=0.99 alone -- SPPI=0.10 shown for reference only, not used to filter this population -- not near any existing OSM solar feature) -- check imagery; if real, map as generator:source=solar or power=generator + generator:source=solar", "imagery_note": "osm=74.32132,31.51966 | bing=https://www.bing.com/maps?cp=31.51966~74.32132&lvl=19&style=a | google=https://www.google.com/maps/@31.51966,74.32132,200m/data=!3m1!1e3" }, "geometry": { "type": "Polygon", "coordinates": [ [ [ 74.321399299088895, 31.519578583100202 ], [ 74.321339189114497, 31.519758636462395 ], [ 74.321314314342303, 31.5197525425382 ], [ 74.321311217976003, 31.519761817362799 ], [ 74.321246746390798, 31.5197460228224 ], [ 74.321309952896101, 31.5195566946817 ], [ 74.321399299088895, 31.519578583100202 ] ] ] } },
{ "type": "Feature", "properties": { "lead_id": "pakistan-small-pv-roofclf-0252", "cell": "0134_0078", "roof_area_m2": 14.9665, "est_kwp": 1.48, "p_roofclf": 0.986, "sppi": 0.1368, "fixme": "Possible small rooftop PV (15 m2 roof, roofclf p=0.99 alone -- SPPI=0.14 shown for reference only, not used to filter this population -- not near any existing OSM solar feature) -- check imagery; if real, map as generator:source=solar or power=generator + generator:source=solar", "imagery_note": "osm=74.28639,31.59181 | bing=https://www.bing.com/maps?cp=31.59181~74.28639&lvl=19&style=a | google=https://www.google.com/maps/@31.59181,74.28639,200m/data=!3m1!1e3" }, "geometry": { "type": "Polygon", "coordinates": [ [ [ 74.286407816006403, 31.591783566115105 ], [ 74.286408788501504, 31.591833779936405 ], [ 74.286380496194298, 31.5918341813972 ], [ 74.286379523714501, 31.5917839675759 ], [ 74.286407816006403, 31.591783566115105 ] ] ] } },
{ "type": "Feature", "properties": { "lead_id": "pakistan-small-pv-roofclf-0253", "cell": "0219_0117", "roof_area_m2": 14.9665, "est_kwp": 1.48, "p_roofclf": 0.986, "sppi": 0.1368, "fixme": "Possible small rooftop PV (15 m2 roof, roofclf p=0.99 alone -- SPPI=0.14 shown for reference only, not used to filter this population -- not near any existing OSM solar feature) -- check imagery; if real, map as generator:source=solar or power=generator + generator:source=solar", "imagery_note": "osm=74.28639,31.59181 | bing=https://www.bing.com/maps?cp=31.59181~74.28639&lvl=19&style=a | google=https://www.google.com/maps/@31.59181,74.28639,200m/data=!3m1!1e3" }, "geometry": { "type": "Polygon", "coordinates": [ [ [ 74.286407816006403, 31.591783566115105 ], [ 74.286408788501504, 31.591833779936405 ], [ 74.286380496194298, 31.5918341813972 ], [ 74.286379523714501, 31.5917839675759 ], [ 74.286407816006403, 31.591783566115105 ] ] ] } },
{ "type": "Feature", "properties": { "lead_id": "pakistan-small-pv-roofclf-0254", "cell": "0105_0102", "roof_area_m2": 203.7382, "est_kwp": 20.15, "p_roofclf": 0.9857, "sppi": 0.0849, "fixme": "Possible small rooftop PV (204 m2 roof, roofclf p=0.99 alone -- SPPI=0.08 shown for reference only, not used to filter this population -- not near any existing OSM solar feature) -- check imagery; if real, map as generator:source=solar or power=generator + generator:source=solar", "imagery_note": "osm=71.40551,33.98456 | bing=https://www.bing.com/maps?cp=33.98456~71.40551&lvl=19&style=a | google=https://www.google.com/maps/@33.98456,71.40551,200m/data=!3m1!1e3" }, "geometry": { "type": "Polygon", "coordinates": [ [ [ 71.405334517660904, 33.9845001035793 ], [ 71.405709768917205, 33.984575413984309 ], [ 71.405695293514, 33.9846254661621 ], [ 71.405320042044806, 33.984550155722197 ], [ 71.405334517660904, 33.9845001035793 ] ] ] } },
{ "type": "Feature", "properties": { "lead_id": "pakistan-small-pv-roofclf-0255", "cell": "0122_0098", "roof_area_m2": 57.3055, "est_kwp": 5.67, "p_roofclf": 0.9857, "sppi": -0.0006, "fixme": "Possible small rooftop PV (57 m2 roof, roofclf p=0.99 alone -- SPPI=-0.00 shown for reference only, not used to filter this population -- not near any existing OSM solar feature) -- check imagery; if real, map as generator:source=solar or power=generator + generator:source=solar", "imagery_note": "osm=73.06440,33.54339 | bing=https://www.bing.com/maps?cp=33.54339~73.06440&lvl=19&style=a | google=https://www.google.com/maps/@33.54339,73.06440,200m/data=!3m1!1e3" }, "geometry": { "type": "Polygon", "coordinates": [ [ [ 73.064473955874902, 33.543395181837603 ], [ 73.064457551428106, 33.543428997898104 ], [ 73.064316400662506, 33.543380985100697 ], [ 73.0643328051531, 33.543347169060098 ], [ 73.064473955874902, 33.543395181837603 ] ] ] } },
{ "type": "Feature", "properties": { "lead_id": "pakistan-small-pv-roofclf-0256", "cell": "0106_0103", "roof_area_m2": 61.7667, "est_kwp": 6.11, "p_roofclf": 0.9854, "sppi": 0.0838, "fixme": "Possible small rooftop PV (62 m2 roof, roofclf p=0.99 alone -- SPPI=0.08 shown for reference only, not used to filter this population -- not near any existing OSM solar feature) -- check imagery; if real, map as generator:source=solar or power=generator + generator:source=solar", "imagery_note": "osm=71.48660,34.08979 | bing=https://www.bing.com/maps?cp=34.08979~71.48660&lvl=19&style=a | google=https://www.google.com/maps/@34.08979,71.48660,200m/data=!3m1!1e3" }, "geometry": { "type": "Polygon", "coordinates": [ [ [ 71.4866681, 34.0897867 ], [ 71.4866463, 34.0898347 ], [ 71.486536300000012, 34.0898002 ], [ 71.4865581, 34.0897522 ], [ 71.4866681, 34.0897867 ] ] ] } },
{ "type": "Feature", "properties": { "lead_id": "pakistan-small-pv-roofclf-0257", "cell": "0115_0110", "roof_area_m2": 26.0974, "est_kwp": 2.58, "p_roofclf": 0.9852, "sppi": 0.0229, "fixme": "Possible small rooftop PV (26 m2 roof, roofclf p=0.99 alone -- SPPI=0.02 shown for reference only, not used to filter this population -- not near any existing OSM solar feature) -- check imagery; if real, map as generator:source=solar or power=generator + generator:source=solar", "imagery_note": "osm=72.36783,34.78418 | bing=https://www.bing.com/maps?cp=34.78418~72.36783&lvl=19&style=a | google=https://www.google.com/maps/@34.78418,72.36783,200m/data=!3m1!1e3" }, "geometry": { "type": "Polygon", "coordinates": [ [ [ 72.367870242718197, 34.784188825387709 ], [ 72.367810622023399, 34.784210442916304 ], [ 72.367791378172498, 34.784174315760502 ], [ 72.367850998845398, 34.784152698240099 ], [ 72.367870242718197, 34.784188825387709 ] ] ] } },
{ "type": "Feature", "properties": { "lead_id": "pakistan-small-pv-roofclf-0258", "cell": "0061_0011", "roof_area_m2": 177.0862, "est_kwp": 17.52, "p_roofclf": 0.9852, "sppi": 0.085, "fixme": "Possible small rooftop PV (177 m2 roof, roofclf p=0.99 alone -- SPPI=0.09 shown for reference only, not used to filter this population -- not near any existing OSM solar feature) -- check imagery; if real, map as generator:source=solar or power=generator + generator:source=solar", "imagery_note": "osm=67.03452,24.87019 | bing=https://www.bing.com/maps?cp=24.87019~67.03452&lvl=19&style=a | google=https://www.google.com/maps/@24.87019,67.03452,200m/data=!3m1!1e3" }, "geometry": { "type": "Polygon", "coordinates": [ [ [ 67.034645048075504, 24.870124541349504 ], [ 67.034440427596493, 24.870288918872003 ], [ 67.034398484427797, 24.870245463860101 ], [ 67.034603104879693, 24.870081086390503 ], [ 67.034645048075504, 24.870124541349504 ] ] ] } },
{ "type": "Feature", "properties": { "lead_id": "pakistan-small-pv-roofclf-0259", "cell": "0122_0069", "roof_area_m2": 325.007, "est_kwp": 32.15, "p_roofclf": 0.9852, "sppi": 0.0597, "fixme": "Possible small rooftop PV (325 m2 roof, roofclf p=0.99 alone -- SPPI=0.06 shown for reference only, not used to filter this population -- not near any existing OSM solar feature) -- check imagery; if real, map as generator:source=solar or power=generator + generator:source=solar", "imagery_note": "osm=73.10699,30.67786 | bing=https://www.bing.com/maps?cp=30.67786~73.10699&lvl=19&style=a | google=https://www.google.com/maps/@30.67786,73.10699,200m/data=!3m1!1e3" }, "geometry": { "type": "Polygon", "coordinates": [ [ [ 73.107055027105901, 30.677718213872701 ], [ 73.107058873466002, 30.6779165642116 ], [ 73.106917715439806, 30.677918609108801 ], [ 73.106915540454295, 30.677806440286503 ], [ 73.106885884124509, 30.677806869886904 ], [ 73.106884213066607, 30.6777206883791 ], [ 73.107055027105901, 30.677718213872701 ] ] ] } },
{ "type": "Feature", "properties": { "lead_id": "pakistan-small-pv-roofclf-0260", "cell": "0134_0079", "roof_area_m2": 352.484, "est_kwp": 34.86, "p_roofclf": 0.9851, "sppi": 0.11, "fixme": "Possible small rooftop PV (352 m2 roof, roofclf p=0.99 alone -- SPPI=0.11 shown for reference only, not used to filter this population -- not near any existing OSM solar feature) -- check imagery; if real, map as generator:source=solar or power=generator + generator:source=solar", "imagery_note": "osm=74.25893,31.61011 | bing=https://www.bing.com/maps?cp=31.61011~74.25893&lvl=19&style=a | google=https://www.google.com/maps/@31.61011,74.25893,200m/data=!3m1!1e3" }, "geometry": { "type": "Polygon", "coordinates": [ [ [ 74.259029940172695, 31.610030258390303 ], [ 74.259019917021206, 31.610190494388199 ], [ 74.258946905666406, 31.610187149517902 ], [ 74.258944460068093, 31.6102262457071 ], [ 74.258835697441697, 31.610221262884995 ], [ 74.2588481665464, 31.6100219307198 ], [ 74.259029940172695, 31.610030258390303 ] ] ] } },
{ "type": "Feature", "properties": { "lead_id": "pakistan-small-pv-roofclf-0261", "cell": "0097_0092", "roof_area_m2": 302.4304, "est_kwp": 29.91, "p_roofclf": 0.9849, "sppi": 0.0006, "fixme": "Possible small rooftop PV (302 m2 roof, roofclf p=0.98 alone -- SPPI=0.00 shown for reference only, not used to filter this population -- not near any existing OSM solar feature) -- check imagery; if real, map as generator:source=solar or power=generator + generator:source=solar", "imagery_note": "osm=70.61511,32.93917 | bing=https://www.bing.com/maps?cp=32.93917~70.61511&lvl=19&style=a | google=https://www.google.com/maps/@32.93917,70.61511,200m/data=!3m1!1e3" }, "geometry": { "type": "Polygon", "coordinates": [ [ [ 70.615207085663897, 32.939345940761093 ], [ 70.615134278192201, 32.939362441877208 ], [ 70.61501528046, 32.938989108871603 ], [ 70.615088087653703, 32.938972607833499 ], [ 70.615207085663897, 32.939345940761093 ] ] ] } },
{ "type": "Feature", "properties": { "lead_id": "pakistan-small-pv-roofclf-0262", "cell": "0103_0063", "roof_area_m2": 167.8398, "est_kwp": 16.6, "p_roofclf": 0.9849, "sppi": 0.058, "fixme": "Possible small rooftop PV (168 m2 roof, roofclf p=0.98 alone -- SPPI=0.06 shown for reference only, not used to filter this population -- not near any existing OSM solar feature) -- check imagery; if real, map as generator:source=solar or power=generator + generator:source=solar", "imagery_note": "osm=71.19028,30.04363 | bing=https://www.bing.com/maps?cp=30.04363~71.19028&lvl=19&style=a | google=https://www.google.com/maps/@30.04363,71.19028,200m/data=!3m1!1e3" }, "geometry": { "type": "Polygon", "coordinates": [ [ [ 71.19037285313162, 30.043700351819901 ], [ 71.190302333215797, 30.043733015183204 ], [ 71.190196311383502, 30.043559754057402 ], [ 71.190266831219304, 30.043527090754601 ], [ 71.19037285313162, 30.043700351819901 ] ] ] } },
{ "type": "Feature", "properties": { "lead_id": "pakistan-small-pv-roofclf-0263", "cell": "0207_0116", "roof_area_m2": 361.1116, "est_kwp": 35.72, "p_roofclf": 0.9849, "sppi": 0.1164, "fixme": "Possible small rooftop PV (361 m2 roof, roofclf p=0.98 alone -- SPPI=0.12 shown for reference only, not used to filter this population -- not near any existing OSM solar feature) -- check imagery; if real, map as generator:source=solar or power=generator + generator:source=solar", "imagery_note": "osm=73.12467,31.40710 | bing=https://www.bing.com/maps?cp=31.40710~73.12467&lvl=19&style=a | google=https://www.google.com/maps/@31.40710,73.12467,200m/data=!3m1!1e3" }, "geometry": { "type": "Polygon", "coordinates": [ [ [ 73.124843242105698, 31.407192362621906 ], [ 73.124768144026604, 31.407250466237699 ], [ 73.124503909193706, 31.406999241074605 ], [ 73.124579007218898, 31.406941137610207 ], [ 73.124843242105698, 31.407192362621906 ] ] ] } },
{ "type": "Feature", "properties": { "lead_id": "pakistan-small-pv-roofclf-0264", "cell": "0114_0075", "roof_area_m2": 265.7944, "est_kwp": 26.29, "p_roofclf": 0.9849, "sppi": 0.0573, "fixme": "Possible small rooftop PV (266 m2 roof, roofclf p=0.98 alone -- SPPI=0.06 shown for reference only, not used to filter this population -- not near any existing OSM solar feature) -- check imagery; if real, map as generator:source=solar or power=generator + generator:source=solar", "imagery_note": "osm=72.32819,31.30219 | bing=https://www.bing.com/maps?cp=31.30219~72.32819&lvl=19&style=a | google=https://www.google.com/maps/@31.30219,72.32819,200m/data=!3m1!1e3" }, "geometry": { "type": "Polygon", "coordinates": [ [ [ 72.328338889177303, 31.3020963982576 ], [ 72.328246978999402, 31.302087656939296 ], [ 72.328221975717796, 31.302281480746991 ], [ 72.328140277003996, 31.302273710544895 ], [ 72.328171981984099, 31.302027937065503 ], [ 72.328345590619904, 31.3020444485452 ], [ 72.328338889177303, 31.3020963982576 ] ] ] } },
{ "type": "Feature", "properties": { "lead_id": "pakistan-small-pv-roofclf-0265", "cell": "0118_0064", "roof_area_m2": 246.7004, "est_kwp": 24.4, "p_roofclf": 0.9848, "sppi": 0.0385, "fixme": "Possible small rooftop PV (247 m2 roof, roofclf p=0.98 alone -- SPPI=0.04 shown for reference only, not used to filter this population -- not near any existing OSM solar feature) -- check imagery; if real, map as generator:source=solar or power=generator + generator:source=solar", "imagery_note": "osm=72.70917,30.20264 | bing=https://www.bing.com/maps?cp=30.20264~72.70917&lvl=19&style=a | google=https://www.google.com/maps/@30.20264,72.70917,200m/data=!3m1!1e3" }, "geometry": { "type": "Polygon", "coordinates": [ [ [ 72.709272923416606, 30.202587856562801 ], [ 72.709274154669799, 30.202699668129608 ], [ 72.709067696424995, 30.202701383239802 ], [ 72.7090664654053, 30.202589571683198 ], [ 72.709272923416606, 30.202587856562801 ] ] ] } },
{ "type": "Feature", "properties": { "lead_id": "pakistan-small-pv-roofclf-0266", "cell": "0135_0078", "roof_area_m2": 97.5863, "est_kwp": 9.65, "p_roofclf": 0.9848, "sppi": 0.0928, "fixme": "Possible small rooftop PV (98 m2 roof, roofclf p=0.98 alone -- SPPI=0.09 shown for reference only, not used to filter this population -- not near any existing OSM solar feature) -- check imagery; if real, map as generator:source=solar or power=generator + generator:source=solar", "imagery_note": "osm=74.41326,31.54807 | bing=https://www.bing.com/maps?cp=31.54807~74.41326&lvl=19&style=a | google=https://www.google.com/maps/@31.54807,74.41326,200m/data=!3m1!1e3" }, "geometry": { "type": "Polygon", "coordinates": [ [ [ 74.413337242734698, 31.548086931691998 ], [ 74.413216360282405, 31.548117304838904 ], [ 74.413192191841304, 31.5480467627171 ], [ 74.413313074209995, 31.548016389591595 ], [ 74.413337242734698, 31.548086931691998 ] ] ] } },
{ "type": "Feature", "properties": { "lead_id": "pakistan-small-pv-roofclf-0267", "cell": "0123_0106", "roof_area_m2": 184.5878, "est_kwp": 18.26, "p_roofclf": 0.9847, "sppi": 0.0323, "fixme": "Possible small rooftop PV (185 m2 roof, roofclf p=0.98 alone -- SPPI=0.03 shown for reference only, not used to filter this population -- not near any existing OSM solar feature) -- check imagery; if real, map as generator:source=solar or power=generator + generator:source=solar", "imagery_note": "osm=73.20523,34.31912 | bing=https://www.bing.com/maps?cp=34.31912~73.20523&lvl=19&style=a | google=https://www.google.com/maps/@34.31912,73.20523,200m/data=!3m1!1e3" }, "geometry": { "type": "Polygon", "coordinates": [ [ [ 73.2053536, 34.3191567 ], [ 73.2052633, 34.3191605 ], [ 73.2051162, 34.3191667 ], [ 73.2051116, 34.3190907 ], [ 73.205349, 34.3190808 ], [ 73.2053536, 34.3191567 ] ] ] } },
{ "type": "Feature", "properties": { "lead_id": "pakistan-small-pv-roofclf-0268", "cell": "0106_0064", "roof_area_m2": 84.7204, "est_kwp": 8.38, "p_roofclf": 0.9847, "sppi": 0.1009, "fixme": "Possible small rooftop PV (85 m2 roof, roofclf p=0.98 alone -- SPPI=0.10 shown for reference only, not used to filter this population -- not near any existing OSM solar feature) -- check imagery; if real, map as generator:source=solar or power=generator + generator:source=solar", "imagery_note": "osm=71.52703,30.16117 | bing=https://www.bing.com/maps?cp=30.16117~71.52703&lvl=19&style=a | google=https://www.google.com/maps/@30.16117,71.52703,200m/data=!3m1!1e3" }, "geometry": { "type": "Polygon", "coordinates": [ [ [ 71.527094749546393, 30.161132658816801 ], [ 71.527094627110799, 30.161198957161002 ], [ 71.5269750935432, 30.161198790420098 ], [ 71.526975216058901, 30.161132492071392 ], [ 71.527094749546393, 30.161132658816801 ] ] ] } },
{ "type": "Feature", "properties": { "lead_id": "pakistan-small-pv-roofclf-0269", "cell": "0106_0064", "roof_area_m2": 205.0887, "est_kwp": 20.29, "p_roofclf": 0.9845, "sppi": 0.065, "fixme": "Possible small rooftop PV (205 m2 roof, roofclf p=0.98 alone -- SPPI=0.07 shown for reference only, not used to filter this population -- not near any existing OSM solar feature) -- check imagery; if real, map as generator:source=solar or power=generator + generator:source=solar", "imagery_note": "osm=71.48416,30.13610 | bing=https://www.bing.com/maps?cp=30.13610~71.48416&lvl=19&style=a | google=https://www.google.com/maps/@30.13610,71.48416,200m/data=!3m1!1e3" }, "geometry": { "type": "Polygon", "coordinates": [ [ [ 71.484235987942796, 30.136034656101799 ], [ 71.484235429560798, 30.136165774126098 ], [ 71.484089154967407, 30.136165303428108 ], [ 71.484089713543099, 30.136034185393896 ], [ 71.484235987942796, 30.136034656101799 ] ] ] } },
{ "type": "Feature", "properties": { "lead_id": "pakistan-small-pv-roofclf-0270", "cell": "0118_0083", "roof_area_m2": 92.1647, "est_kwp": 9.12, "p_roofclf": 0.9844, "sppi": 0.0446, "fixme": "Possible small rooftop PV (92 m2 roof, roofclf p=0.98 alone -- SPPI=0.04 shown for reference only, not used to filter this population -- not near any existing OSM solar feature) -- check imagery; if real, map as generator:source=solar or power=generator + generator:source=solar", "imagery_note": "osm=72.65314,32.08478 | bing=https://www.bing.com/maps?cp=32.08478~72.65314&lvl=19&style=a | google=https://www.google.com/maps/@32.08478,72.65314,200m/data=!3m1!1e3" }, "geometry": { "type": "Polygon", "coordinates": [ [ [ 72.653246432085993, 32.084793912054998 ], [ 72.653034720579697, 32.0848029026563 ], [ 72.653032291965999, 32.084761450104899 ], [ 72.653244003376301, 32.0847524595031 ], [ 72.653246432085993, 32.084793912054998 ] ] ] } },
{ "type": "Feature", "properties": { "lead_id": "pakistan-small-pv-roofclf-0271", "cell": "0122_0069", "roof_area_m2": 18.4311, "est_kwp": 1.82, "p_roofclf": 0.9843, "sppi": 0.0693, "fixme": "Possible small rooftop PV (18 m2 roof, roofclf p=0.98 alone -- SPPI=0.07 shown for reference only, not used to filter this population -- not near any existing OSM solar feature) -- check imagery; if real, map as generator:source=solar or power=generator + generator:source=solar", "imagery_note": "osm=73.09578,30.66316 | bing=https://www.bing.com/maps?cp=30.66316~73.09578&lvl=19&style=a | google=https://www.google.com/maps/@30.66316,73.09578,200m/data=!3m1!1e3" }, "geometry": { "type": "Polygon", "coordinates": [ [ [ 73.095802687699802, 30.663143464396402 ], [ 73.095782114573396, 30.663194299129003 ], [ 73.095751741884001, 30.663185113206801 ], [ 73.095772315023893, 30.663134278479401 ], [ 73.095802687699802, 30.663143464396402 ] ] ] } },
{ "type": "Feature", "properties": { "lead_id": "pakistan-small-pv-roofclf-0272", "cell": "0126_0088", "roof_area_m2": 11.7759, "est_kwp": 1.16, "p_roofclf": 0.9842, "sppi": 0.0402, "fixme": "Possible small rooftop PV (12 m2 roof, roofclf p=0.98 alone -- SPPI=0.04 shown for reference only, not used to filter this population -- not near any existing OSM solar feature) -- check imagery; if real, map as generator:source=solar or power=generator + generator:source=solar", "imagery_note": "osm=73.48928,32.60079 | bing=https://www.bing.com/maps?cp=32.60079~73.48928&lvl=19&style=a | google=https://www.google.com/maps/@32.60079,73.48928,200m/data=!3m1!1e3" }, "geometry": { "type": "Polygon", "coordinates": [ [ [ 73.489295303476496, 32.600773621820103 ], [ 73.489290886184605, 32.6008115363556 ], [ 73.489261355619703, 32.600809071165003 ], [ 73.489265772923702, 32.600771156630998 ], [ 73.489295303476496, 32.600773621820103 ] ] ] } },
{ "type": "Feature", "properties": { "lead_id": "pakistan-small-pv-roofclf-0273", "cell": "0105_0102", "roof_area_m2": 352.3889, "est_kwp": 34.85, "p_roofclf": 0.984, "sppi": 0.0555, "fixme": "Possible small rooftop PV (352 m2 roof, roofclf p=0.98 alone -- SPPI=0.06 shown for reference only, not used to filter this population -- not near any existing OSM solar feature) -- check imagery; if real, map as generator:source=solar or power=generator + generator:source=solar", "imagery_note": "osm=71.43731,33.95705 | bing=https://www.bing.com/maps?cp=33.95705~71.43731&lvl=19&style=a | google=https://www.google.com/maps/@33.95705,71.43731,200m/data=!3m1!1e3" }, "geometry": { "type": "Polygon", "coordinates": [ [ [ 71.437397742484706, 33.956961956529199 ], [ 71.437396213167602, 33.957171091790997 ], [ 71.437320947551299, 33.957170709588397 ], [ 71.437321125841805, 33.957146330955297 ], [ 71.4372203533011, 33.957145819153801 ], [ 71.437221704730007, 33.956961062509492 ], [ 71.437397742484706, 33.956961956529199 ] ] ] } },
{ "type": "Feature", "properties": { "lead_id": "pakistan-small-pv-roofclf-0274", "cell": "0134_0078", "roof_area_m2": 273.1771, "est_kwp": 27.02, "p_roofclf": 0.9839, "sppi": 0.0681, "fixme": "Possible small rooftop PV (273 m2 roof, roofclf p=0.98 alone -- SPPI=0.07 shown for reference only, not used to filter this population -- not near any existing OSM solar feature) -- check imagery; if real, map as generator:source=solar or power=generator + generator:source=solar", "imagery_note": "osm=74.32811,31.51087 | bing=https://www.bing.com/maps?cp=31.51087~74.32811&lvl=19&style=a | google=https://www.google.com/maps/@31.51087,74.32811,200m/data=!3m1!1e3" }, "geometry": { "type": "Polygon", "coordinates": [ [ [ 74.3282283378296, 31.510830554089004 ], [ 74.328198611772294, 31.510946992238502 ], [ 74.3279862046587, 31.510907191792299 ], [ 74.328015930964796, 31.510790753694504 ], [ 74.3282283378296, 31.510830554089004 ] ] ] } },
{ "type": "Feature", "properties": { "lead_id": "pakistan-small-pv-roofclf-0275", "cell": "0115_0110", "roof_area_m2": 107.3773, "est_kwp": 10.62, "p_roofclf": 0.9838, "sppi": -0.0271, "fixme": "Possible small rooftop PV (107 m2 roof, roofclf p=0.98 alone -- SPPI=-0.03 shown for reference only, not used to filter this population -- not near any existing OSM solar feature) -- check imagery; if real, map as generator:source=solar or power=generator + generator:source=solar", "imagery_note": "osm=72.36722,34.78877 | bing=https://www.bing.com/maps?cp=34.78877~72.36722&lvl=19&style=a | google=https://www.google.com/maps/@34.78877,72.36722,200m/data=!3m1!1e3" }, "geometry": { "type": "Polygon", "coordinates": [ [ [ 72.367278929841106, 34.7887214624837 ], [ 72.367248973692497, 34.788840007954398 ], [ 72.367164033651804, 34.788826135575 ], [ 72.367192536686602, 34.788707352789103 ], [ 72.367278929841106, 34.7887214624837 ] ] ] } },
{ "type": "Feature", "properties": { "lead_id": "pakistan-small-pv-roofclf-0276", "cell": "0207_0116", "roof_area_m2": 61.8216, "est_kwp": 6.11, "p_roofclf": 0.9837, "sppi": 0.1041, "fixme": "Possible small rooftop PV (62 m2 roof, roofclf p=0.98 alone -- SPPI=0.10 shown for reference only, not used to filter this population -- not near any existing OSM solar feature) -- check imagery; if real, map as generator:source=solar or power=generator + generator:source=solar", "imagery_note": "osm=73.08649,31.45255 | bing=https://www.bing.com/maps?cp=31.45255~73.08649&lvl=19&style=a | google=https://www.google.com/maps/@31.45255,73.08649,200m/data=!3m1!1e3" }, "geometry": { "type": "Polygon", "coordinates": [ [ [ 73.086564341640099, 31.452546436743692 ], [ 73.086548271214198, 31.452588929225502 ], [ 73.086423456745294, 31.452554239362211 ], [ 73.086439527219497, 31.452511746897699 ], [ 73.086564341640099, 31.452546436743692 ] ] ] } },
{ "type": "Feature", "properties": { "lead_id": "pakistan-small-pv-roofclf-0277", "cell": "0134_0078", "roof_area_m2": 202.8998, "est_kwp": 20.07, "p_roofclf": 0.9836, "sppi": 0.1127, "fixme": "Possible small rooftop PV (203 m2 roof, roofclf p=0.98 alone -- SPPI=0.11 shown for reference only, not used to filter this population -- not near any existing OSM solar feature) -- check imagery; if real, map as generator:source=solar or power=generator + generator:source=solar", "imagery_note": "osm=74.28114,31.58025 | bing=https://www.bing.com/maps?cp=31.58025~74.28114&lvl=19&style=a | google=https://www.google.com/maps/@31.58025,74.28114,200m/data=!3m1!1e3" }, "geometry": { "type": "Polygon", "coordinates": [ [ [ 74.2811838, 31.5801469 ], [ 74.2811797, 31.5803613 ], [ 74.2810899, 31.5803601 ], [ 74.281094, 31.5801456 ], [ 74.2811838, 31.5801469 ] ] ] } },
{ "type": "Feature", "properties": { "lead_id": "pakistan-small-pv-roofclf-0278", "cell": "0098_0063", "roof_area_m2": 198.7602, "est_kwp": 19.66, "p_roofclf": 0.9836, "sppi": 0.0013, "fixme": "Possible small rooftop PV (199 m2 roof, roofclf p=0.98 alone -- SPPI=0.00 shown for reference only, not used to filter this population -- not near any existing OSM solar feature) -- check imagery; if real, map as generator:source=solar or power=generator + generator:source=solar", "imagery_note": "osm=70.64581,30.01024 | bing=https://www.bing.com/maps?cp=30.01024~70.64581&lvl=19&style=a | google=https://www.google.com/maps/@30.01024,70.64581,200m/data=!3m1!1e3" }, "geometry": { "type": "Polygon", "coordinates": [ [ [ 70.6458535, 30.0101399 ], [ 70.6458532, 30.0103439 ], [ 70.6457622, 30.0103438 ], [ 70.6457625, 30.0101398 ], [ 70.6458535, 30.0101399 ] ] ] } },
{ "type": "Feature", "properties": { "lead_id": "pakistan-small-pv-roofclf-0279", "cell": "0207_0116", "roof_area_m2": 82.6321, "est_kwp": 8.17, "p_roofclf": 0.9835, "sppi": 0.111, "fixme": "Possible small rooftop PV (83 m2 roof, roofclf p=0.98 alone -- SPPI=0.11 shown for reference only, not used to filter this population -- not near any existing OSM solar feature) -- check imagery; if real, map as generator:source=solar or power=generator + generator:source=solar", "imagery_note": "osm=73.08689,31.45270 | bing=https://www.bing.com/maps?cp=31.45270~73.08689&lvl=19&style=a | google=https://www.google.com/maps/@31.45270,73.08689,200m/data=!3m1!1e3" }, "geometry": { "type": "Polygon", "coordinates": [ [ [ 73.086946398198293, 31.452675408546099 ], [ 73.086916733991998, 31.452752274027503 ], [ 73.086824868436196, 31.452726220001306 ], [ 73.086854532706397, 31.452649354543293 ], [ 73.086946398198293, 31.452675408546099 ] ] ] } },
{ "type": "Feature", "properties": { "lead_id": "pakistan-small-pv-roofclf-0280", "cell": "0061_0011", "roof_area_m2": 38.2666, "est_kwp": 3.78, "p_roofclf": 0.9834, "sppi": 0.0171, "fixme": "Possible small rooftop PV (38 m2 roof, roofclf p=0.98 alone -- SPPI=0.02 shown for reference only, not used to filter this population -- not near any existing OSM solar feature) -- check imagery; if real, map as generator:source=solar or power=generator + generator:source=solar", "imagery_note": "osm=66.98165,24.90607 | bing=https://www.bing.com/maps?cp=24.90607~66.98165&lvl=19&style=a | google=https://www.google.com/maps/@24.90607,66.98165,200m/data=!3m1!1e3" }, "geometry": { "type": "Polygon", "coordinates": [ [ [ 66.981689215678102, 24.906085809646495 ], [ 66.981653985722104, 24.906110571255496 ], [ 66.981602638446603, 24.906049804344502 ], [ 66.981637868393705, 24.906025042747899 ], [ 66.981689215678102, 24.906085809646495 ] ] ] } },
{ "type": "Feature", "properties": { "lead_id": "pakistan-small-pv-roofclf-0281", "cell": "0121_0076", "roof_area_m2": 177.0869, "est_kwp": 17.52, "p_roofclf": 0.9834, "sppi": 0.0639, "fixme": "Possible small rooftop PV (177 m2 roof, roofclf p=0.98 alone -- SPPI=0.06 shown for reference only, not used to filter this population -- not near any existing OSM solar feature) -- check imagery; if real, map as generator:source=solar or power=generator + generator:source=solar", "imagery_note": "osm=72.95073,31.37318 | bing=https://www.bing.com/maps?cp=31.37318~72.95073&lvl=19&style=a | google=https://www.google.com/maps/@31.37318,72.95073,200m/data=!3m1!1e3" }, "geometry": { "type": "Polygon", "coordinates": [ [ [ 72.9507563, 31.3730545 ], [ 72.9507596, 31.3731506 ], [ 72.9507766, 31.3731501 ], [ 72.9507787, 31.3732103 ], [ 72.950761700000015, 31.3732107 ], [ 72.9507634, 31.3732626 ], [ 72.9506878, 31.3732645 ], [ 72.9506807, 31.37305640000001 ], [ 72.9507563, 31.3730545 ] ] ] } },
{ "type": "Feature", "properties": { "lead_id": "pakistan-small-pv-roofclf-0282", "cell": "0105_0102", "roof_area_m2": 399.1013, "est_kwp": 39.48, "p_roofclf": 0.9834, "sppi": 0.0647, "fixme": "Possible small rooftop PV (399 m2 roof, roofclf p=0.98 alone -- SPPI=0.06 shown for reference only, not used to filter this population -- not near any existing OSM solar feature) -- check imagery; if real, map as generator:source=solar or power=generator + generator:source=solar", "imagery_note": "osm=71.40528,33.98480 | bing=https://www.bing.com/maps?cp=33.98480~71.40528&lvl=19&style=a | google=https://www.google.com/maps/@33.98480,71.40528,200m/data=!3m1!1e3" }, "geometry": { "type": "Polygon", "coordinates": [ [ [ 71.405430859679399, 33.9847495349456 ], [ 71.405389662805902, 33.984894398037802 ], [ 71.4051352210804, 33.984844185007901 ], [ 71.405176418372307, 33.984699321982198 ], [ 71.405430859679399, 33.9847495349456 ] ] ] } },
{ "type": "Feature", "properties": { "lead_id": "pakistan-small-pv-roofclf-0283", "cell": "0062_0012", "roof_area_m2": 28.4102, "est_kwp": 2.81, "p_roofclf": 0.9833, "sppi": 0.0316, "fixme": "Possible small rooftop PV (28 m2 roof, roofclf p=0.98 alone -- SPPI=0.03 shown for reference only, not used to filter this population -- not near any existing OSM solar feature) -- check imagery; if real, map as generator:source=solar or power=generator + generator:source=solar", "imagery_note": "osm=67.04303,24.97077 | bing=https://www.bing.com/maps?cp=24.97077~67.04303&lvl=19&style=a | google=https://www.google.com/maps/@24.97077,67.04303,200m/data=!3m1!1e3" }, "geometry": { "type": "Polygon", "coordinates": [ [ [ 67.0430379, 24.9707363 ], [ 67.0430684, 24.9707876 ], [ 67.0430301, 24.9708064 ], [ 67.0429997, 24.9707551 ], [ 67.0430379, 24.9707363 ] ] ] } },
{ "type": "Feature", "properties": { "lead_id": "pakistan-small-pv-roofclf-0284", "cell": "0105_0102", "roof_area_m2": 29.6151, "est_kwp": 2.93, "p_roofclf": 0.9833, "sppi": 0.0591, "fixme": "Possible small rooftop PV (30 m2 roof, roofclf p=0.98 alone -- SPPI=0.06 shown for reference only, not used to filter this population -- not near any existing OSM solar feature) -- check imagery; if real, map as generator:source=solar or power=generator + generator:source=solar", "imagery_note": "osm=71.43096,33.99336 | bing=https://www.bing.com/maps?cp=33.99336~71.43096&lvl=19&style=a | google=https://www.google.com/maps/@33.99336,71.43096,200m/data=!3m1!1e3" }, "geometry": { "type": "Polygon", "coordinates": [ [ [ 71.430981800538802, 33.993338636475002 ], [ 71.430979492844301, 33.993403806860897 ], [ 71.430893546895206, 33.993401695365499 ], [ 71.430894023826099, 33.993388226995997 ], [ 71.430946531047695, 33.993389516985602 ], [ 71.430948361845196, 33.993337814968697 ], [ 71.430981800538802, 33.993338636475002 ] ] ] } },
{ "type": "Feature", "properties": { "lead_id": "pakistan-small-pv-roofclf-0285", "cell": "0115_0110", "roof_area_m2": 176.9845, "est_kwp": 17.51, "p_roofclf": 0.9832, "sppi": -0.0084, "fixme": "Possible small rooftop PV (177 m2 roof, roofclf p=0.98 alone -- SPPI=-0.01 shown for reference only, not used to filter this population -- not near any existing OSM solar feature) -- check imagery; if real, map as generator:source=solar or power=generator + generator:source=solar", "imagery_note": "osm=72.36593,34.78890 | bing=https://www.bing.com/maps?cp=34.78890~72.36593&lvl=19&style=a | google=https://www.google.com/maps/@34.78890,72.36593,200m/data=!3m1!1e3" }, "geometry": { "type": "Polygon", "coordinates": [ [ [ 72.3659030656856, 34.789031901753006 ], [ 72.365841043226993, 34.789013694066099 ], [ 72.365948630804496, 34.788764259547797 ], [ 72.366010653109711, 34.788782467173597 ], [ 72.3659030656856, 34.789031901753006 ] ] ] } },
{ "type": "Feature", "properties": { "lead_id": "pakistan-small-pv-roofclf-0286", "cell": "0105_0064", "roof_area_m2": 371.0817, "est_kwp": 36.7, "p_roofclf": 0.9832, "sppi": 0.0567, "fixme": "Possible small rooftop PV (371 m2 roof, roofclf p=0.98 alone -- SPPI=0.06 shown for reference only, not used to filter this population -- not near any existing OSM solar feature) -- check imagery; if real, map as generator:source=solar or power=generator + generator:source=solar", "imagery_note": "osm=71.40182,30.17674 | bing=https://www.bing.com/maps?cp=30.17674~71.40182&lvl=19&style=a | google=https://www.google.com/maps/@30.17674,71.40182,200m/data=!3m1!1e3" }, "geometry": { "type": "Polygon", "coordinates": [ [ [ 71.401827741808901, 30.176579053476502 ], [ 71.401828445323403, 30.176642002744796 ], [ 71.401896448036894, 30.176641429029505 ], [ 71.401898609891404, 30.1768348541367 ], [ 71.401746509581699, 30.176836137321398 ], [ 71.401743644563396, 30.176579762923904 ], [ 71.401827741808901, 30.176579053476502 ] ] ] } },
{ "type": "Feature", "properties": { "lead_id": "pakistan-small-pv-roofclf-0287", "cell": "0133_0076", "roof_area_m2": 326.337, "est_kwp": 32.28, "p_roofclf": 0.983, "sppi": 0.0552, "fixme": "Possible small rooftop PV (326 m2 roof, roofclf p=0.98 alone -- SPPI=0.06 shown for reference only, not used to filter this population -- not near any existing OSM solar feature) -- check imagery; if real, map as generator:source=solar or power=generator + generator:source=solar", "imagery_note": "osm=74.17255,31.35036 | bing=https://www.bing.com/maps?cp=31.35036~74.17255&lvl=19&style=a | google=https://www.google.com/maps/@31.35036,74.17255,200m/data=!3m1!1e3" }, "geometry": { "type": "Polygon", "coordinates": [ [ [ 74.172709567492404, 31.350316673080901 ], [ 74.172649823894801, 31.350344923504199 ], [ 74.172672401484306, 31.350380089328503 ], [ 74.172615987404001, 31.350406765313604 ], [ 74.172605347859701, 31.350390193632201 ], [ 74.172535146067105, 31.350423389222399 ], [ 74.172545785603404, 31.350439960909302 ], [ 74.172485443760806, 31.350468494079205 ], [ 74.172443040215001, 31.3504024480185 ], [ 74.172376932029593, 31.350433707795698 ], [ 74.172355014496503, 31.350399569846708 ], [ 74.172667823814095, 31.350251655015903 ], [ 74.172709567492404, 31.350316673080901 ] ] ] } },
{ "type": "Feature", "properties": { "lead_id": "pakistan-small-pv-roofclf-0288", "cell": "0123_0106", "roof_area_m2": 169.3162, "est_kwp": 16.75, "p_roofclf": 0.9829, "sppi": 0.0903, "fixme": "Possible small rooftop PV (169 m2 roof, roofclf p=0.98 alone -- SPPI=0.09 shown for reference only, not used to filter this population -- not near any existing OSM solar feature) -- check imagery; if real, map as generator:source=solar or power=generator + generator:source=solar", "imagery_note": "osm=73.21304,34.36381 | bing=https://www.bing.com/maps?cp=34.36381~73.21304&lvl=19&style=a | google=https://www.google.com/maps/@34.36381,73.21304,200m/data=!3m1!1e3" }, "geometry": { "type": "Polygon", "coordinates": [ [ [ 73.212946747313197, 34.363859387163103 ], [ 73.212931346028398, 34.363776323617898 ], [ 73.213126450491401, 34.363751446560897 ], [ 73.213141851966697, 34.363834510087699 ], [ 73.212946747313197, 34.363859387163103 ] ] ] } },
{ "type": "Feature", "properties": { "lead_id": "pakistan-small-pv-roofclf-0289", "cell": "0123_0099", "roof_area_m2": 274.8953, "est_kwp": 27.19, "p_roofclf": 0.9825, "sppi": 0.027, "fixme": "Possible small rooftop PV (275 m2 roof, roofclf p=0.98 alone -- SPPI=0.03 shown for reference only, not used to filter this population -- not near any existing OSM solar feature) -- check imagery; if real, map as generator:source=solar or power=generator + generator:source=solar", "imagery_note": "osm=73.22053,33.68762 | bing=https://www.bing.com/maps?cp=33.68762~73.22053&lvl=19&style=a | google=https://www.google.com/maps/@33.68762,73.22053,200m/data=!3m1!1e3" }, "geometry": { "type": "Polygon", "coordinates": [ [ [ 73.220655429230405, 33.6875756063464 ], [ 73.220566084357301, 33.687709876217703 ], [ 73.220515691564302, 33.6876864432625 ], [ 73.220499220619899, 33.687711196163797 ], [ 73.220413449074996, 33.687671311794197 ], [ 73.220519265045795, 33.687512289135697 ], [ 73.220655429230405, 33.6875756063464 ] ] ] } },
{ "type": "Feature", "properties": { "lead_id": "pakistan-small-pv-roofclf-0290", "cell": "0122_0076", "roof_area_m2": 397.4609, "est_kwp": 39.31, "p_roofclf": 0.9825, "sppi": 0.0899, "fixme": "Possible small rooftop PV (397 m2 roof, roofclf p=0.98 alone -- SPPI=0.09 shown for reference only, not used to filter this population -- not near any existing OSM solar feature) -- check imagery; if real, map as generator:source=solar or power=generator + generator:source=solar", "imagery_note": "osm=73.12475,31.40703 | bing=https://www.bing.com/maps?cp=31.40703~73.12475&lvl=19&style=a | google=https://www.google.com/maps/@31.40703,73.12475,200m/data=!3m1!1e3" }, "geometry": { "type": "Polygon", "coordinates": [ [ [ 73.124925899411195, 31.407128410271305 ], [ 73.124843242105698, 31.407192362621906 ], [ 73.124579007218898, 31.406941137610207 ], [ 73.124661664465208, 31.406877185426005 ], [ 73.124925899411195, 31.407128410271305 ] ] ] } },
{ "type": "Feature", "properties": { "lead_id": "pakistan-small-pv-roofclf-0291", "cell": "0109_0104", "roof_area_m2": 49.397, "est_kwp": 4.89, "p_roofclf": 0.9825, "sppi": 0.0944, "fixme": "Possible small rooftop PV (49 m2 roof, roofclf p=0.98 alone -- SPPI=0.09 shown for reference only, not used to filter this population -- not near any existing OSM solar feature) -- check imagery; if real, map as generator:source=solar or power=generator + generator:source=solar", "imagery_note": "osm=71.75691,34.17108 | bing=https://www.bing.com/maps?cp=34.17108~71.75691&lvl=19&style=a | google=https://www.google.com/maps/@34.17108,71.75691,200m/data=!3m1!1e3" }, "geometry": { "type": "Polygon", "coordinates": [ [ [ 71.756931908568419, 34.171142731156493 ], [ 71.756894010680298, 34.171145880534397 ], [ 71.756878836140402, 34.171019727374407 ], [ 71.756916733972105, 34.171016578003709 ], [ 71.756931908568419, 34.171142731156493 ] ] ] } },
{ "type": "Feature", "properties": { "lead_id": "pakistan-small-pv-roofclf-0292", "cell": "0115_0110", "roof_area_m2": 34.7606, "est_kwp": 3.44, "p_roofclf": 0.9824, "sppi": 0.0664, "fixme": "Possible small rooftop PV (35 m2 roof, roofclf p=0.98 alone -- SPPI=0.07 shown for reference only, not used to filter this population -- not near any existing OSM solar feature) -- check imagery; if real, map as generator:source=solar or power=generator + generator:source=solar", "imagery_note": "osm=72.35371,34.77962 | bing=https://www.bing.com/maps?cp=34.77962~72.35371&lvl=19&style=a | google=https://www.google.com/maps/@34.77962,72.35371,200m/data=!3m1!1e3" }, "geometry": { "type": "Polygon", "coordinates": [ [ [ 72.353739756231803, 34.779595915249104 ], [ 72.353727788749296, 34.779653964700096 ], [ 72.353670482626697, 34.779645921933501 ], [ 72.353682450147502, 34.779587872490204 ], [ 72.353739756231803, 34.779595915249104 ] ] ] } },
{ "type": "Feature", "properties": { "lead_id": "pakistan-small-pv-roofclf-0293", "cell": "0061_0011", "roof_area_m2": 361.0633, "est_kwp": 35.71, "p_roofclf": 0.9824, "sppi": 0.0662, "fixme": "Possible small rooftop PV (361 m2 roof, roofclf p=0.98 alone -- SPPI=0.07 shown for reference only, not used to filter this population -- not near any existing OSM solar feature) -- check imagery; if real, map as generator:source=solar or power=generator + generator:source=solar", "imagery_note": "osm=67.03446,24.87003 | bing=https://www.bing.com/maps?cp=24.87003~67.03446&lvl=19&style=a | google=https://www.google.com/maps/@24.87003,67.03446,200m/data=!3m1!1e3" }, "geometry": { "type": "Polygon", "coordinates": [ [ [ 67.034598486228205, 24.870082238501301 ], [ 67.034502460967104, 24.870161239733605 ], [ 67.034319730539494, 24.869976382882498 ], [ 67.034415755757095, 24.869897381766304 ], [ 67.034598486228205, 24.870082238501301 ] ] ] } },
{ "type": "Feature", "properties": { "lead_id": "pakistan-small-pv-roofclf-0294", "cell": "0100_0081", "roof_area_m2": 116.3824, "est_kwp": 11.51, "p_roofclf": 0.9823, "sppi": 0.0097, "fixme": "Possible small rooftop PV (116 m2 roof, roofclf p=0.98 alone -- SPPI=0.01 shown for reference only, not used to filter this population -- not near any existing OSM solar feature) -- check imagery; if real, map as generator:source=solar or power=generator + generator:source=solar", "imagery_note": "osm=70.89806,31.82891 | bing=https://www.bing.com/maps?cp=31.82891~70.89806&lvl=19&style=a | google=https://www.google.com/maps/@31.82891,70.89806,200m/data=!3m1!1e3" }, "geometry": { "type": "Polygon", "coordinates": [ [ [ 70.898061980042598, 31.828824614374803 ], [ 70.898053900249593, 31.828860743319495 ], [ 70.898084074300101, 31.828865662022899 ], [ 70.898079109898703, 31.828887860457112 ], [ 70.898113212384004, 31.828893419528608 ], [ 70.898106408313893, 31.828923844117199 ], [ 70.8980723790594, 31.8289179575427 ], [ 70.898056606397802, 31.828988485253301 ], [ 70.897988993621894, 31.8289774636178 ], [ 70.89802454142, 31.828818511455207 ], [ 70.898061980042598, 31.828824614374803 ] ] ] } },
{ "type": "Feature", "properties": { "lead_id": "pakistan-small-pv-roofclf-0295", "cell": "0103_0063", "roof_area_m2": 140.6293, "est_kwp": 13.91, "p_roofclf": 0.9822, "sppi": 0.0705, "fixme": "Possible small rooftop PV (141 m2 roof, roofclf p=0.98 alone -- SPPI=0.07 shown for reference only, not used to filter this population -- not near any existing OSM solar feature) -- check imagery; if real, map as generator:source=solar or power=generator + generator:source=solar", "imagery_note": "osm=71.19164,30.05974 | bing=https://www.bing.com/maps?cp=30.05974~71.19164&lvl=19&style=a | google=https://www.google.com/maps/@30.05974,71.19164,200m/data=!3m1!1e3" }, "geometry": { "type": "Polygon", "coordinates": [ [ [ 71.191726736745807, 30.059703300355501 ], [ 71.191725926363802, 30.0597768244068 ], [ 71.191547209148794, 30.0597753337657 ], [ 71.191548019663202, 30.059701809708901 ], [ 71.191726736745807, 30.059703300355501 ] ] ] } },
{ "type": "Feature", "properties": { "lead_id": "pakistan-small-pv-roofclf-0296", "cell": "0115_0110", "roof_area_m2": 93.4589, "est_kwp": 9.24, "p_roofclf": 0.9822, "sppi": 0.067, "fixme": "Possible small rooftop PV (93 m2 roof, roofclf p=0.98 alone -- SPPI=0.07 shown for reference only, not used to filter this population -- not near any existing OSM solar feature) -- check imagery; if real, map as generator:source=solar or power=generator + generator:source=solar", "imagery_note": "osm=72.37934,34.79139 | bing=https://www.bing.com/maps?cp=34.79139~72.37934&lvl=19&style=a | google=https://www.google.com/maps/@34.79139,72.37934,200m/data=!3m1!1e3" }, "geometry": { "type": "Polygon", "coordinates": [ [ [ 72.379386646706706, 34.791340213630498 ], [ 72.379378479242703, 34.791440547552398 ], [ 72.379287156255103, 34.791435488180198 ], [ 72.379295323828899, 34.791335154269397 ], [ 72.379386646706706, 34.791340213630498 ] ] ] } },
{ "type": "Feature", "properties": { "lead_id": "pakistan-small-pv-roofclf-0297", "cell": "0108_0056", "roof_area_m2": 36.4281, "est_kwp": 3.6, "p_roofclf": 0.9821, "sppi": -0.0119, "fixme": "Possible small rooftop PV (36 m2 roof, roofclf p=0.98 alone -- SPPI=-0.01 shown for reference only, not used to filter this population -- not near any existing OSM solar feature) -- check imagery; if real, map as generator:source=solar or power=generator + generator:source=solar", "imagery_note": "osm=71.65798,29.39729 | bing=https://www.bing.com/maps?cp=29.39729~71.65798&lvl=19&style=a | google=https://www.google.com/maps/@29.39729,71.65798,200m/data=!3m1!1e3" }, "geometry": { "type": "Polygon", "coordinates": [ [ [ 71.658002587485896, 29.397252460944593 ], [ 71.657996449780995, 29.397326534879799 ], [ 71.6579510364475, 29.397323649322498 ], [ 71.657957174185597, 29.3972495753872 ], [ 71.658002587485896, 29.397252460944593 ] ] ] } },
{ "type": "Feature", "properties": { "lead_id": "pakistan-small-pv-roofclf-0298", "cell": "0120_0102", "roof_area_m2": 41.6483, "est_kwp": 4.12, "p_roofclf": 0.9821, "sppi": 0.0775, "fixme": "Possible small rooftop PV (42 m2 roof, roofclf p=0.98 alone -- SPPI=0.08 shown for reference only, not used to filter this population -- not near any existing OSM solar feature) -- check imagery; if real, map as generator:source=solar or power=generator + generator:source=solar", "imagery_note": "osm=72.87836,33.95415 | bing=https://www.bing.com/maps?cp=33.95415~72.87836&lvl=19&style=a | google=https://www.google.com/maps/@33.95415,72.87836,200m/data=!3m1!1e3" }, "geometry": { "type": "Polygon", "coordinates": [ [ [ 72.878412194654601, 33.954132842693504 ], [ 72.878331005413202, 33.9541875009891 ], [ 72.8783016654058, 33.954157236162104 ], [ 72.878382854634907, 33.95410257788501 ], [ 72.878412194654601, 33.954132842693504 ] ] ] } },
{ "type": "Feature", "properties": { "lead_id": "pakistan-small-pv-roofclf-0299", "cell": "0106_0065", "roof_area_m2": 251.8524, "est_kwp": 24.91, "p_roofclf": 0.9821, "sppi": 0.0384, "fixme": "Possible small rooftop PV (252 m2 roof, roofclf p=0.98 alone -- SPPI=0.04 shown for reference only, not used to filter this population -- not near any existing OSM solar feature) -- check imagery; if real, map as generator:source=solar or power=generator + generator:source=solar", "imagery_note": "osm=71.52742,30.21380 | bing=https://www.bing.com/maps?cp=30.21380~71.52742&lvl=19&style=a | google=https://www.google.com/maps/@30.21380,71.52742,200m/data=!3m1!1e3" }, "geometry": { "type": "Polygon", "coordinates": [ [ [ 71.527485711275105, 30.213866195788295 ], [ 71.527434675102995, 30.213864803472699 ], [ 71.527433370475904, 30.2139008750794 ], [ 71.527354336909298, 30.213898718929805 ], [ 71.527360613912705, 30.213725170040995 ], [ 71.527439647340103, 30.213727326194 ], [ 71.527441642664499, 30.213672157514498 ], [ 71.527492678736607, 30.213673549831803 ], [ 71.527485711275105, 30.213866195788295 ] ] ] } }
]
}
