{
"type": "FeatureCollection",
"name": "pakistan_small_pv_josm_leads_sppi_only",
"crs": { "type": "name", "properties": { "name": "urn:ogc:def:crs:OGC:1.3:CRS84" } },
"features": [
{ "type": "Feature", "properties": { "lead_id": "pakistan-small-pv-sppi-0000", "cell": "0063_0011", "roof_area_m2": 43.5997, "est_kwp": 7.85, "p_roofclf": 0.9982, "sppi": 0.1723, "fixme": "Possible small rooftop PV (44 m2 roof, SPPI=0.172 alone -- roofclf p=1.00 shown for reference only, not used to filter this population -- not near any existing OSM solar feature; kWp estimate is UNCALIBRATED, no measured precision weight exists for SPPI alone) -- check imagery; if real, map as generator:source=solar or power=generator + generator:source=solar", "imagery_note": "osm=67.17101,24.87968 | bing=https://www.bing.com/maps?cp=24.87968~67.17101&lvl=19&style=a | google=https://www.google.com/maps/@24.87968,67.17101,200m/data=!3m1!1e3" }, "geometry": { "type": "Polygon", "coordinates": [ [ [ 67.171052132220296, 24.879693824335298 ], [ 67.171010356602096, 24.879726907048298 ], [ 67.170959863986596, 24.879673848690899 ], [ 67.1710016395986, 24.879640765991503 ], [ 67.171052132220296, 24.879693824335298 ] ] ] } },
{ "type": "Feature", "properties": { "lead_id": "pakistan-small-pv-sppi-0001", "cell": "0118_0083", "roof_area_m2": 49.3804, "est_kwp": 8.89, "p_roofclf": 0.9691, "sppi": 0.1552, "fixme": "Possible small rooftop PV (49 m2 roof, SPPI=0.155 alone -- roofclf p=0.97 shown for reference only, not used to filter this population -- not near any existing OSM solar feature; kWp estimate is UNCALIBRATED, no measured precision weight exists for SPPI alone) -- check imagery; if real, map as generator:source=solar or power=generator + generator:source=solar", "imagery_note": "osm=72.72465,32.04607 | bing=https://www.bing.com/maps?cp=32.04607~72.72465&lvl=19&style=a | google=https://www.google.com/maps/@32.04607,72.72465,200m/data=!3m1!1e3" }, "geometry": { "type": "Polygon", "coordinates": [ [ [ 72.724704534097199, 32.046067079208498 ], [ 72.724628991567897, 32.046116174401305 ], [ 72.724593675924993, 32.046076754122801 ], [ 72.724669218437697, 32.046027658950301 ], [ 72.724704534097199, 32.046067079208498 ] ] ] } },
{ "type": "Feature", "properties": { "lead_id": "pakistan-small-pv-sppi-0002", "cell": "0122_0077", "roof_area_m2": 263.6917, "est_kwp": 47.46, "p_roofclf": 0.9968, "sppi": 0.1534, "fixme": "Possible small rooftop PV (264 m2 roof, SPPI=0.153 alone -- roofclf p=1.00 shown for reference only, not used to filter this population -- not near any existing OSM solar feature; kWp estimate is UNCALIBRATED, no measured precision weight exists for SPPI alone) -- check imagery; if real, map as generator:source=solar or power=generator + generator:source=solar", "imagery_note": "osm=73.09502,31.49836 | bing=https://www.bing.com/maps?cp=31.49836~73.09502&lvl=19&style=a | google=https://www.google.com/maps/@31.49836,73.09502,200m/data=!3m1!1e3" }, "geometry": { "type": "Polygon", "coordinates": [ [ [ 73.0951349, 31.4983983 ], [ 73.0950242, 31.4984657 ], [ 73.0948997, 31.4983157 ], [ 73.0950105, 31.4982482 ], [ 73.0951349, 31.4983983 ] ] ] } },
{ "type": "Feature", "properties": { "lead_id": "pakistan-small-pv-sppi-0003", "cell": "0119_0100", "roof_area_m2": 47.5707, "est_kwp": 8.56, "p_roofclf": 0.9973, "sppi": 0.1518, "fixme": "Possible small rooftop PV (48 m2 roof, SPPI=0.152 alone -- roofclf p=1.00 shown for reference only, not used to filter this population -- not near any existing OSM solar feature; kWp estimate is UNCALIBRATED, no measured precision weight exists for SPPI alone) -- check imagery; if real, map as generator:source=solar or power=generator + generator:source=solar", "imagery_note": "osm=72.74281,33.75653 | bing=https://www.bing.com/maps?cp=33.75653~72.74281&lvl=19&style=a | google=https://www.google.com/maps/@33.75653,72.74281,200m/data=!3m1!1e3" }, "geometry": { "type": "Polygon", "coordinates": [ [ [ 72.742854038400807, 33.756503652189402 ], [ 72.742871892790802, 33.756570444656397 ], [ 72.742831724573804, 33.756577936059799 ], [ 72.742823051652806, 33.7565454910089 ], [ 72.742772832248804, 33.756554856946501 ], [ 72.742763650829303, 33.756520509523099 ], [ 72.742854038400807, 33.756503652189402 ] ] ] } },
{ "type": "Feature", "properties": { "lead_id": "pakistan-small-pv-sppi-0004", "cell": "0134_0077", "roof_area_m2": 230.4437, "est_kwp": 41.48, "p_roofclf": 0.9991, "sppi": 0.1459, "fixme": "Possible small rooftop PV (230 m2 roof, SPPI=0.146 alone -- roofclf p=1.00 shown for reference only, not used to filter this population -- not near any existing OSM solar feature; kWp estimate is UNCALIBRATED, no measured precision weight exists for SPPI alone) -- check imagery; if real, map as generator:source=solar or power=generator + generator:source=solar", "imagery_note": "osm=74.29760,31.48156 | bing=https://www.bing.com/maps?cp=31.48156~74.29760&lvl=19&style=a | google=https://www.google.com/maps/@31.48156,74.29760,200m/data=!3m1!1e3" }, "geometry": { "type": "Polygon", "coordinates": [ [ [ 74.297689060877801, 31.481624089943598 ], [ 74.297522211741807, 31.481629641068103 ], [ 74.297516287083994, 31.4814988541162 ], [ 74.297683135987697, 31.481493302992103 ], [ 74.297689060877801, 31.481624089943598 ] ] ] } },
{ "type": "Feature", "properties": { "lead_id": "pakistan-small-pv-sppi-0005", "cell": "0219_0116", "roof_area_m2": 230.4437, "est_kwp": 41.48, "p_roofclf": 0.9991, "sppi": 0.1459, "fixme": "Possible small rooftop PV (230 m2 roof, SPPI=0.146 alone -- roofclf p=1.00 shown for reference only, not used to filter this population -- not near any existing OSM solar feature; kWp estimate is UNCALIBRATED, no measured precision weight exists for SPPI alone) -- check imagery; if real, map as generator:source=solar or power=generator + generator:source=solar", "imagery_note": "osm=74.29760,31.48156 | bing=https://www.bing.com/maps?cp=31.48156~74.29760&lvl=19&style=a | google=https://www.google.com/maps/@31.48156,74.29760,200m/data=!3m1!1e3" }, "geometry": { "type": "Polygon", "coordinates": [ [ [ 74.297689060877801, 31.481624089943598 ], [ 74.297522211741807, 31.481629641068103 ], [ 74.297516287083994, 31.4814988541162 ], [ 74.297683135987697, 31.481493302992103 ], [ 74.297689060877801, 31.481624089943598 ] ] ] } },
{ "type": "Feature", "properties": { "lead_id": "pakistan-small-pv-sppi-0006", "cell": "0111_0103", "roof_area_m2": 10.2819, "est_kwp": 1.85, "p_roofclf": 0.9954, "sppi": 0.1437, "fixme": "Possible small rooftop PV (10 m2 roof, SPPI=0.144 alone -- roofclf p=1.00 shown for reference only, not used to filter this population -- not near any existing OSM solar feature; kWp estimate is UNCALIBRATED, no measured precision weight exists for SPPI alone) -- check imagery; if real, map as generator:source=solar or power=generator + generator:source=solar", "imagery_note": "osm=71.98917,34.09600 | bing=https://www.bing.com/maps?cp=34.09600~71.98917&lvl=19&style=a | google=https://www.google.com/maps/@34.09600,71.98917,200m/data=!3m1!1e3" }, "geometry": { "type": "Polygon", "coordinates": [ [ [ 71.989182371863507, 34.095984166343499 ], [ 71.989182485056801, 34.096015750655006 ], [ 71.989150690984303, 34.096015829512808 ], [ 71.989150577802903, 34.095984245200597 ], [ 71.989182371863507, 34.095984166343499 ] ] ] } },
{ "type": "Feature", "properties": { "lead_id": "pakistan-small-pv-sppi-0007", "cell": "0122_0077", "roof_area_m2": 130.9979, "est_kwp": 23.58, "p_roofclf": 0.9917, "sppi": 0.1434, "fixme": "Possible small rooftop PV (131 m2 roof, SPPI=0.143 alone -- roofclf p=0.99 shown for reference only, not used to filter this population -- not near any existing OSM solar feature; kWp estimate is UNCALIBRATED, no measured precision weight exists for SPPI alone) -- check imagery; if real, map as generator:source=solar or power=generator + generator:source=solar", "imagery_note": "osm=73.09518,31.49841 | bing=https://www.bing.com/maps?cp=31.49841~73.09518&lvl=19&style=a | google=https://www.google.com/maps/@31.49841,73.09518,200m/data=!3m1!1e3" }, "geometry": { "type": "Polygon", "coordinates": [ [ [ 73.095272959473604, 31.498355546196695 ], [ 73.095148282751495, 31.498499301379503 ], [ 73.095092597273094, 31.498463844869001 ], [ 73.095217274027604, 31.4983200897411 ], [ 73.095272959473604, 31.498355546196695 ] ] ] } },
{ "type": "Feature", "properties": { "lead_id": "pakistan-small-pv-sppi-0008", "cell": "0074_0016", "roof_area_m2": 9.6251, "est_kwp": 1.73, "p_roofclf": 0.912, "sppi": 0.143, "fixme": "Possible small rooftop PV (10 m2 roof, SPPI=0.143 alone -- roofclf p=0.91 shown for reference only, not used to filter this population -- not near any existing OSM solar feature; kWp estimate is UNCALIBRATED, no measured precision weight exists for SPPI alone) -- check imagery; if real, map as generator:source=solar or power=generator + generator:source=solar", "imagery_note": "osm=68.27281,25.34963 | bing=https://www.bing.com/maps?cp=25.34963~68.27281&lvl=19&style=a | google=https://www.google.com/maps/@25.34963,68.27281,200m/data=!3m1!1e3" }, "geometry": { "type": "Polygon", "coordinates": [ [ [ 68.272825981899203, 25.3496214930002 ], [ 68.272825045040307, 25.3496459191512 ], [ 68.272789854368995, 25.349644888760903 ], [ 68.272790720612406, 25.3496204605424 ], [ 68.272825981899203, 25.3496214930002 ] ] ] } },
{ "type": "Feature", "properties": { "lead_id": "pakistan-small-pv-sppi-0009", "cell": "0121_0099", "roof_area_m2": 159.3182, "est_kwp": 28.68, "p_roofclf": 0.9966, "sppi": 0.1422, "fixme": "Possible small rooftop PV (159 m2 roof, SPPI=0.142 alone -- roofclf p=1.00 shown for reference only, not used to filter this population -- not near any existing OSM solar feature; kWp estimate is UNCALIBRATED, no measured precision weight exists for SPPI alone) -- check imagery; if real, map as generator:source=solar or power=generator + generator:source=solar", "imagery_note": "osm=73.03267,33.70642 | bing=https://www.bing.com/maps?cp=33.70642~73.03267&lvl=19&style=a | google=https://www.google.com/maps/@33.70642,73.03267,200m/data=!3m1!1e3" }, "geometry": { "type": "Polygon", "coordinates": [ [ [ 73.032667628581393, 33.706510909247797 ], [ 73.032580377510996, 33.706469273745697 ], [ 73.032671837775993, 33.706335394037602 ], [ 73.032759088758496, 33.706377029470303 ], [ 73.032667628581393, 33.706510909247797 ] ] ] } },
{ "type": "Feature", "properties": { "lead_id": "pakistan-small-pv-sppi-0010", "cell": "0121_0099", "roof_area_m2": 62.9674, "est_kwp": 11.33, "p_roofclf": 0.9937, "sppi": 0.1413, "fixme": "Possible small rooftop PV (63 m2 roof, SPPI=0.141 alone -- roofclf p=0.99 shown for reference only, not used to filter this population -- not near any existing OSM solar feature; kWp estimate is UNCALIBRATED, no measured precision weight exists for SPPI alone) -- check imagery; if real, map as generator:source=solar or power=generator + generator:source=solar", "imagery_note": "osm=73.03257,33.70640 | bing=https://www.bing.com/maps?cp=33.70640~73.03257&lvl=19&style=a | google=https://www.google.com/maps/@33.70640,73.03257,200m/data=!3m1!1e3" }, "geometry": { "type": "Polygon", "coordinates": [ [ [ 73.032632500142697, 33.706392410919101 ], [ 73.032579288314395, 33.706452950550101 ], [ 73.032513610997199, 33.706412626902697 ], [ 73.032566822843407, 33.706352087300203 ], [ 73.032632500142697, 33.706392410919101 ] ] ] } },
{ "type": "Feature", "properties": { "lead_id": "pakistan-small-pv-sppi-0011", "cell": "0135_0087", "roof_area_m2": 27.0047, "est_kwp": 4.86, "p_roofclf": 0.9881, "sppi": 0.1412, "fixme": "Possible small rooftop PV (27 m2 roof, SPPI=0.141 alone -- roofclf p=0.99 shown for reference only, not used to filter this population -- not near any existing OSM solar feature; kWp estimate is UNCALIBRATED, no measured precision weight exists for SPPI alone) -- check imagery; if real, map as generator:source=solar or power=generator + generator:source=solar", "imagery_note": "osm=74.35462,32.44314 | bing=https://www.bing.com/maps?cp=32.44314~74.35462&lvl=19&style=a | google=https://www.google.com/maps/@32.44314,74.35462,200m/data=!3m1!1e3" }, "geometry": { "type": "Polygon", "coordinates": [ [ [ 74.354658741183499, 32.443128751117001 ], [ 74.354657044200806, 32.443163781875 ], [ 74.354583290765106, 32.44316121278181 ], [ 74.354584987776306, 32.443126182024891 ], [ 74.354658741183499, 32.443128751117001 ] ] ] } },
{ "type": "Feature", "properties": { "lead_id": "pakistan-small-pv-sppi-0012", "cell": "0119_0100", "roof_area_m2": 70.1234, "est_kwp": 12.62, "p_roofclf": 0.9986, "sppi": 0.1411, "fixme": "Possible small rooftop PV (70 m2 roof, SPPI=0.141 alone -- roofclf p=1.00 shown for reference only, not used to filter this population -- not near any existing OSM solar feature; kWp estimate is UNCALIBRATED, no measured precision weight exists for SPPI alone) -- check imagery; if real, map as generator:source=solar or power=generator + generator:source=solar", "imagery_note": "osm=72.74314,33.75653 | bing=https://www.bing.com/maps?cp=33.75653~72.74314&lvl=19&style=a | google=https://www.google.com/maps/@33.75653,72.74314,200m/data=!3m1!1e3" }, "geometry": { "type": "Polygon", "coordinates": [ [ [ 72.743189915372398, 33.756570176895501 ], [ 72.743116650301204, 33.756583841075098 ], [ 72.743092943424401, 33.756495155703107 ], [ 72.743166208422295, 33.756481491534501 ], [ 72.743189915372398, 33.756570176895501 ] ] ] } },
{ "type": "Feature", "properties": { "lead_id": "pakistan-small-pv-sppi-0013", "cell": "0135_0087", "roof_area_m2": 227.8642, "est_kwp": 41.02, "p_roofclf": 0.9912, "sppi": 0.1406, "fixme": "Possible small rooftop PV (228 m2 roof, SPPI=0.141 alone -- roofclf p=0.99 shown for reference only, not used to filter this population -- not near any existing OSM solar feature; kWp estimate is UNCALIBRATED, no measured precision weight exists for SPPI alone) -- check imagery; if real, map as generator:source=solar or power=generator + generator:source=solar", "imagery_note": "osm=74.35275,32.44488 | bing=https://www.bing.com/maps?cp=32.44488~74.35275&lvl=19&style=a | google=https://www.google.com/maps/@32.44488,74.35275,200m/data=!3m1!1e3" }, "geometry": { "type": "Polygon", "coordinates": [ [ [ 74.352945423693498, 32.444899029723402 ], [ 74.352558063884402, 32.444920186297807 ], [ 74.352553799398606, 32.444864043089403 ], [ 74.352941158968406, 32.444842886525109 ], [ 74.352945423693498, 32.444899029723402 ] ] ] } },
{ "type": "Feature", "properties": { "lead_id": "pakistan-small-pv-sppi-0014", "cell": "0118_0083", "roof_area_m2": 63.0259, "est_kwp": 11.34, "p_roofclf": 0.9782, "sppi": 0.1399, "fixme": "Possible small rooftop PV (63 m2 roof, SPPI=0.140 alone -- roofclf p=0.98 shown for reference only, not used to filter this population -- not near any existing OSM solar feature; kWp estimate is UNCALIBRATED, no measured precision weight exists for SPPI alone) -- check imagery; if real, map as generator:source=solar or power=generator + generator:source=solar", "imagery_note": "osm=72.68659,32.06897 | bing=https://www.bing.com/maps?cp=32.06897~72.68659&lvl=19&style=a | google=https://www.google.com/maps/@32.06897,72.68659,200m/data=!3m1!1e3" }, "geometry": { "type": "Polygon", "coordinates": [ [ [ 72.686651685129107, 32.068974978887105 ], [ 72.686575181136405, 32.069022978030098 ], [ 72.686531084843907, 32.068972017585303 ], [ 72.6866075888137, 32.068924018467804 ], [ 72.686651685129107, 32.068974978887105 ] ] ] } },
{ "type": "Feature", "properties": { "lead_id": "pakistan-small-pv-sppi-0015", "cell": "0121_0099", "roof_area_m2": 301.8724, "est_kwp": 54.34, "p_roofclf": 0.9981, "sppi": 0.1394, "fixme": "Possible small rooftop PV (302 m2 roof, SPPI=0.139 alone -- roofclf p=1.00 shown for reference only, not used to filter this population -- not near any existing OSM solar feature; kWp estimate is UNCALIBRATED, no measured precision weight exists for SPPI alone) -- check imagery; if real, map as generator:source=solar or power=generator + generator:source=solar", "imagery_note": "osm=72.98234,33.62489 | bing=https://www.bing.com/maps?cp=33.62489~72.98234&lvl=19&style=a | google=https://www.google.com/maps/@33.62489,72.98234,200m/data=!3m1!1e3" }, "geometry": { "type": "Polygon", "coordinates": [ [ [ 72.982182465753695, 33.624915556841401 ], [ 72.982230940667193, 33.624922382853399 ], [ 72.982249449083312, 33.624830395843503 ], [ 72.982456994101199, 33.624859621134199 ], [ 72.982431081708697, 33.62498840744 ], [ 72.982175061461007, 33.624952356085593 ], [ 72.982182465753695, 33.624915556841401 ] ] ] } },
{ "type": "Feature", "properties": { "lead_id": "pakistan-small-pv-sppi-0016", "cell": "0134_0078", "roof_area_m2": 14.9665, "est_kwp": 2.69, "p_roofclf": 0.986, "sppi": 0.1368, "fixme": "Possible small rooftop PV (15 m2 roof, SPPI=0.137 alone -- roofclf p=0.99 shown for reference only, not used to filter this population -- not near any existing OSM solar feature; kWp estimate is UNCALIBRATED, no measured precision weight exists for SPPI alone) -- check imagery; if real, map as generator:source=solar or power=generator + generator:source=solar", "imagery_note": "osm=74.28639,31.59181 | bing=https://www.bing.com/maps?cp=31.59181~74.28639&lvl=19&style=a | google=https://www.google.com/maps/@31.59181,74.28639,200m/data=!3m1!1e3" }, "geometry": { "type": "Polygon", "coordinates": [ [ [ 74.286407816006403, 31.591783566115105 ], [ 74.286408788501504, 31.591833779936405 ], [ 74.286380496194298, 31.5918341813972 ], [ 74.286379523714501, 31.5917839675759 ], [ 74.286407816006403, 31.591783566115105 ] ] ] } },
{ "type": "Feature", "properties": { "lead_id": "pakistan-small-pv-sppi-0017", "cell": "0219_0117", "roof_area_m2": 14.9665, "est_kwp": 2.69, "p_roofclf": 0.986, "sppi": 0.1368, "fixme": "Possible small rooftop PV (15 m2 roof, SPPI=0.137 alone -- roofclf p=0.99 shown for reference only, not used to filter this population -- not near any existing OSM solar feature; kWp estimate is UNCALIBRATED, no measured precision weight exists for SPPI alone) -- check imagery; if real, map as generator:source=solar or power=generator + generator:source=solar", "imagery_note": "osm=74.28639,31.59181 | bing=https://www.bing.com/maps?cp=31.59181~74.28639&lvl=19&style=a | google=https://www.google.com/maps/@31.59181,74.28639,200m/data=!3m1!1e3" }, "geometry": { "type": "Polygon", "coordinates": [ [ [ 74.286407816006403, 31.591783566115105 ], [ 74.286408788501504, 31.591833779936405 ], [ 74.286380496194298, 31.5918341813972 ], [ 74.286379523714501, 31.5917839675759 ], [ 74.286407816006403, 31.591783566115105 ] ] ] } },
{ "type": "Feature", "properties": { "lead_id": "pakistan-small-pv-sppi-0018", "cell": "0119_0100", "roof_area_m2": 222.946, "est_kwp": 40.13, "p_roofclf": 0.9984, "sppi": 0.136, "fixme": "Possible small rooftop PV (223 m2 roof, SPPI=0.136 alone -- roofclf p=1.00 shown for reference only, not used to filter this population -- not near any existing OSM solar feature; kWp estimate is UNCALIBRATED, no measured precision weight exists for SPPI alone) -- check imagery; if real, map as generator:source=solar or power=generator + generator:source=solar", "imagery_note": "osm=72.78708,33.74262 | bing=https://www.bing.com/maps?cp=33.74262~72.78708&lvl=19&style=a | google=https://www.google.com/maps/@33.74262,72.78708,200m/data=!3m1!1e3" }, "geometry": { "type": "Polygon", "coordinates": [ [ [ 72.787206217466505, 33.742648128663902 ], [ 72.786969206441995, 33.742672475756997 ], [ 72.786955940817094, 33.742582347909099 ], [ 72.787192951594307, 33.742558000831302 ], [ 72.787206217466505, 33.742648128663902 ] ] ] } },
{ "type": "Feature", "properties": { "lead_id": "pakistan-small-pv-sppi-0019", "cell": "0136_0088", "roof_area_m2": 73.6573, "est_kwp": 13.26, "p_roofclf": 0.9888, "sppi": 0.1348, "fixme": "Possible small rooftop PV (74 m2 roof, SPPI=0.135 alone -- roofclf p=0.99 shown for reference only, not used to filter this population -- not near any existing OSM solar feature; kWp estimate is UNCALIBRATED, no measured precision weight exists for SPPI alone) -- check imagery; if real, map as generator:source=solar or power=generator + generator:source=solar", "imagery_note": "osm=74.49478,32.51721 | bing=https://www.bing.com/maps?cp=32.51721~74.49478&lvl=19&style=a | google=https://www.google.com/maps/@32.51721,74.49478,200m/data=!3m1!1e3" }, "geometry": { "type": "Polygon", "coordinates": [ [ [ 74.494846575821398, 32.517233077382997 ], [ 74.494788969144096, 32.5172658847506 ], [ 74.4947219543659, 32.5171814119701 ], [ 74.494779561012606, 32.51714860463251 ], [ 74.494846575821398, 32.517233077382997 ] ] ] } },
{ "type": "Feature", "properties": { "lead_id": "pakistan-small-pv-sppi-0020", "cell": "0062_0011", "roof_area_m2": 183.8974, "est_kwp": 33.1, "p_roofclf": 0.9997, "sppi": 0.1342, "fixme": "Possible small rooftop PV (184 m2 roof, SPPI=0.134 alone -- roofclf p=1.00 shown for reference only, not used to filter this population -- not near any existing OSM solar feature; kWp estimate is UNCALIBRATED, no measured precision weight exists for SPPI alone) -- check imagery; if real, map as generator:source=solar or power=generator + generator:source=solar", "imagery_note": "osm=67.06274,24.85956 | bing=https://www.bing.com/maps?cp=24.85956~67.06274&lvl=19&style=a | google=https://www.google.com/maps/@24.85956,67.06274,200m/data=!3m1!1e3" }, "geometry": { "type": "Polygon", "coordinates": [ [ [ 67.062853528939698, 24.859543334580096 ], [ 67.062832425059312, 24.859619164676602 ], [ 67.062629349894294, 24.859572118337798 ], [ 67.062650453886604, 24.859496288276699 ], [ 67.062853528939698, 24.859543334580096 ] ] ] } },
{ "type": "Feature", "properties": { "lead_id": "pakistan-small-pv-sppi-0021", "cell": "0119_0100", "roof_area_m2": 39.4792, "est_kwp": 7.11, "p_roofclf": 0.9969, "sppi": 0.1329, "fixme": "Possible small rooftop PV (39 m2 roof, SPPI=0.133 alone -- roofclf p=1.00 shown for reference only, not used to filter this population -- not near any existing OSM solar feature; kWp estimate is UNCALIBRATED, no measured precision weight exists for SPPI alone) -- check imagery; if real, map as generator:source=solar or power=generator + generator:source=solar", "imagery_note": "osm=72.74289,33.75649 | bing=https://www.bing.com/maps?cp=33.75649~72.74289&lvl=19&style=a | google=https://www.google.com/maps/@33.75649,72.74289,200m/data=!3m1!1e3" }, "geometry": { "type": "Polygon", "coordinates": [ [ [ 72.742932299454594, 33.756508774708806 ], [ 72.7428590590293, 33.756522434143399 ], [ 72.742845707800498, 33.756472487757101 ], [ 72.742918948184197, 33.756458828328697 ], [ 72.742932299454594, 33.756508774708806 ] ] ] } },
{ "type": "Feature", "properties": { "lead_id": "pakistan-small-pv-sppi-0022", "cell": "0133_0077", "roof_area_m2": 56.6245, "est_kwp": 10.19, "p_roofclf": 0.9929, "sppi": 0.1322, "fixme": "Possible small rooftop PV (57 m2 roof, SPPI=0.132 alone -- roofclf p=0.99 shown for reference only, not used to filter this population -- not near any existing OSM solar feature; kWp estimate is UNCALIBRATED, no measured precision weight exists for SPPI alone) -- check imagery; if real, map as generator:source=solar or power=generator + generator:source=solar", "imagery_note": "osm=74.23351,31.41919 | bing=https://www.bing.com/maps?cp=31.41919~74.23351&lvl=19&style=a | google=https://www.google.com/maps/@31.41919,74.23351,200m/data=!3m1!1e3" }, "geometry": { "type": "Polygon", "coordinates": [ [ [ 74.233559024006695, 31.419161667837201 ], [ 74.233559805763704, 31.419219170240204 ], [ 74.233466491508395, 31.419220103177004 ], [ 74.233465709808002, 31.419162600772999 ], [ 74.233559024006695, 31.419161667837201 ] ] ] } },
{ "type": "Feature", "properties": { "lead_id": "pakistan-small-pv-sppi-0023", "cell": "0207_0116", "roof_area_m2": 130.9979, "est_kwp": 23.58, "p_roofclf": 0.988, "sppi": 0.1319, "fixme": "Possible small rooftop PV (131 m2 roof, SPPI=0.132 alone -- roofclf p=0.99 shown for reference only, not used to filter this population -- not near any existing OSM solar feature; kWp estimate is UNCALIBRATED, no measured precision weight exists for SPPI alone) -- check imagery; if real, map as generator:source=solar or power=generator + generator:source=solar", "imagery_note": "osm=73.09518,31.49841 | bing=https://www.bing.com/maps?cp=31.49841~73.09518&lvl=19&style=a | google=https://www.google.com/maps/@31.49841,73.09518,200m/data=!3m1!1e3" }, "geometry": { "type": "Polygon", "coordinates": [ [ [ 73.095272959473604, 31.498355546196695 ], [ 73.095148282751495, 31.498499301379503 ], [ 73.095092597273094, 31.498463844869001 ], [ 73.095217274027604, 31.4983200897411 ], [ 73.095272959473604, 31.498355546196695 ] ] ] } },
{ "type": "Feature", "properties": { "lead_id": "pakistan-small-pv-sppi-0024", "cell": "0118_0083", "roof_area_m2": 384.6872, "est_kwp": 69.24, "p_roofclf": 0.9943, "sppi": 0.1314, "fixme": "Possible small rooftop PV (385 m2 roof, SPPI=0.131 alone -- roofclf p=0.99 shown for reference only, not used to filter this population -- not near any existing OSM solar feature; kWp estimate is UNCALIBRATED, no measured precision weight exists for SPPI alone) -- check imagery; if real, map as generator:source=solar or power=generator + generator:source=solar", "imagery_note": "osm=72.72458,32.04583 | bing=https://www.bing.com/maps?cp=32.04583~72.72458&lvl=19&style=a | google=https://www.google.com/maps/@32.04583,72.72458,200m/data=!3m1!1e3" }, "geometry": { "type": "Polygon", "coordinates": [ [ [ 72.724757396275606, 32.045915914137801 ], [ 72.724667105720101, 32.045974809035002 ], [ 72.724575547640697, 32.0458729819848 ], [ 72.724543879679103, 32.045893638379404 ], [ 72.724441089153601, 32.045779318690997 ], [ 72.724563047547093, 32.04569976755721 ], [ 72.724757396275606, 32.045915914137801 ] ] ] } },
{ "type": "Feature", "properties": { "lead_id": "pakistan-small-pv-sppi-0025", "cell": "0133_0077", "roof_area_m2": 64.692, "est_kwp": 11.64, "p_roofclf": 0.9295, "sppi": 0.1298, "fixme": "Possible small rooftop PV (65 m2 roof, SPPI=0.130 alone -- roofclf p=0.93 shown for reference only, not used to filter this population -- not near any existing OSM solar feature; kWp estimate is UNCALIBRATED, no measured precision weight exists for SPPI alone) -- check imagery; if real, map as generator:source=solar or power=generator + generator:source=solar", "imagery_note": "osm=74.23576,31.46538 | bing=https://www.bing.com/maps?cp=31.46538~74.23576&lvl=19&style=a | google=https://www.google.com/maps/@31.46538,74.23576,200m/data=!3m1!1e3" }, "geometry": { "type": "Polygon", "coordinates": [ [ [ 74.235822986732202, 31.465363919470107 ], [ 74.235743163447793, 31.465431652620804 ], [ 74.235698338468794, 31.465392842042704 ], [ 74.235778161750105, 31.465325108918492 ], [ 74.235822986732202, 31.465363919470107 ] ] ] } },
{ "type": "Feature", "properties": { "lead_id": "pakistan-small-pv-sppi-0026", "cell": "0118_0083", "roof_area_m2": 65.0432, "est_kwp": 11.71, "p_roofclf": 0.9243, "sppi": 0.1297, "fixme": "Possible small rooftop PV (65 m2 roof, SPPI=0.130 alone -- roofclf p=0.92 shown for reference only, not used to filter this population -- not near any existing OSM solar feature; kWp estimate is UNCALIBRATED, no measured precision weight exists for SPPI alone) -- check imagery; if real, map as generator:source=solar or power=generator + generator:source=solar", "imagery_note": "osm=72.68663,32.06914 | bing=https://www.bing.com/maps?cp=32.06914~72.68663&lvl=19&style=a | google=https://www.google.com/maps/@32.06914,72.68663,200m/data=!3m1!1e3" }, "geometry": { "type": "Polygon", "coordinates": [ [ [ 72.686699322402006, 32.069122110804301 ], [ 72.6865932786001, 32.069188643345896 ], [ 72.686560447491601, 32.069150701736703 ], [ 72.686666491269804, 32.069084169221398 ], [ 72.686699322402006, 32.069122110804301 ] ] ] } },
{ "type": "Feature", "properties": { "lead_id": "pakistan-small-pv-sppi-0027", "cell": "0135_0077", "roof_area_m2": 153.162, "est_kwp": 27.57, "p_roofclf": 0.9862, "sppi": 0.1296, "fixme": "Possible small rooftop PV (153 m2 roof, SPPI=0.130 alone -- roofclf p=0.99 shown for reference only, not used to filter this population -- not near any existing OSM solar feature; kWp estimate is UNCALIBRATED, no measured precision weight exists for SPPI alone) -- check imagery; if real, map as generator:source=solar or power=generator + generator:source=solar", "imagery_note": "osm=74.36550,31.48703 | bing=https://www.bing.com/maps?cp=31.48703~74.36550&lvl=19&style=a | google=https://www.google.com/maps/@31.48703,74.36550,200m/data=!3m1!1e3" }, "geometry": { "type": "Polygon", "coordinates": [ [ [ 74.365416301750301, 31.487104452612403 ], [ 74.365384791150007, 31.487063214463099 ], [ 74.365518408179099, 31.486988239186999 ], [ 74.365506139782696, 31.486972183466605 ], [ 74.365587421017096, 31.486926574761103 ], [ 74.365631200077402, 31.486983868571603 ], [ 74.365416301750301, 31.487104452612403 ] ] ] } },
{ "type": "Feature", "properties": { "lead_id": "pakistan-small-pv-sppi-0028", "cell": "0133_0084", "roof_area_m2": 34.2147, "est_kwp": 6.16, "p_roofclf": 0.9386, "sppi": 0.1292, "fixme": "Possible small rooftop PV (34 m2 roof, SPPI=0.129 alone -- roofclf p=0.94 shown for reference only, not used to filter this population -- not near any existing OSM solar feature; kWp estimate is UNCALIBRATED, no measured precision weight exists for SPPI alone) -- check imagery; if real, map as generator:source=solar or power=generator + generator:source=solar", "imagery_note": "osm=74.20813,32.20218 | bing=https://www.bing.com/maps?cp=32.20218~74.20813&lvl=19&style=a | google=https://www.google.com/maps/@32.20218,74.20813,200m/data=!3m1!1e3" }, "geometry": { "type": "Polygon", "coordinates": [ [ [ 74.208166136639505, 32.202155551711407 ], [ 74.208165179267297, 32.2021964421983 ], [ 74.208085234958702, 32.202195089023597 ], [ 74.208086192366594, 32.202154198537798 ], [ 74.208166136639505, 32.202155551711407 ] ] ] } },
{ "type": "Feature", "properties": { "lead_id": "pakistan-small-pv-sppi-0029", "cell": "0114_0075", "roof_area_m2": 336.4732, "est_kwp": 60.57, "p_roofclf": 0.9999, "sppi": 0.1292, "fixme": "Possible small rooftop PV (336 m2 roof, SPPI=0.129 alone -- roofclf p=1.00 shown for reference only, not used to filter this population -- not near any existing OSM solar feature; kWp estimate is UNCALIBRATED, no measured precision weight exists for SPPI alone) -- check imagery; if real, map as generator:source=solar or power=generator + generator:source=solar", "imagery_note": "osm=72.32828,31.22602 | bing=https://www.bing.com/maps?cp=31.22602~72.32828&lvl=19&style=a | google=https://www.google.com/maps/@31.22602,72.32828,200m/data=!3m1!1e3" }, "geometry": { "type": "Polygon", "coordinates": [ [ [ 72.328389467904913, 31.225962330392601 ], [ 72.3283617580297, 31.2260843407572 ], [ 72.328341218034197, 31.2260808958954 ], [ 72.328328656984993, 31.226136203733507 ], [ 72.328169904347305, 31.226109578441296 ], [ 72.328210175574199, 31.225932260310397 ], [ 72.328389467904913, 31.225962330392601 ] ] ] } },
{ "type": "Feature", "properties": { "lead_id": "pakistan-small-pv-sppi-0030", "cell": "0137_0087", "roof_area_m2": 32.323, "est_kwp": 5.82, "p_roofclf": 0.9974, "sppi": 0.1288, "fixme": "Possible small rooftop PV (32 m2 roof, SPPI=0.129 alone -- roofclf p=1.00 shown for reference only, not used to filter this population -- not near any existing OSM solar feature; kWp estimate is UNCALIBRATED, no measured precision weight exists for SPPI alone) -- check imagery; if real, map as generator:source=solar or power=generator + generator:source=solar", "imagery_note": "osm=74.55988,32.46658 | bing=https://www.bing.com/maps?cp=32.46658~74.55988&lvl=19&style=a | google=https://www.google.com/maps/@32.46658,74.55988,200m/data=!3m1!1e3" }, "geometry": { "type": "Polygon", "coordinates": [ [ [ 74.559818411778494, 32.466567981028099 ], [ 74.559942851310794, 32.4665710985646 ], [ 74.559941984111603, 32.466595976380901 ], [ 74.559817544544799, 32.4665928588432 ], [ 74.559818411778494, 32.466567981028099 ] ] ] } },
{ "type": "Feature", "properties": { "lead_id": "pakistan-small-pv-sppi-0031", "cell": "0219_0116", "roof_area_m2": 153.162, "est_kwp": 27.57, "p_roofclf": 0.9864, "sppi": 0.1287, "fixme": "Possible small rooftop PV (153 m2 roof, SPPI=0.129 alone -- roofclf p=0.99 shown for reference only, not used to filter this population -- not near any existing OSM solar feature; kWp estimate is UNCALIBRATED, no measured precision weight exists for SPPI alone) -- check imagery; if real, map as generator:source=solar or power=generator + generator:source=solar", "imagery_note": "osm=74.36550,31.48703 | bing=https://www.bing.com/maps?cp=31.48703~74.36550&lvl=19&style=a | google=https://www.google.com/maps/@31.48703,74.36550,200m/data=!3m1!1e3" }, "geometry": { "type": "Polygon", "coordinates": [ [ [ 74.365416301750301, 31.487104452612403 ], [ 74.365384791150007, 31.487063214463099 ], [ 74.365518408179099, 31.486988239186999 ], [ 74.365506139782696, 31.486972183466605 ], [ 74.365587421017096, 31.486926574761103 ], [ 74.365631200077402, 31.486983868571603 ], [ 74.365416301750301, 31.487104452612403 ] ] ] } },
{ "type": "Feature", "properties": { "lead_id": "pakistan-small-pv-sppi-0032", "cell": "0118_0083", "roof_area_m2": 76.9129, "est_kwp": 13.84, "p_roofclf": 0.8957, "sppi": 0.1286, "fixme": "Possible small rooftop PV (77 m2 roof, SPPI=0.129 alone -- roofclf p=0.90 shown for reference only, not used to filter this population -- not near any existing OSM solar feature; kWp estimate is UNCALIBRATED, no measured precision weight exists for SPPI alone) -- check imagery; if real, map as generator:source=solar or power=generator + generator:source=solar", "imagery_note": "osm=72.68657,32.06910 | bing=https://www.bing.com/maps?cp=32.06910~72.68657&lvl=19&style=a | google=https://www.google.com/maps/@32.06910,72.68657,200m/data=!3m1!1e3" }, "geometry": { "type": "Polygon", "coordinates": [ [ [ 72.6866416283018, 32.069099768416898 ], [ 72.686552260194603, 32.06915583848901 ], [ 72.686506193710201, 32.069102601210901 ], [ 72.686595561790696, 32.069046531170805 ], [ 72.6866416283018, 32.069099768416898 ] ] ] } },
{ "type": "Feature", "properties": { "lead_id": "pakistan-small-pv-sppi-0033", "cell": "0133_0077", "roof_area_m2": 164.8842, "est_kwp": 29.68, "p_roofclf": 0.9581, "sppi": 0.1282, "fixme": "Possible small rooftop PV (165 m2 roof, SPPI=0.128 alone -- roofclf p=0.96 shown for reference only, not used to filter this population -- not near any existing OSM solar feature; kWp estimate is UNCALIBRATED, no measured precision weight exists for SPPI alone) -- check imagery; if real, map as generator:source=solar or power=generator + generator:source=solar", "imagery_note": "osm=74.23591,31.46542 | bing=https://www.bing.com/maps?cp=31.46542~74.23591&lvl=19&style=a | google=https://www.google.com/maps/@31.46542,74.23591,200m/data=!3m1!1e3" }, "geometry": { "type": "Polygon", "coordinates": [ [ [ 74.236001452200199, 31.465439324460707 ], [ 74.235930415879906, 31.465499601684101 ], [ 74.235822105594707, 31.465405824259303 ], [ 74.235833755733196, 31.465395938657402 ], [ 74.235809748500799, 31.465375152633001 ], [ 74.235869134677699, 31.465324761081309 ], [ 74.236001452200199, 31.465439324460707 ] ] ] } },
{ "type": "Feature", "properties": { "lead_id": "pakistan-small-pv-sppi-0034", "cell": "0134_0078", "roof_area_m2": 246.3187, "est_kwp": 44.34, "p_roofclf": 0.9582, "sppi": 0.1282, "fixme": "Possible small rooftop PV (246 m2 roof, SPPI=0.128 alone -- roofclf p=0.96 shown for reference only, not used to filter this population -- not near any existing OSM solar feature; kWp estimate is UNCALIBRATED, no measured precision weight exists for SPPI alone) -- check imagery; if real, map as generator:source=solar or power=generator + generator:source=solar", "imagery_note": "osm=74.27883,31.60843 | bing=https://www.bing.com/maps?cp=31.60843~74.27883&lvl=19&style=a | google=https://www.google.com/maps/@31.60843,74.27883,200m/data=!3m1!1e3" }, "geometry": { "type": "Polygon", "coordinates": [ [ [ 74.278859736344799, 31.608272354781096 ], [ 74.278865035234702, 31.608498070601801 ], [ 74.278803236388001, 31.608499133164695 ], [ 74.278799789614894, 31.608352307527703 ], [ 74.278680212533303, 31.608354363441507 ], [ 74.2786783606673, 31.608275473257006 ], [ 74.278859736344799, 31.608272354781096 ] ] ] } },
{ "type": "Feature", "properties": { "lead_id": "pakistan-small-pv-sppi-0035", "cell": "0133_0084", "roof_area_m2": 45.0722, "est_kwp": 8.11, "p_roofclf": 0.9556, "sppi": 0.1267, "fixme": "Possible small rooftop PV (45 m2 roof, SPPI=0.127 alone -- roofclf p=0.96 shown for reference only, not used to filter this population -- not near any existing OSM solar feature; kWp estimate is UNCALIBRATED, no measured precision weight exists for SPPI alone) -- check imagery; if real, map as generator:source=solar or power=generator + generator:source=solar", "imagery_note": "osm=74.21746,32.15046 | bing=https://www.bing.com/maps?cp=32.15046~74.21746&lvl=19&style=a | google=https://www.google.com/maps/@32.15046,74.21746,200m/data=!3m1!1e3" }, "geometry": { "type": "Polygon", "coordinates": [ [ [ 74.217495585529306, 32.150431364477406 ], [ 74.217497491866894, 32.150485973680397 ], [ 74.217418717848702, 32.150487963937103 ], [ 74.217416811558095, 32.150433354733799 ], [ 74.217495585529306, 32.150431364477406 ] ] ] } },
{ "type": "Feature", "properties": { "lead_id": "pakistan-small-pv-sppi-0036", "cell": "0122_0077", "roof_area_m2": 41.393, "est_kwp": 7.45, "p_roofclf": 0.9529, "sppi": 0.1266, "fixme": "Possible small rooftop PV (41 m2 roof, SPPI=0.127 alone -- roofclf p=0.95 shown for reference only, not used to filter this population -- not near any existing OSM solar feature; kWp estimate is UNCALIBRATED, no measured precision weight exists for SPPI alone) -- check imagery; if real, map as generator:source=solar or power=generator + generator:source=solar", "imagery_note": "osm=73.05586,31.49932 | bing=https://www.bing.com/maps?cp=31.49932~73.05586&lvl=19&style=a | google=https://www.google.com/maps/@31.49932,73.05586,200m/data=!3m1!1e3" }, "geometry": { "type": "Polygon", "coordinates": [ [ [ 73.055898311085201, 31.4993393884018 ], [ 73.055847691427005, 31.499357548281601 ], [ 73.055815441702606, 31.499291552553707 ], [ 73.055866061330093, 31.4992733926853 ], [ 73.055898311085201, 31.4993393884018 ] ] ] } },
{ "type": "Feature", "properties": { "lead_id": "pakistan-small-pv-sppi-0037", "cell": "0135_0077", "roof_area_m2": 87.6006, "est_kwp": 15.77, "p_roofclf": 0.9628, "sppi": 0.1261, "fixme": "Possible small rooftop PV (88 m2 roof, SPPI=0.126 alone -- roofclf p=0.96 shown for reference only, not used to filter this population -- not near any existing OSM solar feature; kWp estimate is UNCALIBRATED, no measured precision weight exists for SPPI alone) -- check imagery; if real, map as generator:source=solar or power=generator + generator:source=solar", "imagery_note": "osm=74.36542,31.48699 | bing=https://www.bing.com/maps?cp=31.48699~74.36542&lvl=19&style=a | google=https://www.google.com/maps/@31.48699,74.36542,200m/data=!3m1!1e3" }, "geometry": { "type": "Polygon", "coordinates": [ [ [ 74.365506139782696, 31.486972183466605 ], [ 74.365385663556694, 31.487039785174002 ], [ 74.365397931940706, 31.487055840905501 ], [ 74.36536721641022, 31.487073075993202 ], [ 74.365343689473605, 31.487042286086005 ], [ 74.365361264209895, 31.487032424558901 ], [ 74.365343569687909, 31.487009267573296 ], [ 74.365477186671797, 31.4869342923391 ], [ 74.365506139782696, 31.486972183466605 ] ] ] } },
{ "type": "Feature", "properties": { "lead_id": "pakistan-small-pv-sppi-0038", "cell": "0135_0078", "roof_area_m2": 26.9991, "est_kwp": 4.86, "p_roofclf": 0.8823, "sppi": 0.1261, "fixme": "Possible small rooftop PV (27 m2 roof, SPPI=0.126 alone -- roofclf p=0.88 shown for reference only, not used to filter this population -- not near any existing OSM solar feature; kWp estimate is UNCALIBRATED, no measured precision weight exists for SPPI alone) -- check imagery; if real, map as generator:source=solar or power=generator + generator:source=solar", "imagery_note": "osm=74.36217,31.60782 | bing=https://www.bing.com/maps?cp=31.60782~74.36217&lvl=19&style=a | google=https://www.google.com/maps/@31.60782,74.36217,200m/data=!3m1!1e3" }, "geometry": { "type": "Polygon", "coordinates": [ [ [ 74.362194238424721, 31.607788361633403 ], [ 74.362182711764305, 31.607859141290696 ], [ 74.362147177170897, 31.607854902809301 ], [ 74.362158703857503, 31.607784123155501 ], [ 74.362194238424721, 31.607788361633403 ] ] ] } },
{ "type": "Feature", "properties": { "lead_id": "pakistan-small-pv-sppi-0039", "cell": "0061_0011", "roof_area_m2": 144.3984, "est_kwp": 25.99, "p_roofclf": 0.9551, "sppi": 0.1261, "fixme": "Possible small rooftop PV (144 m2 roof, SPPI=0.126 alone -- roofclf p=0.96 shown for reference only, not used to filter this population -- not near any existing OSM solar feature; kWp estimate is UNCALIBRATED, no measured precision weight exists for SPPI alone) -- check imagery; if real, map as generator:source=solar or power=generator + generator:source=solar", "imagery_note": "osm=66.99642,24.84504 | bing=https://www.bing.com/maps?cp=24.84504~66.99642&lvl=19&style=a | google=https://www.google.com/maps/@24.84504,66.99642,200m/data=!3m1!1e3" }, "geometry": { "type": "Polygon", "coordinates": [ [ [ 66.996419656789996, 24.8449247560985 ], [ 66.996481883263797, 24.845151144952901 ], [ 66.996428399731698, 24.845163385188499 ], [ 66.996366173353294, 24.844936996319401 ], [ 66.996419656789996, 24.8449247560985 ] ] ] } },
{ "type": "Feature", "properties": { "lead_id": "pakistan-small-pv-sppi-0040", "cell": "0073_0038", "roof_area_m2": 364.4913, "est_kwp": 65.61, "p_roofclf": 0.9991, "sppi": 0.126, "fixme": "Possible small rooftop PV (364 m2 roof, SPPI=0.126 alone -- roofclf p=1.00 shown for reference only, not used to filter this population -- not near any existing OSM solar feature; kWp estimate is UNCALIBRATED, no measured precision weight exists for SPPI alone) -- check imagery; if real, map as generator:source=solar or power=generator + generator:source=solar", "imagery_note": "osm=68.20036,27.56597 | bing=https://www.bing.com/maps?cp=27.56597~68.20036&lvl=19&style=a | google=https://www.google.com/maps/@27.56597,68.20036,200m/data=!3m1!1e3" }, "geometry": { "type": "Polygon", "coordinates": [ [ [ 68.200497272040096, 27.566068100948403 ], [ 68.200401143808705, 27.566124036098099 ], [ 68.200223444046898, 27.565881499107796 ], [ 68.200319572151599, 27.565825564077702 ], [ 68.200497272040096, 27.566068100948403 ] ] ] } },
{ "type": "Feature", "properties": { "lead_id": "pakistan-small-pv-sppi-0041", "cell": "0134_0079", "roof_area_m2": 257.2199, "est_kwp": 46.3, "p_roofclf": 0.9738, "sppi": 0.1256, "fixme": "Possible small rooftop PV (257 m2 roof, SPPI=0.126 alone -- roofclf p=0.97 shown for reference only, not used to filter this population -- not near any existing OSM solar feature; kWp estimate is UNCALIBRATED, no measured precision weight exists for SPPI alone) -- check imagery; if real, map as generator:source=solar or power=generator + generator:source=solar", "imagery_note": "osm=74.28794,31.61182 | bing=https://www.bing.com/maps?cp=31.61182~74.28794&lvl=19&style=a | google=https://www.google.com/maps/@31.61182,74.28794,200m/data=!3m1!1e3" }, "geometry": { "type": "Polygon", "coordinates": [ [ [ 74.2879705, 31.6116729 ], [ 74.2880026, 31.6119236 ], [ 74.2878986, 31.6119333 ], [ 74.2878701, 31.6117108 ], [ 74.2879388, 31.6117043 ], [ 74.2879352, 31.6116762 ], [ 74.2879705, 31.6116729 ] ] ] } },
{ "type": "Feature", "properties": { "lead_id": "pakistan-small-pv-sppi-0042", "cell": "0111_0104", "roof_area_m2": 117.7885, "est_kwp": 21.2, "p_roofclf": 0.9912, "sppi": 0.1255, "fixme": "Possible small rooftop PV (118 m2 roof, SPPI=0.126 alone -- roofclf p=0.99 shown for reference only, not used to filter this population -- not near any existing OSM solar feature; kWp estimate is UNCALIBRATED, no measured precision weight exists for SPPI alone) -- check imagery; if real, map as generator:source=solar or power=generator + generator:source=solar", "imagery_note": "osm=72.03447,34.12145 | bing=https://www.bing.com/maps?cp=34.12145~72.03447&lvl=19&style=a | google=https://www.google.com/maps/@34.12145,72.03447,200m/data=!3m1!1e3" }, "geometry": { "type": "Polygon", "coordinates": [ [ [ 72.034525302387806, 34.121403164260499 ], [ 72.034515593286301, 34.121510800385096 ], [ 72.0344092807332, 34.121504167307698 ], [ 72.034418989967307, 34.121396531197902 ], [ 72.034525302387806, 34.121403164260499 ] ] ] } },
{ "type": "Feature", "properties": { "lead_id": "pakistan-small-pv-sppi-0043", "cell": "0135_0078", "roof_area_m2": 35.9203, "est_kwp": 6.47, "p_roofclf": 0.7829, "sppi": 0.1251, "fixme": "Possible small rooftop PV (36 m2 roof, SPPI=0.125 alone -- roofclf p=0.78 shown for reference only, not used to filter this population -- not near any existing OSM solar feature; kWp estimate is UNCALIBRATED, no measured precision weight exists for SPPI alone) -- check imagery; if real, map as generator:source=solar or power=generator + generator:source=solar", "imagery_note": "osm=74.35622,31.52774 | bing=https://www.bing.com/maps?cp=31.52774~74.35622&lvl=19&style=a | google=https://www.google.com/maps/@31.52774,74.35622,200m/data=!3m1!1e3" }, "geometry": { "type": "Polygon", "coordinates": [ [ [ 74.356254663665496, 31.527757714872607 ], [ 74.3561954356516, 31.527774267002599 ], [ 74.356175625712197, 31.527722258620894 ], [ 74.356234853696705, 31.527705706499692 ], [ 74.356254663665496, 31.527757714872607 ] ] ] } },
{ "type": "Feature", "properties": { "lead_id": "pakistan-small-pv-sppi-0044", "cell": "0074_0016", "roof_area_m2": 46.6875, "est_kwp": 8.4, "p_roofclf": 0.9733, "sppi": 0.125, "fixme": "Possible small rooftop PV (47 m2 roof, SPPI=0.125 alone -- roofclf p=0.97 shown for reference only, not used to filter this population -- not near any existing OSM solar feature; kWp estimate is UNCALIBRATED, no measured precision weight exists for SPPI alone) -- check imagery; if real, map as generator:source=solar or power=generator + generator:source=solar", "imagery_note": "osm=68.28400,25.36056 | bing=https://www.bing.com/maps?cp=25.36056~68.28400&lvl=19&style=a | google=https://www.google.com/maps/@25.36056,68.28400,200m/data=!3m1!1e3" }, "geometry": { "type": "Polygon", "coordinates": [ [ [ 68.284047382563898, 25.360535934809 ], [ 68.284009503695401, 25.360602387933099 ], [ 68.283959921691405, 25.360579055806099 ], [ 68.283997800579002, 25.360512602694904 ], [ 68.284047382563898, 25.360535934809 ] ] ] } },
{ "type": "Feature", "properties": { "lead_id": "pakistan-small-pv-sppi-0045", "cell": "0219_0117", "roof_area_m2": 251.5794, "est_kwp": 45.28, "p_roofclf": 0.9976, "sppi": 0.1248, "fixme": "Possible small rooftop PV (252 m2 roof, SPPI=0.125 alone -- roofclf p=1.00 shown for reference only, not used to filter this population -- not near any existing OSM solar feature; kWp estimate is UNCALIBRATED, no measured precision weight exists for SPPI alone) -- check imagery; if real, map as generator:source=solar or power=generator + generator:source=solar", "imagery_note": "osm=74.35342,31.51197 | bing=https://www.bing.com/maps?cp=31.51197~74.35342&lvl=19&style=a | google=https://www.google.com/maps/@31.51197,74.35342,200m/data=!3m1!1e3" }, "geometry": { "type": "Polygon", "coordinates": [ [ [ 74.353490287766206, 31.511901852017399 ], [ 74.353492562009606, 31.511943012336403 ], [ 74.353552432112593, 31.511940584408702 ], [ 74.353555462443396, 31.511995428067497 ], [ 74.353281747847106, 31.512006527853302 ], [ 74.353276443526596, 31.511910523868902 ], [ 74.353490287766206, 31.511901852017399 ] ] ] } },
{ "type": "Feature", "properties": { "lead_id": "pakistan-small-pv-sppi-0046", "cell": "0134_0079", "roof_area_m2": 40.6197, "est_kwp": 7.31, "p_roofclf": 0.9795, "sppi": 0.1246, "fixme": "Possible small rooftop PV (41 m2 roof, SPPI=0.125 alone -- roofclf p=0.98 shown for reference only, not used to filter this population -- not near any existing OSM solar feature; kWp estimate is UNCALIBRATED, no measured precision weight exists for SPPI alone) -- check imagery; if real, map as generator:source=solar or power=generator + generator:source=solar", "imagery_note": "osm=74.25889,31.61000 | bing=https://www.bing.com/maps?cp=31.61000~74.25889&lvl=19&style=a | google=https://www.google.com/maps/@31.61000,74.25889,200m/data=!3m1!1e3" }, "geometry": { "type": "Polygon", "coordinates": [ [ [ 74.258939973373501, 31.609982845267499 ], [ 74.258937273089302, 31.610026013027195 ], [ 74.2588481665464, 31.6100219307198 ], [ 74.258850866871413, 31.609978762964602 ], [ 74.258939973373501, 31.609982845267499 ] ] ] } },
{ "type": "Feature", "properties": { "lead_id": "pakistan-small-pv-sppi-0047", "cell": "0134_0079", "roof_area_m2": 23.4233, "est_kwp": 4.22, "p_roofclf": 0.9708, "sppi": 0.1246, "fixme": "Possible small rooftop PV (23 m2 roof, SPPI=0.125 alone -- roofclf p=0.97 shown for reference only, not used to filter this population -- not near any existing OSM solar feature; kWp estimate is UNCALIBRATED, no measured precision weight exists for SPPI alone) -- check imagery; if real, map as generator:source=solar or power=generator + generator:source=solar", "imagery_note": "osm=74.25898,31.61001 | bing=https://www.bing.com/maps?cp=31.61001~74.25898&lvl=19&style=a | google=https://www.google.com/maps/@31.61001,74.25898,200m/data=!3m1!1e3" }, "geometry": { "type": "Polygon", "coordinates": [ [ [ 74.258956928942112, 31.610026913527701 ], [ 74.258959629217202, 31.609983745766993 ], [ 74.259011012282002, 31.609986099781501 ], [ 74.259008312030502, 31.610029267544899 ], [ 74.258956928942112, 31.610026913527701 ] ] ] } },
{ "type": "Feature", "properties": { "lead_id": "pakistan-small-pv-sppi-0048", "cell": "0135_0077", "roof_area_m2": 50.0391, "est_kwp": 9.01, "p_roofclf": 0.9751, "sppi": 0.1245, "fixme": "Possible small rooftop PV (50 m2 roof, SPPI=0.124 alone -- roofclf p=0.98 shown for reference only, not used to filter this population -- not near any existing OSM solar feature; kWp estimate is UNCALIBRATED, no measured precision weight exists for SPPI alone) -- check imagery; if real, map as generator:source=solar or power=generator + generator:source=solar", "imagery_note": "osm=74.36561,31.48702 | bing=https://www.bing.com/maps?cp=31.48702~74.36561&lvl=19&style=a | google=https://www.google.com/maps/@31.48702,74.36561,200m/data=!3m1!1e3" }, "geometry": { "type": "Polygon", "coordinates": [ [ [ 74.365666122888499, 31.487018793773 ], [ 74.365579077243396, 31.487067637040099 ], [ 74.365549918813898, 31.487029477303999 ], [ 74.365636964438195, 31.486980634056305 ], [ 74.365666122888499, 31.487018793773 ] ] ] } },
{ "type": "Feature", "properties": { "lead_id": "pakistan-small-pv-sppi-0049", "cell": "0135_0078", "roof_area_m2": 73.8593, "est_kwp": 13.29, "p_roofclf": 0.9911, "sppi": 0.1245, "fixme": "Possible small rooftop PV (74 m2 roof, SPPI=0.124 alone -- roofclf p=0.99 shown for reference only, not used to filter this population -- not near any existing OSM solar feature; kWp estimate is UNCALIBRATED, no measured precision weight exists for SPPI alone) -- check imagery; if real, map as generator:source=solar or power=generator + generator:source=solar", "imagery_note": "osm=74.41337,31.54804 | bing=https://www.bing.com/maps?cp=31.54804~74.41337&lvl=19&style=a | google=https://www.google.com/maps/@31.54804,74.41337,200m/data=!3m1!1e3" }, "geometry": { "type": "Polygon", "coordinates": [ [ [ 74.413428733925102, 31.548063943357903 ], [ 74.413337242734698, 31.548086931691998 ], [ 74.413313074209995, 31.548016389591595 ], [ 74.413404565336904, 31.547993401273811 ], [ 74.413428733925102, 31.548063943357903 ] ] ] } },
{ "type": "Feature", "properties": { "lead_id": "pakistan-small-pv-sppi-0050", "cell": "0111_0104", "roof_area_m2": 78.4217, "est_kwp": 14.12, "p_roofclf": 0.9862, "sppi": 0.1244, "fixme": "Possible small rooftop PV (78 m2 roof, SPPI=0.124 alone -- roofclf p=0.99 shown for reference only, not used to filter this population -- not near any existing OSM solar feature; kWp estimate is UNCALIBRATED, no measured precision weight exists for SPPI alone) -- check imagery; if real, map as generator:source=solar or power=generator + generator:source=solar", "imagery_note": "osm=72.02698,34.12782 | bing=https://www.bing.com/maps?cp=34.12782~72.02698&lvl=19&style=a | google=https://www.google.com/maps/@34.12782,72.02698,200m/data=!3m1!1e3" }, "geometry": { "type": "Polygon", "coordinates": [ [ [ 72.027059230879104, 34.1278280028571 ], [ 72.026927411219305, 34.127863199065999 ], [ 72.026907067440604, 34.127810505560902 ], [ 72.027038887023807, 34.127775309371103 ], [ 72.027059230879104, 34.1278280028571 ] ] ] } },
{ "type": "Feature", "properties": { "lead_id": "pakistan-small-pv-sppi-0051", "cell": "0111_0104", "roof_area_m2": 68.0473, "est_kwp": 12.25, "p_roofclf": 0.9836, "sppi": 0.1244, "fixme": "Possible small rooftop PV (68 m2 roof, SPPI=0.124 alone -- roofclf p=0.98 shown for reference only, not used to filter this population -- not near any existing OSM solar feature; kWp estimate is UNCALIBRATED, no measured precision weight exists for SPPI alone) -- check imagery; if real, map as generator:source=solar or power=generator + generator:source=solar", "imagery_note": "osm=72.02698,34.12777 | bing=https://www.bing.com/maps?cp=34.12777~72.02698&lvl=19&style=a | google=https://www.google.com/maps/@34.12777,72.02698,200m/data=!3m1!1e3" }, "geometry": { "type": "Polygon", "coordinates": [ [ [ 72.027040925675408, 34.127726787397499 ], [ 72.027057837466202, 34.127773043942398 ], [ 72.026927081197996, 34.127806105156203 ], [ 72.026910084278896, 34.127759615570199 ], [ 72.027040925675408, 34.127726787397499 ] ] ] } },
{ "type": "Feature", "properties": { "lead_id": "pakistan-small-pv-sppi-0052", "cell": "0136_0078", "roof_area_m2": 163.0631, "est_kwp": 29.35, "p_roofclf": 0.9935, "sppi": 0.1244, "fixme": "Possible small rooftop PV (163 m2 roof, SPPI=0.124 alone -- roofclf p=0.99 shown for reference only, not used to filter this population -- not near any existing OSM solar feature; kWp estimate is UNCALIBRATED, no measured precision weight exists for SPPI alone) -- check imagery; if real, map as generator:source=solar or power=generator + generator:source=solar", "imagery_note": "osm=74.46875,31.59606 | bing=https://www.bing.com/maps?cp=31.59606~74.46875&lvl=19&style=a | google=https://www.google.com/maps/@31.59606,74.46875,200m/data=!3m1!1e3" }, "geometry": { "type": "Polygon", "coordinates": [ [ [ 74.468788615168194, 31.5959393695899 ], [ 74.468782507436401, 31.596172103391702 ], [ 74.468716012643299, 31.596170824927704 ], [ 74.468722120540306, 31.5959380911309 ], [ 74.468788615168194, 31.5959393695899 ] ] ] } },
{ "type": "Feature", "properties": { "lead_id": "pakistan-small-pv-sppi-0053", "cell": "0122_0076", "roof_area_m2": 263.7714, "est_kwp": 47.48, "p_roofclf": 0.9932, "sppi": 0.124, "fixme": "Possible small rooftop PV (264 m2 roof, SPPI=0.124 alone -- roofclf p=0.99 shown for reference only, not used to filter this population -- not near any existing OSM solar feature; kWp estimate is UNCALIBRATED, no measured precision weight exists for SPPI alone) -- check imagery; if real, map as generator:source=solar or power=generator + generator:source=solar", "imagery_note": "osm=73.08055,31.36873 | bing=https://www.bing.com/maps?cp=31.36873~73.08055&lvl=19&style=a | google=https://www.google.com/maps/@31.36873,73.08055,200m/data=!3m1!1e3" }, "geometry": { "type": "Polygon", "coordinates": [ [ [ 73.080680028203602, 31.368789899325701 ], [ 73.080600314498014, 31.368851159062302 ], [ 73.080418769142796, 31.368677239444196 ], [ 73.080498482807513, 31.368615979816703 ], [ 73.080680028203602, 31.368789899325701 ] ] ] } },
{ "type": "Feature", "properties": { "lead_id": "pakistan-small-pv-sppi-0054", "cell": "0136_0087", "roof_area_m2": 236.9003, "est_kwp": 42.64, "p_roofclf": 0.9983, "sppi": 0.1239, "fixme": "Possible small rooftop PV (237 m2 roof, SPPI=0.124 alone -- roofclf p=1.00 shown for reference only, not used to filter this population -- not near any existing OSM solar feature; kWp estimate is UNCALIBRATED, no measured precision weight exists for SPPI alone) -- check imagery; if real, map as generator:source=solar or power=generator + generator:source=solar", "imagery_note": "osm=74.52628,32.46986 | bing=https://www.bing.com/maps?cp=32.46986~74.52628&lvl=19&style=a | google=https://www.google.com/maps/@32.46986,74.52628,200m/data=!3m1!1e3" }, "geometry": { "type": "Polygon", "coordinates": [ [ [ 74.526344356391604, 32.4697725939278 ], [ 74.526352167379201, 32.469941466067297 ], [ 74.5262178924567, 32.469945929220302 ], [ 74.526210081720095, 32.469777057077103 ], [ 74.526344356391604, 32.4697725939278 ] ] ] } },
{ "type": "Feature", "properties": { "lead_id": "pakistan-small-pv-sppi-0055", "cell": "0106_0102", "roof_area_m2": 203.2137, "est_kwp": 36.58, "p_roofclf": 0.9979, "sppi": 0.1239, "fixme": "Possible small rooftop PV (203 m2 roof, SPPI=0.124 alone -- roofclf p=1.00 shown for reference only, not used to filter this population -- not near any existing OSM solar feature; kWp estimate is UNCALIBRATED, no measured precision weight exists for SPPI alone) -- check imagery; if real, map as generator:source=solar or power=generator + generator:source=solar", "imagery_note": "osm=71.45758,33.97323 | bing=https://www.bing.com/maps?cp=33.97323~71.45758&lvl=19&style=a | google=https://www.google.com/maps/@33.97323,71.45758,200m/data=!3m1!1e3" }, "geometry": { "type": "Polygon", "coordinates": [ [ [ 71.457667459916806, 33.973307774831106 ], [ 71.457570526214099, 33.973337138050702 ], [ 71.457491719324395, 33.973156555995701 ], [ 71.457588652859002, 33.973127192844601 ], [ 71.457667459916806, 33.973307774831106 ] ] ] } },
{ "type": "Feature", "properties": { "lead_id": "pakistan-small-pv-sppi-0056", "cell": "0134_0078", "roof_area_m2": 134.3856, "est_kwp": 24.19, "p_roofclf": 0.9534, "sppi": 0.1236, "fixme": "Possible small rooftop PV (134 m2 roof, SPPI=0.124 alone -- roofclf p=0.95 shown for reference only, not used to filter this population -- not near any existing OSM solar feature; kWp estimate is UNCALIBRATED, no measured precision weight exists for SPPI alone) -- check imagery; if real, map as generator:source=solar or power=generator + generator:source=solar", "imagery_note": "osm=74.27871,31.60842 | bing=https://www.bing.com/maps?cp=31.60842~74.27871&lvl=19&style=a | google=https://www.google.com/maps/@31.60842,74.27871,200m/data=!3m1!1e3" }, "geometry": { "type": "Polygon", "coordinates": [ [ [ 74.2787618226549, 31.608352960313802 ], [ 74.278764738847897, 31.608477186464302 ], [ 74.278662047891501, 31.608478952025504 ], [ 74.2786591318348, 31.608354725874801 ], [ 74.2787618226549, 31.608352960313802 ] ] ] } },
{ "type": "Feature", "properties": { "lead_id": "pakistan-small-pv-sppi-0057", "cell": "0111_0103", "roof_area_m2": 121.4912, "est_kwp": 21.87, "p_roofclf": 0.9979, "sppi": 0.1234, "fixme": "Possible small rooftop PV (121 m2 roof, SPPI=0.123 alone -- roofclf p=1.00 shown for reference only, not used to filter this population -- not near any existing OSM solar feature; kWp estimate is UNCALIBRATED, no measured precision weight exists for SPPI alone) -- check imagery; if real, map as generator:source=solar or power=generator + generator:source=solar", "imagery_note": "osm=71.99108,34.09984 | bing=https://www.bing.com/maps?cp=34.09984~71.99108&lvl=19&style=a | google=https://www.google.com/maps/@34.09984,71.99108,200m/data=!3m1!1e3" }, "geometry": { "type": "Polygon", "coordinates": [ [ [ 71.991123477269895, 34.099772605394698 ], [ 71.991125940757698, 34.09990645919671 ], [ 71.991037311230301, 34.099907587996398 ], [ 71.991034847882105, 34.099773734186904 ], [ 71.991123477269895, 34.099772605394698 ] ] ] } },
{ "type": "Feature", "properties": { "lead_id": "pakistan-small-pv-sppi-0058", "cell": "0133_0084", "roof_area_m2": 181.3159, "est_kwp": 32.64, "p_roofclf": 0.9664, "sppi": 0.1231, "fixme": "Possible small rooftop PV (181 m2 roof, SPPI=0.123 alone -- roofclf p=0.97 shown for reference only, not used to filter this population -- not near any existing OSM solar feature; kWp estimate is UNCALIBRATED, no measured precision weight exists for SPPI alone) -- check imagery; if real, map as generator:source=solar or power=generator + generator:source=solar", "imagery_note": "osm=74.21724,32.15014 | bing=https://www.bing.com/maps?cp=32.15014~74.21724&lvl=19&style=a | google=https://www.google.com/maps/@32.15014,74.21724,200m/data=!3m1!1e3" }, "geometry": { "type": "Polygon", "coordinates": [ [ [ 74.217265301247807, 32.150060579939698 ], [ 74.217273292630097, 32.150246011985701 ], [ 74.217295504462797, 32.150245319161399 ], [ 74.217294822185096, 32.150229487701701 ], [ 74.217396290002, 32.150226322700803 ], [ 74.217398405775199, 32.1502754154805 ], [ 74.217221788881901, 32.1502809244896 ], [ 74.217212364193003, 32.150062231120799 ], [ 74.217265301247807, 32.150060579939698 ] ] ] } },
{ "type": "Feature", "properties": { "lead_id": "pakistan-small-pv-sppi-0059", "cell": "0133_0076", "roof_area_m2": 9.0134, "est_kwp": 1.62, "p_roofclf": 0.9964, "sppi": 0.123, "fixme": "Possible small rooftop PV (9 m2 roof, SPPI=0.123 alone -- roofclf p=1.00 shown for reference only, not used to filter this population -- not near any existing OSM solar feature; kWp estimate is UNCALIBRATED, no measured precision weight exists for SPPI alone) -- check imagery; if real, map as generator:source=solar or power=generator + generator:source=solar", "imagery_note": "osm=74.16540,31.39867 | bing=https://www.bing.com/maps?cp=31.39867~74.16540&lvl=19&style=a | google=https://www.google.com/maps/@31.39867,74.16540,200m/data=!3m1!1e3" }, "geometry": { "type": "Polygon", "coordinates": [ [ [ 74.165419809754496, 31.3986517651655 ], [ 74.165419570283504, 31.398678830280701 ], [ 74.1653880168124, 31.398678624869504 ], [ 74.165388256292403, 31.398651559754505 ], [ 74.165419809754496, 31.3986517651655 ] ] ] } },
{ "type": "Feature", "properties": { "lead_id": "pakistan-small-pv-sppi-0060", "cell": "0135_0087", "roof_area_m2": 68.5253, "est_kwp": 12.33, "p_roofclf": 0.9812, "sppi": 0.1229, "fixme": "Possible small rooftop PV (69 m2 roof, SPPI=0.123 alone -- roofclf p=0.98 shown for reference only, not used to filter this population -- not near any existing OSM solar feature; kWp estimate is UNCALIBRATED, no measured precision weight exists for SPPI alone) -- check imagery; if real, map as generator:source=solar or power=generator + generator:source=solar", "imagery_note": "osm=74.35252,32.44483 | bing=https://www.bing.com/maps?cp=32.44483~74.35252&lvl=19&style=a | google=https://www.google.com/maps/@32.44483,74.35252,200m/data=!3m1!1e3" }, "geometry": { "type": "Polygon", "coordinates": [ [ [ 74.352545999403205, 32.444773195339401 ], [ 74.352555168849193, 32.444887248847301 ], [ 74.352497854652597, 32.444890562023701 ], [ 74.352488685278402, 32.444776508512696 ], [ 74.352545999403205, 32.444773195339401 ] ] ] } },
{ "type": "Feature", "properties": { "lead_id": "pakistan-small-pv-sppi-0061", "cell": "0105_0064", "roof_area_m2": 38.2735, "est_kwp": 6.89, "p_roofclf": 0.9978, "sppi": 0.1228, "fixme": "Possible small rooftop PV (38 m2 roof, SPPI=0.123 alone -- roofclf p=1.00 shown for reference only, not used to filter this population -- not near any existing OSM solar feature; kWp estimate is UNCALIBRATED, no measured precision weight exists for SPPI alone) -- check imagery; if real, map as generator:source=solar or power=generator + generator:source=solar", "imagery_note": "osm=71.41771,30.18149 | bing=https://www.bing.com/maps?cp=30.18149~71.41771&lvl=19&style=a | google=https://www.google.com/maps/@30.18149,71.41771,200m/data=!3m1!1e3" }, "geometry": { "type": "Polygon", "coordinates": [ [ [ 71.417743288074405, 30.181470824360897 ], [ 71.417737526288093, 30.181522523891399 ], [ 71.417668905786797, 30.181516751497302 ], [ 71.417674667609205, 30.181465051967901 ], [ 71.417743288074405, 30.181470824360897 ] ] ] } },
{ "type": "Feature", "properties": { "lead_id": "pakistan-small-pv-sppi-0062", "cell": "0111_0104", "roof_area_m2": 77.5721, "est_kwp": 13.96, "p_roofclf": 0.9963, "sppi": 0.1228, "fixme": "Possible small rooftop PV (78 m2 roof, SPPI=0.123 alone -- roofclf p=1.00 shown for reference only, not used to filter this population -- not near any existing OSM solar feature; kWp estimate is UNCALIBRATED, no measured precision weight exists for SPPI alone) -- check imagery; if real, map as generator:source=solar or power=generator + generator:source=solar", "imagery_note": "osm=72.03282,34.12171 | bing=https://www.bing.com/maps?cp=34.12171~72.03282&lvl=19&style=a | google=https://www.google.com/maps/@34.12171,72.03282,200m/data=!3m1!1e3" }, "geometry": { "type": "Polygon", "coordinates": [ [ [ 72.032855958511703, 34.121653797984401 ], [ 72.032847873642396, 34.121763290523901 ], [ 72.032778918794406, 34.121759768764996 ], [ 72.032787003754095, 34.121650276234995 ], [ 72.032855958511703, 34.121653797984401 ] ] ] } },
{ "type": "Feature", "properties": { "lead_id": "pakistan-small-pv-sppi-0063", "cell": "0135_0078", "roof_area_m2": 69.9699, "est_kwp": 12.59, "p_roofclf": 0.9894, "sppi": 0.1227, "fixme": "Possible small rooftop PV (70 m2 roof, SPPI=0.123 alone -- roofclf p=0.99 shown for reference only, not used to filter this population -- not near any existing OSM solar feature; kWp estimate is UNCALIBRATED, no measured precision weight exists for SPPI alone) -- check imagery; if real, map as generator:source=solar or power=generator + generator:source=solar", "imagery_note": "osm=74.41349,31.54801 | bing=https://www.bing.com/maps?cp=31.54801~74.41349&lvl=19&style=a | google=https://www.google.com/maps/@31.54801,74.41349,200m/data=!3m1!1e3" }, "geometry": { "type": "Polygon", "coordinates": [ [ [ 74.413549461194805, 31.548033608966307 ], [ 74.413462787948106, 31.548055386828594 ], [ 74.413438619336304, 31.547984844750403 ], [ 74.413525292522706, 31.547963066903598 ], [ 74.413549461194805, 31.548033608966307 ] ] ] } },
{ "type": "Feature", "properties": { "lead_id": "pakistan-small-pv-sppi-0064", "cell": "0111_0103", "roof_area_m2": 25.5775, "est_kwp": 4.6, "p_roofclf": 0.9987, "sppi": 0.1225, "fixme": "Possible small rooftop PV (26 m2 roof, SPPI=0.122 alone -- roofclf p=1.00 shown for reference only, not used to filter this population -- not near any existing OSM solar feature; kWp estimate is UNCALIBRATED, no measured precision weight exists for SPPI alone) -- check imagery; if real, map as generator:source=solar or power=generator + generator:source=solar", "imagery_note": "osm=71.99246,34.09487 | bing=https://www.bing.com/maps?cp=34.09487~71.99246&lvl=19&style=a | google=https://www.google.com/maps/@34.09487,71.99246,200m/data=!3m1!1e3" }, "geometry": { "type": "Polygon", "coordinates": [ [ [ 71.992488658815901, 34.09488753743441 ], [ 71.992437018746202, 34.094893751200097 ], [ 71.992428781060397, 34.094846368506097 ], [ 71.9924804211024, 34.094840154745199 ], [ 71.992488658815901, 34.09488753743441 ] ] ] } },
{ "type": "Feature", "properties": { "lead_id": "pakistan-small-pv-sppi-0065", "cell": "0111_0103", "roof_area_m2": 62.558, "est_kwp": 11.26, "p_roofclf": 0.9938, "sppi": 0.1223, "fixme": "Possible small rooftop PV (63 m2 roof, SPPI=0.122 alone -- roofclf p=0.99 shown for reference only, not used to filter this population -- not near any existing OSM solar feature; kWp estimate is UNCALIBRATED, no measured precision weight exists for SPPI alone) -- check imagery; if real, map as generator:source=solar or power=generator + generator:source=solar", "imagery_note": "osm=71.99107,34.09964 | bing=https://www.bing.com/maps?cp=34.09964~71.99107&lvl=19&style=a | google=https://www.google.com/maps/@34.09964,71.99107,200m/data=!3m1!1e3" }, "geometry": { "type": "Polygon", "coordinates": [ [ [ 71.991113023789296, 34.099606245200597 ], [ 71.991113781954496, 34.0996828132876 ], [ 71.991033987842101, 34.099683360051998 ], [ 71.991033229748695, 34.099606791960703 ], [ 71.991113023789296, 34.099606245200597 ] ] ] } },
{ "type": "Feature", "properties": { "lead_id": "pakistan-small-pv-sppi-0066", "cell": "0111_0104", "roof_area_m2": 118.8027, "est_kwp": 21.38, "p_roofclf": 0.99, "sppi": 0.1223, "fixme": "Possible small rooftop PV (119 m2 roof, SPPI=0.122 alone -- roofclf p=0.99 shown for reference only, not used to filter this population -- not near any existing OSM solar feature; kWp estimate is UNCALIBRATED, no measured precision weight exists for SPPI alone) -- check imagery; if real, map as generator:source=solar or power=generator + generator:source=solar", "imagery_note": "osm=72.03453,34.12160 | bing=https://www.bing.com/maps?cp=34.12160~72.03453&lvl=19&style=a | google=https://www.google.com/maps/@34.12160,72.03453,200m/data=!3m1!1e3" }, "geometry": { "type": "Polygon", "coordinates": [ [ [ 72.034591585700994, 34.121559332691703 ], [ 72.034582543140701, 34.1216557765716 ], [ 72.034462925103597, 34.121648019073092 ], [ 72.034471967797103, 34.121551575210795 ], [ 72.034591585700994, 34.121559332691703 ] ] ] } },
{ "type": "Feature", "properties": { "lead_id": "pakistan-small-pv-sppi-0067", "cell": "0135_0077", "roof_area_m2": 60.5684, "est_kwp": 10.9, "p_roofclf": 0.9712, "sppi": 0.1219, "fixme": "Possible small rooftop PV (61 m2 roof, SPPI=0.122 alone -- roofclf p=0.97 shown for reference only, not used to filter this population -- not near any existing OSM solar feature; kWp estimate is UNCALIBRATED, no measured precision weight exists for SPPI alone) -- check imagery; if real, map as generator:source=solar or power=generator + generator:source=solar", "imagery_note": "osm=74.36548,31.48709 | bing=https://www.bing.com/maps?cp=31.48709~74.36548&lvl=19&style=a | google=https://www.google.com/maps/@31.48709,74.36548,200m/data=!3m1!1e3" }, "geometry": { "type": "Polygon", "coordinates": [ [ [ 74.365550822180595, 31.487083491566704 ], [ 74.365445460147697, 31.487142612378005 ], [ 74.365416301750301, 31.487104452612403 ], [ 74.365521663758201, 31.487045331824199 ], [ 74.365550822180595, 31.487083491566704 ] ] ] } },
{ "type": "Feature", "properties": { "lead_id": "pakistan-small-pv-sppi-0068", "cell": "0219_0117", "roof_area_m2": 235.4778, "est_kwp": 42.39, "p_roofclf": 0.9963, "sppi": 0.1207, "fixme": "Possible small rooftop PV (235 m2 roof, SPPI=0.121 alone -- roofclf p=1.00 shown for reference only, not used to filter this population -- not near any existing OSM solar feature; kWp estimate is UNCALIBRATED, no measured precision weight exists for SPPI alone) -- check imagery; if real, map as generator:source=solar or power=generator + generator:source=solar", "imagery_note": "osm=74.28650,31.59186 | bing=https://www.bing.com/maps?cp=31.59186~74.28650&lvl=19&style=a | google=https://www.google.com/maps/@31.59186,74.28650,200m/data=!3m1!1e3" }, "geometry": { "type": "Polygon", "coordinates": [ [ [ 74.2862956, 31.5918354 ], [ 74.286702, 31.5918296 ], [ 74.2867031, 31.5918846 ], [ 74.2862967, 31.5918904 ], [ 74.2862956, 31.5918354 ] ] ] } },
{ "type": "Feature", "properties": { "lead_id": "pakistan-small-pv-sppi-0069", "cell": "0123_0106", "roof_area_m2": 121.2436, "est_kwp": 21.82, "p_roofclf": 0.9803, "sppi": 0.1206, "fixme": "Possible small rooftop PV (121 m2 roof, SPPI=0.121 alone -- roofclf p=0.98 shown for reference only, not used to filter this population -- not near any existing OSM solar feature; kWp estimate is UNCALIBRATED, no measured precision weight exists for SPPI alone) -- check imagery; if real, map as generator:source=solar or power=generator + generator:source=solar", "imagery_note": "osm=73.20275,34.32468 | bing=https://www.bing.com/maps?cp=34.32468~73.20275&lvl=19&style=a | google=https://www.google.com/maps/@34.32468,73.20275,200m/data=!3m1!1e3" }, "geometry": { "type": "Polygon", "coordinates": [ [ [ 73.202819159609518, 34.324737452071197 ], [ 73.202746404790602, 34.324761461121902 ], [ 73.202678850034303, 34.324620553451602 ], [ 73.202751604747107, 34.324596544437298 ], [ 73.202819159609518, 34.324737452071197 ] ] ] } },
{ "type": "Feature", "properties": { "lead_id": "pakistan-small-pv-sppi-0070", "cell": "0123_0106", "roof_area_m2": 35.2995, "est_kwp": 6.35, "p_roofclf": 0.9605, "sppi": 0.1206, "fixme": "Possible small rooftop PV (35 m2 roof, SPPI=0.121 alone -- roofclf p=0.96 shown for reference only, not used to filter this population -- not near any existing OSM solar feature; kWp estimate is UNCALIBRATED, no measured precision weight exists for SPPI alone) -- check imagery; if real, map as generator:source=solar or power=generator + generator:source=solar", "imagery_note": "osm=73.20271,34.32459 | bing=https://www.bing.com/maps?cp=34.32459~73.20271&lvl=19&style=a | google=https://www.google.com/maps/@34.32459,73.20271,200m/data=!3m1!1e3" }, "geometry": { "type": "Polygon", "coordinates": [ [ [ 73.202687109100594, 34.324556555755301 ], [ 73.202697696306004, 34.3245786388973 ], [ 73.202736829155697, 34.3245657250718 ], [ 73.202751604747107, 34.324596544437298 ], [ 73.202678850034303, 34.324620553451602 ], [ 73.202653487268918, 34.324567650934299 ], [ 73.202687109100594, 34.324556555755301 ] ] ] } },
{ "type": "Feature", "properties": { "lead_id": "pakistan-small-pv-sppi-0071", "cell": "0134_0079", "roof_area_m2": 63.8995, "est_kwp": 11.5, "p_roofclf": 0.9331, "sppi": 0.1205, "fixme": "Possible small rooftop PV (64 m2 roof, SPPI=0.120 alone -- roofclf p=0.93 shown for reference only, not used to filter this population -- not near any existing OSM solar feature; kWp estimate is UNCALIBRATED, no measured precision weight exists for SPPI alone) -- check imagery; if real, map as generator:source=solar or power=generator + generator:source=solar", "imagery_note": "osm=74.27190,31.62317 | bing=https://www.bing.com/maps?cp=31.62317~74.27190&lvl=19&style=a | google=https://www.google.com/maps/@31.62317,74.27190,200m/data=!3m1!1e3" }, "geometry": { "type": "Polygon", "coordinates": [ [ [ 74.271970629572806, 31.623146298251601 ], [ 74.271968564044698, 31.623192372989493 ], [ 74.271837031663296, 31.623188055547406 ], [ 74.271839097256105, 31.623141980812502 ], [ 74.271970629572806, 31.623146298251601 ] ] ] } },
{ "type": "Feature", "properties": { "lead_id": "pakistan-small-pv-sppi-0072", "cell": "0074_0016", "roof_area_m2": 17.0886, "est_kwp": 3.08, "p_roofclf": 0.957, "sppi": 0.1204, "fixme": "Possible small rooftop PV (17 m2 roof, SPPI=0.120 alone -- roofclf p=0.96 shown for reference only, not used to filter this population -- not near any existing OSM solar feature; kWp estimate is UNCALIBRATED, no measured precision weight exists for SPPI alone) -- check imagery; if real, map as generator:source=solar or power=generator + generator:source=solar", "imagery_note": "osm=68.28408,25.36059 | bing=https://www.bing.com/maps?cp=25.36059~68.28408&lvl=19&style=a | google=https://www.google.com/maps/@25.36059,68.28408,200m/data=!3m1!1e3" }, "geometry": { "type": "Polygon", "coordinates": [ [ [ 68.284108983333695, 25.360570309420705 ], [ 68.284092463196799, 25.360611107811504 ], [ 68.284059443911701, 25.360600069904901 ], [ 68.284075964058005, 25.360559271518198 ], [ 68.284108983333695, 25.360570309420705 ] ] ] } },
{ "type": "Feature", "properties": { "lead_id": "pakistan-small-pv-sppi-0073", "cell": "0122_0076", "roof_area_m2": 27.6088, "est_kwp": 4.97, "p_roofclf": 0.9591, "sppi": 0.1202, "fixme": "Possible small rooftop PV (28 m2 roof, SPPI=0.120 alone -- roofclf p=0.96 shown for reference only, not used to filter this population -- not near any existing OSM solar feature; kWp estimate is UNCALIBRATED, no measured precision weight exists for SPPI alone) -- check imagery; if real, map as generator:source=solar or power=generator + generator:source=solar", "imagery_note": "osm=73.06021,31.34299 | bing=https://www.bing.com/maps?cp=31.34299~73.06021&lvl=19&style=a | google=https://www.google.com/maps/@31.34299,73.06021,200m/data=!3m1!1e3" }, "geometry": { "type": "Polygon", "coordinates": [ [ [ 73.060248896214503, 31.342986091295302 ], [ 73.060196650957806, 31.343026758602299 ], [ 73.060167636415798, 31.342999301003598 ], [ 73.060219881668502, 31.342958633708104 ], [ 73.060248896214503, 31.342986091295302 ] ] ] } },
{ "type": "Feature", "properties": { "lead_id": "pakistan-small-pv-sppi-0074", "cell": "0111_0103", "roof_area_m2": 88.0289, "est_kwp": 15.85, "p_roofclf": 0.9976, "sppi": 0.1195, "fixme": "Possible small rooftop PV (88 m2 roof, SPPI=0.119 alone -- roofclf p=1.00 shown for reference only, not used to filter this population -- not near any existing OSM solar feature; kWp estimate is UNCALIBRATED, no measured precision weight exists for SPPI alone) -- check imagery; if real, map as generator:source=solar or power=generator + generator:source=solar", "imagery_note": "osm=71.99111,34.09994 | bing=https://www.bing.com/maps?cp=34.09994~71.99111&lvl=19&style=a | google=https://www.google.com/maps/@34.09994,71.99111,200m/data=!3m1!1e3" }, "geometry": { "type": "Polygon", "coordinates": [ [ [ 71.991178952480595, 34.099905784000391 ], [ 71.991180069440418, 34.099966471605903 ], [ 71.991038428088999, 34.099968275611502 ], [ 71.991037311230301, 34.099907587996398 ], [ 71.991178952480595, 34.099905784000391 ] ] ] } },
{ "type": "Feature", "properties": { "lead_id": "pakistan-small-pv-sppi-0075", "cell": "0133_0077", "roof_area_m2": 45.029, "est_kwp": 8.11, "p_roofclf": 0.9913, "sppi": 0.1194, "fixme": "Possible small rooftop PV (45 m2 roof, SPPI=0.119 alone -- roofclf p=0.99 shown for reference only, not used to filter this population -- not near any existing OSM solar feature; kWp estimate is UNCALIBRATED, no measured precision weight exists for SPPI alone) -- check imagery; if real, map as generator:source=solar or power=generator + generator:source=solar", "imagery_note": "osm=74.23342,31.41919 | bing=https://www.bing.com/maps?cp=31.41919~74.23342&lvl=19&style=a | google=https://www.google.com/maps/@31.41919,74.23342,200m/data=!3m1!1e3" }, "geometry": { "type": "Polygon", "coordinates": [ [ [ 74.2334655162243, 31.419171320583107 ], [ 74.233458014004896, 31.419218785853801 ], [ 74.233369726784119, 31.419208523506505 ], [ 74.233377229046596, 31.419161058242103 ], [ 74.2334655162243, 31.419171320583107 ] ] ] } },
{ "type": "Feature", "properties": { "lead_id": "pakistan-small-pv-sppi-0076", "cell": "0135_0076", "roof_area_m2": 306.3818, "est_kwp": 55.15, "p_roofclf": 0.9972, "sppi": 0.1193, "fixme": "Possible small rooftop PV (306 m2 roof, SPPI=0.119 alone -- roofclf p=1.00 shown for reference only, not used to filter this population -- not near any existing OSM solar feature; kWp estimate is UNCALIBRATED, no measured precision weight exists for SPPI alone) -- check imagery; if real, map as generator:source=solar or power=generator + generator:source=solar", "imagery_note": "osm=74.35248,31.37411 | bing=https://www.bing.com/maps?cp=31.37411~74.35248&lvl=19&style=a | google=https://www.google.com/maps/@31.37411,74.35248,200m/data=!3m1!1e3" }, "geometry": { "type": "Polygon", "coordinates": [ [ [ 74.352605618126816, 31.374127767762801 ], [ 74.352466263832, 31.374218992533397 ], [ 74.352349202417201, 31.374087355885301 ], [ 74.352488556626099, 31.373996131238904 ], [ 74.352605618126816, 31.374127767762801 ] ] ] } },
{ "type": "Feature", "properties": { "lead_id": "pakistan-small-pv-sppi-0077", "cell": "0134_0079", "roof_area_m2": 28.5375, "est_kwp": 5.14, "p_roofclf": 0.8606, "sppi": 0.1193, "fixme": "Possible small rooftop PV (29 m2 roof, SPPI=0.119 alone -- roofclf p=0.86 shown for reference only, not used to filter this population -- not near any existing OSM solar feature; kWp estimate is UNCALIBRATED, no measured precision weight exists for SPPI alone) -- check imagery; if real, map as generator:source=solar or power=generator + generator:source=solar", "imagery_note": "osm=74.28804,31.61190 | bing=https://www.bing.com/maps?cp=31.61190~74.28804&lvl=19&style=a | google=https://www.google.com/maps/@31.61190,74.28804,200m/data=!3m1!1e3" }, "geometry": { "type": "Polygon", "coordinates": [ [ [ 74.288079768607005, 31.611919032137799 ], [ 74.288015350127594, 31.611925181581999 ], [ 74.288009933627507, 31.611883626952501 ], [ 74.288074352078112, 31.611877477508905 ], [ 74.288079768607005, 31.611919032137799 ] ] ] } },
{ "type": "Feature", "properties": { "lead_id": "pakistan-small-pv-sppi-0078", "cell": "0134_0079", "roof_area_m2": 25.0158, "est_kwp": 4.5, "p_roofclf": 0.8448, "sppi": 0.1193, "fixme": "Possible small rooftop PV (25 m2 roof, SPPI=0.119 alone -- roofclf p=0.84 shown for reference only, not used to filter this population -- not near any existing OSM solar feature; kWp estimate is UNCALIBRATED, no measured precision weight exists for SPPI alone) -- check imagery; if real, map as generator:source=solar or power=generator + generator:source=solar", "imagery_note": "osm=74.28805,31.61184 | bing=https://www.bing.com/maps?cp=31.61184~74.28805&lvl=19&style=a | google=https://www.google.com/maps/@31.61184,74.28805,200m/data=!3m1!1e3" }, "geometry": { "type": "Polygon", "coordinates": [ [ [ 74.288082041390993, 31.611857903652702 ], [ 74.288013358864902, 31.611865515522204 ], [ 74.288008210769803, 31.6118314960163 ], [ 74.288076893270997, 31.6118238841491 ], [ 74.288082041390993, 31.611857903652702 ] ] ] } },
{ "type": "Feature", "properties": { "lead_id": "pakistan-small-pv-sppi-0079", "cell": "0106_0098", "roof_area_m2": 53.8803, "est_kwp": 9.7, "p_roofclf": 0.9919, "sppi": 0.1186, "fixme": "Possible small rooftop PV (54 m2 roof, SPPI=0.119 alone -- roofclf p=0.99 shown for reference only, not used to filter this population -- not near any existing OSM solar feature; kWp estimate is UNCALIBRATED, no measured precision weight exists for SPPI alone) -- check imagery; if real, map as generator:source=solar or power=generator + generator:source=solar", "imagery_note": "osm=71.54140,33.54286 | bing=https://www.bing.com/maps?cp=33.54286~71.54140&lvl=19&style=a | google=https://www.google.com/maps/@33.54286,71.54140,200m/data=!3m1!1e3" }, "geometry": { "type": "Polygon", "coordinates": [ [ [ 71.541447477796297, 33.542841050029999 ], [ 71.541442658792604, 33.542894760850501 ], [ 71.541345861928406, 33.542888671104997 ], [ 71.541350680991997, 33.542834960285802 ], [ 71.541447477796297, 33.542841050029999 ] ] ] } },
{ "type": "Feature", "properties": { "lead_id": "pakistan-small-pv-sppi-0080", "cell": "0122_0099", "roof_area_m2": 67.4519, "est_kwp": 12.14, "p_roofclf": 0.9864, "sppi": 0.1179, "fixme": "Possible small rooftop PV (67 m2 roof, SPPI=0.118 alone -- roofclf p=0.99 shown for reference only, not used to filter this population -- not near any existing OSM solar feature; kWp estimate is UNCALIBRATED, no measured precision weight exists for SPPI alone) -- check imagery; if real, map as generator:source=solar or power=generator + generator:source=solar", "imagery_note": "osm=73.08387,33.70539 | bing=https://www.bing.com/maps?cp=33.70539~73.08387&lvl=19&style=a | google=https://www.google.com/maps/@33.70539,73.08387,200m/data=!3m1!1e3" }, "geometry": { "type": "Polygon", "coordinates": [ [ [ 73.083936309416202, 33.70538610761789 ], [ 73.083900378892807, 33.705435183396801 ], [ 73.083803158211893, 33.705385462213798 ], [ 73.083839088765103, 33.705336386463202 ], [ 73.083936309416202, 33.70538610761789 ] ] ] } },
{ "type": "Feature", "properties": { "lead_id": "pakistan-small-pv-sppi-0081", "cell": "0122_0076", "roof_area_m2": 187.231, "est_kwp": 33.7, "p_roofclf": 0.9983, "sppi": 0.1176, "fixme": "Possible small rooftop PV (187 m2 roof, SPPI=0.118 alone -- roofclf p=1.00 shown for reference only, not used to filter this population -- not near any existing OSM solar feature; kWp estimate is UNCALIBRATED, no measured precision weight exists for SPPI alone) -- check imagery; if real, map as generator:source=solar or power=generator + generator:source=solar", "imagery_note": "osm=73.08037,31.36877 | bing=https://www.bing.com/maps?cp=31.36877~73.08037&lvl=19&style=a | google=https://www.google.com/maps/@31.36877,73.08037,200m/data=!3m1!1e3" }, "geometry": { "type": "Polygon", "coordinates": [ [ [ 73.080484281143896, 31.368739999741504 ], [ 73.080327480617115, 31.368860499975504 ], [ 73.0802619686458, 31.368797739599692 ], [ 73.080418769142796, 31.368677239444196 ], [ 73.080484281143896, 31.368739999741504 ] ] ] } },
{ "type": "Feature", "properties": { "lead_id": "pakistan-small-pv-sppi-0082", "cell": "0219_0116", "roof_area_m2": 69.4085, "est_kwp": 12.49, "p_roofclf": 0.9774, "sppi": 0.1171, "fixme": "Possible small rooftop PV (69 m2 roof, SPPI=0.117 alone -- roofclf p=0.98 shown for reference only, not used to filter this population -- not near any existing OSM solar feature; kWp estimate is UNCALIBRATED, no measured precision weight exists for SPPI alone) -- check imagery; if real, map as generator:source=solar or power=generator + generator:source=solar", "imagery_note": "osm=74.36564,31.48707 | bing=https://www.bing.com/maps?cp=31.48707~74.36564&lvl=19&style=a | google=https://www.google.com/maps/@31.48707,74.36564,200m/data=!3m1!1e3" }, "geometry": { "type": "Polygon", "coordinates": [ [ [ 74.365705996067803, 31.487072995995099 ], [ 74.365620030806596, 31.487121233044704 ], [ 74.365579077243396, 31.487067637040099 ], [ 74.365665042476806, 31.487019400017001 ], [ 74.365705996067803, 31.487072995995099 ] ] ] } },
{ "type": "Feature", "properties": { "lead_id": "pakistan-small-pv-sppi-0083", "cell": "0219_0116", "roof_area_m2": 50.0391, "est_kwp": 9.01, "p_roofclf": 0.9731, "sppi": 0.1171, "fixme": "Possible small rooftop PV (50 m2 roof, SPPI=0.117 alone -- roofclf p=0.97 shown for reference only, not used to filter this population -- not near any existing OSM solar feature; kWp estimate is UNCALIBRATED, no measured precision weight exists for SPPI alone) -- check imagery; if real, map as generator:source=solar or power=generator + generator:source=solar", "imagery_note": "osm=74.36561,31.48702 | bing=https://www.bing.com/maps?cp=31.48702~74.36561&lvl=19&style=a | google=https://www.google.com/maps/@31.48702,74.36561,200m/data=!3m1!1e3" }, "geometry": { "type": "Polygon", "coordinates": [ [ [ 74.365666122888499, 31.487018793773 ], [ 74.365579077243396, 31.487067637040099 ], [ 74.365549918813898, 31.487029477303999 ], [ 74.365636964438195, 31.486980634056305 ], [ 74.365666122888499, 31.487018793773 ] ] ] } },
{ "type": "Feature", "properties": { "lead_id": "pakistan-small-pv-sppi-0084", "cell": "0135_0078", "roof_area_m2": 52.7243, "est_kwp": 9.49, "p_roofclf": 0.9277, "sppi": 0.1165, "fixme": "Possible small rooftop PV (53 m2 roof, SPPI=0.117 alone -- roofclf p=0.93 shown for reference only, not used to filter this population -- not near any existing OSM solar feature; kWp estimate is UNCALIBRATED, no measured precision weight exists for SPPI alone) -- check imagery; if real, map as generator:source=solar or power=generator + generator:source=solar", "imagery_note": "osm=74.36933,31.60382 | bing=https://www.bing.com/maps?cp=31.60382~74.36933&lvl=19&style=a | google=https://www.google.com/maps/@31.60382,74.36933,200m/data=!3m1!1e3" }, "geometry": { "type": "Polygon", "coordinates": [ [ [ 74.369388363054497, 31.6038071208575 ], [ 74.369376219922316, 31.603849966212898 ], [ 74.369265856919696, 31.6038270547674 ], [ 74.369278000099797, 31.603784209422905 ], [ 74.369388363054497, 31.6038071208575 ] ] ] } },
{ "type": "Feature", "properties": { "lead_id": "pakistan-small-pv-sppi-0085", "cell": "0207_0116", "roof_area_m2": 361.1116, "est_kwp": 65.0, "p_roofclf": 0.9849, "sppi": 0.1164, "fixme": "Possible small rooftop PV (361 m2 roof, SPPI=0.116 alone -- roofclf p=0.98 shown for reference only, not used to filter this population -- not near any existing OSM solar feature; kWp estimate is UNCALIBRATED, no measured precision weight exists for SPPI alone) -- check imagery; if real, map as generator:source=solar or power=generator + generator:source=solar", "imagery_note": "osm=73.12467,31.40710 | bing=https://www.bing.com/maps?cp=31.40710~73.12467&lvl=19&style=a | google=https://www.google.com/maps/@31.40710,73.12467,200m/data=!3m1!1e3" }, "geometry": { "type": "Polygon", "coordinates": [ [ [ 73.124843242105698, 31.407192362621906 ], [ 73.124768144026604, 31.407250466237699 ], [ 73.124503909193706, 31.406999241074605 ], [ 73.124579007218898, 31.406941137610207 ], [ 73.124843242105698, 31.407192362621906 ] ] ] } },
{ "type": "Feature", "properties": { "lead_id": "pakistan-small-pv-sppi-0086", "cell": "0121_0099", "roof_area_m2": 95.5893, "est_kwp": 17.21, "p_roofclf": 0.9705, "sppi": 0.1163, "fixme": "Possible small rooftop PV (96 m2 roof, SPPI=0.116 alone -- roofclf p=0.97 shown for reference only, not used to filter this population -- not near any existing OSM solar feature; kWp estimate is UNCALIBRATED, no measured precision weight exists for SPPI alone) -- check imagery; if real, map as generator:source=solar or power=generator + generator:source=solar", "imagery_note": "osm=72.97581,33.61747 | bing=https://www.bing.com/maps?cp=33.61747~72.97581&lvl=19&style=a | google=https://www.google.com/maps/@33.61747,72.97581,200m/data=!3m1!1e3" }, "geometry": { "type": "Polygon", "coordinates": [ [ [ 72.975871869020395, 33.617508399246802 ], [ 72.975769641096093, 33.617519108134097 ], [ 72.975756260110202, 33.617429695915597 ], [ 72.975858487929301, 33.617418987035407 ], [ 72.975871869020395, 33.617508399246802 ] ] ] } },
{ "type": "Feature", "properties": { "lead_id": "pakistan-small-pv-sppi-0087", "cell": "0135_0077", "roof_area_m2": 9.1357, "est_kwp": 1.64, "p_roofclf": 0.7805, "sppi": 0.116, "fixme": "Possible small rooftop PV (9 m2 roof, SPPI=0.116 alone -- roofclf p=0.78 shown for reference only, not used to filter this population -- not near any existing OSM solar feature; kWp estimate is UNCALIBRATED, no measured precision weight exists for SPPI alone) -- check imagery; if real, map as generator:source=solar or power=generator + generator:source=solar", "imagery_note": "osm=74.36558,31.48669 | bing=https://www.bing.com/maps?cp=31.48669~74.36558&lvl=19&style=a | google=https://www.google.com/maps/@31.48669,74.36558,200m/data=!3m1!1e3" }, "geometry": { "type": "Polygon", "coordinates": [ [ [ 74.365595822432496, 31.486683532104994 ], [ 74.365585229304415, 31.486709868731804 ], [ 74.365555823734198, 31.486701183217299 ], [ 74.365566416869498, 31.486674846592898 ], [ 74.365595822432496, 31.486683532104994 ] ] ] } },
{ "type": "Feature", "properties": { "lead_id": "pakistan-small-pv-sppi-0088", "cell": "0073_0038", "roof_area_m2": 16.5275, "est_kwp": 2.97, "p_roofclf": 0.9994, "sppi": 0.1155, "fixme": "Possible small rooftop PV (17 m2 roof, SPPI=0.116 alone -- roofclf p=1.00 shown for reference only, not used to filter this population -- not near any existing OSM solar feature; kWp estimate is UNCALIBRATED, no measured precision weight exists for SPPI alone) -- check imagery; if real, map as generator:source=solar or power=generator + generator:source=solar", "imagery_note": "osm=68.19695,27.55389 | bing=https://www.bing.com/maps?cp=27.55389~68.19695&lvl=19&style=a | google=https://www.google.com/maps/@27.55389,68.19695,200m/data=!3m1!1e3" }, "geometry": { "type": "Polygon", "coordinates": [ [ [ 68.196975145052505, 27.553878700688905 ], [ 68.196963753103603, 27.553913349648791 ], [ 68.196923679980401, 27.553902883608004 ], [ 68.196935071940601, 27.553868234651603 ], [ 68.196975145052505, 27.553878700688905 ] ] ] } },
{ "type": "Feature", "properties": { "lead_id": "pakistan-small-pv-sppi-0089", "cell": "0119_0100", "roof_area_m2": 229.6248, "est_kwp": 41.33, "p_roofclf": 0.9987, "sppi": 0.1154, "fixme": "Possible small rooftop PV (230 m2 roof, SPPI=0.115 alone -- roofclf p=1.00 shown for reference only, not used to filter this population -- not near any existing OSM solar feature; kWp estimate is UNCALIBRATED, no measured precision weight exists for SPPI alone) -- check imagery; if real, map as generator:source=solar or power=generator + generator:source=solar", "imagery_note": "osm=72.74297,33.75657 | bing=https://www.bing.com/maps?cp=33.75657~72.74297&lvl=19&style=a | google=https://www.google.com/maps/@33.75657,72.74297,200m/data=!3m1!1e3" }, "geometry": { "type": "Polygon", "coordinates": [ [ [ 72.743072665057895, 33.756608028418 ], [ 72.742890996310294, 33.756641909955299 ], [ 72.742859689170004, 33.756524791471897 ], [ 72.743041357676603, 33.756490909970502 ], [ 72.743072665057895, 33.756608028418 ] ] ] } },
{ "type": "Feature", "properties": { "lead_id": "pakistan-small-pv-sppi-0090", "cell": "0219_0116", "roof_area_m2": 87.6006, "est_kwp": 15.77, "p_roofclf": 0.9667, "sppi": 0.1153, "fixme": "Possible small rooftop PV (88 m2 roof, SPPI=0.115 alone -- roofclf p=0.97 shown for reference only, not used to filter this population -- not near any existing OSM solar feature; kWp estimate is UNCALIBRATED, no measured precision weight exists for SPPI alone) -- check imagery; if real, map as generator:source=solar or power=generator + generator:source=solar", "imagery_note": "osm=74.36542,31.48699 | bing=https://www.bing.com/maps?cp=31.48699~74.36542&lvl=19&style=a | google=https://www.google.com/maps/@31.48699,74.36542,200m/data=!3m1!1e3" }, "geometry": { "type": "Polygon", "coordinates": [ [ [ 74.365506139782696, 31.486972183466605 ], [ 74.365385663556694, 31.487039785174002 ], [ 74.365397931940706, 31.487055840905501 ], [ 74.36536721641022, 31.487073075993202 ], [ 74.365343689473605, 31.487042286086005 ], [ 74.365361264209895, 31.487032424558901 ], [ 74.365343569687909, 31.487009267573296 ], [ 74.365477186671797, 31.4869342923391 ], [ 74.365506139782696, 31.486972183466605 ] ] ] } },
{ "type": "Feature", "properties": { "lead_id": "pakistan-small-pv-sppi-0091", "cell": "0075_0016", "roof_area_m2": 109.7077, "est_kwp": 19.75, "p_roofclf": 0.9904, "sppi": 0.1151, "fixme": "Possible small rooftop PV (110 m2 roof, SPPI=0.115 alone -- roofclf p=0.99 shown for reference only, not used to filter this population -- not near any existing OSM solar feature; kWp estimate is UNCALIBRATED, no measured precision weight exists for SPPI alone) -- check imagery; if real, map as generator:source=solar or power=generator + generator:source=solar", "imagery_note": "osm=68.40010,25.34166 | bing=https://www.bing.com/maps?cp=25.34166~68.40010&lvl=19&style=a | google=https://www.google.com/maps/@25.34166,68.40010,200m/data=!3m1!1e3" }, "geometry": { "type": "Polygon", "coordinates": [ [ [ 68.400154977996195, 25.3415913486592 ], [ 68.400094631726404, 25.341753264379005 ], [ 68.400040237154798, 25.341736522548398 ], [ 68.400100583487699, 25.3415746068518 ], [ 68.400154977996195, 25.3415913486592 ] ] ] } },
{ "type": "Feature", "properties": { "lead_id": "pakistan-small-pv-sppi-0092", "cell": "0207_0116", "roof_area_m2": 33.6763, "est_kwp": 6.06, "p_roofclf": 0.9739, "sppi": 0.115, "fixme": "Possible small rooftop PV (34 m2 roof, SPPI=0.115 alone -- roofclf p=0.97 shown for reference only, not used to filter this population -- not near any existing OSM solar feature; kWp estimate is UNCALIBRATED, no measured precision weight exists for SPPI alone) -- check imagery; if real, map as generator:source=solar or power=generator + generator:source=solar", "imagery_note": "osm=73.08699,31.45273 | bing=https://www.bing.com/maps?cp=31.45273~73.08699&lvl=19&style=a | google=https://www.google.com/maps/@31.45273,73.08699,200m/data=!3m1!1e3" }, "geometry": { "type": "Polygon", "coordinates": [ [ [ 73.087032920922709, 31.452713648264293 ], [ 73.0870147932565, 31.452760510551901 ], [ 73.086953412080206, 31.452743061415902 ], [ 73.086971539773202, 31.452696199137407 ], [ 73.087032920922709, 31.452713648264293 ] ] ] } },
{ "type": "Feature", "properties": { "lead_id": "pakistan-small-pv-sppi-0093", "cell": "0134_0078", "roof_area_m2": 32.6105, "est_kwp": 5.87, "p_roofclf": 0.9692, "sppi": 0.1142, "fixme": "Possible small rooftop PV (33 m2 roof, SPPI=0.114 alone -- roofclf p=0.97 shown for reference only, not used to filter this population -- not near any existing OSM solar feature; kWp estimate is UNCALIBRATED, no measured precision weight exists for SPPI alone) -- check imagery; if real, map as generator:source=solar or power=generator + generator:source=solar", "imagery_note": "osm=74.28624,31.59186 | bing=https://www.bing.com/maps?cp=31.59186~74.28624&lvl=19&style=a | google=https://www.google.com/maps/@31.59186,74.28624,200m/data=!3m1!1e3" }, "geometry": { "type": "Polygon", "coordinates": [ [ [ 74.2862615, 31.5918266 ], [ 74.2862566, 31.5918911 ], [ 74.2862088, 31.5918884 ], [ 74.2862137, 31.5918239 ], [ 74.2862615, 31.5918266 ] ] ] } },
{ "type": "Feature", "properties": { "lead_id": "pakistan-small-pv-sppi-0094", "cell": "0137_0087", "roof_area_m2": 8.5634, "est_kwp": 1.54, "p_roofclf": 0.9823, "sppi": 0.114, "fixme": "Possible small rooftop PV (9 m2 roof, SPPI=0.114 alone -- roofclf p=0.98 shown for reference only, not used to filter this population -- not near any existing OSM solar feature; kWp estimate is UNCALIBRATED, no measured precision weight exists for SPPI alone) -- check imagery; if real, map as generator:source=solar or power=generator + generator:source=solar", "imagery_note": "osm=74.58426,32.49549 | bing=https://www.bing.com/maps?cp=32.49549~74.58426&lvl=19&style=a | google=https://www.google.com/maps/@32.49549,74.58426,200m/data=!3m1!1e3" }, "geometry": { "type": "Polygon", "coordinates": [ [ [ 74.584269857486802, 32.495470390748501 ], [ 74.584268706243293, 32.495501159192507 ], [ 74.584242044814303, 32.495500442714004 ], [ 74.584243196066893, 32.495469674270403 ], [ 74.584269857486802, 32.495470390748501 ] ] ] } },
{ "type": "Feature", "properties": { "lead_id": "pakistan-small-pv-sppi-0095", "cell": "0061_0064", "roof_area_m2": 60.0589, "est_kwp": 10.81, "p_roofclf": 0.9702, "sppi": 0.114, "fixme": "Possible small rooftop PV (60 m2 roof, SPPI=0.114 alone -- roofclf p=0.97 shown for reference only, not used to filter this population -- not near any existing OSM solar feature; kWp estimate is UNCALIBRATED, no measured precision weight exists for SPPI alone) -- check imagery; if real, map as generator:source=solar or power=generator + generator:source=solar", "imagery_note": "osm=67.01355,30.18922 | bing=https://www.bing.com/maps?cp=30.18922~67.01355&lvl=19&style=a | google=https://www.google.com/maps/@30.18922,67.01355,200m/data=!3m1!1e3" }, "geometry": { "type": "Polygon", "coordinates": [ [ [ 67.013603179205703, 30.189238973883505 ], [ 67.013545795071707, 30.189269346548201 ], [ 67.013495706366498, 30.189197928098295 ], [ 67.013553090471504, 30.189167555454301 ], [ 67.013603179205703, 30.189238973883505 ] ] ] } },
{ "type": "Feature", "properties": { "lead_id": "pakistan-small-pv-sppi-0096", "cell": "0061_0064", "roof_area_m2": 48.9883, "est_kwp": 8.82, "p_roofclf": 0.968, "sppi": 0.114, "fixme": "Possible small rooftop PV (49 m2 roof, SPPI=0.114 alone -- roofclf p=0.97 shown for reference only, not used to filter this population -- not near any existing OSM solar feature; kWp estimate is UNCALIBRATED, no measured precision weight exists for SPPI alone) -- check imagery; if real, map as generator:source=solar or power=generator + generator:source=solar", "imagery_note": "osm=67.01361,30.18919 | bing=https://www.bing.com/maps?cp=30.18919~67.01361&lvl=19&style=a | google=https://www.google.com/maps/@30.18919,67.01361,200m/data=!3m1!1e3" }, "geometry": { "type": "Polygon", "coordinates": [ [ [ 67.013653583481798, 30.189211370197103 ], [ 67.013600532332006, 30.189239129724498 ], [ 67.013556573274002, 30.189175729182001 ], [ 67.013609624401099, 30.189147969670501 ], [ 67.013653583481798, 30.189211370197103 ] ] ] } },
{ "type": "Feature", "properties": { "lead_id": "pakistan-small-pv-sppi-0097", "cell": "0133_0084", "roof_area_m2": 177.4782, "est_kwp": 31.95, "p_roofclf": 0.9648, "sppi": 0.1138, "fixme": "Possible small rooftop PV (177 m2 roof, SPPI=0.114 alone -- roofclf p=0.96 shown for reference only, not used to filter this population -- not near any existing OSM solar feature; kWp estimate is UNCALIBRATED, no measured precision weight exists for SPPI alone) -- check imagery; if real, map as generator:source=solar or power=generator + generator:source=solar", "imagery_note": "osm=74.21734,32.15014 | bing=https://www.bing.com/maps?cp=32.15014~74.21734&lvl=19&style=a | google=https://www.google.com/maps/@32.15014,74.21734,200m/data=!3m1!1e3" }, "geometry": { "type": "Polygon", "coordinates": [ [ [ 74.217388258534996, 32.150056756470299 ], [ 74.217395483926893, 32.150224893557102 ], [ 74.217294785372303, 32.150228025515702 ], [ 74.217287560164706, 32.150059888426298 ], [ 74.217388258534996, 32.150056756470299 ] ] ] } },
{ "type": "Feature", "properties": { "lead_id": "pakistan-small-pv-sppi-0098", "cell": "0118_0083", "roof_area_m2": 186.4141, "est_kwp": 33.55, "p_roofclf": 0.9653, "sppi": 0.1138, "fixme": "Possible small rooftop PV (186 m2 roof, SPPI=0.114 alone -- roofclf p=0.97 shown for reference only, not used to filter this population -- not near any existing OSM solar feature; kWp estimate is UNCALIBRATED, no measured precision weight exists for SPPI alone) -- check imagery; if real, map as generator:source=solar or power=generator + generator:source=solar", "imagery_note": "osm=72.69058,32.08444 | bing=https://www.bing.com/maps?cp=32.08444~72.69058&lvl=19&style=a | google=https://www.google.com/maps/@32.08444,72.69058,200m/data=!3m1!1e3" }, "geometry": { "type": "Polygon", "coordinates": [ [ [ 72.690612306241107, 32.084342213461902 ], [ 72.690652905195094, 32.084520674714902 ], [ 72.6905567991179, 32.084536521914202 ], [ 72.690516200347503, 32.084358060639097 ], [ 72.690612306241107, 32.084342213461902 ] ] ] } },
{ "type": "Feature", "properties": { "lead_id": "pakistan-small-pv-sppi-0099", "cell": "0135_0077", "roof_area_m2": 115.16, "est_kwp": 20.73, "p_roofclf": 0.9766, "sppi": 0.1138, "fixme": "Possible small rooftop PV (115 m2 roof, SPPI=0.114 alone -- roofclf p=0.98 shown for reference only, not used to filter this population -- not near any existing OSM solar feature; kWp estimate is UNCALIBRATED, no measured precision weight exists for SPPI alone) -- check imagery; if real, map as generator:source=solar or power=generator + generator:source=solar", "imagery_note": "osm=74.36552,31.48691 | bing=https://www.bing.com/maps?cp=31.48691~74.36552&lvl=19&style=a | google=https://www.google.com/maps/@31.48691,74.36552,200m/data=!3m1!1e3" }, "geometry": { "type": "Polygon", "coordinates": [ [ [ 74.365596299706596, 31.486867455347799 ], [ 74.365564232244395, 31.486885449139503 ], [ 74.365593185375801, 31.486923340247703 ], [ 74.365506139782696, 31.486972183466605 ], [ 74.3654493059571, 31.486897804628899 ], [ 74.3655684189645, 31.486830967662399 ], [ 74.365596299706596, 31.486867455347799 ] ] ] } },
{ "type": "Feature", "properties": { "lead_id": "pakistan-small-pv-sppi-0100", "cell": "0122_0098", "roof_area_m2": 57.4891, "est_kwp": 10.35, "p_roofclf": 0.9446, "sppi": 0.1137, "fixme": "Possible small rooftop PV (57 m2 roof, SPPI=0.114 alone -- roofclf p=0.94 shown for reference only, not used to filter this population -- not near any existing OSM solar feature; kWp estimate is UNCALIBRATED, no measured precision weight exists for SPPI alone) -- check imagery; if real, map as generator:source=solar or power=generator + generator:source=solar", "imagery_note": "osm=73.09879,33.60373 | bing=https://www.bing.com/maps?cp=33.60373~73.09879&lvl=19&style=a | google=https://www.google.com/maps/@33.60373,73.09879,200m/data=!3m1!1e3" }, "geometry": { "type": "Polygon", "coordinates": [ [ [ 73.098850075294806, 33.603733625896105 ], [ 73.0988009201415, 33.603780377666297 ], [ 73.098733612045393, 33.6037308257823 ], [ 73.098782767204298, 33.603684074038711 ], [ 73.098850075294806, 33.603733625896105 ] ] ] } },
{ "type": "Feature", "properties": { "lead_id": "pakistan-small-pv-sppi-0101", "cell": "0121_0077", "roof_area_m2": 129.5515, "est_kwp": 23.32, "p_roofclf": 0.9984, "sppi": 0.1136, "fixme": "Possible small rooftop PV (130 m2 roof, SPPI=0.114 alone -- roofclf p=1.00 shown for reference only, not used to filter this population -- not near any existing OSM solar feature; kWp estimate is UNCALIBRATED, no measured precision weight exists for SPPI alone) -- check imagery; if real, map as generator:source=solar or power=generator + generator:source=solar", "imagery_note": "osm=73.03615,31.44613 | bing=https://www.bing.com/maps?cp=31.44613~73.03615&lvl=19&style=a | google=https://www.google.com/maps/@31.44613,73.03615,200m/data=!3m1!1e3" }, "geometry": { "type": "Polygon", "coordinates": [ [ [ 73.036143415175502, 31.4460324996972 ], [ 73.036174784436, 31.446064402096496 ], [ 73.036151582522294, 31.446081170322802 ], [ 73.036239905616313, 31.446170994387604 ], [ 73.036187005182398, 31.4462092259771 ], [ 73.036067312855806, 31.4460874994598 ], [ 73.036143415175502, 31.4460324996972 ] ] ] } },
{ "type": "Feature", "properties": { "lead_id": "pakistan-small-pv-sppi-0102", "cell": "0111_0103", "roof_area_m2": 139.2388, "est_kwp": 25.06, "p_roofclf": 0.9987, "sppi": 0.1136, "fixme": "Possible small rooftop PV (139 m2 roof, SPPI=0.114 alone -- roofclf p=1.00 shown for reference only, not used to filter this population -- not near any existing OSM solar feature; kWp estimate is UNCALIBRATED, no measured precision weight exists for SPPI alone) -- check imagery; if real, map as generator:source=solar or power=generator + generator:source=solar", "imagery_note": "osm=71.98924,34.09593 | bing=https://www.bing.com/maps?cp=34.09593~71.98924&lvl=19&style=a | google=https://www.google.com/maps/@34.09593,71.98924,200m/data=!3m1!1e3" }, "geometry": { "type": "Polygon", "coordinates": [ [ [ 71.989290303952998, 34.095868305347999 ], [ 71.989288713144802, 34.095999510712801 ], [ 71.989185077136796, 34.095998641017196 ], [ 71.989186668105106, 34.095867435645104 ], [ 71.989290303952998, 34.095868305347999 ] ] ] } },
{ "type": "Feature", "properties": { "lead_id": "pakistan-small-pv-sppi-0103", "cell": "0132_0088", "roof_area_m2": 29.9741, "est_kwp": 5.4, "p_roofclf": 0.9947, "sppi": 0.1135, "fixme": "Possible small rooftop PV (30 m2 roof, SPPI=0.114 alone -- roofclf p=0.99 shown for reference only, not used to filter this population -- not near any existing OSM solar feature; kWp estimate is UNCALIBRATED, no measured precision weight exists for SPPI alone) -- check imagery; if real, map as generator:source=solar or power=generator + generator:source=solar", "imagery_note": "osm=74.06290,32.57684 | bing=https://www.bing.com/maps?cp=32.57684~74.06290&lvl=19&style=a | google=https://www.google.com/maps/@32.57684,74.06290,200m/data=!3m1!1e3" }, "geometry": { "type": "Polygon", "coordinates": [ [ [ 74.062938544751802, 32.576846569526197 ], [ 74.062863443691995, 32.576860243305902 ], [ 74.062854145052796, 32.576823629937699 ], [ 74.062929246083215, 32.576809956162904 ], [ 74.062938544751802, 32.576846569526197 ] ] ] } },
{ "type": "Feature", "properties": { "lead_id": "pakistan-small-pv-sppi-0104", "cell": "0107_0105", "roof_area_m2": 73.2684, "est_kwp": 13.19, "p_roofclf": 0.9739, "sppi": 0.1133, "fixme": "Possible small rooftop PV (73 m2 roof, SPPI=0.113 alone -- roofclf p=0.97 shown for reference only, not used to filter this population -- not near any existing OSM solar feature; kWp estimate is UNCALIBRATED, no measured precision weight exists for SPPI alone) -- check imagery; if real, map as generator:source=solar or power=generator + generator:source=solar", "imagery_note": "osm=71.56843,34.21009 | bing=https://www.bing.com/maps?cp=34.21009~71.56843&lvl=19&style=a | google=https://www.google.com/maps/@34.21009,71.56843,200m/data=!3m1!1e3" }, "geometry": { "type": "Polygon", "coordinates": [ [ [ 71.568487928517797, 34.210103464104598 ], [ 71.568400205960302, 34.210135826599803 ], [ 71.568363737191902, 34.210067596374302 ], [ 71.568451459695893, 34.210035233907504 ], [ 71.568487928517797, 34.210103464104598 ] ] ] } },
{ "type": "Feature", "properties": { "lead_id": "pakistan-small-pv-sppi-0105", "cell": "0080_0039", "roof_area_m2": 82.8454, "est_kwp": 14.91, "p_roofclf": 0.9998, "sppi": 0.1133, "fixme": "Possible small rooftop PV (83 m2 roof, SPPI=0.113 alone -- roofclf p=1.00 shown for reference only, not used to filter this population -- not near any existing OSM solar feature; kWp estimate is UNCALIBRATED, no measured precision weight exists for SPPI alone) -- check imagery; if real, map as generator:source=solar or power=generator + generator:source=solar", "imagery_note": "osm=68.91859,27.68492 | bing=https://www.bing.com/maps?cp=27.68492~68.91859&lvl=19&style=a | google=https://www.google.com/maps/@27.68492,68.91859,200m/data=!3m1!1e3" }, "geometry": { "type": "Polygon", "coordinates": [ [ [ 68.918632420241707, 27.684886857870598 ], [ 68.918642894159504, 27.684987399718704 ], [ 68.918590743459802, 27.6849917049075 ], [ 68.918586911511795, 27.684954920900804 ], [ 68.918551484363803, 27.684957845501398 ], [ 68.918544842461799, 27.684894087654499 ], [ 68.918632420241707, 27.684886857870598 ] ] ] } },
{ "type": "Feature", "properties": { "lead_id": "pakistan-small-pv-sppi-0106", "cell": "0106_0102", "roof_area_m2": 63.427, "est_kwp": 11.42, "p_roofclf": 0.9672, "sppi": 0.1132, "fixme": "Possible small rooftop PV (63 m2 roof, SPPI=0.113 alone -- roofclf p=0.97 shown for reference only, not used to filter this population -- not near any existing OSM solar feature; kWp estimate is UNCALIBRATED, no measured precision weight exists for SPPI alone) -- check imagery; if real, map as generator:source=solar or power=generator + generator:source=solar", "imagery_note": "osm=71.51993,34.00754 | bing=https://www.bing.com/maps?cp=34.00754~71.51993&lvl=19&style=a | google=https://www.google.com/maps/@34.00754,71.51993,200m/data=!3m1!1e3" }, "geometry": { "type": "Polygon", "coordinates": [ [ [ 71.519961852948811, 34.007491758097103 ], [ 71.519982245530201, 34.007567495540101 ], [ 71.519904450630506, 34.007582023236004 ], [ 71.519884058112893, 34.007506285776898 ], [ 71.519961852948811, 34.007491758097103 ] ] ] } },
{ "type": "Feature", "properties": { "lead_id": "pakistan-small-pv-sppi-0107", "cell": "0106_0103", "roof_area_m2": 63.427, "est_kwp": 11.42, "p_roofclf": 0.9672, "sppi": 0.1132, "fixme": "Possible small rooftop PV (63 m2 roof, SPPI=0.113 alone -- roofclf p=0.97 shown for reference only, not used to filter this population -- not near any existing OSM solar feature; kWp estimate is UNCALIBRATED, no measured precision weight exists for SPPI alone) -- check imagery; if real, map as generator:source=solar or power=generator + generator:source=solar", "imagery_note": "osm=71.51993,34.00754 | bing=https://www.bing.com/maps?cp=34.00754~71.51993&lvl=19&style=a | google=https://www.google.com/maps/@34.00754,71.51993,200m/data=!3m1!1e3" }, "geometry": { "type": "Polygon", "coordinates": [ [ [ 71.519961852948811, 34.007491758097103 ], [ 71.519982245530201, 34.007567495540101 ], [ 71.519904450630506, 34.007582023236004 ], [ 71.519884058112893, 34.007506285776898 ], [ 71.519961852948811, 34.007491758097103 ] ] ] } },
{ "type": "Feature", "properties": { "lead_id": "pakistan-small-pv-sppi-0108", "cell": "0106_0102", "roof_area_m2": 46.2372, "est_kwp": 8.32, "p_roofclf": 0.954, "sppi": 0.1132, "fixme": "Possible small rooftop PV (46 m2 roof, SPPI=0.113 alone -- roofclf p=0.95 shown for reference only, not used to filter this population -- not near any existing OSM solar feature; kWp estimate is UNCALIBRATED, no measured precision weight exists for SPPI alone) -- check imagery; if real, map as generator:source=solar or power=generator + generator:source=solar", "imagery_note": "osm=71.51986,34.00755 | bing=https://www.bing.com/maps?cp=34.00755~71.51986&lvl=19&style=a | google=https://www.google.com/maps/@34.00755,71.51986,200m/data=!3m1!1e3" }, "geometry": { "type": "Polygon", "coordinates": [ [ [ 71.519889375877199, 34.007509302355203 ], [ 71.519905871650906, 34.007572520440299 ], [ 71.5198377312242, 34.007584852062401 ], [ 71.519821235497403, 34.007521633965702 ], [ 71.519889375877199, 34.007509302355203 ] ] ] } },
{ "type": "Feature", "properties": { "lead_id": "pakistan-small-pv-sppi-0109", "cell": "0106_0103", "roof_area_m2": 46.2372, "est_kwp": 8.32, "p_roofclf": 0.954, "sppi": 0.1132, "fixme": "Possible small rooftop PV (46 m2 roof, SPPI=0.113 alone -- roofclf p=0.95 shown for reference only, not used to filter this population -- not near any existing OSM solar feature; kWp estimate is UNCALIBRATED, no measured precision weight exists for SPPI alone) -- check imagery; if real, map as generator:source=solar or power=generator + generator:source=solar", "imagery_note": "osm=71.51986,34.00755 | bing=https://www.bing.com/maps?cp=34.00755~71.51986&lvl=19&style=a | google=https://www.google.com/maps/@34.00755,71.51986,200m/data=!3m1!1e3" }, "geometry": { "type": "Polygon", "coordinates": [ [ [ 71.519889375877199, 34.007509302355203 ], [ 71.519905871650906, 34.007572520440299 ], [ 71.5198377312242, 34.007584852062401 ], [ 71.519821235497403, 34.007521633965702 ], [ 71.519889375877199, 34.007509302355203 ] ] ] } },
{ "type": "Feature", "properties": { "lead_id": "pakistan-small-pv-sppi-0110", "cell": "0134_0077", "roof_area_m2": 77.1372, "est_kwp": 13.88, "p_roofclf": 0.9594, "sppi": 0.1128, "fixme": "Possible small rooftop PV (77 m2 roof, SPPI=0.113 alone -- roofclf p=0.96 shown for reference only, not used to filter this population -- not near any existing OSM solar feature; kWp estimate is UNCALIBRATED, no measured precision weight exists for SPPI alone) -- check imagery; if real, map as generator:source=solar or power=generator + generator:source=solar", "imagery_note": "osm=74.33383,31.50068 | bing=https://www.bing.com/maps?cp=31.50068~74.33383&lvl=19&style=a | google=https://www.google.com/maps/@31.50068,74.33383,200m/data=!3m1!1e3" }, "geometry": { "type": "Polygon", "coordinates": [ [ [ 74.333889550058899, 31.500653303977003 ], [ 74.333859008330506, 31.500727795520998 ], [ 74.333771573344507, 31.500701478122899 ], [ 74.333802115133096, 31.5006269866008 ], [ 74.333889550058899, 31.500653303977003 ] ] ] } },
{ "type": "Feature", "properties": { "lead_id": "pakistan-small-pv-sppi-0111", "cell": "0219_0116", "roof_area_m2": 77.1372, "est_kwp": 13.88, "p_roofclf": 0.9594, "sppi": 0.1128, "fixme": "Possible small rooftop PV (77 m2 roof, SPPI=0.113 alone -- roofclf p=0.96 shown for reference only, not used to filter this population -- not near any existing OSM solar feature; kWp estimate is UNCALIBRATED, no measured precision weight exists for SPPI alone) -- check imagery; if real, map as generator:source=solar or power=generator + generator:source=solar", "imagery_note": "osm=74.33383,31.50068 | bing=https://www.bing.com/maps?cp=31.50068~74.33383&lvl=19&style=a | google=https://www.google.com/maps/@31.50068,74.33383,200m/data=!3m1!1e3" }, "geometry": { "type": "Polygon", "coordinates": [ [ [ 74.333889550058899, 31.500653303977003 ], [ 74.333859008330506, 31.500727795520998 ], [ 74.333771573344507, 31.500701478122899 ], [ 74.333802115133096, 31.5006269866008 ], [ 74.333889550058899, 31.500653303977003 ] ] ] } },
{ "type": "Feature", "properties": { "lead_id": "pakistan-small-pv-sppi-0112", "cell": "0134_0078", "roof_area_m2": 202.8998, "est_kwp": 36.52, "p_roofclf": 0.9836, "sppi": 0.1127, "fixme": "Possible small rooftop PV (203 m2 roof, SPPI=0.113 alone -- roofclf p=0.98 shown for reference only, not used to filter this population -- not near any existing OSM solar feature; kWp estimate is UNCALIBRATED, no measured precision weight exists for SPPI alone) -- check imagery; if real, map as generator:source=solar or power=generator + generator:source=solar", "imagery_note": "osm=74.28114,31.58025 | bing=https://www.bing.com/maps?cp=31.58025~74.28114&lvl=19&style=a | google=https://www.google.com/maps/@31.58025,74.28114,200m/data=!3m1!1e3" }, "geometry": { "type": "Polygon", "coordinates": [ [ [ 74.2811838, 31.5801469 ], [ 74.2811797, 31.5803613 ], [ 74.2810899, 31.5803601 ], [ 74.281094, 31.5801456 ], [ 74.2811838, 31.5801469 ] ] ] } },
{ "type": "Feature", "properties": { "lead_id": "pakistan-small-pv-sppi-0113", "cell": "0219_0117", "roof_area_m2": 202.8998, "est_kwp": 36.52, "p_roofclf": 0.9836, "sppi": 0.1127, "fixme": "Possible small rooftop PV (203 m2 roof, SPPI=0.113 alone -- roofclf p=0.98 shown for reference only, not used to filter this population -- not near any existing OSM solar feature; kWp estimate is UNCALIBRATED, no measured precision weight exists for SPPI alone) -- check imagery; if real, map as generator:source=solar or power=generator + generator:source=solar", "imagery_note": "osm=74.28114,31.58025 | bing=https://www.bing.com/maps?cp=31.58025~74.28114&lvl=19&style=a | google=https://www.google.com/maps/@31.58025,74.28114,200m/data=!3m1!1e3" }, "geometry": { "type": "Polygon", "coordinates": [ [ [ 74.2811838, 31.5801469 ], [ 74.2811797, 31.5803613 ], [ 74.2810899, 31.5803601 ], [ 74.281094, 31.5801456 ], [ 74.2811838, 31.5801469 ] ] ] } },
{ "type": "Feature", "properties": { "lead_id": "pakistan-small-pv-sppi-0114", "cell": "0121_0099", "roof_area_m2": 21.2871, "est_kwp": 3.83, "p_roofclf": 0.9938, "sppi": 0.1125, "fixme": "Possible small rooftop PV (21 m2 roof, SPPI=0.113 alone -- roofclf p=0.99 shown for reference only, not used to filter this population -- not near any existing OSM solar feature; kWp estimate is UNCALIBRATED, no measured precision weight exists for SPPI alone) -- check imagery; if real, map as generator:source=solar or power=generator + generator:source=solar", "imagery_note": "osm=73.02239,33.62280 | bing=https://www.bing.com/maps?cp=33.62280~73.02239&lvl=19&style=a | google=https://www.google.com/maps/@33.62280,73.02239,200m/data=!3m1!1e3" }, "geometry": { "type": "Polygon", "coordinates": [ [ [ 73.022426199290294, 33.622788921897502 ], [ 73.022418965964803, 33.622823606365706 ], [ 73.022361116474599, 33.622815162702899 ], [ 73.022368349822202, 33.622780478238802 ], [ 73.022426199290294, 33.622788921897502 ] ] ] } },
{ "type": "Feature", "properties": { "lead_id": "pakistan-small-pv-sppi-0115", "cell": "0119_0100", "roof_area_m2": 81.0536, "est_kwp": 14.59, "p_roofclf": 0.9955, "sppi": 0.1124, "fixme": "Possible small rooftop PV (81 m2 roof, SPPI=0.112 alone -- roofclf p=1.00 shown for reference only, not used to filter this population -- not near any existing OSM solar feature; kWp estimate is UNCALIBRATED, no measured precision weight exists for SPPI alone) -- check imagery; if real, map as generator:source=solar or power=generator + generator:source=solar", "imagery_note": "osm=72.74252,33.75649 | bing=https://www.bing.com/maps?cp=33.75649~72.74252&lvl=19&style=a | google=https://www.google.com/maps/@33.75649,72.74252,200m/data=!3m1!1e3" }, "geometry": { "type": "Polygon", "coordinates": [ [ [ 72.742526969102698, 33.756426460349097 ], [ 72.742582805947805, 33.756538800137307 ], [ 72.742522938209106, 33.756559560923797 ], [ 72.742467101432396, 33.756447221111699 ], [ 72.742526969102698, 33.756426460349097 ] ] ] } },
{ "type": "Feature", "properties": { "lead_id": "pakistan-small-pv-sppi-0116", "cell": "0120_0102", "roof_area_m2": 23.6938, "est_kwp": 4.26, "p_roofclf": 0.9875, "sppi": 0.1124, "fixme": "Possible small rooftop PV (24 m2 roof, SPPI=0.112 alone -- roofclf p=0.99 shown for reference only, not used to filter this population -- not near any existing OSM solar feature; kWp estimate is UNCALIBRATED, no measured precision weight exists for SPPI alone) -- check imagery; if real, map as generator:source=solar or power=generator + generator:source=solar", "imagery_note": "osm=72.92089,33.97401 | bing=https://www.bing.com/maps?cp=33.97401~72.92089&lvl=19&style=a | google=https://www.google.com/maps/@33.97401,72.92089,200m/data=!3m1!1e3" }, "geometry": { "type": "Polygon", "coordinates": [ [ [ 72.920920498676594, 33.97402747074041 ], [ 72.920865113591105, 33.974036199542802 ], [ 72.920855967732905, 33.973995919139199 ], [ 72.920911352792501, 33.973987190339997 ], [ 72.920920498676594, 33.97402747074041 ] ] ] } },
{ "type": "Feature", "properties": { "lead_id": "pakistan-small-pv-sppi-0117", "cell": "0111_0104", "roof_area_m2": 35.5428, "est_kwp": 6.4, "p_roofclf": 0.963, "sppi": 0.1122, "fixme": "Possible small rooftop PV (36 m2 roof, SPPI=0.112 alone -- roofclf p=0.96 shown for reference only, not used to filter this population -- not near any existing OSM solar feature; kWp estimate is UNCALIBRATED, no measured precision weight exists for SPPI alone) -- check imagery; if real, map as generator:source=solar or power=generator + generator:source=solar", "imagery_note": "osm=72.03458,34.12151 | bing=https://www.bing.com/maps?cp=34.12151~72.03458&lvl=19&style=a | google=https://www.google.com/maps/@34.12151,72.03458,200m/data=!3m1!1e3" }, "geometry": { "type": "Polygon", "coordinates": [ [ [ 72.034634397194907, 34.1214936009208 ], [ 72.034631293704706, 34.121526701612098 ], [ 72.034527023681093, 34.121519939514499 ], [ 72.034530127211298, 34.121486838827998 ], [ 72.034634397194907, 34.1214936009208 ] ] ] } },
{ "type": "Feature", "properties": { "lead_id": "pakistan-small-pv-sppi-0118", "cell": "0122_0098", "roof_area_m2": 98.569, "est_kwp": 17.74, "p_roofclf": 0.9926, "sppi": 0.1121, "fixme": "Possible small rooftop PV (99 m2 roof, SPPI=0.112 alone -- roofclf p=0.99 shown for reference only, not used to filter this population -- not near any existing OSM solar feature; kWp estimate is UNCALIBRATED, no measured precision weight exists for SPPI alone) -- check imagery; if real, map as generator:source=solar or power=generator + generator:source=solar", "imagery_note": "osm=73.09646,33.52291 | bing=https://www.bing.com/maps?cp=33.52291~73.09646&lvl=19&style=a | google=https://www.google.com/maps/@33.52291,73.09646,200m/data=!3m1!1e3" }, "geometry": { "type": "Polygon", "coordinates": [ [ [ 73.096556469141504, 33.522929714215003 ], [ 73.096372172049598, 33.522938157685893 ], [ 73.096368793619803, 33.522886425393409 ], [ 73.096553090600295, 33.5228779819249 ], [ 73.096556469141504, 33.522929714215003 ] ] ] } },
{ "type": "Feature", "properties": { "lead_id": "pakistan-small-pv-sppi-0119", "cell": "0122_0076", "roof_area_m2": 361.1116, "est_kwp": 65.0, "p_roofclf": 0.9767, "sppi": 0.1119, "fixme": "Possible small rooftop PV (361 m2 roof, SPPI=0.112 alone -- roofclf p=0.98 shown for reference only, not used to filter this population -- not near any existing OSM solar feature; kWp estimate is UNCALIBRATED, no measured precision weight exists for SPPI alone) -- check imagery; if real, map as generator:source=solar or power=generator + generator:source=solar", "imagery_note": "osm=73.12467,31.40710 | bing=https://www.bing.com/maps?cp=31.40710~73.12467&lvl=19&style=a | google=https://www.google.com/maps/@31.40710,73.12467,200m/data=!3m1!1e3" }, "geometry": { "type": "Polygon", "coordinates": [ [ [ 73.124843242105698, 31.407192362621906 ], [ 73.124768144026604, 31.407250466237699 ], [ 73.124503909193706, 31.406999241074605 ], [ 73.124579007218898, 31.406941137610207 ], [ 73.124843242105698, 31.407192362621906 ] ] ] } },
{ "type": "Feature", "properties": { "lead_id": "pakistan-small-pv-sppi-0120", "cell": "0219_0117", "roof_area_m2": 60.7642, "est_kwp": 10.94, "p_roofclf": 0.9053, "sppi": 0.1119, "fixme": "Possible small rooftop PV (61 m2 roof, SPPI=0.112 alone -- roofclf p=0.91 shown for reference only, not used to filter this population -- not near any existing OSM solar feature; kWp estimate is UNCALIBRATED, no measured precision weight exists for SPPI alone) -- check imagery; if real, map as generator:source=solar or power=generator + generator:source=solar", "imagery_note": "osm=74.32217,31.51936 | bing=https://www.bing.com/maps?cp=31.51936~74.32217&lvl=19&style=a | google=https://www.google.com/maps/@31.51936,74.32217,200m/data=!3m1!1e3" }, "geometry": { "type": "Polygon", "coordinates": [ [ [ 74.322251188668602, 31.519346159231102 ], [ 74.322247479324204, 31.519383253335903 ], [ 74.322093195550394, 31.519371931644102 ], [ 74.322096904955103, 31.519334837544612 ], [ 74.322251188668602, 31.519346159231102 ] ] ] } },
{ "type": "Feature", "properties": { "lead_id": "pakistan-small-pv-sppi-0121", "cell": "0207_0116", "roof_area_m2": 82.6321, "est_kwp": 14.87, "p_roofclf": 0.9835, "sppi": 0.111, "fixme": "Possible small rooftop PV (83 m2 roof, SPPI=0.111 alone -- roofclf p=0.98 shown for reference only, not used to filter this population -- not near any existing OSM solar feature; kWp estimate is UNCALIBRATED, no measured precision weight exists for SPPI alone) -- check imagery; if real, map as generator:source=solar or power=generator + generator:source=solar", "imagery_note": "osm=73.08689,31.45270 | bing=https://www.bing.com/maps?cp=31.45270~73.08689&lvl=19&style=a | google=https://www.google.com/maps/@31.45270,73.08689,200m/data=!3m1!1e3" }, "geometry": { "type": "Polygon", "coordinates": [ [ [ 73.086946398198293, 31.452675408546099 ], [ 73.086916733991998, 31.452752274027503 ], [ 73.086824868436196, 31.452726220001306 ], [ 73.086854532706397, 31.452649354543293 ], [ 73.086946398198293, 31.452675408546099 ] ] ] } },
{ "type": "Feature", "properties": { "lead_id": "pakistan-small-pv-sppi-0122", "cell": "0122_0099", "roof_area_m2": 53.2187, "est_kwp": 9.58, "p_roofclf": 0.9706, "sppi": 0.1107, "fixme": "Possible small rooftop PV (53 m2 roof, SPPI=0.111 alone -- roofclf p=0.97 shown for reference only, not used to filter this population -- not near any existing OSM solar feature; kWp estimate is UNCALIBRATED, no measured precision weight exists for SPPI alone) -- check imagery; if real, map as generator:source=solar or power=generator + generator:source=solar", "imagery_note": "osm=73.05775,33.66712 | bing=https://www.bing.com/maps?cp=33.66712~73.05775&lvl=19&style=a | google=https://www.google.com/maps/@33.66712,73.05775,200m/data=!3m1!1e3" }, "geometry": { "type": "Polygon", "coordinates": [ [ [ 73.057835812428195, 33.667143898651304 ], [ 73.057818532730494, 33.667167588692003 ], [ 73.0577914230402, 33.667153763502903 ], [ 73.057775842364094, 33.6671751242041 ], [ 73.057706426430997, 33.667139723955493 ], [ 73.0577392868299, 33.667094673236498 ], [ 73.057835812428195, 33.667143898651304 ] ] ] } },
{ "type": "Feature", "properties": { "lead_id": "pakistan-small-pv-sppi-0123", "cell": "0114_0075", "roof_area_m2": 141.6957, "est_kwp": 25.51, "p_roofclf": 0.9995, "sppi": 0.1101, "fixme": "Possible small rooftop PV (142 m2 roof, SPPI=0.110 alone -- roofclf p=1.00 shown for reference only, not used to filter this population -- not near any existing OSM solar feature; kWp estimate is UNCALIBRATED, no measured precision weight exists for SPPI alone) -- check imagery; if real, map as generator:source=solar or power=generator + generator:source=solar", "imagery_note": "osm=72.32841,31.22606 | bing=https://www.bing.com/maps?cp=31.22606~72.32841&lvl=19&style=a | google=https://www.google.com/maps/@31.22606,72.32841,200m/data=!3m1!1e3" }, "geometry": { "type": "Polygon", "coordinates": [ [ [ 72.328462273573805, 31.225974540947298 ], [ 72.328422002788301, 31.226151859182409 ], [ 72.328349196991894, 31.226139648597602 ], [ 72.328389467904913, 31.225962330392601 ], [ 72.328462273573805, 31.225974540947298 ] ] ] } },
{ "type": "Feature", "properties": { "lead_id": "pakistan-small-pv-sppi-0124", "cell": "0074_0016", "roof_area_m2": 52.7985, "est_kwp": 9.5, "p_roofclf": 0.9974, "sppi": 0.11, "fixme": "Possible small rooftop PV (53 m2 roof, SPPI=0.110 alone -- roofclf p=1.00 shown for reference only, not used to filter this population -- not near any existing OSM solar feature; kWp estimate is UNCALIBRATED, no measured precision weight exists for SPPI alone) -- check imagery; if real, map as generator:source=solar or power=generator + generator:source=solar", "imagery_note": "osm=68.33454,25.37505 | bing=https://www.bing.com/maps?cp=25.37505~68.33454&lvl=19&style=a | google=https://www.google.com/maps/@25.37505,68.33454,200m/data=!3m1!1e3" }, "geometry": { "type": "Polygon", "coordinates": [ [ [ 68.334573111043397, 25.375002319485102 ], [ 68.334555508423705, 25.375100164541703 ], [ 68.334508462274798, 25.375093178902102 ], [ 68.334526064930998, 25.374995333851899 ], [ 68.334573111043397, 25.375002319485102 ] ] ] } },
{ "type": "Feature", "properties": { "lead_id": "pakistan-small-pv-sppi-0125", "cell": "0207_0116", "roof_area_m2": 390.171, "est_kwp": 70.23, "p_roofclf": 0.9888, "sppi": 0.1095, "fixme": "Possible small rooftop PV (390 m2 roof, SPPI=0.110 alone -- roofclf p=0.99 shown for reference only, not used to filter this population -- not near any existing OSM solar feature; kWp estimate is UNCALIBRATED, no measured precision weight exists for SPPI alone) -- check imagery; if real, map as generator:source=solar or power=generator + generator:source=solar", "imagery_note": "osm=73.12483,31.40697 | bing=https://www.bing.com/maps?cp=31.40697~73.12483&lvl=19&style=a | google=https://www.google.com/maps/@31.40697,73.12483,200m/data=!3m1!1e3" }, "geometry": { "type": "Polygon", "coordinates": [ [ [ 73.125006918617103, 31.4070645991582 ], [ 73.124925643285493, 31.407127508064701 ], [ 73.124661833571594, 31.4068767897855 ], [ 73.124743108836697, 31.406813881045604 ], [ 73.125006918617103, 31.4070645991582 ] ] ] } },
{ "type": "Feature", "properties": { "lead_id": "pakistan-small-pv-sppi-0126", "cell": "0080_0039", "roof_area_m2": 14.4526, "est_kwp": 2.6, "p_roofclf": 0.8284, "sppi": 0.1093, "fixme": "Possible small rooftop PV (14 m2 roof, SPPI=0.109 alone -- roofclf p=0.83 shown for reference only, not used to filter this population -- not near any existing OSM solar feature; kWp estimate is UNCALIBRATED, no measured precision weight exists for SPPI alone) -- check imagery; if real, map as generator:source=solar or power=generator + generator:source=solar", "imagery_note": "osm=68.85521,27.69134 | bing=https://www.bing.com/maps?cp=27.69134~68.85521&lvl=19&style=a | google=https://www.google.com/maps/@27.69134,68.85521,200m/data=!3m1!1e3" }, "geometry": { "type": "Polygon", "coordinates": [ [ [ 68.855235970976196, 27.691322646112599 ], [ 68.855233122250596, 27.691353804551898 ], [ 68.855191033989499, 27.691350755560901 ], [ 68.855193882726994, 27.691319597122501 ], [ 68.855235970976196, 27.691322646112599 ] ] ] } },
{ "type": "Feature", "properties": { "lead_id": "pakistan-small-pv-sppi-0127", "cell": "0207_0116", "roof_area_m2": 397.4609, "est_kwp": 71.54, "p_roofclf": 0.9888, "sppi": 0.1088, "fixme": "Possible small rooftop PV (397 m2 roof, SPPI=0.109 alone -- roofclf p=0.99 shown for reference only, not used to filter this population -- not near any existing OSM solar feature; kWp estimate is UNCALIBRATED, no measured precision weight exists for SPPI alone) -- check imagery; if real, map as generator:source=solar or power=generator + generator:source=solar", "imagery_note": "osm=73.12475,31.40703 | bing=https://www.bing.com/maps?cp=31.40703~73.12475&lvl=19&style=a | google=https://www.google.com/maps/@31.40703,73.12475,200m/data=!3m1!1e3" }, "geometry": { "type": "Polygon", "coordinates": [ [ [ 73.124925899411195, 31.407128410271305 ], [ 73.124843242105698, 31.407192362621906 ], [ 73.124579007218898, 31.406941137610207 ], [ 73.124661664465208, 31.406877185426005 ], [ 73.124925899411195, 31.407128410271305 ] ] ] } },
{ "type": "Feature", "properties": { "lead_id": "pakistan-small-pv-sppi-0128", "cell": "0122_0099", "roof_area_m2": 13.4878, "est_kwp": 2.43, "p_roofclf": 0.9782, "sppi": 0.1088, "fixme": "Possible small rooftop PV (13 m2 roof, SPPI=0.109 alone -- roofclf p=0.98 shown for reference only, not used to filter this population -- not near any existing OSM solar feature; kWp estimate is UNCALIBRATED, no measured precision weight exists for SPPI alone) -- check imagery; if real, map as generator:source=solar or power=generator + generator:source=solar", "imagery_note": "osm=73.06831,33.64539 | bing=https://www.bing.com/maps?cp=33.64539~73.06831&lvl=19&style=a | google=https://www.google.com/maps/@33.64539,73.06831,200m/data=!3m1!1e3" }, "geometry": { "type": "Polygon", "coordinates": [ [ [ 73.068333693152695, 33.645378276408898 ], [ 73.0683366103342, 33.645402758819699 ], [ 73.068283613687996, 33.645407176092597 ], [ 73.068280696521498, 33.645382693681107 ], [ 73.068333693152695, 33.645378276408898 ] ] ] } },
{ "type": "Feature", "properties": { "lead_id": "pakistan-small-pv-sppi-0129", "cell": "0107_0105", "roof_area_m2": 36.7587, "est_kwp": 6.62, "p_roofclf": 0.9899, "sppi": 0.1087, "fixme": "Possible small rooftop PV (37 m2 roof, SPPI=0.109 alone -- roofclf p=0.99 shown for reference only, not used to filter this population -- not near any existing OSM solar feature; kWp estimate is UNCALIBRATED, no measured precision weight exists for SPPI alone) -- check imagery; if real, map as generator:source=solar or power=generator + generator:source=solar", "imagery_note": "osm=71.54369,34.21062 | bing=https://www.bing.com/maps?cp=34.21062~71.54369&lvl=19&style=a | google=https://www.google.com/maps/@34.21062,71.54369,200m/data=!3m1!1e3" }, "geometry": { "type": "Polygon", "coordinates": [ [ [ 71.543735803587495, 34.210600268781 ], [ 71.543719296813705, 34.210648285299897 ], [ 71.543650073803803, 34.210631860391501 ], [ 71.543666580614897, 34.210583843880201 ], [ 71.543735803587495, 34.210600268781 ] ] ] } },
{ "type": "Feature", "properties": { "lead_id": "pakistan-small-pv-sppi-0130", "cell": "0075_0016", "roof_area_m2": 174.1824, "est_kwp": 31.35, "p_roofclf": 0.9987, "sppi": 0.1085, "fixme": "Possible small rooftop PV (174 m2 roof, SPPI=0.108 alone -- roofclf p=1.00 shown for reference only, not used to filter this population -- not near any existing OSM solar feature; kWp estimate is UNCALIBRATED, no measured precision weight exists for SPPI alone) -- check imagery; if real, map as generator:source=solar or power=generator + generator:source=solar", "imagery_note": "osm=68.40742,25.31792 | bing=https://www.bing.com/maps?cp=25.31792~68.40742&lvl=19&style=a | google=https://www.google.com/maps/@25.31792,68.40742,200m/data=!3m1!1e3" }, "geometry": { "type": "Polygon", "coordinates": [ [ [ 68.407525552719406, 25.317895164741699 ], [ 68.407509776986899, 25.317975602489394 ], [ 68.407321999557709, 25.317945177344704 ], [ 68.407337775409403, 25.317864739618905 ], [ 68.407525552719406, 25.317895164741699 ] ] ] } },
{ "type": "Feature", "properties": { "lead_id": "pakistan-small-pv-sppi-0131", "cell": "0061_0011", "roof_area_m2": 70.5522, "est_kwp": 12.7, "p_roofclf": 0.9233, "sppi": 0.1082, "fixme": "Possible small rooftop PV (71 m2 roof, SPPI=0.108 alone -- roofclf p=0.92 shown for reference only, not used to filter this population -- not near any existing OSM solar feature; kWp estimate is UNCALIBRATED, no measured precision weight exists for SPPI alone) -- check imagery; if real, map as generator:source=solar or power=generator + generator:source=solar", "imagery_note": "osm=67.00362,24.84790 | bing=https://www.bing.com/maps?cp=24.84790~67.00362&lvl=19&style=a | google=https://www.google.com/maps/@24.84790,67.00362,200m/data=!3m1!1e3" }, "geometry": { "type": "Polygon", "coordinates": [ [ [ 67.003696059272599, 24.847887988145796 ], [ 67.003691026886301, 24.847928903226503 ], [ 67.003539248953999, 24.847913360358504 ], [ 67.003544281388699, 24.847872445286196 ], [ 67.003696059272599, 24.847887988145796 ] ] ] } },
{ "type": "Feature", "properties": { "lead_id": "pakistan-small-pv-sppi-0132", "cell": "0106_0098", "roof_area_m2": 177.209, "est_kwp": 31.9, "p_roofclf": 0.9967, "sppi": 0.1077, "fixme": "Possible small rooftop PV (177 m2 roof, SPPI=0.108 alone -- roofclf p=1.00 shown for reference only, not used to filter this population -- not near any existing OSM solar feature; kWp estimate is UNCALIBRATED, no measured precision weight exists for SPPI alone) -- check imagery; if real, map as generator:source=solar or power=generator + generator:source=solar", "imagery_note": "osm=71.45695,33.55145 | bing=https://www.bing.com/maps?cp=33.55145~71.45695&lvl=19&style=a | google=https://www.google.com/maps/@33.55145,71.45695,200m/data=!3m1!1e3" }, "geometry": { "type": "Polygon", "coordinates": [ [ [ 71.457057298755899, 33.551434986115197 ], [ 71.457011854078502, 33.551526305399797 ], [ 71.456851390257597, 33.551470323050303 ], [ 71.456896835082404, 33.551379003817601 ], [ 71.457057298755899, 33.551434986115197 ] ] ] } },
{ "type": "Feature", "properties": { "lead_id": "pakistan-small-pv-sppi-0133", "cell": "0134_0077", "roof_area_m2": 335.0293, "est_kwp": 60.31, "p_roofclf": 0.9844, "sppi": 0.1077, "fixme": "Possible small rooftop PV (335 m2 roof, SPPI=0.108 alone -- roofclf p=0.98 shown for reference only, not used to filter this population -- not near any existing OSM solar feature; kWp estimate is UNCALIBRATED, no measured precision weight exists for SPPI alone) -- check imagery; if real, map as generator:source=solar or power=generator + generator:source=solar", "imagery_note": "osm=74.26584,31.41943 | bing=https://www.bing.com/maps?cp=31.41943~74.26584&lvl=19&style=a | google=https://www.google.com/maps/@31.41943,74.26584,200m/data=!3m1!1e3" }, "geometry": { "type": "Polygon", "coordinates": [ [ [ 74.2659702, 31.4194915 ], [ 74.265716, 31.4194867 ], [ 74.2657192, 31.4193619 ], [ 74.2659734, 31.4193666 ], [ 74.2659702, 31.4194915 ] ] ] } },
{ "type": "Feature", "properties": { "lead_id": "pakistan-small-pv-sppi-0134", "cell": "0094_0047", "roof_area_m2": 40.6478, "est_kwp": 7.32, "p_roofclf": 0.9992, "sppi": 0.1076, "fixme": "Possible small rooftop PV (41 m2 roof, SPPI=0.108 alone -- roofclf p=1.00 shown for reference only, not used to filter this population -- not near any existing OSM solar feature; kWp estimate is UNCALIBRATED, no measured precision weight exists for SPPI alone) -- check imagery; if real, map as generator:source=solar or power=generator + generator:source=solar", "imagery_note": "osm=70.26575,28.43291 | bing=https://www.bing.com/maps?cp=28.43291~70.26575&lvl=19&style=a | google=https://www.google.com/maps/@28.43291,70.26575,200m/data=!3m1!1e3" }, "geometry": { "type": "Polygon", "coordinates": [ [ [ 70.265772127002805, 28.432868570655 ], [ 70.265768771027894, 28.432949390080399 ], [ 70.265722576459197, 28.432947891225901 ], [ 70.265725932469394, 28.432867071800501 ], [ 70.265772127002805, 28.432868570655 ] ] ] } },
{ "type": "Feature", "properties": { "lead_id": "pakistan-small-pv-sppi-0135", "cell": "0134_0078", "roof_area_m2": 11.7376, "est_kwp": 2.11, "p_roofclf": 0.9526, "sppi": 0.1074, "fixme": "Possible small rooftop PV (12 m2 roof, SPPI=0.107 alone -- roofclf p=0.95 shown for reference only, not used to filter this population -- not near any existing OSM solar feature; kWp estimate is UNCALIBRATED, no measured precision weight exists for SPPI alone) -- check imagery; if real, map as generator:source=solar or power=generator + generator:source=solar", "imagery_note": "osm=74.25582,31.60777 | bing=https://www.bing.com/maps?cp=31.60777~74.25582&lvl=19&style=a | google=https://www.google.com/maps/@31.60777,74.25582,200m/data=!3m1!1e3" }, "geometry": { "type": "Polygon", "coordinates": [ [ [ 74.255837661156335, 31.607756477245939 ], [ 74.255838363712783, 31.607786161374449 ], [ 74.255800827984217, 31.607786803499131 ], [ 74.255800125427797, 31.607757119370834 ], [ 74.255837661156335, 31.607756477245939 ] ] ] } },
{ "type": "Feature", "properties": { "lead_id": "pakistan-small-pv-sppi-0136", "cell": "0133_0083", "roof_area_m2": 362.9457, "est_kwp": 65.33, "p_roofclf": 0.9955, "sppi": 0.1074, "fixme": "Possible small rooftop PV (363 m2 roof, SPPI=0.107 alone -- roofclf p=1.00 shown for reference only, not used to filter this population -- not near any existing OSM solar feature; kWp estimate is UNCALIBRATED, no measured precision weight exists for SPPI alone) -- check imagery; if real, map as generator:source=solar or power=generator + generator:source=solar", "imagery_note": "osm=74.20068,32.06349 | bing=https://www.bing.com/maps?cp=32.06349~74.20068&lvl=19&style=a | google=https://www.google.com/maps/@32.06349,74.20068,200m/data=!3m1!1e3" }, "geometry": { "type": "Polygon", "coordinates": [ [ [ 74.200759232446998, 32.063418108015298 ], [ 74.200776283531198, 32.063418438423597 ], [ 74.200772135692702, 32.063573661724305 ], [ 74.200580026500305, 32.063569938979597 ], [ 74.200584627858007, 32.063397757251202 ], [ 74.200709830591208, 32.063400183493798 ], [ 74.200710812235499, 32.063363448588099 ], [ 74.200760667233396, 32.063364414668797 ], [ 74.200759232446998, 32.063418108015298 ] ] ] } },
{ "type": "Feature", "properties": { "lead_id": "pakistan-small-pv-sppi-0137", "cell": "0135_0076", "roof_area_m2": 142.1325, "est_kwp": 25.58, "p_roofclf": 0.995, "sppi": 0.1071, "fixme": "Possible small rooftop PV (142 m2 roof, SPPI=0.107 alone -- roofclf p=0.99 shown for reference only, not used to filter this population -- not near any existing OSM solar feature; kWp estimate is UNCALIBRATED, no measured precision weight exists for SPPI alone) -- check imagery; if real, map as generator:source=solar or power=generator + generator:source=solar", "imagery_note": "osm=74.38161,31.40232 | bing=https://www.bing.com/maps?cp=31.40232~74.38161&lvl=19&style=a | google=https://www.google.com/maps/@31.40232,74.38161,200m/data=!3m1!1e3" }, "geometry": { "type": "Polygon", "coordinates": [ [ [ 74.381603299293502, 31.402176494116102 ], [ 74.381662573094104, 31.402457025188301 ], [ 74.381616090723, 31.402464250573008 ], [ 74.381556817057103, 31.4021837194813 ], [ 74.381603299293502, 31.402176494116102 ] ] ] } },
{ "type": "Feature", "properties": { "lead_id": "pakistan-small-pv-sppi-0138", "cell": "0107_0102", "roof_area_m2": 22.2461, "est_kwp": 4.0, "p_roofclf": 0.9324, "sppi": 0.107, "fixme": "Possible small rooftop PV (22 m2 roof, SPPI=0.107 alone -- roofclf p=0.93 shown for reference only, not used to filter this population -- not near any existing OSM solar feature; kWp estimate is UNCALIBRATED, no measured precision weight exists for SPPI alone) -- check imagery; if real, map as generator:source=solar or power=generator + generator:source=solar", "imagery_note": "osm=71.58923,34.00519 | bing=https://www.bing.com/maps?cp=34.00519~71.58923&lvl=19&style=a | google=https://www.google.com/maps/@34.00519,71.58923,200m/data=!3m1!1e3" }, "geometry": { "type": "Polygon", "coordinates": [ [ [ 71.589256524472404, 34.0052121193579 ], [ 71.589213013840293, 34.005222957973302 ], [ 71.589196570280606, 34.005177172611802 ], [ 71.589240080892196, 34.005166334003 ], [ 71.589256524472404, 34.0052121193579 ] ] ] } },
{ "type": "Feature", "properties": { "lead_id": "pakistan-small-pv-sppi-0139", "cell": "0132_0088", "roof_area_m2": 70.5071, "est_kwp": 12.69, "p_roofclf": 0.9424, "sppi": 0.1067, "fixme": "Possible small rooftop PV (71 m2 roof, SPPI=0.107 alone -- roofclf p=0.94 shown for reference only, not used to filter this population -- not near any existing OSM solar feature; kWp estimate is UNCALIBRATED, no measured precision weight exists for SPPI alone) -- check imagery; if real, map as generator:source=solar or power=generator + generator:source=solar", "imagery_note": "osm=74.07535,32.57513 | bing=https://www.bing.com/maps?cp=32.57513~74.07535&lvl=19&style=a | google=https://www.google.com/maps/@32.57513,74.07535,200m/data=!3m1!1e3" }, "geometry": { "type": "Polygon", "coordinates": [ [ [ 74.0753698, 32.5750652 ], [ 74.0753859, 32.5751847 ], [ 74.07533, 32.5751901 ], [ 74.0753139, 32.5750706 ], [ 74.0753698, 32.5750652 ] ] ] } },
{ "type": "Feature", "properties": { "lead_id": "pakistan-small-pv-sppi-0140", "cell": "0137_0087", "roof_area_m2": 189.5791, "est_kwp": 34.12, "p_roofclf": 0.9989, "sppi": 0.1065, "fixme": "Possible small rooftop PV (190 m2 roof, SPPI=0.106 alone -- roofclf p=1.00 shown for reference only, not used to filter this population -- not near any existing OSM solar feature; kWp estimate is UNCALIBRATED, no measured precision weight exists for SPPI alone) -- check imagery; if real, map as generator:source=solar or power=generator + generator:source=solar", "imagery_note": "osm=74.58436,32.49552 | bing=https://www.bing.com/maps?cp=32.49552~74.58436&lvl=19&style=a | google=https://www.google.com/maps/@32.49552,74.58436,200m/data=!3m1!1e3" }, "geometry": { "type": "Polygon", "coordinates": [ [ [ 74.5844276724184, 32.495589145204505 ], [ 74.584304931304899, 32.4955980845005 ], [ 74.584290022685494, 32.49545106225969 ], [ 74.584412763600398, 32.4954421229763 ], [ 74.5844276724184, 32.495589145204505 ] ] ] } },
{ "type": "Feature", "properties": { "lead_id": "pakistan-small-pv-sppi-0141", "cell": "0136_0088", "roof_area_m2": 63.3783, "est_kwp": 11.41, "p_roofclf": 0.9401, "sppi": 0.1065, "fixme": "Possible small rooftop PV (63 m2 roof, SPPI=0.106 alone -- roofclf p=0.94 shown for reference only, not used to filter this population -- not near any existing OSM solar feature; kWp estimate is UNCALIBRATED, no measured precision weight exists for SPPI alone) -- check imagery; if real, map as generator:source=solar or power=generator + generator:source=solar", "imagery_note": "osm=74.50701,32.50980 | bing=https://www.bing.com/maps?cp=32.50980~74.50701&lvl=19&style=a | google=https://www.google.com/maps/@32.50980,74.50701,200m/data=!3m1!1e3" }, "geometry": { "type": "Polygon", "coordinates": [ [ [ 74.507070799540202, 32.509831915072802 ], [ 74.507022837041006, 32.509859169347799 ], [ 74.506953651441407, 32.509771751550304 ], [ 74.507001613914497, 32.509744497301298 ], [ 74.507070799540202, 32.509831915072802 ] ] ] } },
{ "type": "Feature", "properties": { "lead_id": "pakistan-small-pv-sppi-0142", "cell": "0136_0088", "roof_area_m2": 29.0974, "est_kwp": 5.24, "p_roofclf": 0.9118, "sppi": 0.1065, "fixme": "Possible small rooftop PV (29 m2 roof, SPPI=0.106 alone -- roofclf p=0.91 shown for reference only, not used to filter this population -- not near any existing OSM solar feature; kWp estimate is UNCALIBRATED, no measured precision weight exists for SPPI alone) -- check imagery; if real, map as generator:source=solar or power=generator + generator:source=solar", "imagery_note": "osm=74.50707,32.50976 | bing=https://www.bing.com/maps?cp=32.50976~74.50707&lvl=19&style=a | google=https://www.google.com/maps/@32.50976,74.50707,200m/data=!3m1!1e3" }, "geometry": { "type": "Polygon", "coordinates": [ [ [ 74.507110537980395, 32.509769200650602 ], [ 74.507070545557298, 32.5097919260362 ], [ 74.507032451912494, 32.5097437937658 ], [ 74.507072444323697, 32.50972106839221 ], [ 74.507110537980395, 32.509769200650602 ] ] ] } },
{ "type": "Feature", "properties": { "lead_id": "pakistan-small-pv-sppi-0143", "cell": "0123_0106", "roof_area_m2": 82.1171, "est_kwp": 14.78, "p_roofclf": 0.9966, "sppi": 0.1064, "fixme": "Possible small rooftop PV (82 m2 roof, SPPI=0.106 alone -- roofclf p=1.00 shown for reference only, not used to filter this population -- not near any existing OSM solar feature; kWp estimate is UNCALIBRATED, no measured precision weight exists for SPPI alone) -- check imagery; if real, map as generator:source=solar or power=generator + generator:source=solar", "imagery_note": "osm=73.20516,34.31922 | bing=https://www.bing.com/maps?cp=34.31922~73.20516&lvl=19&style=a | google=https://www.google.com/maps/@34.31922,73.20516,200m/data=!3m1!1e3" }, "geometry": { "type": "Polygon", "coordinates": [ [ [ 73.205220812756593, 34.319162304868797 ], [ 73.205222355490307, 34.319187682073803 ], [ 73.205202264932296, 34.3191885228633 ], [ 73.205206126925404, 34.319252050958802 ], [ 73.205121642342405, 34.319255586597897 ], [ 73.205116237711195, 34.319166681296203 ], [ 73.205220812756593, 34.319162304868797 ] ] ] } },
{ "type": "Feature", "properties": { "lead_id": "pakistan-small-pv-sppi-0144", "cell": "0061_0064", "roof_area_m2": 49.0198, "est_kwp": 8.82, "p_roofclf": 0.9984, "sppi": 0.1063, "fixme": "Possible small rooftop PV (49 m2 roof, SPPI=0.106 alone -- roofclf p=1.00 shown for reference only, not used to filter this population -- not near any existing OSM solar feature; kWp estimate is UNCALIBRATED, no measured precision weight exists for SPPI alone) -- check imagery; if real, map as generator:source=solar or power=generator + generator:source=solar", "imagery_note": "osm=67.01663,30.12437 | bing=https://www.bing.com/maps?cp=30.12437~67.01663&lvl=19&style=a | google=https://www.google.com/maps/@30.12437,67.01663,200m/data=!3m1!1e3" }, "geometry": { "type": "Polygon", "coordinates": [ [ [ 67.016668693423696, 30.124394464323103 ], [ 67.016604403177595, 30.124405222905903 ], [ 67.016589178856805, 30.124336473817507 ], [ 67.016653469059094, 30.124325715240101 ], [ 67.016668693423696, 30.124394464323103 ] ] ] } },
{ "type": "Feature", "properties": { "lead_id": "pakistan-small-pv-sppi-0145", "cell": "0106_0064", "roof_area_m2": 369.3766, "est_kwp": 66.49, "p_roofclf": 0.9965, "sppi": 0.1055, "fixme": "Possible small rooftop PV (369 m2 roof, SPPI=0.105 alone -- roofclf p=1.00 shown for reference only, not used to filter this population -- not near any existing OSM solar feature; kWp estimate is UNCALIBRATED, no measured precision weight exists for SPPI alone) -- check imagery; if real, map as generator:source=solar or power=generator + generator:source=solar", "imagery_note": "osm=71.49950,30.16964 | bing=https://www.bing.com/maps?cp=30.16964~71.49950&lvl=19&style=a | google=https://www.google.com/maps/@30.16964,71.49950,200m/data=!3m1!1e3" }, "geometry": { "type": "Polygon", "coordinates": [ [ [ 71.499454280895094, 30.169889189292594 ], [ 71.499386925752404, 30.169873238813398 ], [ 71.499536719310399, 30.1693956817833 ], [ 71.499604074140507, 30.169411632203605 ], [ 71.499454280895094, 30.169889189292594 ] ] ] } },
{ "type": "Feature", "properties": { "lead_id": "pakistan-small-pv-sppi-0146", "cell": "0105_0064", "roof_area_m2": 12.7881, "est_kwp": 2.3, "p_roofclf": 0.9954, "sppi": 0.1054, "fixme": "Possible small rooftop PV (13 m2 roof, SPPI=0.105 alone -- roofclf p=1.00 shown for reference only, not used to filter this population -- not near any existing OSM solar feature; kWp estimate is UNCALIBRATED, no measured precision weight exists for SPPI alone) -- check imagery; if real, map as generator:source=solar or power=generator + generator:source=solar", "imagery_note": "osm=71.41802,30.18136 | bing=https://www.bing.com/maps?cp=30.18136~71.41802&lvl=19&style=a | google=https://www.google.com/maps/@30.18136,71.41802,200m/data=!3m1!1e3" }, "geometry": { "type": "Polygon", "coordinates": [ [ [ 71.418043256036299, 30.181345804189601 ], [ 71.418040403020996, 30.181373081022901 ], [ 71.417996898273103, 30.1813696463994 ], [ 71.4179997513004, 30.181342369566401 ], [ 71.418043256036299, 30.181345804189601 ] ] ] } },
{ "type": "Feature", "properties": { "lead_id": "pakistan-small-pv-sppi-0147", "cell": "0134_0077", "roof_area_m2": 158.0153, "est_kwp": 28.44, "p_roofclf": 0.9963, "sppi": 0.1053, "fixme": "Possible small rooftop PV (158 m2 roof, SPPI=0.105 alone -- roofclf p=1.00 shown for reference only, not used to filter this population -- not near any existing OSM solar feature; kWp estimate is UNCALIBRATED, no measured precision weight exists for SPPI alone) -- check imagery; if real, map as generator:source=solar or power=generator + generator:source=solar", "imagery_note": "osm=74.31505,31.48428 | bing=https://www.bing.com/maps?cp=31.48428~74.31505&lvl=19&style=a | google=https://www.google.com/maps/@31.48428,74.31505,200m/data=!3m1!1e3" }, "geometry": { "type": "Polygon", "coordinates": [ [ [ 74.3151248910888, 31.484224521315003 ], [ 74.315065055214305, 31.484362097838904 ], [ 74.314969412375007, 31.484331549002803 ], [ 74.315029248368205, 31.4841939725248 ], [ 74.3151248910888, 31.484224521315003 ] ] ] } },
{ "type": "Feature", "properties": { "lead_id": "pakistan-small-pv-sppi-0148", "cell": "0134_0077", "roof_area_m2": 73.5609, "est_kwp": 13.24, "p_roofclf": 0.9942, "sppi": 0.1053, "fixme": "Possible small rooftop PV (74 m2 roof, SPPI=0.105 alone -- roofclf p=0.99 shown for reference only, not used to filter this population -- not near any existing OSM solar feature; kWp estimate is UNCALIBRATED, no measured precision weight exists for SPPI alone) -- check imagery; if real, map as generator:source=solar or power=generator + generator:source=solar", "imagery_note": "osm=74.31497,31.48427 | bing=https://www.bing.com/maps?cp=31.48427~74.31497&lvl=19&style=a | google=https://www.google.com/maps/@31.48427,74.31497,200m/data=!3m1!1e3" }, "geometry": { "type": "Polygon", "coordinates": [ [ [ 74.3149694, 31.4843315 ], [ 74.3149185, 31.4843153 ], [ 74.3149553, 31.4842309 ], [ 74.3149709, 31.4841948 ], [ 74.3150218, 31.4842111 ], [ 74.3149694, 31.4843315 ] ] ] } },
{ "type": "Feature", "properties": { "lead_id": "pakistan-small-pv-sppi-0149", "cell": "0122_0099", "roof_area_m2": 30.3469, "est_kwp": 5.46, "p_roofclf": 0.9533, "sppi": 0.1053, "fixme": "Possible small rooftop PV (30 m2 roof, SPPI=0.105 alone -- roofclf p=0.95 shown for reference only, not used to filter this population -- not near any existing OSM solar feature; kWp estimate is UNCALIBRATED, no measured precision weight exists for SPPI alone) -- check imagery; if real, map as generator:source=solar or power=generator + generator:source=solar", "imagery_note": "osm=73.08281,33.70898 | bing=https://www.bing.com/maps?cp=33.70898~73.08281&lvl=19&style=a | google=https://www.google.com/maps/@33.70898,73.08281,200m/data=!3m1!1e3" }, "geometry": { "type": "Polygon", "coordinates": [ [ [ 73.082846574618301, 33.708965519944897 ], [ 73.082832520699398, 33.709009779120002 ], [ 73.082770243629497, 33.708995966622197 ], [ 73.082784297577504, 33.7089517074551 ], [ 73.082846574618301, 33.708965519944897 ] ] ] } },
{ "type": "Feature", "properties": { "lead_id": "pakistan-small-pv-sppi-0150", "cell": "0133_0084", "roof_area_m2": 188.9918, "est_kwp": 34.02, "p_roofclf": 0.9247, "sppi": 0.1049, "fixme": "Possible small rooftop PV (189 m2 roof, SPPI=0.105 alone -- roofclf p=0.92 shown for reference only, not used to filter this population -- not near any existing OSM solar feature; kWp estimate is UNCALIBRATED, no measured precision weight exists for SPPI alone) -- check imagery; if real, map as generator:source=solar or power=generator + generator:source=solar", "imagery_note": "osm=74.18810,32.14023 | bing=https://www.bing.com/maps?cp=32.14023~74.18810&lvl=19&style=a | google=https://www.google.com/maps/@32.14023,74.18810,200m/data=!3m1!1e3" }, "geometry": { "type": "Polygon", "coordinates": [ [ [ 74.188189677344297, 32.140182072010901 ], [ 74.188187355245901, 32.140283151943997 ], [ 74.188008835387706, 32.140280182899502 ], [ 74.188011157682197, 32.140179102972702 ], [ 74.188189677344297, 32.140182072010901 ] ] ] } },
{ "type": "Feature", "properties": { "lead_id": "pakistan-small-pv-sppi-0151", "cell": "0103_0063", "roof_area_m2": 136.6738, "est_kwp": 24.6, "p_roofclf": 0.9671, "sppi": 0.1049, "fixme": "Possible small rooftop PV (137 m2 roof, SPPI=0.105 alone -- roofclf p=0.97 shown for reference only, not used to filter this population -- not near any existing OSM solar feature; kWp estimate is UNCALIBRATED, no measured precision weight exists for SPPI alone) -- check imagery; if real, map as generator:source=solar or power=generator + generator:source=solar", "imagery_note": "osm=71.21847,30.07219 | bing=https://www.bing.com/maps?cp=30.07219~71.21847&lvl=19&style=a | google=https://www.google.com/maps/@30.07219,71.21847,200m/data=!3m1!1e3" }, "geometry": { "type": "Polygon", "coordinates": [ [ [ 71.218573808589994, 30.072216136276701 ], [ 71.218380188007998, 30.072231451522999 ], [ 71.218373346718195, 30.072166022397099 ], [ 71.218566967175704, 30.072150707167005 ], [ 71.218573808589994, 30.072216136276701 ] ] ] } },
{ "type": "Feature", "properties": { "lead_id": "pakistan-small-pv-sppi-0152", "cell": "0120_0099", "roof_area_m2": 59.0564, "est_kwp": 10.63, "p_roofclf": 0.9959, "sppi": 0.1049, "fixme": "Possible small rooftop PV (59 m2 roof, SPPI=0.105 alone -- roofclf p=1.00 shown for reference only, not used to filter this population -- not near any existing OSM solar feature; kWp estimate is UNCALIBRATED, no measured precision weight exists for SPPI alone) -- check imagery; if real, map as generator:source=solar or power=generator + generator:source=solar", "imagery_note": "osm=72.90113,33.63224 | bing=https://www.bing.com/maps?cp=33.63224~72.90113&lvl=19&style=a | google=https://www.google.com/maps/@33.63224,72.90113,200m/data=!3m1!1e3" }, "geometry": { "type": "Polygon", "coordinates": [ [ [ 72.901189962638995, 33.632229310351299 ], [ 72.9011592021631, 33.632286697661094 ], [ 72.901075972016898, 33.632255480754999 ], [ 72.901106732534615, 33.63219809346721 ], [ 72.901189962638995, 33.632229310351299 ] ] ] } },
{ "type": "Feature", "properties": { "lead_id": "pakistan-small-pv-sppi-0153", "cell": "0106_0098", "roof_area_m2": 18.9223, "est_kwp": 3.41, "p_roofclf": 0.9563, "sppi": 0.1048, "fixme": "Possible small rooftop PV (19 m2 roof, SPPI=0.105 alone -- roofclf p=0.96 shown for reference only, not used to filter this population -- not near any existing OSM solar feature; kWp estimate is UNCALIBRATED, no measured precision weight exists for SPPI alone) -- check imagery; if real, map as generator:source=solar or power=generator + generator:source=solar", "imagery_note": "osm=71.47360,33.58981 | bing=https://www.bing.com/maps?cp=33.58981~71.47360&lvl=19&style=a | google=https://www.google.com/maps/@33.58981,71.47360,200m/data=!3m1!1e3" }, "geometry": { "type": "Polygon", "coordinates": [ [ [ 71.473625239418894, 33.589829200041102 ], [ 71.473574600226897, 33.589833566134097 ], [ 71.473570181293397, 33.589797667704495 ], [ 71.473620820464902, 33.589793301614499 ], [ 71.473625239418894, 33.589829200041102 ] ] ] } },
{ "type": "Feature", "properties": { "lead_id": "pakistan-small-pv-sppi-0154", "cell": "0121_0099", "roof_area_m2": 10.8329, "est_kwp": 1.95, "p_roofclf": 0.8824, "sppi": 0.1046, "fixme": "Possible small rooftop PV (11 m2 roof, SPPI=0.105 alone -- roofclf p=0.88 shown for reference only, not used to filter this population -- not near any existing OSM solar feature; kWp estimate is UNCALIBRATED, no measured precision weight exists for SPPI alone) -- check imagery; if real, map as generator:source=solar or power=generator + generator:source=solar", "imagery_note": "osm=73.03650,33.65034 | bing=https://www.bing.com/maps?cp=33.65034~73.03650&lvl=19&style=a | google=https://www.google.com/maps/@33.65034,73.03650,200m/data=!3m1!1e3" }, "geometry": { "type": "Polygon", "coordinates": [ [ [ 73.036528675901906, 33.6503353040059 ], [ 73.036520210330096, 33.650357377923697 ], [ 73.036476977171802, 33.650345781035504 ], [ 73.036485442754397, 33.650323707121203 ], [ 73.036528675901906, 33.6503353040059 ] ] ] } },
{ "type": "Feature", "properties": { "lead_id": "pakistan-small-pv-sppi-0155", "cell": "0075_0016", "roof_area_m2": 115.965, "est_kwp": 20.87, "p_roofclf": 0.9963, "sppi": 0.1045, "fixme": "Possible small rooftop PV (116 m2 roof, SPPI=0.104 alone -- roofclf p=1.00 shown for reference only, not used to filter this population -- not near any existing OSM solar feature; kWp estimate is UNCALIBRATED, no measured precision weight exists for SPPI alone) -- check imagery; if real, map as generator:source=solar or power=generator + generator:source=solar", "imagery_note": "osm=68.40022,25.34170 | bing=https://www.bing.com/maps?cp=25.34170~68.40022&lvl=19&style=a | google=https://www.google.com/maps/@25.34170,68.40022,200m/data=!3m1!1e3" }, "geometry": { "type": "Polygon", "coordinates": [ [ [ 68.400214951457798, 25.341790296894402 ], [ 68.400157454372803, 25.341772600213602 ], [ 68.400217800569706, 25.341610684467103 ], [ 68.400275297587996, 25.341628381123503 ], [ 68.400214951457798, 25.341790296894402 ] ] ] } },
{ "type": "Feature", "properties": { "lead_id": "pakistan-small-pv-sppi-0156", "cell": "0132_0088", "roof_area_m2": 394.0885, "est_kwp": 70.94, "p_roofclf": 0.9884, "sppi": 0.1043, "fixme": "Possible small rooftop PV (394 m2 roof, SPPI=0.104 alone -- roofclf p=0.99 shown for reference only, not used to filter this population -- not near any existing OSM solar feature; kWp estimate is UNCALIBRATED, no measured precision weight exists for SPPI alone) -- check imagery; if real, map as generator:source=solar or power=generator + generator:source=solar", "imagery_note": "osm=74.07622,32.58479 | bing=https://www.bing.com/maps?cp=32.58479~74.07622&lvl=19&style=a | google=https://www.google.com/maps/@32.58479,74.07622,200m/data=!3m1!1e3" }, "geometry": { "type": "Polygon", "coordinates": [ [ [ 74.076350505824607, 32.584848949018095 ], [ 74.076297575066306, 32.584846421983002 ], [ 74.076295201734297, 32.584882053714701 ], [ 74.076081397940996, 32.584871846003402 ], [ 74.076091285257107, 32.584723409053197 ], [ 74.076358019392003, 32.5847361437717 ], [ 74.076350505824607, 32.584848949018095 ] ] ] } },
{ "type": "Feature", "properties": { "lead_id": "pakistan-small-pv-sppi-0157", "cell": "0135_0078", "roof_area_m2": 148.745, "est_kwp": 26.77, "p_roofclf": 0.9942, "sppi": 0.1042, "fixme": "Possible small rooftop PV (149 m2 roof, SPPI=0.104 alone -- roofclf p=0.99 shown for reference only, not used to filter this population -- not near any existing OSM solar feature; kWp estimate is UNCALIBRATED, no measured precision weight exists for SPPI alone) -- check imagery; if real, map as generator:source=solar or power=generator + generator:source=solar", "imagery_note": "osm=74.35343,31.51204 | bing=https://www.bing.com/maps?cp=31.51204~74.35343&lvl=19&style=a | google=https://www.google.com/maps/@31.51204,74.35343,200m/data=!3m1!1e3" }, "geometry": { "type": "Polygon", "coordinates": [ [ [ 74.3535594, 31.5120674 ], [ 74.3533102, 31.5120775 ], [ 74.3533071, 31.512021 ], [ 74.3535563, 31.5120109 ], [ 74.3535594, 31.5120674 ] ] ] } },
{ "type": "Feature", "properties": { "lead_id": "pakistan-small-pv-sppi-0158", "cell": "0080_0039", "roof_area_m2": 123.674, "est_kwp": 22.26, "p_roofclf": 0.9551, "sppi": 0.1037, "fixme": "Possible small rooftop PV (124 m2 roof, SPPI=0.104 alone -- roofclf p=0.96 shown for reference only, not used to filter this population -- not near any existing OSM solar feature; kWp estimate is UNCALIBRATED, no measured precision weight exists for SPPI alone) -- check imagery; if real, map as generator:source=solar or power=generator + generator:source=solar", "imagery_note": "osm=68.85527,27.69138 | bing=https://www.bing.com/maps?cp=27.69138~68.85527&lvl=19&style=a | google=https://www.google.com/maps/@27.69138,68.85527,200m/data=!3m1!1e3" }, "geometry": { "type": "Polygon", "coordinates": [ [ [ 68.855231997545104, 27.691366106211301 ], [ 68.855235970976196, 27.691322646112599 ], [ 68.855351084428506, 27.691330985185999 ], [ 68.8553434940915, 27.691414006746299 ], [ 68.855186292271995, 27.691402618674395 ], [ 68.855189909279304, 27.691363057219995 ], [ 68.855231997545104, 27.691366106211301 ] ] ] } },
{ "type": "Feature", "properties": { "lead_id": "pakistan-small-pv-sppi-0159", "cell": "0134_0077", "roof_area_m2": 298.5696, "est_kwp": 53.74, "p_roofclf": 0.9884, "sppi": 0.1036, "fixme": "Possible small rooftop PV (299 m2 roof, SPPI=0.104 alone -- roofclf p=0.99 shown for reference only, not used to filter this population -- not near any existing OSM solar feature; kWp estimate is UNCALIBRATED, no measured precision weight exists for SPPI alone) -- check imagery; if real, map as generator:source=solar or power=generator + generator:source=solar", "imagery_note": "osm=74.29764,31.48170 | bing=https://www.bing.com/maps?cp=31.48170~74.29764&lvl=19&style=a | google=https://www.google.com/maps/@31.48170,74.29764,200m/data=!3m1!1e3" }, "geometry": { "type": "Polygon", "coordinates": [ [ [ 74.297779184894196, 31.481642611804098 ], [ 74.297783765207996, 31.4817437160184 ], [ 74.297504124517502, 31.481753019820896 ], [ 74.297499544504305, 31.481651915601304 ], [ 74.297779184894196, 31.481642611804098 ] ] ] } },
{ "type": "Feature", "properties": { "lead_id": "pakistan-small-pv-sppi-0160", "cell": "0080_0039", "roof_area_m2": 35.0426, "est_kwp": 6.31, "p_roofclf": 0.9244, "sppi": 0.1035, "fixme": "Possible small rooftop PV (35 m2 roof, SPPI=0.103 alone -- roofclf p=0.92 shown for reference only, not used to filter this population -- not near any existing OSM solar feature; kWp estimate is UNCALIBRATED, no measured precision weight exists for SPPI alone) -- check imagery; if real, map as generator:source=solar or power=generator + generator:source=solar", "imagery_note": "osm=68.91605,27.68482 | bing=https://www.bing.com/maps?cp=27.68482~68.91605&lvl=19&style=a | google=https://www.google.com/maps/@27.68482,68.91605,200m/data=!3m1!1e3" }, "geometry": { "type": "Polygon", "coordinates": [ [ [ 68.916094734880019, 27.684833535091844 ], [ 68.916010514206363, 27.684843849181835 ], [ 68.916004693383599, 27.684806559774984 ], [ 68.916088914057283, 27.684796245681483 ], [ 68.916094734880019, 27.684833535091844 ] ] ] } },
{ "type": "Feature", "properties": { "lead_id": "pakistan-small-pv-sppi-0161", "cell": "0133_0083", "roof_area_m2": 79.1361, "est_kwp": 14.24, "p_roofclf": 0.8113, "sppi": 0.1035, "fixme": "Possible small rooftop PV (79 m2 roof, SPPI=0.103 alone -- roofclf p=0.81 shown for reference only, not used to filter this population -- not near any existing OSM solar feature; kWp estimate is UNCALIBRATED, no measured precision weight exists for SPPI alone) -- check imagery; if real, map as generator:source=solar or power=generator + generator:source=solar", "imagery_note": "osm=74.18954,32.10295 | bing=https://www.bing.com/maps?cp=32.10295~74.18954&lvl=19&style=a | google=https://www.google.com/maps/@32.10295,74.18954,200m/data=!3m1!1e3" }, "geometry": { "type": "Polygon", "coordinates": [ [ [ 74.189600171796798, 32.102978516588301 ], [ 74.189487370325097, 32.102979661383898 ], [ 74.189486432254597, 32.102912689064908 ], [ 74.189599233644103, 32.1029115442687 ], [ 74.189600171796798, 32.102978516588301 ] ] ] } },
{ "type": "Feature", "properties": { "lead_id": "pakistan-small-pv-sppi-0162", "cell": "0219_0117", "roof_area_m2": 35.9203, "est_kwp": 6.47, "p_roofclf": 0.7515, "sppi": 0.1035, "fixme": "Possible small rooftop PV (36 m2 roof, SPPI=0.103 alone -- roofclf p=0.75 shown for reference only, not used to filter this population -- not near any existing OSM solar feature; kWp estimate is UNCALIBRATED, no measured precision weight exists for SPPI alone) -- check imagery; if real, map as generator:source=solar or power=generator + generator:source=solar", "imagery_note": "osm=74.35622,31.52774 | bing=https://www.bing.com/maps?cp=31.52774~74.35622&lvl=19&style=a | google=https://www.google.com/maps/@31.52774,74.35622,200m/data=!3m1!1e3" }, "geometry": { "type": "Polygon", "coordinates": [ [ [ 74.356254663665496, 31.527757714872607 ], [ 74.3561954356516, 31.527774267002599 ], [ 74.356175625712197, 31.527722258620894 ], [ 74.356234853696705, 31.527705706499692 ], [ 74.356254663665496, 31.527757714872607 ] ] ] } },
{ "type": "Feature", "properties": { "lead_id": "pakistan-small-pv-sppi-0163", "cell": "0107_0105", "roof_area_m2": 38.6717, "est_kwp": 6.96, "p_roofclf": 0.9304, "sppi": 0.103, "fixme": "Possible small rooftop PV (39 m2 roof, SPPI=0.103 alone -- roofclf p=0.93 shown for reference only, not used to filter this population -- not near any existing OSM solar feature; kWp estimate is UNCALIBRATED, no measured precision weight exists for SPPI alone) -- check imagery; if real, map as generator:source=solar or power=generator + generator:source=solar", "imagery_note": "osm=71.57465,34.22405 | bing=https://www.bing.com/maps?cp=34.22405~71.57465&lvl=19&style=a | google=https://www.google.com/maps/@34.22405,71.57465,200m/data=!3m1!1e3" }, "geometry": { "type": "Polygon", "coordinates": [ [ [ 71.574696770519395, 34.224058639269892 ], [ 71.5746615969354, 34.224087782849502 ], [ 71.574596863321901, 34.224033875930594 ], [ 71.574632036908199, 34.224004732369401 ], [ 71.574696770519395, 34.224058639269892 ] ] ] } },
{ "type": "Feature", "properties": { "lead_id": "pakistan-small-pv-sppi-0164", "cell": "0123_0106", "roof_area_m2": 77.3777, "est_kwp": 13.93, "p_roofclf": 0.9725, "sppi": 0.1026, "fixme": "Possible small rooftop PV (77 m2 roof, SPPI=0.103 alone -- roofclf p=0.97 shown for reference only, not used to filter this population -- not near any existing OSM solar feature; kWp estimate is UNCALIBRATED, no measured precision weight exists for SPPI alone) -- check imagery; if real, map as generator:source=solar or power=generator + generator:source=solar", "imagery_note": "osm=73.21294,34.37338 | bing=https://www.bing.com/maps?cp=34.37338~73.21294&lvl=19&style=a | google=https://www.google.com/maps/@34.37338,73.21294,200m/data=!3m1!1e3" }, "geometry": { "type": "Polygon", "coordinates": [ [ [ 73.212989119819497, 34.373400599397797 ], [ 73.212956227206703, 34.3734102434357 ], [ 73.212972393674605, 34.373448151943407 ], [ 73.212931801028901, 34.373460053597498 ], [ 73.212885453371499, 34.373351373452898 ], [ 73.212958938557406, 34.373329827782193 ], [ 73.212989119819497, 34.373400599397797 ] ] ] } },
{ "type": "Feature", "properties": { "lead_id": "pakistan-small-pv-sppi-0165", "cell": "0112_0105", "roof_area_m2": 25.9806, "est_kwp": 4.68, "p_roofclf": 0.9786, "sppi": 0.1026, "fixme": "Possible small rooftop PV (26 m2 roof, SPPI=0.103 alone -- roofclf p=0.98 shown for reference only, not used to filter this population -- not near any existing OSM solar feature; kWp estimate is UNCALIBRATED, no measured precision weight exists for SPPI alone) -- check imagery; if real, map as generator:source=solar or power=generator + generator:source=solar", "imagery_note": "osm=72.09380,34.21602 | bing=https://www.bing.com/maps?cp=34.21602~72.09380&lvl=19&style=a | google=https://www.google.com/maps/@34.21602,72.09380,200m/data=!3m1!1e3" }, "geometry": { "type": "Polygon", "coordinates": [ [ [ 72.093807870395096, 34.216053732850689 ], [ 72.093769679102479, 34.216048470043958 ], [ 72.093782725959088, 34.215983728473837 ], [ 72.093820911920119, 34.21598899054996 ], [ 72.093807870395096, 34.216053732850689 ] ] ] } },
{ "type": "Feature", "properties": { "lead_id": "pakistan-small-pv-sppi-0166", "cell": "0107_0103", "roof_area_m2": 11.0365, "est_kwp": 1.99, "p_roofclf": 0.9057, "sppi": 0.1023, "fixme": "Possible small rooftop PV (11 m2 roof, SPPI=0.102 alone -- roofclf p=0.91 shown for reference only, not used to filter this population -- not near any existing OSM solar feature; kWp estimate is UNCALIBRATED, no measured precision weight exists for SPPI alone) -- check imagery; if real, map as generator:source=solar or power=generator + generator:source=solar", "imagery_note": "osm=71.57411,34.02610 | bing=https://www.bing.com/maps?cp=34.02610~71.57411&lvl=19&style=a | google=https://www.google.com/maps/@34.02610,71.57411,200m/data=!3m1!1e3" }, "geometry": { "type": "Polygon", "coordinates": [ [ [ 71.57412576440592, 34.026077202596909 ], [ 71.574132231070209, 34.026110242861904 ], [ 71.574100477591202, 34.026114551309398 ], [ 71.574094010938694, 34.0260815110422 ], [ 71.57412576440592, 34.026077202596909 ] ] ] } },
{ "type": "Feature", "properties": { "lead_id": "pakistan-small-pv-sppi-0167", "cell": "0107_0103", "roof_area_m2": 31.43, "est_kwp": 5.66, "p_roofclf": 0.9463, "sppi": 0.1022, "fixme": "Possible small rooftop PV (31 m2 roof, SPPI=0.102 alone -- roofclf p=0.95 shown for reference only, not used to filter this population -- not near any existing OSM solar feature; kWp estimate is UNCALIBRATED, no measured precision weight exists for SPPI alone) -- check imagery; if real, map as generator:source=solar or power=generator + generator:source=solar", "imagery_note": "osm=71.57405,34.02628 | bing=https://www.bing.com/maps?cp=34.02628~71.57405&lvl=19&style=a | google=https://www.google.com/maps/@34.02628,71.57405,200m/data=!3m1!1e3" }, "geometry": { "type": "Polygon", "coordinates": [ [ [ 71.574086884812502, 34.026294646585903 ], [ 71.574022209340697, 34.026310412799099 ], [ 71.574006850019998, 34.0262667334787 ], [ 71.5740715254625, 34.026250967274706 ], [ 71.574086884812502, 34.026294646585903 ] ] ] } },
{ "type": "Feature", "properties": { "lead_id": "pakistan-small-pv-sppi-0168", "cell": "0107_0103", "roof_area_m2": 28.2607, "est_kwp": 5.09, "p_roofclf": 0.9198, "sppi": 0.1021, "fixme": "Possible small rooftop PV (28 m2 roof, SPPI=0.102 alone -- roofclf p=0.92 shown for reference only, not used to filter this population -- not near any existing OSM solar feature; kWp estimate is UNCALIBRATED, no measured precision weight exists for SPPI alone) -- check imagery; if real, map as generator:source=solar or power=generator + generator:source=solar", "imagery_note": "osm=71.57415,34.02627 | bing=https://www.bing.com/maps?cp=34.02627~71.57415&lvl=19&style=a | google=https://www.google.com/maps/@34.02627,71.57415,200m/data=!3m1!1e3" }, "geometry": { "type": "Polygon", "coordinates": [ [ [ 71.574180931263598, 34.026292641320801 ], [ 71.574140578859101, 34.026302478235202 ], [ 71.5741184436921, 34.026239529796499 ], [ 71.574158796070293, 34.026229692890205 ], [ 71.574180931263598, 34.026292641320801 ] ] ] } },
{ "type": "Feature", "properties": { "lead_id": "pakistan-small-pv-sppi-0169", "cell": "0107_0103", "roof_area_m2": 27.4817, "est_kwp": 4.95, "p_roofclf": 0.9181, "sppi": 0.1021, "fixme": "Possible small rooftop PV (27 m2 roof, SPPI=0.102 alone -- roofclf p=0.92 shown for reference only, not used to filter this population -- not near any existing OSM solar feature; kWp estimate is UNCALIBRATED, no measured precision weight exists for SPPI alone) -- check imagery; if real, map as generator:source=solar or power=generator + generator:source=solar", "imagery_note": "osm=71.57420,34.02626 | bing=https://www.bing.com/maps?cp=34.02626~71.57420&lvl=19&style=a | google=https://www.google.com/maps/@34.02626,71.57420,200m/data=!3m1!1e3" }, "geometry": { "type": "Polygon", "coordinates": [ [ [ 71.574224352408393, 34.026230732115991 ], [ 71.574232228325599, 34.0262786255132 ], [ 71.574177262789604, 34.026284891746499 ], [ 71.574169386902199, 34.026236998344594 ], [ 71.574224352408393, 34.026230732115991 ] ] ] } },
{ "type": "Feature", "properties": { "lead_id": "pakistan-small-pv-sppi-0170", "cell": "0122_0069", "roof_area_m2": 12.9042, "est_kwp": 2.32, "p_roofclf": 0.9477, "sppi": 0.1019, "fixme": "Possible small rooftop PV (13 m2 roof, SPPI=0.102 alone -- roofclf p=0.95 shown for reference only, not used to filter this population -- not near any existing OSM solar feature; kWp estimate is UNCALIBRATED, no measured precision weight exists for SPPI alone) -- check imagery; if real, map as generator:source=solar or power=generator + generator:source=solar", "imagery_note": "osm=73.07749,30.65741 | bing=https://www.bing.com/maps?cp=30.65741~73.07749&lvl=19&style=a | google=https://www.google.com/maps/@30.65741,73.07749,200m/data=!3m1!1e3" }, "geometry": { "type": "Polygon", "coordinates": [ [ [ 73.077507328789693, 30.657390419517196 ], [ 73.077504858717703, 30.657430894743303 ], [ 73.077474967190099, 30.657429531349297 ], [ 73.077477437274396, 30.657389056124195 ], [ 73.077507328789693, 30.657390419517196 ] ] ] } },
{ "type": "Feature", "properties": { "lead_id": "pakistan-small-pv-sppi-0171", "cell": "0122_0099", "roof_area_m2": 73.5748, "est_kwp": 13.24, "p_roofclf": 0.9621, "sppi": 0.1017, "fixme": "Possible small rooftop PV (74 m2 roof, SPPI=0.102 alone -- roofclf p=0.96 shown for reference only, not used to filter this population -- not near any existing OSM solar feature; kWp estimate is UNCALIBRATED, no measured precision weight exists for SPPI alone) -- check imagery; if real, map as generator:source=solar or power=generator + generator:source=solar", "imagery_note": "osm=73.09865,33.65746 | bing=https://www.bing.com/maps?cp=33.65746~73.09865&lvl=19&style=a | google=https://www.google.com/maps/@33.65746,73.09865,200m/data=!3m1!1e3" }, "geometry": { "type": "Polygon", "coordinates": [ [ [ 73.098737591986193, 33.657448217587607 ], [ 73.098733462751895, 33.657491927993497 ], [ 73.098570923982905, 33.657481190058498 ], [ 73.098575053298106, 33.657437479661397 ], [ 73.098737591986193, 33.657448217587607 ] ] ] } },
{ "type": "Feature", "properties": { "lead_id": "pakistan-small-pv-sppi-0172", "cell": "0122_0077", "roof_area_m2": 83.9678, "est_kwp": 15.11, "p_roofclf": 0.7626, "sppi": 0.1014, "fixme": "Possible small rooftop PV (84 m2 roof, SPPI=0.101 alone -- roofclf p=0.76 shown for reference only, not used to filter this population -- not near any existing OSM solar feature; kWp estimate is UNCALIBRATED, no measured precision weight exists for SPPI alone) -- check imagery; if real, map as generator:source=solar or power=generator + generator:source=solar", "imagery_note": "osm=73.11120,31.41593 | bing=https://www.bing.com/maps?cp=31.41593~73.11120&lvl=19&style=a | google=https://www.google.com/maps/@31.41593,73.11120,200m/data=!3m1!1e3" }, "geometry": { "type": "Polygon", "coordinates": [ [ [ 73.111291161344099, 31.4158850633013 ], [ 73.111169770191594, 31.415980013430801 ], [ 73.111160063722295, 31.415970886656702 ], [ 73.111137397118796, 31.415988616058609 ], [ 73.111113506272005, 31.415966152018399 ], [ 73.111257564015801, 31.415853472521899 ], [ 73.111291161344099, 31.4158850633013 ] ] ] } },
{ "type": "Feature", "properties": { "lead_id": "pakistan-small-pv-sppi-0173", "cell": "0122_0076", "roof_area_m2": 121.3738, "est_kwp": 21.85, "p_roofclf": 0.9724, "sppi": 0.1014, "fixme": "Possible small rooftop PV (121 m2 roof, SPPI=0.101 alone -- roofclf p=0.97 shown for reference only, not used to filter this population -- not near any existing OSM solar feature; kWp estimate is UNCALIBRATED, no measured precision weight exists for SPPI alone) -- check imagery; if real, map as generator:source=solar or power=generator + generator:source=solar", "imagery_note": "osm=73.12525,31.40693 | bing=https://www.bing.com/maps?cp=31.40693~73.12525&lvl=19&style=a | google=https://www.google.com/maps/@31.40693,73.12525,200m/data=!3m1!1e3" }, "geometry": { "type": "Polygon", "coordinates": [ [ [ 73.125333823779798, 31.406942771889504 ], [ 73.125257005667507, 31.407002415104206 ], [ 73.125170151474407, 31.406920126055294 ], [ 73.125246969569105, 31.406860482891602 ], [ 73.125333823779798, 31.406942771889504 ] ] ] } },
{ "type": "Feature", "properties": { "lead_id": "pakistan-small-pv-sppi-0174", "cell": "0121_0076", "roof_area_m2": 31.6117, "est_kwp": 5.69, "p_roofclf": 0.9777, "sppi": 0.1014, "fixme": "Possible small rooftop PV (32 m2 roof, SPPI=0.101 alone -- roofclf p=0.98 shown for reference only, not used to filter this population -- not near any existing OSM solar feature; kWp estimate is UNCALIBRATED, no measured precision weight exists for SPPI alone) -- check imagery; if real, map as generator:source=solar or power=generator + generator:source=solar", "imagery_note": "osm=72.95674,31.39716 | bing=https://www.bing.com/maps?cp=31.39716~72.95674&lvl=19&style=a | google=https://www.google.com/maps/@31.39716,72.95674,200m/data=!3m1!1e3" }, "geometry": { "type": "Polygon", "coordinates": [ [ [ 72.956735599763505, 31.397119413558396 ], [ 72.956780954150403, 31.397188087882796 ], [ 72.956747935092906, 31.397204132491712 ], [ 72.9567025807237, 31.397135458156512 ], [ 72.956735599763505, 31.397119413558396 ] ] ] } },
{ "type": "Feature", "properties": { "lead_id": "pakistan-small-pv-sppi-0175", "cell": "0122_0099", "roof_area_m2": 34.4596, "est_kwp": 6.2, "p_roofclf": 0.9543, "sppi": 0.1009, "fixme": "Possible small rooftop PV (34 m2 roof, SPPI=0.101 alone -- roofclf p=0.95 shown for reference only, not used to filter this population -- not near any existing OSM solar feature; kWp estimate is UNCALIBRATED, no measured precision weight exists for SPPI alone) -- check imagery; if real, map as generator:source=solar or power=generator + generator:source=solar", "imagery_note": "osm=73.05776,33.66706 | bing=https://www.bing.com/maps?cp=33.66706~73.05776&lvl=19&style=a | google=https://www.google.com/maps/@33.66706,73.05776,200m/data=!3m1!1e3" }, "geometry": { "type": "Polygon", "coordinates": [ [ [ 73.057798969365308, 33.667041242420801 ], [ 73.057751345261195, 33.6671056271637 ], [ 73.057713725537099, 33.667086171923998 ], [ 73.057761349657397, 33.667021787195495 ], [ 73.057798969365308, 33.667041242420801 ] ] ] } },
{ "type": "Feature", "properties": { "lead_id": "pakistan-small-pv-sppi-0176", "cell": "0106_0064", "roof_area_m2": 84.7204, "est_kwp": 15.25, "p_roofclf": 0.9847, "sppi": 0.1009, "fixme": "Possible small rooftop PV (85 m2 roof, SPPI=0.101 alone -- roofclf p=0.98 shown for reference only, not used to filter this population -- not near any existing OSM solar feature; kWp estimate is UNCALIBRATED, no measured precision weight exists for SPPI alone) -- check imagery; if real, map as generator:source=solar or power=generator + generator:source=solar", "imagery_note": "osm=71.52703,30.16117 | bing=https://www.bing.com/maps?cp=30.16117~71.52703&lvl=19&style=a | google=https://www.google.com/maps/@30.16117,71.52703,200m/data=!3m1!1e3" }, "geometry": { "type": "Polygon", "coordinates": [ [ [ 71.527094749546393, 30.161132658816801 ], [ 71.527094627110799, 30.161198957161002 ], [ 71.5269750935432, 30.161198790420098 ], [ 71.526975216058901, 30.161132492071392 ], [ 71.527094749546393, 30.161132658816801 ] ] ] } },
{ "type": "Feature", "properties": { "lead_id": "pakistan-small-pv-sppi-0177", "cell": "0098_0063", "roof_area_m2": 66.5039, "est_kwp": 11.97, "p_roofclf": 0.9957, "sppi": 0.1008, "fixme": "Possible small rooftop PV (67 m2 roof, SPPI=0.101 alone -- roofclf p=1.00 shown for reference only, not used to filter this population -- not near any existing OSM solar feature; kWp estimate is UNCALIBRATED, no measured precision weight exists for SPPI alone) -- check imagery; if real, map as generator:source=solar or power=generator + generator:source=solar", "imagery_note": "osm=70.64322,30.06961 | bing=https://www.bing.com/maps?cp=30.06961~70.64322&lvl=19&style=a | google=https://www.google.com/maps/@30.06961,70.64322,200m/data=!3m1!1e3" }, "geometry": { "type": "Polygon", "coordinates": [ [ [ 70.643291060645893, 30.069585071099702 ], [ 70.643289031069102, 30.069629952763101 ], [ 70.643150766834097, 30.069625222586303 ], [ 70.643152796473402, 30.069580340922403 ], [ 70.643291060645893, 30.069585071099702 ] ] ] } },
{ "type": "Feature", "properties": { "lead_id": "pakistan-small-pv-sppi-0178", "cell": "0098_0063", "roof_area_m2": 46.9303, "est_kwp": 8.45, "p_roofclf": 0.9942, "sppi": 0.1008, "fixme": "Possible small rooftop PV (47 m2 roof, SPPI=0.101 alone -- roofclf p=0.99 shown for reference only, not used to filter this population -- not near any existing OSM solar feature; kWp estimate is UNCALIBRATED, no measured precision weight exists for SPPI alone) -- check imagery; if real, map as generator:source=solar or power=generator + generator:source=solar", "imagery_note": "osm=70.64324,30.06965 | bing=https://www.bing.com/maps?cp=30.06965~70.64324&lvl=19&style=a | google=https://www.google.com/maps/@30.06965,70.64324,200m/data=!3m1!1e3" }, "geometry": { "type": "Polygon", "coordinates": [ [ [ 70.643291029088402, 30.0696386790367 ], [ 70.643284473412507, 30.069680116408001 ], [ 70.643180596699196, 30.0696676836107 ], [ 70.643187152417994, 30.0696262462438 ], [ 70.643291029088402, 30.0696386790367 ] ] ] } },
{ "type": "Feature", "properties": { "lead_id": "pakistan-small-pv-sppi-0179", "cell": "0123_0106", "roof_area_m2": 62.9377, "est_kwp": 11.33, "p_roofclf": 0.9695, "sppi": 0.1008, "fixme": "Possible small rooftop PV (63 m2 roof, SPPI=0.101 alone -- roofclf p=0.97 shown for reference only, not used to filter this population -- not near any existing OSM solar feature; kWp estimate is UNCALIBRATED, no measured precision weight exists for SPPI alone) -- check imagery; if real, map as generator:source=solar or power=generator + generator:source=solar", "imagery_note": "osm=73.21296,34.37328 | bing=https://www.bing.com/maps?cp=34.37328~73.21296&lvl=19&style=a | google=https://www.google.com/maps/@34.37328,73.21296,200m/data=!3m1!1e3" }, "geometry": { "type": "Polygon", "coordinates": [ [ [ 73.213008774283097, 34.373312587022205 ], [ 73.212941218541204, 34.373334290298793 ], [ 73.212904128170507, 34.373254915639407 ], [ 73.212971683856196, 34.373233212381301 ], [ 73.213008774283097, 34.373312587022205 ] ] ] } },
{ "type": "Feature", "properties": { "lead_id": "pakistan-small-pv-sppi-0180", "cell": "0097_0092", "roof_area_m2": 24.4299, "est_kwp": 4.4, "p_roofclf": 0.9933, "sppi": 0.1007, "fixme": "Possible small rooftop PV (24 m2 roof, SPPI=0.101 alone -- roofclf p=0.99 shown for reference only, not used to filter this population -- not near any existing OSM solar feature; kWp estimate is UNCALIBRATED, no measured precision weight exists for SPPI alone) -- check imagery; if real, map as generator:source=solar or power=generator + generator:source=solar", "imagery_note": "osm=70.61481,32.93933 | bing=https://www.bing.com/maps?cp=32.93933~70.61481&lvl=19&style=a | google=https://www.google.com/maps/@32.93933,70.61481,200m/data=!3m1!1e3" }, "geometry": { "type": "Polygon", "coordinates": [ [ [ 70.6148413717696, 32.939344704456595 ], [ 70.614796098649805, 32.939354508789897 ], [ 70.614781240482912, 32.939305724415306 ], [ 70.6148265135797, 32.939295920088 ], [ 70.6148413717696, 32.939344704456595 ] ] ] } },
{ "type": "Feature", "properties": { "lead_id": "pakistan-small-pv-sppi-0181", "cell": "0061_0012", "roof_area_m2": 79.4133, "est_kwp": 14.29, "p_roofclf": 0.9956, "sppi": 0.1007, "fixme": "Possible small rooftop PV (79 m2 roof, SPPI=0.101 alone -- roofclf p=1.00 shown for reference only, not used to filter this population -- not near any existing OSM solar feature; kWp estimate is UNCALIBRATED, no measured precision weight exists for SPPI alone) -- check imagery; if real, map as generator:source=solar or power=generator + generator:source=solar", "imagery_note": "osm=67.03494,24.97371 | bing=https://www.bing.com/maps?cp=24.97371~67.03494&lvl=19&style=a | google=https://www.google.com/maps/@24.97371,67.03494,200m/data=!3m1!1e3" }, "geometry": { "type": "Polygon", "coordinates": [ [ [ 67.035029090570902, 24.973692072646003 ], [ 67.0350278867312, 24.973734459835896 ], [ 67.034860843901598, 24.973730517927699 ], [ 67.034862047798001, 24.973688130742403 ], [ 67.035029090570902, 24.973692072646003 ] ] ] } },
{ "type": "Feature", "properties": { "lead_id": "pakistan-small-pv-sppi-0182", "cell": "0106_0065", "roof_area_m2": 51.0572, "est_kwp": 9.19, "p_roofclf": 0.9864, "sppi": 0.1007, "fixme": "Possible small rooftop PV (51 m2 roof, SPPI=0.101 alone -- roofclf p=0.99 shown for reference only, not used to filter this population -- not near any existing OSM solar feature; kWp estimate is UNCALIBRATED, no measured precision weight exists for SPPI alone) -- check imagery; if real, map as generator:source=solar or power=generator + generator:source=solar", "imagery_note": "osm=71.52858,30.21294 | bing=https://www.bing.com/maps?cp=30.21294~71.52858&lvl=19&style=a | google=https://www.google.com/maps/@30.21294,71.52858,200m/data=!3m1!1e3" }, "geometry": { "type": "Polygon", "coordinates": [ [ [ 71.528603930573098, 30.212884272188397 ], [ 71.528601315180396, 30.213000162936702 ], [ 71.528560098251603, 30.212999461292505 ], [ 71.528562713692494, 30.212883570542203 ], [ 71.528603930573098, 30.212884272188397 ] ] ] } },
{ "type": "Feature", "properties": { "lead_id": "pakistan-small-pv-sppi-0183", "cell": "0106_0065", "roof_area_m2": 19.9111, "est_kwp": 3.58, "p_roofclf": 0.9756, "sppi": 0.1007, "fixme": "Possible small rooftop PV (20 m2 roof, SPPI=0.101 alone -- roofclf p=0.98 shown for reference only, not used to filter this population -- not near any existing OSM solar feature; kWp estimate is UNCALIBRATED, no measured precision weight exists for SPPI alone) -- check imagery; if real, map as generator:source=solar or power=generator + generator:source=solar", "imagery_note": "osm=71.52863,30.21291 | bing=https://www.bing.com/maps?cp=30.21291~71.52863&lvl=19&style=a | google=https://www.google.com/maps/@30.21291,71.52863,200m/data=!3m1!1e3" }, "geometry": { "type": "Polygon", "coordinates": [ [ [ 71.528648568476399, 30.212885032056899 ], [ 71.528647626719007, 30.212926763112801 ], [ 71.528602988796806, 30.212926003245101 ], [ 71.528603930573098, 30.212884272188397 ], [ 71.528648568476399, 30.212885032056899 ] ] ] } },
{ "type": "Feature", "properties": { "lead_id": "pakistan-small-pv-sppi-0184", "cell": "0106_0098", "roof_area_m2": 17.8283, "est_kwp": 3.21, "p_roofclf": 0.985, "sppi": 0.1004, "fixme": "Possible small rooftop PV (18 m2 roof, SPPI=0.100 alone -- roofclf p=0.98 shown for reference only, not used to filter this population -- not near any existing OSM solar feature; kWp estimate is UNCALIBRATED, no measured precision weight exists for SPPI alone) -- check imagery; if real, map as generator:source=solar or power=generator + generator:source=solar", "imagery_note": "osm=71.45697,33.55156 | bing=https://www.bing.com/maps?cp=33.55156~71.45697&lvl=19&style=a | google=https://www.google.com/maps/@33.55156,71.45697,200m/data=!3m1!1e3" }, "geometry": { "type": "Polygon", "coordinates": [ [ [ 71.457002641414903, 33.551544817859494 ], [ 71.456984735065404, 33.551580799892299 ], [ 71.456943763974607, 33.551566505993897 ], [ 71.456961670339098, 33.551530523966001 ], [ 71.457002641414903, 33.551544817859494 ] ] ] } },
{ "type": "Feature", "properties": { "lead_id": "pakistan-small-pv-sppi-0185", "cell": "0137_0087", "roof_area_m2": 17.4798, "est_kwp": 3.15, "p_roofclf": 0.6059, "sppi": 0.1003, "fixme": "Possible small rooftop PV (17 m2 roof, SPPI=0.100 alone -- roofclf p=0.61 shown for reference only, not used to filter this population -- not near any existing OSM solar feature; kWp estimate is UNCALIBRATED, no measured precision weight exists for SPPI alone) -- check imagery; if real, map as generator:source=solar or power=generator + generator:source=solar", "imagery_note": "osm=74.55136,32.48390 | bing=https://www.bing.com/maps?cp=32.48390~74.55136&lvl=19&style=a | google=https://www.google.com/maps/@32.48390,74.55136,200m/data=!3m1!1e3" }, "geometry": { "type": "Polygon", "coordinates": [ [ [ 74.551372107383699, 32.483873942673299 ], [ 74.551386586405897, 32.483905929653602 ], [ 74.551340914717898, 32.483920781556499 ], [ 74.551326435709498, 32.4838887945713 ], [ 74.551372107383699, 32.483873942673299 ] ] ] } },
{ "type": "Feature", "properties": { "lead_id": "pakistan-small-pv-sppi-0186", "cell": "0137_0087", "roof_area_m2": 180.5261, "est_kwp": 32.49, "p_roofclf": 0.9894, "sppi": 0.0999, "fixme": "Possible small rooftop PV (181 m2 roof, SPPI=0.100 alone -- roofclf p=0.99 shown for reference only, not used to filter this population -- not near any existing OSM solar feature; kWp estimate is UNCALIBRATED, no measured precision weight exists for SPPI alone) -- check imagery; if real, map as generator:source=solar or power=generator + generator:source=solar", "imagery_note": "osm=74.56857,32.44566 | bing=https://www.bing.com/maps?cp=32.44566~74.56857&lvl=19&style=a | google=https://www.google.com/maps/@32.44566,74.56857,200m/data=!3m1!1e3" }, "geometry": { "type": "Polygon", "coordinates": [ [ [ 74.5685151, 32.4456336 ], [ 74.5685172, 32.4456033 ], [ 74.5686746, 32.4456109 ], [ 74.5686684, 32.4457029 ], [ 74.5684663, 32.4456932 ], [ 74.5684705, 32.4456314 ], [ 74.5685151, 32.4456336 ] ] ] } },
{ "type": "Feature", "properties": { "lead_id": "pakistan-small-pv-sppi-0187", "cell": "0136_0087", "roof_area_m2": 9.0358, "est_kwp": 1.63, "p_roofclf": 0.7534, "sppi": 0.0998, "fixme": "Possible small rooftop PV (9 m2 roof, SPPI=0.100 alone -- roofclf p=0.75 shown for reference only, not used to filter this population -- not near any existing OSM solar feature; kWp estimate is UNCALIBRATED, no measured precision weight exists for SPPI alone) -- check imagery; if real, map as generator:source=solar or power=generator + generator:source=solar", "imagery_note": "osm=74.53934,32.47484 | bing=https://www.bing.com/maps?cp=32.47484~74.53934&lvl=19&style=a | google=https://www.google.com/maps/@32.47484,74.53934,200m/data=!3m1!1e3" }, "geometry": { "type": "Polygon", "coordinates": [ [ [ 74.539359810207401, 32.474844964216906 ], [ 74.539320505483005, 32.4748480006959 ], [ 74.539318155436703, 32.474826142749301 ], [ 74.539357460151507, 32.474823106270897 ], [ 74.539359810207401, 32.474844964216906 ] ] ] } },
{ "type": "Feature", "properties": { "lead_id": "pakistan-small-pv-sppi-0188", "cell": "0123_0106", "roof_area_m2": 79.447, "est_kwp": 14.3, "p_roofclf": 0.9933, "sppi": 0.0995, "fixme": "Possible small rooftop PV (79 m2 roof, SPPI=0.100 alone -- roofclf p=0.99 shown for reference only, not used to filter this population -- not near any existing OSM solar feature; kWp estimate is UNCALIBRATED, no measured precision weight exists for SPPI alone) -- check imagery; if real, map as generator:source=solar or power=generator + generator:source=solar", "imagery_note": "osm=73.20524,34.31924 | bing=https://www.bing.com/maps?cp=34.31924~73.20524&lvl=19&style=a | google=https://www.google.com/maps/@34.31924,73.20524,200m/data=!3m1!1e3" }, "geometry": { "type": "Polygon", "coordinates": [ [ [ 73.205271393014598, 34.319293551675202 ], [ 73.205208809057396, 34.319296170819904 ], [ 73.205202264932296, 34.3191885228633 ], [ 73.2052245320438, 34.31918759098491 ], [ 73.205222989309803, 34.319162213779897 ], [ 73.205263306063202, 34.319160526513798 ], [ 73.205271393014598, 34.319293551675202 ] ] ] } },
{ "type": "Feature", "properties": { "lead_id": "pakistan-small-pv-sppi-0189", "cell": "0063_0011", "roof_area_m2": 10.7035, "est_kwp": 1.93, "p_roofclf": 0.0645, "sppi": 0.0995, "fixme": "Possible small rooftop PV (11 m2 roof, SPPI=0.100 alone -- roofclf p=0.06 shown for reference only, not used to filter this population -- not near any existing OSM solar feature; kWp estimate is UNCALIBRATED, no measured precision weight exists for SPPI alone) -- check imagery; if real, map as generator:source=solar or power=generator + generator:source=solar", "imagery_note": "osm=67.23944,24.86973 | bing=https://www.bing.com/maps?cp=24.86973~67.23944&lvl=19&style=a | google=https://www.google.com/maps/@24.86973,67.23944,200m/data=!3m1!1e3" }, "geometry": { "type": "Polygon", "coordinates": [ [ [ 67.239458134728295, 24.869722684294505 ], [ 67.239454954566995, 24.869746430161502 ], [ 67.239415363576796, 24.869742017173305 ], [ 67.239418543745501, 24.869718271307502 ], [ 67.239458134728295, 24.869722684294505 ] ] ] } },
{ "type": "Feature", "properties": { "lead_id": "pakistan-small-pv-sppi-0190", "cell": "0120_0102", "roof_area_m2": 47.4318, "est_kwp": 8.54, "p_roofclf": 0.9323, "sppi": 0.0994, "fixme": "Possible small rooftop PV (47 m2 roof, SPPI=0.099 alone -- roofclf p=0.93 shown for reference only, not used to filter this population -- not near any existing OSM solar feature; kWp estimate is UNCALIBRATED, no measured precision weight exists for SPPI alone) -- check imagery; if real, map as generator:source=solar or power=generator + generator:source=solar", "imagery_note": "osm=72.92832,33.99544 | bing=https://www.bing.com/maps?cp=33.99544~72.92832&lvl=19&style=a | google=https://www.google.com/maps/@33.99544,72.92832,200m/data=!3m1!1e3" }, "geometry": { "type": "Polygon", "coordinates": [ [ [ 72.928371560029106, 33.995456291512191 ], [ 72.928283277365594, 33.995469946489798 ], [ 72.928271981845796, 33.99541928228669 ], [ 72.928360264458306, 33.995405627316103 ], [ 72.928371560029106, 33.995456291512191 ] ] ] } },
{ "type": "Feature", "properties": { "lead_id": "pakistan-small-pv-sppi-0191", "cell": "0133_0083", "roof_area_m2": 130.5146, "est_kwp": 23.49, "p_roofclf": 0.7572, "sppi": 0.0993, "fixme": "Possible small rooftop PV (131 m2 roof, SPPI=0.099 alone -- roofclf p=0.76 shown for reference only, not used to filter this population -- not near any existing OSM solar feature; kWp estimate is UNCALIBRATED, no measured precision weight exists for SPPI alone) -- check imagery; if real, map as generator:source=solar or power=generator + generator:source=solar", "imagery_note": "osm=74.18925,32.10301 | bing=https://www.bing.com/maps?cp=32.10301~74.18925&lvl=19&style=a | google=https://www.google.com/maps/@32.10301,74.18925,200m/data=!3m1!1e3" }, "geometry": { "type": "Polygon", "coordinates": [ [ [ 74.189353190462398, 32.102981023012809 ], [ 74.189354048091303, 32.103042258691303 ], [ 74.189150582882405, 32.103044323139798 ], [ 74.189149725389314, 32.102983087462093 ], [ 74.189353190462398, 32.102981023012809 ] ] ] } },
{ "type": "Feature", "properties": { "lead_id": "pakistan-small-pv-sppi-0192", "cell": "0133_0084", "roof_area_m2": 39.4665, "est_kwp": 7.1, "p_roofclf": 0.93, "sppi": 0.0991, "fixme": "Possible small rooftop PV (39 m2 roof, SPPI=0.099 alone -- roofclf p=0.93 shown for reference only, not used to filter this population -- not near any existing OSM solar feature; kWp estimate is UNCALIBRATED, no measured precision weight exists for SPPI alone) -- check imagery; if real, map as generator:source=solar or power=generator + generator:source=solar", "imagery_note": "osm=74.21744,32.15025 | bing=https://www.bing.com/maps?cp=32.15025~74.21744&lvl=19&style=a | google=https://www.google.com/maps/@32.15025,74.21744,200m/data=!3m1!1e3" }, "geometry": { "type": "Polygon", "coordinates": [ [ [ 74.217489387045603, 32.150232204040798 ], [ 74.2174911181948, 32.150272487389401 ], [ 74.217397654115103, 32.150275394410301 ], [ 74.217395923006606, 32.150235111061001 ], [ 74.217489387045603, 32.150232204040798 ] ] ] } },
{ "type": "Feature", "properties": { "lead_id": "pakistan-small-pv-sppi-0193", "cell": "0135_0087", "roof_area_m2": 24.032, "est_kwp": 4.33, "p_roofclf": 0.982, "sppi": 0.099, "fixme": "Possible small rooftop PV (24 m2 roof, SPPI=0.099 alone -- roofclf p=0.98 shown for reference only, not used to filter this population -- not near any existing OSM solar feature; kWp estimate is UNCALIBRATED, no measured precision weight exists for SPPI alone) -- check imagery; if real, map as generator:source=solar or power=generator + generator:source=solar", "imagery_note": "osm=74.35473,32.44315 | bing=https://www.bing.com/maps?cp=32.44315~74.35473&lvl=19&style=a | google=https://www.google.com/maps/@32.44315,74.35473,200m/data=!3m1!1e3" }, "geometry": { "type": "Polygon", "coordinates": [ [ [ 74.354759733563895, 32.443127759120003 ], [ 74.354759476483196, 32.443163841546493 ], [ 74.354695649539508, 32.443163514532998 ], [ 74.354695906645702, 32.443127432106998 ], [ 74.354759733563895, 32.443127759120003 ] ] ] } },
{ "type": "Feature", "properties": { "lead_id": "pakistan-small-pv-sppi-0194", "cell": "0075_0016", "roof_area_m2": 25.4572, "est_kwp": 4.58, "p_roofclf": 0.9356, "sppi": 0.0988, "fixme": "Possible small rooftop PV (25 m2 roof, SPPI=0.099 alone -- roofclf p=0.94 shown for reference only, not used to filter this population -- not near any existing OSM solar feature; kWp estimate is UNCALIBRATED, no measured precision weight exists for SPPI alone) -- check imagery; if real, map as generator:source=solar or power=generator + generator:source=solar", "imagery_note": "osm=68.36706,25.40441 | bing=https://www.bing.com/maps?cp=25.40441~68.36706&lvl=19&style=a | google=https://www.google.com/maps/@25.40441,68.36706,200m/data=!3m1!1e3" }, "geometry": { "type": "Polygon", "coordinates": [ [ [ 68.367089037376005, 25.4043866074304 ], [ 68.367085099125205, 25.4044331421556 ], [ 68.367036405750696, 25.404429742565 ], [ 68.367040344019699, 25.4043832078404 ], [ 68.367089037376005, 25.4043866074304 ] ] ] } },
{ "type": "Feature", "properties": { "lead_id": "pakistan-small-pv-sppi-0195", "cell": "0122_0069", "roof_area_m2": 21.5043, "est_kwp": 3.87, "p_roofclf": 0.983, "sppi": 0.0988, "fixme": "Possible small rooftop PV (22 m2 roof, SPPI=0.099 alone -- roofclf p=0.98 shown for reference only, not used to filter this population -- not near any existing OSM solar feature; kWp estimate is UNCALIBRATED, no measured precision weight exists for SPPI alone) -- check imagery; if real, map as generator:source=solar or power=generator + generator:source=solar", "imagery_note": "osm=73.07608,30.65698 | bing=https://www.bing.com/maps?cp=30.65698~73.07608&lvl=19&style=a | google=https://www.google.com/maps/@30.65698,73.07608,200m/data=!3m1!1e3" }, "geometry": { "type": "Polygon", "coordinates": [ [ [ 73.076113278046421, 30.656958969988501 ], [ 73.076114894496797, 30.6569903819166 ], [ 73.076050657640096, 30.656992852530703 ], [ 73.076049041210396, 30.656961440602799 ], [ 73.076113278046421, 30.656958969988501 ] ] ] } },
{ "type": "Feature", "properties": { "lead_id": "pakistan-small-pv-sppi-0196", "cell": "0122_0098", "roof_area_m2": 30.0896, "est_kwp": 5.42, "p_roofclf": 0.5613, "sppi": 0.0985, "fixme": "Possible small rooftop PV (30 m2 roof, SPPI=0.099 alone -- roofclf p=0.56 shown for reference only, not used to filter this population -- not near any existing OSM solar feature; kWp estimate is UNCALIBRATED, no measured precision weight exists for SPPI alone) -- check imagery; if real, map as generator:source=solar or power=generator + generator:source=solar", "imagery_note": "osm=73.08407,33.60641 | bing=https://www.bing.com/maps?cp=33.60641~73.08407&lvl=19&style=a | google=https://www.google.com/maps/@33.60641,73.08407,200m/data=!3m1!1e3" }, "geometry": { "type": "Polygon", "coordinates": [ [ [ 73.084108500415994, 33.606387458159297 ], [ 73.084092463213196, 33.606437706159902 ], [ 73.084038183707705, 33.606425576724206 ], [ 73.084054220939194, 33.606375328731609 ], [ 73.084108500415994, 33.606387458159297 ] ] ] } },
{ "type": "Feature", "properties": { "lead_id": "pakistan-small-pv-sppi-0197", "cell": "0105_0064", "roof_area_m2": 52.2925, "est_kwp": 9.41, "p_roofclf": 0.9629, "sppi": 0.0984, "fixme": "Possible small rooftop PV (52 m2 roof, SPPI=0.098 alone -- roofclf p=0.96 shown for reference only, not used to filter this population -- not near any existing OSM solar feature; kWp estimate is UNCALIBRATED, no measured precision weight exists for SPPI alone) -- check imagery; if real, map as generator:source=solar or power=generator + generator:source=solar", "imagery_note": "osm=71.41059,30.10892 | bing=https://www.bing.com/maps?cp=30.10892~71.41059&lvl=19&style=a | google=https://www.google.com/maps/@30.10892,71.41059,200m/data=!3m1!1e3" }, "geometry": { "type": "Polygon", "coordinates": [ [ [ 71.410641214799099, 30.108894124138295 ], [ 71.410644777275607, 30.108941747711903 ], [ 71.410542551482621, 30.1089475281827 ], [ 71.410538989054601, 30.1088999046036 ], [ 71.410641214799099, 30.108894124138295 ] ] ] } },
{ "type": "Feature", "properties": { "lead_id": "pakistan-small-pv-sppi-0198", "cell": "0075_0016", "roof_area_m2": 42.4886, "est_kwp": 7.65, "p_roofclf": 0.972, "sppi": 0.0977, "fixme": "Possible small rooftop PV (42 m2 roof, SPPI=0.098 alone -- roofclf p=0.97 shown for reference only, not used to filter this population -- not near any existing OSM solar feature; kWp estimate is UNCALIBRATED, no measured precision weight exists for SPPI alone) -- check imagery; if real, map as generator:source=solar or power=generator + generator:source=solar", "imagery_note": "osm=68.39105,25.36195 | bing=https://www.bing.com/maps?cp=25.36195~68.39105&lvl=19&style=a | google=https://www.google.com/maps/@25.36195,68.39105,200m/data=!3m1!1e3" }, "geometry": { "type": "Polygon", "coordinates": [ [ [ 68.391102674208099, 25.361948252157095 ], [ 68.391083644252902, 25.361987709655502 ], [ 68.391002790359806, 25.361955517666601 ], [ 68.391021820335993, 25.361916060178999 ], [ 68.391102674208099, 25.361948252157095 ] ] ] } },
{ "type": "Feature", "properties": { "lead_id": "pakistan-small-pv-sppi-0199", "cell": "0075_0016", "roof_area_m2": 22.197, "est_kwp": 4.0, "p_roofclf": 0.9542, "sppi": 0.0977, "fixme": "Possible small rooftop PV (22 m2 roof, SPPI=0.098 alone -- roofclf p=0.95 shown for reference only, not used to filter this population -- not near any existing OSM solar feature; kWp estimate is UNCALIBRATED, no measured precision weight exists for SPPI alone) -- check imagery; if real, map as generator:source=solar or power=generator + generator:source=solar", "imagery_note": "osm=68.39104,25.36204 | bing=https://www.bing.com/maps?cp=25.36204~68.39104&lvl=19&style=a | google=https://www.google.com/maps/@25.36204,68.39104,200m/data=!3m1!1e3" }, "geometry": { "type": "Polygon", "coordinates": [ [ [ 68.391042812500004, 25.3620723718074 ], [ 68.391014156974805, 25.362060962611203 ], [ 68.391042208350299, 25.362002799835505 ], [ 68.391070863864897, 25.362014209025599 ], [ 68.391042812500004, 25.3620723718074 ] ] ] } },
{ "type": "Feature", "properties": { "lead_id": "pakistan-small-pv-sppi-0200", "cell": "0120_0102", "roof_area_m2": 187.0056, "est_kwp": 33.66, "p_roofclf": 0.9795, "sppi": 0.0976, "fixme": "Possible small rooftop PV (187 m2 roof, SPPI=0.098 alone -- roofclf p=0.98 shown for reference only, not used to filter this population -- not near any existing OSM solar feature; kWp estimate is UNCALIBRATED, no measured precision weight exists for SPPI alone) -- check imagery; if real, map as generator:source=solar or power=generator + generator:source=solar", "imagery_note": "osm=72.92358,33.99432 | bing=https://www.bing.com/maps?cp=33.99432~72.92358&lvl=19&style=a | google=https://www.google.com/maps/@33.99432,72.92358,200m/data=!3m1!1e3" }, "geometry": { "type": "Polygon", "coordinates": [ [ [ 72.923694571172405, 33.994337610353291 ], [ 72.923630501911205, 33.994410028114203 ], [ 72.923467250006794, 33.994309824239103 ], [ 72.923531319322194, 33.994237406564601 ], [ 72.923694571172405, 33.994337610353291 ] ] ] } },
{ "type": "Feature", "properties": { "lead_id": "pakistan-small-pv-sppi-0201", "cell": "0106_0065", "roof_area_m2": 225.8832, "est_kwp": 40.66, "p_roofclf": 0.9975, "sppi": 0.0974, "fixme": "Possible small rooftop PV (226 m2 roof, SPPI=0.097 alone -- roofclf p=1.00 shown for reference only, not used to filter this population -- not near any existing OSM solar feature; kWp estimate is UNCALIBRATED, no measured precision weight exists for SPPI alone) -- check imagery; if real, map as generator:source=solar or power=generator + generator:source=solar", "imagery_note": "osm=71.48145,30.24764 | bing=https://www.bing.com/maps?cp=30.24764~71.48145&lvl=19&style=a | google=https://www.google.com/maps/@30.24764,71.48145,200m/data=!3m1!1e3" }, "geometry": { "type": "Polygon", "coordinates": [ [ [ 71.481544196868299, 30.247694876228305 ], [ 71.481365970347298, 30.247704068715905 ], [ 71.481357879696802, 30.24758582742821 ], [ 71.481536106006502, 30.247576634963394 ], [ 71.481544196868299, 30.247694876228305 ] ] ] } },
{ "type": "Feature", "properties": { "lead_id": "pakistan-small-pv-sppi-0202", "cell": "0120_0102", "roof_area_m2": 158.9996, "est_kwp": 28.62, "p_roofclf": 0.9712, "sppi": 0.0971, "fixme": "Possible small rooftop PV (159 m2 roof, SPPI=0.097 alone -- roofclf p=0.97 shown for reference only, not used to filter this population -- not near any existing OSM solar feature; kWp estimate is UNCALIBRATED, no measured precision weight exists for SPPI alone) -- check imagery; if real, map as generator:source=solar or power=generator + generator:source=solar", "imagery_note": "osm=72.89565,33.98480 | bing=https://www.bing.com/maps?cp=33.98480~72.89565&lvl=19&style=a | google=https://www.google.com/maps/@33.98480,72.89565,200m/data=!3m1!1e3" }, "geometry": { "type": "Polygon", "coordinates": [ [ [ 72.895735088559306, 33.984863493284699 ], [ 72.895657894564806, 33.984896030298209 ], [ 72.8955607387676, 33.984736076610702 ], [ 72.895637932647702, 33.984703539653303 ], [ 72.895735088559306, 33.984863493284699 ] ] ] } },
{ "type": "Feature", "properties": { "lead_id": "pakistan-small-pv-sppi-0203", "cell": "0107_0105", "roof_area_m2": 81.888, "est_kwp": 14.74, "p_roofclf": 0.9913, "sppi": 0.0967, "fixme": "Possible small rooftop PV (82 m2 roof, SPPI=0.097 alone -- roofclf p=0.99 shown for reference only, not used to filter this population -- not near any existing OSM solar feature; kWp estimate is UNCALIBRATED, no measured precision weight exists for SPPI alone) -- check imagery; if real, map as generator:source=solar or power=generator + generator:source=solar", "imagery_note": "osm=71.54422,34.20900 | bing=https://www.bing.com/maps?cp=34.20900~71.54422&lvl=19&style=a | google=https://www.google.com/maps/@34.20900,71.54422,200m/data=!3m1!1e3" }, "geometry": { "type": "Polygon", "coordinates": [ [ [ 71.544215347198204, 34.209063109997111 ], [ 71.544147746528907, 34.209015459639097 ], [ 71.544218090629897, 34.208946577023802 ], [ 71.544285691278105, 34.2089942273441 ], [ 71.544215347198204, 34.209063109997111 ] ] ] } },
{ "type": "Feature", "properties": { "lead_id": "pakistan-small-pv-sppi-0204", "cell": "0132_0088", "roof_area_m2": 82.3637, "est_kwp": 14.83, "p_roofclf": 0.8768, "sppi": 0.0961, "fixme": "Possible small rooftop PV (82 m2 roof, SPPI=0.096 alone -- roofclf p=0.88 shown for reference only, not used to filter this population -- not near any existing OSM solar feature; kWp estimate is UNCALIBRATED, no measured precision weight exists for SPPI alone) -- check imagery; if real, map as generator:source=solar or power=generator + generator:source=solar", "imagery_note": "osm=74.07795,32.51883 | bing=https://www.bing.com/maps?cp=32.51883~74.07795&lvl=19&style=a | google=https://www.google.com/maps/@32.51883,74.07795,200m/data=!3m1!1e3" }, "geometry": { "type": "Polygon", "coordinates": [ [ [ 74.077999501056524, 32.518780584569789 ], [ 74.077956630559243, 32.518892308001824 ], [ 74.07789262470061, 32.518874845351746 ], [ 74.077935485491153, 32.518763123027654 ], [ 74.077999501056524, 32.518780584569789 ] ] ] } },
{ "type": "Feature", "properties": { "lead_id": "pakistan-small-pv-sppi-0205", "cell": "0063_0011", "roof_area_m2": 49.3553, "est_kwp": 8.88, "p_roofclf": 0.9994, "sppi": 0.0959, "fixme": "Possible small rooftop PV (49 m2 roof, SPPI=0.096 alone -- roofclf p=1.00 shown for reference only, not used to filter this population -- not near any existing OSM solar feature; kWp estimate is UNCALIBRATED, no measured precision weight exists for SPPI alone) -- check imagery; if real, map as generator:source=solar or power=generator + generator:source=solar", "imagery_note": "osm=67.16632,24.84599 | bing=https://www.bing.com/maps?cp=24.84599~67.16632&lvl=19&style=a | google=https://www.google.com/maps/@24.84599,67.16632,200m/data=!3m1!1e3" }, "geometry": { "type": "Polygon", "coordinates": [ [ [ 67.166385222998798, 24.845980719918902 ], [ 67.1663816855486, 24.846017360733903 ], [ 67.166262555301998, 24.846007784542898 ], [ 67.166266092787097, 24.845971143732804 ], [ 67.166385222998798, 24.845980719918902 ] ] ] } },
{ "type": "Feature", "properties": { "lead_id": "pakistan-small-pv-sppi-0206", "cell": "0114_0075", "roof_area_m2": 198.3181, "est_kwp": 35.7, "p_roofclf": 0.9258, "sppi": 0.0959, "fixme": "Possible small rooftop PV (198 m2 roof, SPPI=0.096 alone -- roofclf p=0.93 shown for reference only, not used to filter this population -- not near any existing OSM solar feature; kWp estimate is UNCALIBRATED, no measured precision weight exists for SPPI alone) -- check imagery; if real, map as generator:source=solar or power=generator + generator:source=solar", "imagery_note": "osm=72.30249,31.26896 | bing=https://www.bing.com/maps?cp=31.26896~72.30249&lvl=19&style=a | google=https://www.google.com/maps/@31.26896,72.30249,200m/data=!3m1!1e3" }, "geometry": { "type": "Polygon", "coordinates": [ [ [ 72.302583256333406, 31.268874670521893 ], [ 72.3025426088019, 31.269024731820998 ], [ 72.302411958184607, 31.268997038210401 ], [ 72.302434699111004, 31.268913084449899 ], [ 72.302462042331797, 31.268918548967399 ], [ 72.302479542270305, 31.268853943424205 ], [ 72.302583256333406, 31.268874670521893 ] ] ] } },
{ "type": "Feature", "properties": { "lead_id": "pakistan-small-pv-sppi-0207", "cell": "0061_0064", "roof_area_m2": 236.0907, "est_kwp": 42.5, "p_roofclf": 0.9971, "sppi": 0.0955, "fixme": "Possible small rooftop PV (236 m2 roof, SPPI=0.096 alone -- roofclf p=1.00 shown for reference only, not used to filter this population -- not near any existing OSM solar feature; kWp estimate is UNCALIBRATED, no measured precision weight exists for SPPI alone) -- check imagery; if real, map as generator:source=solar or power=generator + generator:source=solar", "imagery_note": "osm=67.02683,30.16284 | bing=https://www.bing.com/maps?cp=30.16284~67.02683&lvl=19&style=a | google=https://www.google.com/maps/@30.16284,67.02683,200m/data=!3m1!1e3" }, "geometry": { "type": "Polygon", "coordinates": [ [ [ 67.026936515247101, 30.162905232876302 ], [ 67.026847092397801, 30.1629559887478 ], [ 67.026716966011193, 30.1627828779325 ], [ 67.026806388765394, 30.162732122141303 ], [ 67.026936515247101, 30.162905232876302 ] ] ] } },
{ "type": "Feature", "properties": { "lead_id": "pakistan-small-pv-sppi-0208", "cell": "0074_0016", "roof_area_m2": 68.0052, "est_kwp": 12.24, "p_roofclf": 0.9759, "sppi": 0.0953, "fixme": "Possible small rooftop PV (68 m2 roof, SPPI=0.095 alone -- roofclf p=0.98 shown for reference only, not used to filter this population -- not near any existing OSM solar feature; kWp estimate is UNCALIBRATED, no measured precision weight exists for SPPI alone) -- check imagery; if real, map as generator:source=solar or power=generator + generator:source=solar", "imagery_note": "osm=68.33460,25.37507 | bing=https://www.bing.com/maps?cp=25.37507~68.33460&lvl=19&style=a | google=https://www.google.com/maps/@25.37507,68.33460,200m/data=!3m1!1e3" }, "geometry": { "type": "Polygon", "coordinates": [ [ [ 68.334628603275107, 25.375016466030097 ], [ 68.334623192995394, 25.375121052665499 ], [ 68.334565116803006, 25.375118573036001 ], [ 68.334570527132499, 25.375013986403705 ], [ 68.334628603275107, 25.375016466030097 ] ] ] } },
{ "type": "Feature", "properties": { "lead_id": "pakistan-small-pv-sppi-0209", "cell": "0064_0011", "roof_area_m2": 166.1051, "est_kwp": 29.9, "p_roofclf": 0.9902, "sppi": 0.0952, "fixme": "Possible small rooftop PV (166 m2 roof, SPPI=0.095 alone -- roofclf p=0.99 shown for reference only, not used to filter this population -- not near any existing OSM solar feature; kWp estimate is UNCALIBRATED, no measured precision weight exists for SPPI alone) -- check imagery; if real, map as generator:source=solar or power=generator + generator:source=solar", "imagery_note": "osm=67.29769,24.83239 | bing=https://www.bing.com/maps?cp=24.83239~67.29769&lvl=19&style=a | google=https://www.google.com/maps/@24.83239,67.29769,200m/data=!3m1!1e3" }, "geometry": { "type": "Polygon", "coordinates": [ [ [ 67.297791562964804, 24.832424122845399 ], [ 67.297586767541603, 24.8324191869232 ], [ 67.2975888580076, 24.832346956071799 ], [ 67.297793653312795, 24.8323518919862 ], [ 67.297791562964804, 24.832424122845399 ] ] ] } },
{ "type": "Feature", "properties": { "lead_id": "pakistan-small-pv-sppi-0210", "cell": "0122_0069", "roof_area_m2": 313.0627, "est_kwp": 56.35, "p_roofclf": 0.9726, "sppi": 0.0948, "fixme": "Possible small rooftop PV (313 m2 roof, SPPI=0.095 alone -- roofclf p=0.97 shown for reference only, not used to filter this population -- not near any existing OSM solar feature; kWp estimate is UNCALIBRATED, no measured precision weight exists for SPPI alone) -- check imagery; if real, map as generator:source=solar or power=generator + generator:source=solar", "imagery_note": "osm=73.11983,30.63635 | bing=https://www.bing.com/maps?cp=30.63635~73.11983&lvl=19&style=a | google=https://www.google.com/maps/@30.63635,73.11983,200m/data=!3m1!1e3" }, "geometry": { "type": "Polygon", "coordinates": [ [ [ 73.1199207, 30.6362601 ], [ 73.119922, 30.6364298 ], [ 73.1197486, 30.6364308 ], [ 73.1197473, 30.6362611 ], [ 73.1199207, 30.6362601 ] ] ] } },
{ "type": "Feature", "properties": { "lead_id": "pakistan-small-pv-sppi-0211", "cell": "0122_0098", "roof_area_m2": 59.9868, "est_kwp": 10.8, "p_roofclf": 0.9066, "sppi": 0.0948, "fixme": "Possible small rooftop PV (60 m2 roof, SPPI=0.095 alone -- roofclf p=0.91 shown for reference only, not used to filter this population -- not near any existing OSM solar feature; kWp estimate is UNCALIBRATED, no measured precision weight exists for SPPI alone) -- check imagery; if real, map as generator:source=solar or power=generator + generator:source=solar", "imagery_note": "osm=73.07516,33.58715 | bing=https://www.bing.com/maps?cp=33.58715~73.07516&lvl=19&style=a | google=https://www.google.com/maps/@33.58715,73.07516,200m/data=!3m1!1e3" }, "geometry": { "type": "Polygon", "coordinates": [ [ [ 73.075126448323601, 33.587207360132602 ], [ 73.075091617186303, 33.587177639234703 ], [ 73.075191488797799, 33.58709565353761 ], [ 73.075226319938693, 33.5871253744086 ], [ 73.075126448323601, 33.587207360132602 ] ] ] } },
{ "type": "Feature", "properties": { "lead_id": "pakistan-small-pv-sppi-0212", "cell": "0107_0102", "roof_area_m2": 32.9396, "est_kwp": 5.93, "p_roofclf": 0.8892, "sppi": 0.0947, "fixme": "Possible small rooftop PV (33 m2 roof, SPPI=0.095 alone -- roofclf p=0.89 shown for reference only, not used to filter this population -- not near any existing OSM solar feature; kWp estimate is UNCALIBRATED, no measured precision weight exists for SPPI alone) -- check imagery; if real, map as generator:source=solar or power=generator + generator:source=solar", "imagery_note": "osm=71.58931,34.00514 | bing=https://www.bing.com/maps?cp=34.00514~71.58931&lvl=19&style=a | google=https://www.google.com/maps/@34.00514,71.58931,200m/data=!3m1!1e3" }, "geometry": { "type": "Polygon", "coordinates": [ [ [ 71.589337885102594, 34.005113671265896 ], [ 71.589334786893602, 34.005168104991199 ], [ 71.589275881234101, 34.005165779516297 ], [ 71.58927897948081, 34.005111345790901 ], [ 71.589337885102594, 34.005113671265896 ] ] ] } },
{ "type": "Feature", "properties": { "lead_id": "pakistan-small-pv-sppi-0213", "cell": "0062_0011", "roof_area_m2": 19.9614, "est_kwp": 3.59, "p_roofclf": 0.9716, "sppi": 0.0947, "fixme": "Possible small rooftop PV (20 m2 roof, SPPI=0.095 alone -- roofclf p=0.97 shown for reference only, not used to filter this population -- not near any existing OSM solar feature; kWp estimate is UNCALIBRATED, no measured precision weight exists for SPPI alone) -- check imagery; if real, map as generator:source=solar or power=generator + generator:source=solar", "imagery_note": "osm=67.11549,24.85423 | bing=https://www.bing.com/maps?cp=24.85423~67.11549&lvl=19&style=a | google=https://www.google.com/maps/@24.85423,67.11549,200m/data=!3m1!1e3" }, "geometry": { "type": "Polygon", "coordinates": [ [ [ 67.115514872516798, 24.8541983761503 ], [ 67.115500543459902, 24.854259168599196 ], [ 67.115472570072498, 24.854253679536999 ], [ 67.115486899142198, 24.854192887091596 ], [ 67.115514872516798, 24.8541983761503 ] ] ] } },
{ "type": "Feature", "properties": { "lead_id": "pakistan-small-pv-sppi-0214", "cell": "0061_0011", "roof_area_m2": 320.9839, "est_kwp": 57.78, "p_roofclf": 0.9508, "sppi": 0.0946, "fixme": "Possible small rooftop PV (321 m2 roof, SPPI=0.095 alone -- roofclf p=0.95 shown for reference only, not used to filter this population -- not near any existing OSM solar feature; kWp estimate is UNCALIBRATED, no measured precision weight exists for SPPI alone) -- check imagery; if real, map as generator:source=solar or power=generator + generator:source=solar", "imagery_note": "osm=67.00623,24.85017 | bing=https://www.bing.com/maps?cp=24.85017~67.00623&lvl=19&style=a | google=https://www.google.com/maps/@24.85017,67.00623,200m/data=!3m1!1e3" }, "geometry": { "type": "Polygon", "coordinates": [ [ [ 67.006352591801715, 24.850120410211797 ], [ 67.006338707682005, 24.850248186849505 ], [ 67.006116985544395, 24.850228128588199 ], [ 67.006130869886803, 24.850100351984899 ], [ 67.006352591801715, 24.850120410211797 ] ] ] } },
{ "type": "Feature", "properties": { "lead_id": "pakistan-small-pv-sppi-0215", "cell": "0109_0104", "roof_area_m2": 49.397, "est_kwp": 8.89, "p_roofclf": 0.9825, "sppi": 0.0944, "fixme": "Possible small rooftop PV (49 m2 roof, SPPI=0.094 alone -- roofclf p=0.98 shown for reference only, not used to filter this population -- not near any existing OSM solar feature; kWp estimate is UNCALIBRATED, no measured precision weight exists for SPPI alone) -- check imagery; if real, map as generator:source=solar or power=generator + generator:source=solar", "imagery_note": "osm=71.75691,34.17108 | bing=https://www.bing.com/maps?cp=34.17108~71.75691&lvl=19&style=a | google=https://www.google.com/maps/@34.17108,71.75691,200m/data=!3m1!1e3" }, "geometry": { "type": "Polygon", "coordinates": [ [ [ 71.756931908568419, 34.171142731156493 ], [ 71.756894010680298, 34.171145880534397 ], [ 71.756878836140402, 34.171019727374407 ], [ 71.756916733972105, 34.171016578003709 ], [ 71.756931908568419, 34.171142731156493 ] ] ] } },
{ "type": "Feature", "properties": { "lead_id": "pakistan-small-pv-sppi-0216", "cell": "0106_0065", "roof_area_m2": 108.2776, "est_kwp": 19.49, "p_roofclf": 0.8534, "sppi": 0.0944, "fixme": "Possible small rooftop PV (108 m2 roof, SPPI=0.094 alone -- roofclf p=0.85 shown for reference only, not used to filter this population -- not near any existing OSM solar feature; kWp estimate is UNCALIBRATED, no measured precision weight exists for SPPI alone) -- check imagery; if real, map as generator:source=solar or power=generator + generator:source=solar", "imagery_note": "osm=71.47395,30.22863 | bing=https://www.bing.com/maps?cp=30.22863~71.47395&lvl=19&style=a | google=https://www.google.com/maps/@30.22863,71.47395,200m/data=!3m1!1e3" }, "geometry": { "type": "Polygon", "coordinates": [ [ [ 71.474018424699494, 30.228654955671995 ], [ 71.473910821188397, 30.2286876013601 ], [ 71.4738770468702, 30.228603655757503 ], [ 71.473984650305397, 30.228571010101202 ], [ 71.474018424699494, 30.228654955671995 ] ] ] } },
{ "type": "Feature", "properties": { "lead_id": "pakistan-small-pv-sppi-0217", "cell": "0061_0064", "roof_area_m2": 66.1477, "est_kwp": 11.91, "p_roofclf": 0.9789, "sppi": 0.0944, "fixme": "Possible small rooftop PV (66 m2 roof, SPPI=0.094 alone -- roofclf p=0.98 shown for reference only, not used to filter this population -- not near any existing OSM solar feature; kWp estimate is UNCALIBRATED, no measured precision weight exists for SPPI alone) -- check imagery; if real, map as generator:source=solar or power=generator + generator:source=solar", "imagery_note": "osm=67.02070,30.15701 | bing=https://www.bing.com/maps?cp=30.15701~67.02070&lvl=19&style=a | google=https://www.google.com/maps/@30.15701,67.02070,200m/data=!3m1!1e3" }, "geometry": { "type": "Polygon", "coordinates": [ [ [ 67.020764025271902, 30.157035920765303 ], [ 67.0207209860056, 30.157069211290004 ], [ 67.020638828833, 30.156988999526508 ], [ 67.020681868088701, 30.156955709027901 ], [ 67.020764025271902, 30.157035920765303 ] ] ] } },
{ "type": "Feature", "properties": { "lead_id": "pakistan-small-pv-sppi-0218", "cell": "0122_0076", "roof_area_m2": 134.0013, "est_kwp": 24.12, "p_roofclf": 0.9499, "sppi": 0.0939, "fixme": "Possible small rooftop PV (134 m2 roof, SPPI=0.094 alone -- roofclf p=0.95 shown for reference only, not used to filter this population -- not near any existing OSM solar feature; kWp estimate is UNCALIBRATED, no measured precision weight exists for SPPI alone) -- check imagery; if real, map as generator:source=solar or power=generator + generator:source=solar", "imagery_note": "osm=73.12509,31.40706 | bing=https://www.bing.com/maps?cp=31.40706~73.12509&lvl=19&style=a | google=https://www.google.com/maps/@31.40706,73.12509,200m/data=!3m1!1e3" }, "geometry": { "type": "Polygon", "coordinates": [ [ [ 73.125176629513305, 31.4070651103724 ], [ 73.1250913736163, 31.407131302221995 ], [ 73.1250049736649, 31.407049440492202 ], [ 73.125090229542394, 31.406983248698896 ], [ 73.125176629513305, 31.4070651103724 ] ] ] } },
{ "type": "Feature", "properties": { "lead_id": "pakistan-small-pv-sppi-0219", "cell": "0136_0087", "roof_area_m2": 127.8534, "est_kwp": 23.01, "p_roofclf": 0.9438, "sppi": 0.0937, "fixme": "Possible small rooftop PV (128 m2 roof, SPPI=0.094 alone -- roofclf p=0.94 shown for reference only, not used to filter this population -- not near any existing OSM solar feature; kWp estimate is UNCALIBRATED, no measured precision weight exists for SPPI alone) -- check imagery; if real, map as generator:source=solar or power=generator + generator:source=solar", "imagery_note": "osm=74.53914,32.47478 | bing=https://www.bing.com/maps?cp=32.47478~74.53914&lvl=19&style=a | google=https://www.google.com/maps/@32.47478,74.53914,200m/data=!3m1!1e3" }, "geometry": { "type": "Polygon", "coordinates": [ [ [ 74.539073922965002, 32.474722353283802 ], [ 74.539086628746205, 32.474754713709302 ], [ 74.539190144471306, 32.474725509008401 ], [ 74.539222295958893, 32.4748073954663 ], [ 74.539096387740798, 32.47484291770909 ], [ 74.539051530581105, 32.474728670792103 ], [ 74.539073922965002, 32.474722353283802 ] ] ] } },
{ "type": "Feature", "properties": { "lead_id": "pakistan-small-pv-sppi-0220", "cell": "0122_0098", "roof_area_m2": 242.4578, "est_kwp": 43.64, "p_roofclf": 0.9681, "sppi": 0.0936, "fixme": "Possible small rooftop PV (242 m2 roof, SPPI=0.094 alone -- roofclf p=0.97 shown for reference only, not used to filter this population -- not near any existing OSM solar feature; kWp estimate is UNCALIBRATED, no measured precision weight exists for SPPI alone) -- check imagery; if real, map as generator:source=solar or power=generator + generator:source=solar", "imagery_note": "osm=73.11686,33.57220 | bing=https://www.bing.com/maps?cp=33.57220~73.11686&lvl=19&style=a | google=https://www.google.com/maps/@33.57220,73.11686,200m/data=!3m1!1e3" }, "geometry": { "type": "Polygon", "coordinates": [ [ [ 73.116856118641508, 33.572299465591897 ], [ 73.116746656548102, 33.572232796223403 ], [ 73.116868852603801, 33.572092212001998 ], [ 73.116978314624106, 33.572158881260989 ], [ 73.116856118641508, 33.572299465591897 ] ] ] } },
{ "type": "Feature", "properties": { "lead_id": "pakistan-small-pv-sppi-0221", "cell": "0061_0064", "roof_area_m2": 46.269, "est_kwp": 8.33, "p_roofclf": 0.8187, "sppi": 0.0936, "fixme": "Possible small rooftop PV (46 m2 roof, SPPI=0.094 alone -- roofclf p=0.82 shown for reference only, not used to filter this population -- not near any existing OSM solar feature; kWp estimate is UNCALIBRATED, no measured precision weight exists for SPPI alone) -- check imagery; if real, map as generator:source=solar or power=generator + generator:source=solar", "imagery_note": "osm=67.01522,30.19259 | bing=https://www.bing.com/maps?cp=30.19259~67.01522&lvl=19&style=a | google=https://www.google.com/maps/@30.19259,67.01522,200m/data=!3m1!1e3" }, "geometry": { "type": "Polygon", "coordinates": [ [ [ 67.015272785154707, 30.1925929700487 ], [ 67.015208350735307, 30.192627832845304 ], [ 67.015173640296396, 30.192579421463002 ], [ 67.015238074694906, 30.192544558682204 ], [ 67.015272785154707, 30.1925929700487 ] ] ] } },
{ "type": "Feature", "properties": { "lead_id": "pakistan-small-pv-sppi-0222", "cell": "0121_0077", "roof_area_m2": 13.4469, "est_kwp": 2.42, "p_roofclf": 0.3558, "sppi": 0.0936, "fixme": "Possible small rooftop PV (13 m2 roof, SPPI=0.094 alone -- roofclf p=0.36 shown for reference only, not used to filter this population -- not near any existing OSM solar feature; kWp estimate is UNCALIBRATED, no measured precision weight exists for SPPI alone) -- check imagery; if real, map as generator:source=solar or power=generator + generator:source=solar", "imagery_note": "osm=72.97178,31.43477 | bing=https://www.bing.com/maps?cp=31.43477~72.97178&lvl=19&style=a | google=https://www.google.com/maps/@31.43477,72.97178,200m/data=!3m1!1e3" }, "geometry": { "type": "Polygon", "coordinates": [ [ [ 72.971807744593903, 31.4347786087428 ], [ 72.971770868355705, 31.434794553854793 ], [ 72.971754660585802, 31.434766996949197 ], [ 72.971791536815601, 31.434751051841697 ], [ 72.971807744593903, 31.4347786087428 ] ] ] } },
{ "type": "Feature", "properties": { "lead_id": "pakistan-small-pv-sppi-0223", "cell": "0062_0011", "roof_area_m2": 256.9094, "est_kwp": 46.24, "p_roofclf": 0.9924, "sppi": 0.0935, "fixme": "Possible small rooftop PV (257 m2 roof, SPPI=0.093 alone -- roofclf p=0.99 shown for reference only, not used to filter this population -- not near any existing OSM solar feature; kWp estimate is UNCALIBRATED, no measured precision weight exists for SPPI alone) -- check imagery; if real, map as generator:source=solar or power=generator + generator:source=solar", "imagery_note": "osm=67.07627,24.88644 | bing=https://www.bing.com/maps?cp=24.88644~67.07627&lvl=19&style=a | google=https://www.google.com/maps/@24.88644,67.07627,200m/data=!3m1!1e3" }, "geometry": { "type": "Polygon", "coordinates": [ [ [ 67.076193577651608, 24.8863277225499 ], [ 67.076205787337898, 24.886309415454104 ], [ 67.076361791672795, 24.8863959875364 ], [ 67.076299509811307, 24.886489372505501 ], [ 67.076114877693897, 24.886386913829199 ], [ 67.076164949946005, 24.886311836036398 ], [ 67.076193577651608, 24.8863277225499 ] ] ] } },
{ "type": "Feature", "properties": { "lead_id": "pakistan-small-pv-sppi-0224", "cell": "0105_0102", "roof_area_m2": 30.5983, "est_kwp": 5.51, "p_roofclf": 0.9974, "sppi": 0.0933, "fixme": "Possible small rooftop PV (31 m2 roof, SPPI=0.093 alone -- roofclf p=1.00 shown for reference only, not used to filter this population -- not near any existing OSM solar feature; kWp estimate is UNCALIBRATED, no measured precision weight exists for SPPI alone) -- check imagery; if real, map as generator:source=solar or power=generator + generator:source=solar", "imagery_note": "osm=71.42580,33.98556 | bing=https://www.bing.com/maps?cp=33.98556~71.42580&lvl=19&style=a | google=https://www.google.com/maps/@33.98556,71.42580,200m/data=!3m1!1e3" }, "geometry": { "type": "Polygon", "coordinates": [ [ [ 71.425836928674102, 33.985539145342997 ], [ 71.425805620963203, 33.985602233031202 ], [ 71.4257652176953, 33.985588319580494 ], [ 71.425796525432602, 33.985525231901498 ], [ 71.425836928674102, 33.985539145342997 ] ] ] } },
{ "type": "Feature", "properties": { "lead_id": "pakistan-small-pv-sppi-0225", "cell": "0122_0069", "roof_area_m2": 295.3492, "est_kwp": 53.16, "p_roofclf": 0.9928, "sppi": 0.0932, "fixme": "Possible small rooftop PV (295 m2 roof, SPPI=0.093 alone -- roofclf p=0.99 shown for reference only, not used to filter this population -- not near any existing OSM solar feature; kWp estimate is UNCALIBRATED, no measured precision weight exists for SPPI alone) -- check imagery; if real, map as generator:source=solar or power=generator + generator:source=solar", "imagery_note": "osm=73.07902,30.65548 | bing=https://www.bing.com/maps?cp=30.65548~73.07902&lvl=19&style=a | google=https://www.google.com/maps/@30.65548,73.07902,200m/data=!3m1!1e3" }, "geometry": { "type": "Polygon", "coordinates": [ [ [ 73.079034288293101, 30.655301876469903 ], [ 73.079036276028305, 30.6554185244288 ], [ 73.079090063334604, 30.655417839354097 ], [ 73.079092116204706, 30.655538305956103 ], [ 73.078948574151596, 30.655540134155505 ], [ 73.078944533831503, 30.655303019603405 ], [ 73.079034288293101, 30.655301876469903 ] ] ] } },
{ "type": "Feature", "properties": { "lead_id": "pakistan-small-pv-sppi-0226", "cell": "0122_0077", "roof_area_m2": 39.2132, "est_kwp": 7.06, "p_roofclf": 0.6579, "sppi": 0.0931, "fixme": "Possible small rooftop PV (39 m2 roof, SPPI=0.093 alone -- roofclf p=0.66 shown for reference only, not used to filter this population -- not near any existing OSM solar feature; kWp estimate is UNCALIBRATED, no measured precision weight exists for SPPI alone) -- check imagery; if real, map as generator:source=solar or power=generator + generator:source=solar", "imagery_note": "osm=73.11108,31.41607 | bing=https://www.bing.com/maps?cp=31.41607~73.11108&lvl=19&style=a | google=https://www.google.com/maps/@31.41607,73.11108,200m/data=!3m1!1e3" }, "geometry": { "type": "Polygon", "coordinates": [ [ [ 73.111069839664495, 31.416024202730409 ], [ 73.111131562391805, 31.416081800971195 ], [ 73.111096583839299, 31.416109368681095 ], [ 73.111034861117204, 31.416051770423898 ], [ 73.111069839664495, 31.416024202730409 ] ] ] } },
{ "type": "Feature", "properties": { "lead_id": "pakistan-small-pv-sppi-0227", "cell": "0122_0077", "roof_area_m2": 34.6871, "est_kwp": 6.24, "p_roofclf": 0.6476, "sppi": 0.0931, "fixme": "Possible small rooftop PV (35 m2 roof, SPPI=0.093 alone -- roofclf p=0.65 shown for reference only, not used to filter this population -- not near any existing OSM solar feature; kWp estimate is UNCALIBRATED, no measured precision weight exists for SPPI alone) -- check imagery; if real, map as generator:source=solar or power=generator + generator:source=solar", "imagery_note": "osm=73.11110,31.41601 | bing=https://www.bing.com/maps?cp=31.41601~73.11110&lvl=19&style=a | google=https://www.google.com/maps/@31.41601,73.11110,200m/data=!3m1!1e3" }, "geometry": { "type": "Polygon", "coordinates": [ [ [ 73.111143972200594, 31.415999782438504 ], [ 73.111099038565399, 31.416049224609001 ], [ 73.111057751191296, 31.416021991241205 ], [ 73.111102518757505, 31.415972074888 ], [ 73.111143972200594, 31.415999782438504 ] ] ] } },
{ "type": "Feature", "properties": { "lead_id": "pakistan-small-pv-sppi-0228", "cell": "0136_0087", "roof_area_m2": 82.8392, "est_kwp": 14.91, "p_roofclf": 0.8987, "sppi": 0.0925, "fixme": "Possible small rooftop PV (83 m2 roof, SPPI=0.092 alone -- roofclf p=0.90 shown for reference only, not used to filter this population -- not near any existing OSM solar feature; kWp estimate is UNCALIBRATED, no measured precision weight exists for SPPI alone) -- check imagery; if real, map as generator:source=solar or power=generator + generator:source=solar", "imagery_note": "osm=74.53843,32.50240 | bing=https://www.bing.com/maps?cp=32.50240~74.53843&lvl=19&style=a | google=https://www.google.com/maps/@32.50240,74.53843,200m/data=!3m1!1e3" }, "geometry": { "type": "Polygon", "coordinates": [ [ [ 74.5383719, 32.5023644 ], [ 74.5384927, 32.502373 ], [ 74.5384862, 32.5024383 ], [ 74.5383654, 32.5024297 ], [ 74.5383719, 32.5023644 ] ] ] } },
{ "type": "Feature", "properties": { "lead_id": "pakistan-small-pv-sppi-0229", "cell": "0133_0077", "roof_area_m2": 97.4388, "est_kwp": 17.54, "p_roofclf": 0.8196, "sppi": 0.0922, "fixme": "Possible small rooftop PV (97 m2 roof, SPPI=0.092 alone -- roofclf p=0.82 shown for reference only, not used to filter this population -- not near any existing OSM solar feature; kWp estimate is UNCALIBRATED, no measured precision weight exists for SPPI alone) -- check imagery; if real, map as generator:source=solar or power=generator + generator:source=solar", "imagery_note": "osm=74.23583,31.46547 | bing=https://www.bing.com/maps?cp=31.46547~74.23583&lvl=19&style=a | google=https://www.google.com/maps/@31.46547,74.23583,200m/data=!3m1!1e3" }, "geometry": { "type": "Polygon", "coordinates": [ [ [ 74.235916211017994, 31.465511655076202 ], [ 74.235875480961397, 31.465546216128001 ], [ 74.235743163447793, 31.465431652620804 ], [ 74.235783893501406, 31.465397091610402 ], [ 74.235916211017994, 31.465511655076202 ] ] ] } },
{ "type": "Feature", "properties": { "lead_id": "pakistan-small-pv-sppi-0230", "cell": "0136_0087", "roof_area_m2": 36.4347, "est_kwp": 6.56, "p_roofclf": 0.9507, "sppi": 0.0921, "fixme": "Possible small rooftop PV (36 m2 roof, SPPI=0.092 alone -- roofclf p=0.95 shown for reference only, not used to filter this population -- not near any existing OSM solar feature; kWp estimate is UNCALIBRATED, no measured precision weight exists for SPPI alone) -- check imagery; if real, map as generator:source=solar or power=generator + generator:source=solar", "imagery_note": "osm=74.52051,32.48473 | bing=https://www.bing.com/maps?cp=32.48473~74.52051&lvl=19&style=a | google=https://www.google.com/maps/@32.48473,74.52051,200m/data=!3m1!1e3" }, "geometry": { "type": "Polygon", "coordinates": [ [ [ 74.520542966822106, 32.484707199204003 ], [ 74.520532188618901, 32.484759236376497 ], [ 74.520467064058593, 32.484749546029292 ], [ 74.520477842298206, 32.484697508860499 ], [ 74.520542966822106, 32.484707199204003 ] ] ] } },
{ "type": "Feature", "properties": { "lead_id": "pakistan-small-pv-sppi-0231", "cell": "0061_0011", "roof_area_m2": 13.7906, "est_kwp": 2.48, "p_roofclf": 0.8423, "sppi": 0.0921, "fixme": "Possible small rooftop PV (14 m2 roof, SPPI=0.092 alone -- roofclf p=0.84 shown for reference only, not used to filter this population -- not near any existing OSM solar feature; kWp estimate is UNCALIBRATED, no measured precision weight exists for SPPI alone) -- check imagery; if real, map as generator:source=solar or power=generator + generator:source=solar", "imagery_note": "osm=67.00304,24.84561 | bing=https://www.bing.com/maps?cp=24.84561~67.00304&lvl=19&style=a | google=https://www.google.com/maps/@24.84561,67.00304,200m/data=!3m1!1e3" }, "geometry": { "type": "Polygon", "coordinates": [ [ [ 67.003051869350898, 24.845579548951399 ], [ 67.003056676692495, 24.8456315056231 ], [ 67.003033187548397, 24.845633315197301 ], [ 67.003028380216705, 24.8455813585256 ], [ 67.003051869350898, 24.845579548951399 ] ] ] } },
{ "type": "Feature", "properties": { "lead_id": "pakistan-small-pv-sppi-0232", "cell": "0132_0088", "roof_area_m2": 246.6691, "est_kwp": 44.4, "p_roofclf": 0.9521, "sppi": 0.092, "fixme": "Possible small rooftop PV (247 m2 roof, SPPI=0.092 alone -- roofclf p=0.95 shown for reference only, not used to filter this population -- not near any existing OSM solar feature; kWp estimate is UNCALIBRATED, no measured precision weight exists for SPPI alone) -- check imagery; if real, map as generator:source=solar or power=generator + generator:source=solar", "imagery_note": "osm=74.07524,32.57512 | bing=https://www.bing.com/maps?cp=32.57512~74.07524&lvl=19&style=a | google=https://www.google.com/maps/@32.57512,74.07524,200m/data=!3m1!1e3" }, "geometry": { "type": "Polygon", "coordinates": [ [ [ 74.075329976402301, 32.575190091029398 ], [ 74.075169667233098, 32.575205594587402 ], [ 74.075150002777406, 32.5750598170847 ], [ 74.0753103116907, 32.575044313546599 ], [ 74.075329976402301, 32.575190091029398 ] ] ] } },
{ "type": "Feature", "properties": { "lead_id": "pakistan-small-pv-sppi-0233", "cell": "0132_0088", "roof_area_m2": 142.8708, "est_kwp": 25.72, "p_roofclf": 0.9498, "sppi": 0.092, "fixme": "Possible small rooftop PV (143 m2 roof, SPPI=0.092 alone -- roofclf p=0.95 shown for reference only, not used to filter this population -- not near any existing OSM solar feature; kWp estimate is UNCALIBRATED, no measured precision weight exists for SPPI alone) -- check imagery; if real, map as generator:source=solar or power=generator + generator:source=solar", "imagery_note": "osm=74.07632,32.58499 | bing=https://www.bing.com/maps?cp=32.58499~74.07632&lvl=19&style=a | google=https://www.google.com/maps/@32.58499,74.07632,200m/data=!3m1!1e3" }, "geometry": { "type": "Polygon", "coordinates": [ [ [ 74.076369474327606, 32.584913989985409 ], [ 74.076350976862102, 32.584913124731806 ], [ 74.076341162473398, 32.5850635129041 ], [ 74.076281317430002, 32.585060713520001 ], [ 74.076295023761702, 32.584850690175998 ], [ 74.076373366119199, 32.584854354803802 ], [ 74.076369474327606, 32.584913989985409 ] ] ] } },
{ "type": "Feature", "properties": { "lead_id": "pakistan-small-pv-sppi-0234", "cell": "0106_0064", "roof_area_m2": 276.6692, "est_kwp": 49.8, "p_roofclf": 0.9984, "sppi": 0.0919, "fixme": "Possible small rooftop PV (277 m2 roof, SPPI=0.092 alone -- roofclf p=1.00 shown for reference only, not used to filter this population -- not near any existing OSM solar feature; kWp estimate is UNCALIBRATED, no measured precision weight exists for SPPI alone) -- check imagery; if real, map as generator:source=solar or power=generator + generator:source=solar", "imagery_note": "osm=71.48415,30.13775 | bing=https://www.bing.com/maps?cp=30.13775~71.48415&lvl=19&style=a | google=https://www.google.com/maps/@30.13775,71.48415,200m/data=!3m1!1e3" }, "geometry": { "type": "Polygon", "coordinates": [ [ [ 71.48429855831921, 30.137712243245197 ], [ 71.484296513356696, 30.137798454244209 ], [ 71.483996516796694, 30.137793077918897 ], [ 71.483998562021199, 30.137706866904505 ], [ 71.48429855831921, 30.137712243245197 ] ] ] } },
{ "type": "Feature", "properties": { "lead_id": "pakistan-small-pv-sppi-0235", "cell": "0123_0104", "roof_area_m2": 85.3757, "est_kwp": 15.37, "p_roofclf": 0.1829, "sppi": 0.0918, "fixme": "Possible small rooftop PV (85 m2 roof, SPPI=0.092 alone -- roofclf p=0.18 shown for reference only, not used to filter this population -- not near any existing OSM solar feature; kWp estimate is UNCALIBRATED, no measured precision weight exists for SPPI alone) -- check imagery; if real, map as generator:source=solar or power=generator + generator:source=solar", "imagery_note": "osm=73.22708,34.17216 | bing=https://www.bing.com/maps?cp=34.17216~73.22708&lvl=19&style=a | google=https://www.google.com/maps/@34.17216,73.22708,200m/data=!3m1!1e3" }, "geometry": { "type": "Polygon", "coordinates": [ [ [ 73.227121540788602, 34.172106543884297 ], [ 73.227130761338103, 34.172199535224806 ], [ 73.227041617874406, 34.172205641572901 ], [ 73.227032397422803, 34.172112650228698 ], [ 73.227121540788602, 34.172106543884297 ] ] ] } },
{ "type": "Feature", "properties": { "lead_id": "pakistan-small-pv-sppi-0236", "cell": "0123_0104", "roof_area_m2": 37.6537, "est_kwp": 6.78, "p_roofclf": 0.11, "sppi": 0.0918, "fixme": "Possible small rooftop PV (38 m2 roof, SPPI=0.092 alone -- roofclf p=0.11 shown for reference only, not used to filter this population -- not near any existing OSM solar feature; kWp estimate is UNCALIBRATED, no measured precision weight exists for SPPI alone) -- check imagery; if real, map as generator:source=solar or power=generator + generator:source=solar", "imagery_note": "osm=73.22717,34.17217 | bing=https://www.bing.com/maps?cp=34.17217~73.22717&lvl=19&style=a | google=https://www.google.com/maps/@34.17217,73.22717,200m/data=!3m1!1e3" }, "geometry": { "type": "Polygon", "coordinates": [ [ [ 73.227202077320698, 34.172146269484401 ], [ 73.227206842169906, 34.172194323618001 ], [ 73.227130761338103, 34.172199535224806 ], [ 73.227125996531896, 34.1721514810896 ], [ 73.227202077320698, 34.172146269484401 ] ] ] } },
{ "type": "Feature", "properties": { "lead_id": "pakistan-small-pv-sppi-0237", "cell": "0123_0104", "roof_area_m2": 15.98, "est_kwp": 2.88, "p_roofclf": 0.0655, "sppi": 0.0918, "fixme": "Possible small rooftop PV (16 m2 roof, SPPI=0.092 alone -- roofclf p=0.07 shown for reference only, not used to filter this population -- not near any existing OSM solar feature; kWp estimate is UNCALIBRATED, no measured precision weight exists for SPPI alone) -- check imagery; if real, map as generator:source=solar or power=generator + generator:source=solar", "imagery_note": "osm=73.22715,34.17211 | bing=https://www.bing.com/maps?cp=34.17211~73.22715&lvl=19&style=a | google=https://www.google.com/maps/@34.17211,73.22715,200m/data=!3m1!1e3" }, "geometry": { "type": "Polygon", "coordinates": [ [ [ 73.227176648345207, 34.172128172957997 ], [ 73.227122201266297, 34.172125583675196 ], [ 73.227124169820797, 34.172096986620097 ], [ 73.227178616881901, 34.172099575901392 ], [ 73.227176648345207, 34.172128172957997 ] ] ] } },
{ "type": "Feature", "properties": { "lead_id": "pakistan-small-pv-sppi-0238", "cell": "0114_0075", "roof_area_m2": 31.6609, "est_kwp": 5.7, "p_roofclf": 0.8378, "sppi": 0.0917, "fixme": "Possible small rooftop PV (32 m2 roof, SPPI=0.092 alone -- roofclf p=0.84 shown for reference only, not used to filter this population -- not near any existing OSM solar feature; kWp estimate is UNCALIBRATED, no measured precision weight exists for SPPI alone) -- check imagery; if real, map as generator:source=solar or power=generator + generator:source=solar", "imagery_note": "osm=72.30240,31.26894 | bing=https://www.bing.com/maps?cp=31.26894~72.30240&lvl=19&style=a | google=https://www.google.com/maps/@31.26894,72.30240,200m/data=!3m1!1e3" }, "geometry": { "type": "Polygon", "coordinates": [ [ [ 72.302429354696699, 31.2689129933011 ], [ 72.302415461798205, 31.268972858569505 ], [ 72.302367331282596, 31.268964617689402 ], [ 72.302381224209597, 31.268904752427897 ], [ 72.302429354696699, 31.2689129933011 ] ] ] } },
{ "type": "Feature", "properties": { "lead_id": "pakistan-small-pv-sppi-0239", "cell": "0061_0012", "roof_area_m2": 55.1256, "est_kwp": 9.92, "p_roofclf": 0.9766, "sppi": 0.0913, "fixme": "Possible small rooftop PV (55 m2 roof, SPPI=0.091 alone -- roofclf p=0.98 shown for reference only, not used to filter this population -- not near any existing OSM solar feature; kWp estimate is UNCALIBRATED, no measured precision weight exists for SPPI alone) -- check imagery; if real, map as generator:source=solar or power=generator + generator:source=solar", "imagery_note": "osm=67.03507,24.96094 | bing=https://www.bing.com/maps?cp=24.96094~67.03507&lvl=19&style=a | google=https://www.google.com/maps/@24.96094,67.03507,200m/data=!3m1!1e3" }, "geometry": { "type": "Polygon", "coordinates": [ [ [ 67.035129653954996, 24.960924002166703 ], [ 67.035037608534395, 24.960990894362901 ], [ 67.035009041743905, 24.960958227021404 ], [ 67.035101087154004, 24.9608913348433 ], [ 67.035129653954996, 24.960924002166703 ] ] ] } },
{ "type": "Feature", "properties": { "lead_id": "pakistan-small-pv-sppi-0240", "cell": "0133_0077", "roof_area_m2": 79.1959, "est_kwp": 14.26, "p_roofclf": 0.9727, "sppi": 0.0911, "fixme": "Possible small rooftop PV (79 m2 roof, SPPI=0.091 alone -- roofclf p=0.97 shown for reference only, not used to filter this population -- not near any existing OSM solar feature; kWp estimate is UNCALIBRATED, no measured precision weight exists for SPPI alone) -- check imagery; if real, map as generator:source=solar or power=generator + generator:source=solar", "imagery_note": "osm=74.22871,31.42550 | bing=https://www.bing.com/maps?cp=31.42550~74.22871&lvl=19&style=a | google=https://www.google.com/maps/@31.42550,74.22871,200m/data=!3m1!1e3" }, "geometry": { "type": "Polygon", "coordinates": [ [ [ 74.228764731855193, 31.425441682247101 ], [ 74.228760113224595, 31.425525590941902 ], [ 74.228654893597195, 31.425521332188694 ], [ 74.228657227908101, 31.4254789246157 ], [ 74.228689499865595, 31.4254802308287 ], [ 74.2286917842642, 31.425438729713402 ], [ 74.228764731855193, 31.425441682247101 ] ] ] } },
{ "type": "Feature", "properties": { "lead_id": "pakistan-small-pv-sppi-0241", "cell": "0106_0098", "roof_area_m2": 24.2717, "est_kwp": 4.37, "p_roofclf": 0.9868, "sppi": 0.0911, "fixme": "Possible small rooftop PV (24 m2 roof, SPPI=0.091 alone -- roofclf p=0.99 shown for reference only, not used to filter this population -- not near any existing OSM solar feature; kWp estimate is UNCALIBRATED, no measured precision weight exists for SPPI alone) -- check imagery; if real, map as generator:source=solar or power=generator + generator:source=solar", "imagery_note": "osm=71.54105,33.54297 | bing=https://www.bing.com/maps?cp=33.54297~71.54105&lvl=19&style=a | google=https://www.google.com/maps/@33.54297,71.54105,200m/data=!3m1!1e3" }, "geometry": { "type": "Polygon", "coordinates": [ [ [ 71.541080804948393, 33.542946931106201 ], [ 71.5410646081979, 33.54300808727529 ], [ 71.541027901311494, 33.5430012705759 ], [ 71.541044098087298, 33.542940114410399 ], [ 71.541080804948393, 33.542946931106201 ] ] ] } },
{ "type": "Feature", "properties": { "lead_id": "pakistan-small-pv-sppi-0242", "cell": "0080_0039", "roof_area_m2": 55.8733, "est_kwp": 10.06, "p_roofclf": 0.91, "sppi": 0.0909, "fixme": "Possible small rooftop PV (56 m2 roof, SPPI=0.091 alone -- roofclf p=0.91 shown for reference only, not used to filter this population -- not near any existing OSM solar feature; kWp estimate is UNCALIBRATED, no measured precision weight exists for SPPI alone) -- check imagery; if real, map as generator:source=solar or power=generator + generator:source=solar", "imagery_note": "osm=68.85517,27.69125 | bing=https://www.bing.com/maps?cp=27.69125~68.85517&lvl=19&style=a | google=https://www.google.com/maps/@27.69125,68.85517,200m/data=!3m1!1e3" }, "geometry": { "type": "Polygon", "coordinates": [ [ [ 68.855172321173299, 27.6911971924808 ], [ 68.8551697540872, 27.6912252702922 ], [ 68.855215881418502, 27.691228611894701 ], [ 68.855211522985599, 27.691276282961898 ], [ 68.855127495275198, 27.6912701957298 ], [ 68.855134420840201, 27.691194446855103 ], [ 68.855172321173299, 27.6911971924808 ] ] ] } },
{ "type": "Feature", "properties": { "lead_id": "pakistan-small-pv-sppi-0243", "cell": "0107_0105", "roof_area_m2": 132.8396, "est_kwp": 23.91, "p_roofclf": 0.9972, "sppi": 0.0909, "fixme": "Possible small rooftop PV (133 m2 roof, SPPI=0.091 alone -- roofclf p=1.00 shown for reference only, not used to filter this population -- not near any existing OSM solar feature; kWp estimate is UNCALIBRATED, no measured precision weight exists for SPPI alone) -- check imagery; if real, map as generator:source=solar or power=generator + generator:source=solar", "imagery_note": "osm=71.54400,34.21186 | bing=https://www.bing.com/maps?cp=34.21186~71.54400&lvl=19&style=a | google=https://www.google.com/maps/@34.21186,71.54400,200m/data=!3m1!1e3" }, "geometry": { "type": "Polygon", "coordinates": [ [ [ 71.544083159413006, 34.211822114742802 ], [ 71.544067464319795, 34.211910990655596 ], [ 71.543924365215105, 34.211893549060697 ], [ 71.543940060456606, 34.2118046731579 ], [ 71.544083159413006, 34.211822114742802 ] ] ] } },
{ "type": "Feature", "properties": { "lead_id": "pakistan-small-pv-sppi-0244", "cell": "0107_0103", "roof_area_m2": 209.1319, "est_kwp": 37.64, "p_roofclf": 0.977, "sppi": 0.0906, "fixme": "Possible small rooftop PV (209 m2 roof, SPPI=0.091 alone -- roofclf p=0.98 shown for reference only, not used to filter this population -- not near any existing OSM solar feature; kWp estimate is UNCALIBRATED, no measured precision weight exists for SPPI alone) -- check imagery; if real, map as generator:source=solar or power=generator + generator:source=solar", "imagery_note": "osm=71.57420,34.02609 | bing=https://www.bing.com/maps?cp=34.02609~71.57420&lvl=19&style=a | google=https://www.google.com/maps/@34.02609,71.57420,200m/data=!3m1!1e3" }, "geometry": { "type": "Polygon", "coordinates": [ [ [ 71.574213898615895, 34.026032965434098 ], [ 71.574250004577607, 34.026024186477493 ], [ 71.574292694916906, 34.026145905491099 ], [ 71.574166816006297, 34.026176512181799 ], [ 71.574110518755305, 34.026015996291292 ], [ 71.574200291509101, 34.025994168619391 ], [ 71.574213898615895, 34.026032965434098 ] ] ] } },
{ "type": "Feature", "properties": { "lead_id": "pakistan-small-pv-sppi-0245", "cell": "0080_0039", "roof_area_m2": 19.3476, "est_kwp": 3.48, "p_roofclf": 0.9681, "sppi": 0.0905, "fixme": "Possible small rooftop PV (19 m2 roof, SPPI=0.090 alone -- roofclf p=0.97 shown for reference only, not used to filter this population -- not near any existing OSM solar feature; kWp estimate is UNCALIBRATED, no measured precision weight exists for SPPI alone) -- check imagery; if real, map as generator:source=solar or power=generator + generator:source=solar", "imagery_note": "osm=68.91787,27.68395 | bing=https://www.bing.com/maps?cp=27.68395~68.91787&lvl=19&style=a | google=https://www.google.com/maps/@27.68395,68.91787,200m/data=!3m1!1e3" }, "geometry": { "type": "Polygon", "coordinates": [ [ [ 68.917876616108401, 27.683918394458601 ], [ 68.917883036666794, 27.683983740221898 ], [ 68.917856199952396, 27.683985829820397 ], [ 68.917849779409806, 27.683920484055999 ], [ 68.917876616108401, 27.683918394458601 ] ] ] } },
{ "type": "Feature", "properties": { "lead_id": "pakistan-small-pv-sppi-0246", "cell": "0064_0011", "roof_area_m2": 334.9076, "est_kwp": 60.28, "p_roofclf": 0.9283, "sppi": 0.0902, "fixme": "Possible small rooftop PV (335 m2 roof, SPPI=0.090 alone -- roofclf p=0.93 shown for reference only, not used to filter this population -- not near any existing OSM solar feature; kWp estimate is UNCALIBRATED, no measured precision weight exists for SPPI alone) -- check imagery; if real, map as generator:source=solar or power=generator + generator:source=solar", "imagery_note": "osm=67.31029,24.82396 | bing=https://www.bing.com/maps?cp=24.82396~67.31029&lvl=19&style=a | google=https://www.google.com/maps/@24.82396,67.31029,200m/data=!3m1!1e3" }, "geometry": { "type": "Polygon", "coordinates": [ [ [ 67.310387572645794, 24.823886688339801 ], [ 67.310390566661297, 24.824033185958601 ], [ 67.310186920198404, 24.824036652382905 ], [ 67.310183926422994, 24.823890154773 ], [ 67.310387572645794, 24.823886688339801 ] ] ] } },
{ "type": "Feature", "properties": { "lead_id": "pakistan-small-pv-sppi-0247", "cell": "0061_0011", "roof_area_m2": 67.8804, "est_kwp": 12.22, "p_roofclf": 0.8272, "sppi": 0.09, "fixme": "Possible small rooftop PV (68 m2 roof, SPPI=0.090 alone -- roofclf p=0.83 shown for reference only, not used to filter this population -- not near any existing OSM solar feature; kWp estimate is UNCALIBRATED, no measured precision weight exists for SPPI alone) -- check imagery; if real, map as generator:source=solar or power=generator + generator:source=solar", "imagery_note": "osm=66.99357,24.85195 | bing=https://www.bing.com/maps?cp=24.85195~66.99357&lvl=19&style=a | google=https://www.google.com/maps/@24.85195,66.99357,200m/data=!3m1!1e3" }, "geometry": { "type": "Polygon", "coordinates": [ [ [ 66.993605235186294, 24.851897205407798 ], [ 66.993583035757098, 24.852004123988902 ], [ 66.993528408569603, 24.851994681226795 ], [ 66.993550608042895, 24.851887762656602 ], [ 66.993605235186294, 24.851897205407798 ] ] ] } },
{ "type": "Feature", "properties": { "lead_id": "pakistan-small-pv-sppi-0248", "cell": "0136_0088", "roof_area_m2": 53.6349, "est_kwp": 9.65, "p_roofclf": 0.9078, "sppi": 0.09, "fixme": "Possible small rooftop PV (54 m2 roof, SPPI=0.090 alone -- roofclf p=0.91 shown for reference only, not used to filter this population -- not near any existing OSM solar feature; kWp estimate is UNCALIBRATED, no measured precision weight exists for SPPI alone) -- check imagery; if real, map as generator:source=solar or power=generator + generator:source=solar", "imagery_note": "osm=74.50719,32.50986 | bing=https://www.bing.com/maps?cp=32.50986~74.50719&lvl=19&style=a | google=https://www.google.com/maps/@32.50986,74.50719,200m/data=!3m1!1e3" }, "geometry": { "type": "Polygon", "coordinates": [ [ [ 74.507241377135301, 32.5098843656396 ], [ 74.507192046679407, 32.509912397323703 ], [ 74.5071351207568, 32.5098404702482 ], [ 74.507184451189602, 32.509812438586501 ], [ 74.507241377135301, 32.5098843656396 ] ] ] } },
{ "type": "Feature", "properties": { "lead_id": "pakistan-small-pv-sppi-0249", "cell": "0062_0011", "roof_area_m2": 59.6124, "est_kwp": 10.73, "p_roofclf": 0.979, "sppi": 0.0899, "fixme": "Possible small rooftop PV (60 m2 roof, SPPI=0.090 alone -- roofclf p=0.98 shown for reference only, not used to filter this population -- not near any existing OSM solar feature; kWp estimate is UNCALIBRATED, no measured precision weight exists for SPPI alone) -- check imagery; if real, map as generator:source=solar or power=generator + generator:source=solar", "imagery_note": "osm=67.07611,24.88634 | bing=https://www.bing.com/maps?cp=24.88634~67.07611&lvl=19&style=a | google=https://www.google.com/maps/@24.88634,67.07611,200m/data=!3m1!1e3" }, "geometry": { "type": "Polygon", "coordinates": [ [ [ 67.076164949946005, 24.886311836036398 ], [ 67.076114877693897, 24.886386913829199 ], [ 67.076063209582898, 24.886358241358103 ], [ 67.076113281850397, 24.886283163582402 ], [ 67.076164949946005, 24.886311836036398 ] ] ] } },
{ "type": "Feature", "properties": { "lead_id": "pakistan-small-pv-sppi-0250", "cell": "0062_0013", "roof_area_m2": 71.8456, "est_kwp": 12.93, "p_roofclf": 0.7302, "sppi": 0.0898, "fixme": "Possible small rooftop PV (72 m2 roof, SPPI=0.090 alone -- roofclf p=0.73 shown for reference only, not used to filter this population -- not near any existing OSM solar feature; kWp estimate is UNCALIBRATED, no measured precision weight exists for SPPI alone) -- check imagery; if real, map as generator:source=solar or power=generator + generator:source=solar", "imagery_note": "osm=67.11288,25.01891 | bing=https://www.bing.com/maps?cp=25.01891~67.11288&lvl=19&style=a | google=https://www.google.com/maps/@25.01891,67.11288,200m/data=!3m1!1e3" }, "geometry": { "type": "Polygon", "coordinates": [ [ [ 67.112942663592406, 25.018935090176299 ], [ 67.112901945022301, 25.018969259371403 ], [ 67.112815821616806, 25.0188840493981 ], [ 67.112856540179493, 25.018849880226202 ], [ 67.112942663592406, 25.018935090176299 ] ] ] } },
{ "type": "Feature", "properties": { "lead_id": "pakistan-small-pv-sppi-0251", "cell": "0114_0075", "roof_area_m2": 97.7813, "est_kwp": 17.6, "p_roofclf": 0.8997, "sppi": 0.0893, "fixme": "Possible small rooftop PV (98 m2 roof, SPPI=0.089 alone -- roofclf p=0.90 shown for reference only, not used to filter this population -- not near any existing OSM solar feature; kWp estimate is UNCALIBRATED, no measured precision weight exists for SPPI alone) -- check imagery; if real, map as generator:source=solar or power=generator + generator:source=solar", "imagery_note": "osm=72.30227,31.26891 | bing=https://www.bing.com/maps?cp=31.26891~72.30227&lvl=19&style=a | google=https://www.google.com/maps/@31.26891,72.30227,200m/data=!3m1!1e3" }, "geometry": { "type": "Polygon", "coordinates": [ [ [ 72.302339310713094, 31.268877260833097 ], [ 72.302329745054493, 31.268951643637795 ], [ 72.302206856694099, 31.268939983862694 ], [ 72.302216422447103, 31.268865601070196 ], [ 72.302339310713094, 31.268877260833097 ] ] ] } },
{ "type": "Feature", "properties": { "lead_id": "pakistan-small-pv-sppi-0252", "cell": "0107_0105", "roof_area_m2": 38.1035, "est_kwp": 6.86, "p_roofclf": 0.9972, "sppi": 0.089, "fixme": "Possible small rooftop PV (38 m2 roof, SPPI=0.089 alone -- roofclf p=1.00 shown for reference only, not used to filter this population -- not near any existing OSM solar feature; kWp estimate is UNCALIBRATED, no measured precision weight exists for SPPI alone) -- check imagery; if real, map as generator:source=solar or power=generator + generator:source=solar", "imagery_note": "osm=71.54406,34.21177 | bing=https://www.bing.com/maps?cp=34.21177~71.54406&lvl=19&style=a | google=https://www.google.com/maps/@34.21177,71.54406,200m/data=!3m1!1e3" }, "geometry": { "type": "Polygon", "coordinates": [ [ [ 71.5440905233161, 34.211749771838697 ], [ 71.5440808985812, 34.211782727086103 ], [ 71.544102146572598, 34.211787010108402 ], [ 71.544093220512494, 34.211817573087501 ], [ 71.544026789281801, 34.211804182329203 ], [ 71.544045340117293, 34.211740664108902 ], [ 71.5440905233161, 34.211749771838697 ] ] ] } },
{ "type": "Feature", "properties": { "lead_id": "pakistan-small-pv-sppi-0253", "cell": "0122_0098", "roof_area_m2": 61.9122, "est_kwp": 11.14, "p_roofclf": 0.7633, "sppi": 0.0884, "fixme": "Possible small rooftop PV (62 m2 roof, SPPI=0.088 alone -- roofclf p=0.76 shown for reference only, not used to filter this population -- not near any existing OSM solar feature; kWp estimate is UNCALIBRATED, no measured precision weight exists for SPPI alone) -- check imagery; if real, map as generator:source=solar or power=generator + generator:source=solar", "imagery_note": "osm=73.09264,33.55612 | bing=https://www.bing.com/maps?cp=33.55612~73.09264&lvl=19&style=a | google=https://www.google.com/maps/@33.55612,73.09264,200m/data=!3m1!1e3" }, "geometry": { "type": "Polygon", "coordinates": [ [ [ 73.092698908046202, 33.556092525469602 ], [ 73.092652763641098, 33.556166335017991 ], [ 73.092588862962103, 33.5561383311763 ], [ 73.092635007404198, 33.5560645216528 ], [ 73.092698908046202, 33.556092525469602 ] ] ] } },
{ "type": "Feature", "properties": { "lead_id": "pakistan-small-pv-sppi-0254", "cell": "0135_0076", "roof_area_m2": 92.5681, "est_kwp": 16.66, "p_roofclf": 0.9351, "sppi": 0.0883, "fixme": "Possible small rooftop PV (93 m2 roof, SPPI=0.088 alone -- roofclf p=0.94 shown for reference only, not used to filter this population -- not near any existing OSM solar feature; kWp estimate is UNCALIBRATED, no measured precision weight exists for SPPI alone) -- check imagery; if real, map as generator:source=solar or power=generator + generator:source=solar", "imagery_note": "osm=74.35904,31.37283 | bing=https://www.bing.com/maps?cp=31.37283~74.35904&lvl=19&style=a | google=https://www.google.com/maps/@31.37283,74.35904,200m/data=!3m1!1e3" }, "geometry": { "type": "Polygon", "coordinates": [ [ [ 74.359042461648698, 31.372743469701398 ], [ 74.359093186157594, 31.372908261282504 ], [ 74.359043444671599, 31.372919532428199 ], [ 74.358992720244501, 31.372754740828704 ], [ 74.359042461648698, 31.372743469701398 ] ] ] } },
{ "type": "Feature", "properties": { "lead_id": "pakistan-small-pv-sppi-0255", "cell": "0107_0103", "roof_area_m2": 206.5087, "est_kwp": 37.17, "p_roofclf": 0.9778, "sppi": 0.0881, "fixme": "Possible small rooftop PV (207 m2 roof, SPPI=0.088 alone -- roofclf p=0.98 shown for reference only, not used to filter this population -- not near any existing OSM solar feature; kWp estimate is UNCALIBRATED, no measured precision weight exists for SPPI alone) -- check imagery; if real, map as generator:source=solar or power=generator + generator:source=solar", "imagery_note": "osm=71.57404,34.02605 | bing=https://www.bing.com/maps?cp=34.02605~71.57404&lvl=19&style=a | google=https://www.google.com/maps/@34.02605,71.57404,200m/data=!3m1!1e3" }, "geometry": { "type": "Polygon", "coordinates": [ [ [ 71.574121496517094, 34.026180300341103 ], [ 71.5740525835092, 34.026197099593809 ], [ 71.573957872115301, 34.0259277553833 ], [ 71.574026784930695, 34.025910956191503 ], [ 71.574121496517094, 34.026180300341103 ] ] ] } },
{ "type": "Feature", "properties": { "lead_id": "pakistan-small-pv-sppi-0256", "cell": "0136_0087", "roof_area_m2": 214.3394, "est_kwp": 38.58, "p_roofclf": 0.9464, "sppi": 0.0877, "fixme": "Possible small rooftop PV (214 m2 roof, SPPI=0.088 alone -- roofclf p=0.95 shown for reference only, not used to filter this population -- not near any existing OSM solar feature; kWp estimate is UNCALIBRATED, no measured precision weight exists for SPPI alone) -- check imagery; if real, map as generator:source=solar or power=generator + generator:source=solar", "imagery_note": "osm=74.51490,32.47268 | bing=https://www.bing.com/maps?cp=32.47268~74.51490&lvl=19&style=a | google=https://www.google.com/maps/@32.47268,74.51490,200m/data=!3m1!1e3" }, "geometry": { "type": "Polygon", "coordinates": [ [ [ 74.515091770835895, 32.472664854143197 ], [ 74.515088984427393, 32.472718638183402 ], [ 74.514707673237098, 32.472704442146394 ], [ 74.514710459871594, 32.472650658116699 ], [ 74.515091770835895, 32.472664854143197 ] ] ] } },
{ "type": "Feature", "properties": { "lead_id": "pakistan-small-pv-sppi-0257", "cell": "0112_0104", "roof_area_m2": 167.3748, "est_kwp": 30.13, "p_roofclf": 0.9615, "sppi": 0.0877, "fixme": "Possible small rooftop PV (167 m2 roof, SPPI=0.088 alone -- roofclf p=0.96 shown for reference only, not used to filter this population -- not near any existing OSM solar feature; kWp estimate is UNCALIBRATED, no measured precision weight exists for SPPI alone) -- check imagery; if real, map as generator:source=solar or power=generator + generator:source=solar", "imagery_note": "osm=72.03999,34.19284 | bing=https://www.bing.com/maps?cp=34.19284~72.03999&lvl=19&style=a | google=https://www.google.com/maps/@34.19284,72.03999,200m/data=!3m1!1e3" }, "geometry": { "type": "Polygon", "coordinates": [ [ [ 72.0400463, 34.1928075 ], [ 72.0400418, 34.1929109 ], [ 72.0397914, 34.1929032 ], [ 72.0397933, 34.1928605 ], [ 72.039939, 34.192865 ], [ 72.0399417, 34.1928043 ], [ 72.0399774, 34.1928054 ], [ 72.0399765, 34.1928253 ], [ 72.0400114, 34.1928264 ], [ 72.0400123, 34.1928065 ], [ 72.0400463, 34.1928075 ] ] ] } },
{ "type": "Feature", "properties": { "lead_id": "pakistan-small-pv-sppi-0258", "cell": "0094_0047", "roof_area_m2": 62.7013, "est_kwp": 11.29, "p_roofclf": 0.9989, "sppi": 0.0875, "fixme": "Possible small rooftop PV (63 m2 roof, SPPI=0.087 alone -- roofclf p=1.00 shown for reference only, not used to filter this population -- not near any existing OSM solar feature; kWp estimate is UNCALIBRATED, no measured precision weight exists for SPPI alone) -- check imagery; if real, map as generator:source=solar or power=generator + generator:source=solar", "imagery_note": "osm=70.26592,28.43296 | bing=https://www.bing.com/maps?cp=28.43296~70.26592&lvl=19&style=a | google=https://www.google.com/maps/@28.43296,70.26592,200m/data=!3m1!1e3" }, "geometry": { "type": "Polygon", "coordinates": [ [ [ 70.2659735823825, 28.432936139187799 ], [ 70.265971203147501, 28.432991921829501 ], [ 70.265867970952598, 28.4329884813314 ], [ 70.265870350241798, 28.432932698689704 ], [ 70.2659735823825, 28.432936139187799 ] ] ] } },
{ "type": "Feature", "properties": { "lead_id": "pakistan-small-pv-sppi-0259", "cell": "0074_0016", "roof_area_m2": 18.9401, "est_kwp": 3.41, "p_roofclf": 0.993, "sppi": 0.0871, "fixme": "Possible small rooftop PV (19 m2 roof, SPPI=0.087 alone -- roofclf p=0.99 shown for reference only, not used to filter this population -- not near any existing OSM solar feature; kWp estimate is UNCALIBRATED, no measured precision weight exists for SPPI alone) -- check imagery; if real, map as generator:source=solar or power=generator + generator:source=solar", "imagery_note": "osm=68.28403,25.36050 | bing=https://www.bing.com/maps?cp=25.36050~68.28403&lvl=19&style=a | google=https://www.google.com/maps/@25.36050,68.28403,200m/data=!3m1!1e3" }, "geometry": { "type": "Polygon", "coordinates": [ [ [ 68.284061394005207, 25.360490242227101 ], [ 68.284047927059206, 25.360526772141501 ], [ 68.284006196059295, 25.360514034497605 ], [ 68.284019650777097, 25.360477537786299 ], [ 68.284061394005207, 25.360490242227101 ] ] ] } },
{ "type": "Feature", "properties": { "lead_id": "pakistan-small-pv-sppi-0260", "cell": "0062_0011", "roof_area_m2": 145.1633, "est_kwp": 26.13, "p_roofclf": 0.9763, "sppi": 0.087, "fixme": "Possible small rooftop PV (145 m2 roof, SPPI=0.087 alone -- roofclf p=0.98 shown for reference only, not used to filter this population -- not near any existing OSM solar feature; kWp estimate is UNCALIBRATED, no measured precision weight exists for SPPI alone) -- check imagery; if real, map as generator:source=solar or power=generator + generator:source=solar", "imagery_note": "osm=67.11801,24.81579 | bing=https://www.bing.com/maps?cp=24.81579~67.11801&lvl=19&style=a | google=https://www.google.com/maps/@24.81579,67.11801,200m/data=!3m1!1e3" }, "geometry": { "type": "Polygon", "coordinates": [ [ [ 67.1180867715575, 24.815756667262502 ], [ 67.1180630892012, 24.815855405768101 ], [ 67.117938078827294, 24.815830428620199 ], [ 67.117961761274202, 24.815731690139501 ], [ 67.1180867715575, 24.815756667262502 ] ] ] } },
{ "type": "Feature", "properties": { "lead_id": "pakistan-small-pv-sppi-0261", "cell": "0136_0088", "roof_area_m2": 51.6892, "est_kwp": 9.3, "p_roofclf": 0.714, "sppi": 0.0869, "fixme": "Possible small rooftop PV (52 m2 roof, SPPI=0.087 alone -- roofclf p=0.71 shown for reference only, not used to filter this population -- not near any existing OSM solar feature; kWp estimate is UNCALIBRATED, no measured precision weight exists for SPPI alone) -- check imagery; if real, map as generator:source=solar or power=generator + generator:source=solar", "imagery_note": "osm=74.49459,32.51729 | bing=https://www.bing.com/maps?cp=32.51729~74.49459&lvl=19&style=a | google=https://www.google.com/maps/@32.51729,74.49459,200m/data=!3m1!1e3" }, "geometry": { "type": "Polygon", "coordinates": [ [ [ 74.494648219628317, 32.5172799536059 ], [ 74.494560548681207, 32.517329882518098 ], [ 74.494529647713193, 32.517290931417797 ], [ 74.494617318639101, 32.517241002526802 ], [ 74.494648219628317, 32.5172799536059 ] ] ] } },
{ "type": "Feature", "properties": { "lead_id": "pakistan-small-pv-sppi-0262", "cell": "0062_0013", "roof_area_m2": 23.9744, "est_kwp": 4.32, "p_roofclf": 0.3527, "sppi": 0.0866, "fixme": "Possible small rooftop PV (24 m2 roof, SPPI=0.087 alone -- roofclf p=0.35 shown for reference only, not used to filter this population -- not near any existing OSM solar feature; kWp estimate is UNCALIBRATED, no measured precision weight exists for SPPI alone) -- check imagery; if real, map as generator:source=solar or power=generator + generator:source=solar", "imagery_note": "osm=67.11302,25.01900 | bing=https://www.bing.com/maps?cp=25.01900~67.11302&lvl=19&style=a | google=https://www.google.com/maps/@25.01900,67.11302,200m/data=!3m1!1e3" }, "geometry": { "type": "Polygon", "coordinates": [ [ [ 67.113060796711096, 25.019018620337899 ], [ 67.113037262324397, 25.019037693097602 ], [ 67.112987710998709, 25.018986929155599 ], [ 67.113011245382296, 25.018967856403599 ], [ 67.113060796711096, 25.019018620337899 ] ] ] } },
{ "type": "Feature", "properties": { "lead_id": "pakistan-small-pv-sppi-0263", "cell": "0114_0075", "roof_area_m2": 37.1339, "est_kwp": 6.68, "p_roofclf": 0.9994, "sppi": 0.0864, "fixme": "Possible small rooftop PV (37 m2 roof, SPPI=0.086 alone -- roofclf p=1.00 shown for reference only, not used to filter this population -- not near any existing OSM solar feature; kWp estimate is UNCALIBRATED, no measured precision weight exists for SPPI alone) -- check imagery; if real, map as generator:source=solar or power=generator + generator:source=solar", "imagery_note": "osm=72.32833,31.22591 | bing=https://www.bing.com/maps?cp=31.22591~72.32833&lvl=19&style=a | google=https://www.google.com/maps/@31.22591,72.32833,200m/data=!3m1!1e3" }, "geometry": { "type": "Polygon", "coordinates": [ [ [ 72.328371956145105, 31.225887249160301 ], [ 72.328366540304103, 31.225931578952199 ], [ 72.328288177261797, 31.225924508985699 ], [ 72.328293593138596, 31.225880179198899 ], [ 72.328371956145105, 31.225887249160301 ] ] ] } },
{ "type": "Feature", "properties": { "lead_id": "pakistan-small-pv-sppi-0264", "cell": "0062_0011", "roof_area_m2": 53.957, "est_kwp": 9.71, "p_roofclf": 0.9671, "sppi": 0.0861, "fixme": "Possible small rooftop PV (54 m2 roof, SPPI=0.086 alone -- roofclf p=0.97 shown for reference only, not used to filter this population -- not near any existing OSM solar feature; kWp estimate is UNCALIBRATED, no measured precision weight exists for SPPI alone) -- check imagery; if real, map as generator:source=solar or power=generator + generator:source=solar", "imagery_note": "osm=67.07626,24.88631 | bing=https://www.bing.com/maps?cp=24.88631~67.07626&lvl=19&style=a | google=https://www.google.com/maps/@24.88631,67.07626,200m/data=!3m1!1e3" }, "geometry": { "type": "Polygon", "coordinates": [ [ [ 67.076320698654399, 24.8863187839478 ], [ 67.076294218105801, 24.8863584887123 ], [ 67.076205787337898, 24.886309415454104 ], [ 67.076232267901503, 24.886269710706902 ], [ 67.076320698654399, 24.8863187839478 ] ] ] } },
{ "type": "Feature", "properties": { "lead_id": "pakistan-small-pv-sppi-0265", "cell": "0105_0064", "roof_area_m2": 157.7014, "est_kwp": 28.39, "p_roofclf": 0.9685, "sppi": 0.0861, "fixme": "Possible small rooftop PV (158 m2 roof, SPPI=0.086 alone -- roofclf p=0.97 shown for reference only, not used to filter this population -- not near any existing OSM solar feature; kWp estimate is UNCALIBRATED, no measured precision weight exists for SPPI alone) -- check imagery; if real, map as generator:source=solar or power=generator + generator:source=solar", "imagery_note": "osm=71.41058,30.10882 | bing=https://www.bing.com/maps?cp=30.10882~71.41058&lvl=19&style=a | google=https://www.google.com/maps/@30.10882,71.41058,200m/data=!3m1!1e3" }, "geometry": { "type": "Polygon", "coordinates": [ [ [ 71.410575836983412, 30.108792148600791 ], [ 71.410575914074471, 30.108794466992919 ], [ 71.410691153707262, 30.108791599345647 ], [ 71.410694006075005, 30.108877379818299 ], [ 71.410594846390936, 30.108879847326591 ], [ 71.410593535843603, 30.108840434687245 ], [ 71.410464896253487, 30.108843635780268 ], [ 71.410463277342046, 30.108794949558575 ], [ 71.410575836983412, 30.108792148600791 ] ] ] } },
{ "type": "Feature", "properties": { "lead_id": "pakistan-small-pv-sppi-0266", "cell": "0135_0087", "roof_area_m2": 149.0278, "est_kwp": 26.83, "p_roofclf": 0.9467, "sppi": 0.0861, "fixme": "Possible small rooftop PV (149 m2 roof, SPPI=0.086 alone -- roofclf p=0.95 shown for reference only, not used to filter this population -- not near any existing OSM solar feature; kWp estimate is UNCALIBRATED, no measured precision weight exists for SPPI alone) -- check imagery; if real, map as generator:source=solar or power=generator + generator:source=solar", "imagery_note": "osm=74.35069,32.45767 | bing=https://www.bing.com/maps?cp=32.45767~74.35069&lvl=19&style=a | google=https://www.google.com/maps/@32.45767,74.35069,200m/data=!3m1!1e3" }, "geometry": { "type": "Polygon", "coordinates": [ [ [ 74.350835657015196, 32.457648394259202 ], [ 74.350835547766096, 32.457699083638701 ], [ 74.350553745587803, 32.4576986467343 ], [ 74.350553854995198, 32.457647957357104 ], [ 74.350835657015196, 32.457648394259202 ] ] ] } },
{ "type": "Feature", "properties": { "lead_id": "pakistan-small-pv-sppi-0267", "cell": "0109_0104", "roof_area_m2": 61.3672, "est_kwp": 11.05, "p_roofclf": 0.9321, "sppi": 0.0856, "fixme": "Possible small rooftop PV (61 m2 roof, SPPI=0.086 alone -- roofclf p=0.93 shown for reference only, not used to filter this population -- not near any existing OSM solar feature; kWp estimate is UNCALIBRATED, no measured precision weight exists for SPPI alone) -- check imagery; if real, map as generator:source=solar or power=generator + generator:source=solar", "imagery_note": "osm=71.76326,34.18535 | bing=https://www.bing.com/maps?cp=34.18535~71.76326&lvl=19&style=a | google=https://www.google.com/maps/@34.18535,71.76326,200m/data=!3m1!1e3" }, "geometry": { "type": "Polygon", "coordinates": [ [ [ 71.763333664632199, 34.1853223060793 ], [ 71.763338944369806, 34.1853618864561 ], [ 71.763189197586499, 34.18537568172701 ], [ 71.763183917917203, 34.185336101340496 ], [ 71.763333664632199, 34.1853223060793 ] ] ] } },
{ "type": "Feature", "properties": { "lead_id": "pakistan-small-pv-sppi-0268", "cell": "0109_0104", "roof_area_m2": 71.8157, "est_kwp": 12.93, "p_roofclf": 0.9306, "sppi": 0.0856, "fixme": "Possible small rooftop PV (72 m2 roof, SPPI=0.086 alone -- roofclf p=0.93 shown for reference only, not used to filter this population -- not near any existing OSM solar feature; kWp estimate is UNCALIBRATED, no measured precision weight exists for SPPI alone) -- check imagery; if real, map as generator:source=solar or power=generator + generator:source=solar", "imagery_note": "osm=71.76327,34.18530 | bing=https://www.bing.com/maps?cp=34.18530~71.76327&lvl=19&style=a | google=https://www.google.com/maps/@34.18530,71.76327,200m/data=!3m1!1e3" }, "geometry": { "type": "Polygon", "coordinates": [ [ [ 71.763316379605499, 34.185255821299201 ], [ 71.763325714186195, 34.185326550053901 ], [ 71.763227621783997, 34.185335490849099 ], [ 71.763218287283095, 34.185264762081196 ], [ 71.763316379605499, 34.185255821299201 ] ] ] } },
{ "type": "Feature", "properties": { "lead_id": "pakistan-small-pv-sppi-0269", "cell": "0108_0105", "roof_area_m2": 38.3915, "est_kwp": 6.91, "p_roofclf": 0.9873, "sppi": 0.0851, "fixme": "Possible small rooftop PV (38 m2 roof, SPPI=0.085 alone -- roofclf p=0.99 shown for reference only, not used to filter this population -- not near any existing OSM solar feature; kWp estimate is UNCALIBRATED, no measured precision weight exists for SPPI alone) -- check imagery; if real, map as generator:source=solar or power=generator + generator:source=solar", "imagery_note": "osm=71.65169,34.29385 | bing=https://www.bing.com/maps?cp=34.29385~71.65169&lvl=19&style=a | google=https://www.google.com/maps/@34.29385,71.65169,200m/data=!3m1!1e3" }, "geometry": { "type": "Polygon", "coordinates": [ [ [ 71.651733048689493, 34.2938657070167 ], [ 71.65166504000112, 34.293880005034801 ], [ 71.651649190193794, 34.293828074052406 ], [ 71.651717198844295, 34.293813776044601 ], [ 71.651733048689493, 34.2938657070167 ] ] ] } },
{ "type": "Feature", "properties": { "lead_id": "pakistan-small-pv-sppi-0270", "cell": "0061_0011", "roof_area_m2": 177.0862, "est_kwp": 31.88, "p_roofclf": 0.9852, "sppi": 0.085, "fixme": "Possible small rooftop PV (177 m2 roof, SPPI=0.085 alone -- roofclf p=0.99 shown for reference only, not used to filter this population -- not near any existing OSM solar feature; kWp estimate is UNCALIBRATED, no measured precision weight exists for SPPI alone) -- check imagery; if real, map as generator:source=solar or power=generator + generator:source=solar", "imagery_note": "osm=67.03452,24.87019 | bing=https://www.bing.com/maps?cp=24.87019~67.03452&lvl=19&style=a | google=https://www.google.com/maps/@24.87019,67.03452,200m/data=!3m1!1e3" }, "geometry": { "type": "Polygon", "coordinates": [ [ [ 67.034645048075504, 24.870124541349504 ], [ 67.034440427596493, 24.870288918872003 ], [ 67.034398484427797, 24.870245463860101 ], [ 67.034603104879693, 24.870081086390503 ], [ 67.034645048075504, 24.870124541349504 ] ] ] } },
{ "type": "Feature", "properties": { "lead_id": "pakistan-small-pv-sppi-0271", "cell": "0105_0102", "roof_area_m2": 203.7382, "est_kwp": 36.67, "p_roofclf": 0.9857, "sppi": 0.0849, "fixme": "Possible small rooftop PV (204 m2 roof, SPPI=0.085 alone -- roofclf p=0.99 shown for reference only, not used to filter this population -- not near any existing OSM solar feature; kWp estimate is UNCALIBRATED, no measured precision weight exists for SPPI alone) -- check imagery; if real, map as generator:source=solar or power=generator + generator:source=solar", "imagery_note": "osm=71.40551,33.98456 | bing=https://www.bing.com/maps?cp=33.98456~71.40551&lvl=19&style=a | google=https://www.google.com/maps/@33.98456,71.40551,200m/data=!3m1!1e3" }, "geometry": { "type": "Polygon", "coordinates": [ [ [ 71.405334517660904, 33.9845001035793 ], [ 71.405709768917205, 33.984575413984309 ], [ 71.405695293514, 33.9846254661621 ], [ 71.405320042044806, 33.984550155722197 ], [ 71.405334517660904, 33.9845001035793 ] ] ] } },
{ "type": "Feature", "properties": { "lead_id": "pakistan-small-pv-sppi-0272", "cell": "0062_0012", "roof_area_m2": 73.435, "est_kwp": 13.22, "p_roofclf": 0.9717, "sppi": 0.0845, "fixme": "Possible small rooftop PV (73 m2 roof, SPPI=0.085 alone -- roofclf p=0.97 shown for reference only, not used to filter this population -- not near any existing OSM solar feature; kWp estimate is UNCALIBRATED, no measured precision weight exists for SPPI alone) -- check imagery; if real, map as generator:source=solar or power=generator + generator:source=solar", "imagery_note": "osm=67.07630,24.91989 | bing=https://www.bing.com/maps?cp=24.91989~67.07630&lvl=19&style=a | google=https://www.google.com/maps/@24.91989,67.07630,200m/data=!3m1!1e3" }, "geometry": { "type": "Polygon", "coordinates": [ [ [ 67.076364727468004, 24.919891748602897 ], [ 67.076318816977803, 24.919940759236905 ], [ 67.076241565759702, 24.919880580210705 ], [ 67.076287476254805, 24.919831569600603 ], [ 67.076364727468004, 24.919891748602897 ] ] ] } },
{ "type": "Feature", "properties": { "lead_id": "pakistan-small-pv-sppi-0273", "cell": "0103_0063", "roof_area_m2": 206.2583, "est_kwp": 37.13, "p_roofclf": 0.9912, "sppi": 0.084, "fixme": "Possible small rooftop PV (206 m2 roof, SPPI=0.084 alone -- roofclf p=0.99 shown for reference only, not used to filter this population -- not near any existing OSM solar feature; kWp estimate is UNCALIBRATED, no measured precision weight exists for SPPI alone) -- check imagery; if real, map as generator:source=solar or power=generator + generator:source=solar", "imagery_note": "osm=71.19039,30.04335 | bing=https://www.bing.com/maps?cp=30.04335~71.19039&lvl=19&style=a | google=https://www.google.com/maps/@30.04335,71.19039,200m/data=!3m1!1e3" }, "geometry": { "type": "Polygon", "coordinates": [ [ [ 71.190490597874103, 30.043423446368504 ], [ 71.190405600318599, 30.043462815660806 ], [ 71.190297502977501, 30.043286162571697 ], [ 71.190382500439796, 30.043246793351003 ], [ 71.190490597874103, 30.043423446368504 ] ] ] } },
{ "type": "Feature", "properties": { "lead_id": "pakistan-small-pv-sppi-0274", "cell": "0106_0098", "roof_area_m2": 48.2299, "est_kwp": 8.68, "p_roofclf": 0.9312, "sppi": 0.084, "fixme": "Possible small rooftop PV (48 m2 roof, SPPI=0.084 alone -- roofclf p=0.93 shown for reference only, not used to filter this population -- not near any existing OSM solar feature; kWp estimate is UNCALIBRATED, no measured precision weight exists for SPPI alone) -- check imagery; if real, map as generator:source=solar or power=generator + generator:source=solar", "imagery_note": "osm=71.44288,33.55376 | bing=https://www.bing.com/maps?cp=33.55376~71.44288&lvl=19&style=a | google=https://www.google.com/maps/@33.55376,71.44288,200m/data=!3m1!1e3" }, "geometry": { "type": "Polygon", "coordinates": [ [ [ 71.442926998905094, 33.553743518526204 ], [ 71.442890755695799, 33.553807297271497 ], [ 71.4428309133, 33.553783458212202 ], [ 71.442867156545404, 33.55371967948259 ], [ 71.442926998905094, 33.553743518526204 ] ] ] } },
{ "type": "Feature", "properties": { "lead_id": "pakistan-small-pv-sppi-0275", "cell": "0106_0103", "roof_area_m2": 17.786, "est_kwp": 3.2, "p_roofclf": 0.9077, "sppi": 0.0838, "fixme": "Possible small rooftop PV (18 m2 roof, SPPI=0.084 alone -- roofclf p=0.91 shown for reference only, not used to filter this population -- not near any existing OSM solar feature; kWp estimate is UNCALIBRATED, no measured precision weight exists for SPPI alone) -- check imagery; if real, map as generator:source=solar or power=generator + generator:source=solar", "imagery_note": "osm=71.49641,34.06823 | bing=https://www.bing.com/maps?cp=34.06823~71.49641&lvl=19&style=a | google=https://www.google.com/maps/@34.06823,71.49641,200m/data=!3m1!1e3" }, "geometry": { "type": "Polygon", "coordinates": [ [ [ 71.496445295539402, 34.06823457038039 ], [ 71.496400836947501, 34.068256536889301 ], [ 71.496380233622503, 34.068227657390302 ], [ 71.496424692205593, 34.068205690889506 ], [ 71.496445295539402, 34.06823457038039 ] ] ] } },
{ "type": "Feature", "properties": { "lead_id": "pakistan-small-pv-sppi-0276", "cell": "0106_0103", "roof_area_m2": 61.7667, "est_kwp": 11.12, "p_roofclf": 0.9854, "sppi": 0.0838, "fixme": "Possible small rooftop PV (62 m2 roof, SPPI=0.084 alone -- roofclf p=0.99 shown for reference only, not used to filter this population -- not near any existing OSM solar feature; kWp estimate is UNCALIBRATED, no measured precision weight exists for SPPI alone) -- check imagery; if real, map as generator:source=solar or power=generator + generator:source=solar", "imagery_note": "osm=71.48660,34.08979 | bing=https://www.bing.com/maps?cp=34.08979~71.48660&lvl=19&style=a | google=https://www.google.com/maps/@34.08979,71.48660,200m/data=!3m1!1e3" }, "geometry": { "type": "Polygon", "coordinates": [ [ [ 71.4866681, 34.0897867 ], [ 71.4866463, 34.0898347 ], [ 71.486536300000012, 34.0898002 ], [ 71.4865581, 34.0897522 ], [ 71.4866681, 34.0897867 ] ] ] } },
{ "type": "Feature", "properties": { "lead_id": "pakistan-small-pv-sppi-0277", "cell": "0106_0103", "roof_area_m2": 8.6423, "est_kwp": 1.56, "p_roofclf": 0.9469, "sppi": 0.0838, "fixme": "Possible small rooftop PV (9 m2 roof, SPPI=0.084 alone -- roofclf p=0.95 shown for reference only, not used to filter this population -- not near any existing OSM solar feature; kWp estimate is UNCALIBRATED, no measured precision weight exists for SPPI alone) -- check imagery; if real, map as generator:source=solar or power=generator + generator:source=solar", "imagery_note": "osm=71.48654,34.08981 | bing=https://www.bing.com/maps?cp=34.08981~71.48654&lvl=19&style=a | google=https://www.google.com/maps/@34.08981,71.48654,200m/data=!3m1!1e3" }, "geometry": { "type": "Polygon", "coordinates": [ [ [ 71.486567384601798, 34.089806606866198 ], [ 71.486563689337899, 34.089826495471897 ], [ 71.486522242996799, 34.089821165045201 ], [ 71.486525938270304, 34.089801276440397 ], [ 71.486567384601798, 34.089806606866198 ] ] ] } },
{ "type": "Feature", "properties": { "lead_id": "pakistan-small-pv-sppi-0278", "cell": "0133_0083", "roof_area_m2": 120.0283, "est_kwp": 21.61, "p_roofclf": 0.8181, "sppi": 0.0837, "fixme": "Possible small rooftop PV (120 m2 roof, SPPI=0.084 alone -- roofclf p=0.82 shown for reference only, not used to filter this population -- not near any existing OSM solar feature; kWp estimate is UNCALIBRATED, no measured precision weight exists for SPPI alone) -- check imagery; if real, map as generator:source=solar or power=generator + generator:source=solar", "imagery_note": "osm=74.18972,32.10294 | bing=https://www.bing.com/maps?cp=32.10294~74.18972&lvl=19&style=a | google=https://www.google.com/maps/@32.10294,74.18972,200m/data=!3m1!1e3" }, "geometry": { "type": "Polygon", "coordinates": [ [ [ 74.189806166147306, 32.102909443895498 ], [ 74.189807104451404, 32.102976416216102 ], [ 74.189636014844098, 32.102978152804603 ], [ 74.189635076664999, 32.102911180484796 ], [ 74.189806166147306, 32.102909443895498 ] ] ] } },
{ "type": "Feature", "properties": { "lead_id": "pakistan-small-pv-sppi-0279", "cell": "0123_0104", "roof_area_m2": 54.1923, "est_kwp": 9.75, "p_roofclf": 0.7361, "sppi": 0.0837, "fixme": "Possible small rooftop PV (54 m2 roof, SPPI=0.084 alone -- roofclf p=0.74 shown for reference only, not used to filter this population -- not near any existing OSM solar feature; kWp estimate is UNCALIBRATED, no measured precision weight exists for SPPI alone) -- check imagery; if real, map as generator:source=solar or power=generator + generator:source=solar", "imagery_note": "osm=73.22713,34.17558 | bing=https://www.bing.com/maps?cp=34.17558~73.22713&lvl=19&style=a | google=https://www.google.com/maps/@34.17558,73.22713,200m/data=!3m1!1e3" }, "geometry": { "type": "Polygon", "coordinates": [ [ [ 73.227176095024205, 34.175605832484599 ], [ 73.2271032577369, 34.175621351251898 ], [ 73.227082207516304, 34.175553101920698 ], [ 73.227155044745217, 34.175537583164299 ], [ 73.227176095024205, 34.175605832484599 ] ] ] } },
{ "type": "Feature", "properties": { "lead_id": "pakistan-small-pv-sppi-0280", "cell": "0112_0104", "roof_area_m2": 39.1113, "est_kwp": 7.04, "p_roofclf": 0.8837, "sppi": 0.0834, "fixme": "Possible small rooftop PV (39 m2 roof, SPPI=0.083 alone -- roofclf p=0.88 shown for reference only, not used to filter this population -- not near any existing OSM solar feature; kWp estimate is UNCALIBRATED, no measured precision weight exists for SPPI alone) -- check imagery; if real, map as generator:source=solar or power=generator + generator:source=solar", "imagery_note": "osm=72.03985,34.19282 | bing=https://www.bing.com/maps?cp=34.19282~72.03985&lvl=19&style=a | google=https://www.google.com/maps/@34.19282,72.03985,200m/data=!3m1!1e3" }, "geometry": { "type": "Polygon", "coordinates": [ [ [ 72.03988777603, 34.1928036899548 ], [ 72.039880575092099, 34.192852908433501 ], [ 72.0398040073825, 34.192845173203402 ], [ 72.039811208364895, 34.19279595472689 ], [ 72.03988777603, 34.1928036899548 ] ] ] } },
{ "type": "Feature", "properties": { "lead_id": "pakistan-small-pv-sppi-0281", "cell": "0108_0105", "roof_area_m2": 23.4255, "est_kwp": 4.22, "p_roofclf": 0.8979, "sppi": 0.0833, "fixme": "Possible small rooftop PV (23 m2 roof, SPPI=0.083 alone -- roofclf p=0.90 shown for reference only, not used to filter this population -- not near any existing OSM solar feature; kWp estimate is UNCALIBRATED, no measured precision weight exists for SPPI alone) -- check imagery; if real, map as generator:source=solar or power=generator + generator:source=solar", "imagery_note": "osm=71.65152,34.29394 | bing=https://www.bing.com/maps?cp=34.29394~71.65152&lvl=19&style=a | google=https://www.google.com/maps/@34.29394,71.65152,200m/data=!3m1!1e3" }, "geometry": { "type": "Polygon", "coordinates": [ [ [ 71.651559054771198, 34.2939449782941 ], [ 71.651519628553601, 34.293968267982194 ], [ 71.651486519627795, 34.293929659818801 ], [ 71.651525945838003, 34.293906370141308 ], [ 71.651559054771198, 34.2939449782941 ] ] ] } },
{ "type": "Feature", "properties": { "lead_id": "pakistan-small-pv-sppi-0282", "cell": "0108_0105", "roof_area_m2": 25.0597, "est_kwp": 4.51, "p_roofclf": 0.8957, "sppi": 0.0833, "fixme": "Possible small rooftop PV (25 m2 roof, SPPI=0.083 alone -- roofclf p=0.90 shown for reference only, not used to filter this population -- not near any existing OSM solar feature; kWp estimate is UNCALIBRATED, no measured precision weight exists for SPPI alone) -- check imagery; if real, map as generator:source=solar or power=generator + generator:source=solar", "imagery_note": "osm=71.65157,34.29391 | bing=https://www.bing.com/maps?cp=34.29391~71.65157&lvl=19&style=a | google=https://www.google.com/maps/@34.29391,71.65157,200m/data=!3m1!1e3" }, "geometry": { "type": "Polygon", "coordinates": [ [ [ 71.6516034329142, 34.293911154732498 ], [ 71.651554465609706, 34.293936850558296 ], [ 71.651527199398501, 34.293901058935703 ], [ 71.651576166691896, 34.293875363121202 ], [ 71.6516034329142, 34.293911154732498 ] ] ] } },
{ "type": "Feature", "properties": { "lead_id": "pakistan-small-pv-sppi-0283", "cell": "0108_0105", "roof_area_m2": 38.1564, "est_kwp": 6.87, "p_roofclf": 0.9422, "sppi": 0.0829, "fixme": "Possible small rooftop PV (38 m2 roof, SPPI=0.083 alone -- roofclf p=0.94 shown for reference only, not used to filter this population -- not near any existing OSM solar feature; kWp estimate is UNCALIBRATED, no measured precision weight exists for SPPI alone) -- check imagery; if real, map as generator:source=solar or power=generator + generator:source=solar", "imagery_note": "osm=71.72487,34.24074 | bing=https://www.bing.com/maps?cp=34.24074~71.72487&lvl=19&style=a | google=https://www.google.com/maps/@34.24074,71.72487,200m/data=!3m1!1e3" }, "geometry": { "type": "Polygon", "coordinates": [ [ [ 71.7249252183219, 34.240729702605101 ], [ 71.724853466080603, 34.240780114877701 ], [ 71.724822576345204, 34.240749791291996 ], [ 71.724894328581698, 34.240699379037899 ], [ 71.7249252183219, 34.240729702605101 ] ] ] } },
{ "type": "Feature", "properties": { "lead_id": "pakistan-small-pv-sppi-0284", "cell": "0120_0102", "roof_area_m2": 9.1642, "est_kwp": 1.65, "p_roofclf": 0.7133, "sppi": 0.0829, "fixme": "Possible small rooftop PV (9 m2 roof, SPPI=0.083 alone -- roofclf p=0.71 shown for reference only, not used to filter this population -- not near any existing OSM solar feature; kWp estimate is UNCALIBRATED, no measured precision weight exists for SPPI alone) -- check imagery; if real, map as generator:source=solar or power=generator + generator:source=solar", "imagery_note": "osm=72.89566,33.98491 | bing=https://www.bing.com/maps?cp=33.98491~72.89566&lvl=19&style=a | google=https://www.google.com/maps/@33.98491,72.89566,200m/data=!3m1!1e3" }, "geometry": { "type": "Polygon", "coordinates": [ [ [ 72.895683648116602, 33.984925160276006 ], [ 72.895679513233205, 33.984943095767299 ], [ 72.895646880473507, 33.984937875146294 ], [ 72.895654926175197, 33.984902976119599 ], [ 72.895683648116602, 33.984925160276006 ] ] ] } },
{ "type": "Feature", "properties": { "lead_id": "pakistan-small-pv-sppi-0285", "cell": "0121_0076", "roof_area_m2": 144.5427, "est_kwp": 26.02, "p_roofclf": 0.8941, "sppi": 0.0827, "fixme": "Possible small rooftop PV (145 m2 roof, SPPI=0.083 alone -- roofclf p=0.89 shown for reference only, not used to filter this population -- not near any existing OSM solar feature; kWp estimate is UNCALIBRATED, no measured precision weight exists for SPPI alone) -- check imagery; if real, map as generator:source=solar or power=generator + generator:source=solar", "imagery_note": "osm=72.97467,31.38285 | bing=https://www.bing.com/maps?cp=31.38285~72.97467&lvl=19&style=a | google=https://www.google.com/maps/@31.38285,72.97467,200m/data=!3m1!1e3" }, "geometry": { "type": "Polygon", "coordinates": [ [ [ 72.974654797938101, 31.382880182216702 ], [ 72.974604714626807, 31.382810857401296 ], [ 72.974732934744694, 31.3827426809254 ], [ 72.974760636268698, 31.382781025035705 ], [ 72.974793055916095, 31.382763787005199 ], [ 72.974815437774495, 31.382794767658201 ], [ 72.974654797938101, 31.382880182216702 ] ] ] } },
{ "type": "Feature", "properties": { "lead_id": "pakistan-small-pv-sppi-0286", "cell": "0123_0099", "roof_area_m2": 118.4171, "est_kwp": 21.32, "p_roofclf": 0.7728, "sppi": 0.0823, "fixme": "Possible small rooftop PV (118 m2 roof, SPPI=0.082 alone -- roofclf p=0.77 shown for reference only, not used to filter this population -- not near any existing OSM solar feature; kWp estimate is UNCALIBRATED, no measured precision weight exists for SPPI alone) -- check imagery; if real, map as generator:source=solar or power=generator + generator:source=solar", "imagery_note": "osm=73.15322,33.63977 | bing=https://www.bing.com/maps?cp=33.63977~73.15322&lvl=19&style=a | google=https://www.google.com/maps/@33.63977,73.15322,200m/data=!3m1!1e3" }, "geometry": { "type": "Polygon", "coordinates": [ [ [ 73.153301194797905, 33.639799344841698 ], [ 73.153143378506201, 33.6398044857606 ], [ 73.153140440393202, 33.639739172200102 ], [ 73.153261139393706, 33.639735373538095 ], [ 73.153259685439593, 33.639703053481199 ], [ 73.153296655089804, 33.639701849162698 ], [ 73.153301194797905, 33.639799344841698 ] ] ] } },
{ "type": "Feature", "properties": { "lead_id": "pakistan-small-pv-sppi-0287", "cell": "0135_0076", "roof_area_m2": 9.9585, "est_kwp": 1.79, "p_roofclf": 0.9592, "sppi": 0.0821, "fixme": "Possible small rooftop PV (10 m2 roof, SPPI=0.082 alone -- roofclf p=0.96 shown for reference only, not used to filter this population -- not near any existing OSM solar feature; kWp estimate is UNCALIBRATED, no measured precision weight exists for SPPI alone) -- check imagery; if real, map as generator:source=solar or power=generator + generator:source=solar", "imagery_note": "osm=74.35012,31.40090 | bing=https://www.bing.com/maps?cp=31.40090~74.35012&lvl=19&style=a | google=https://www.google.com/maps/@31.40090,74.35012,200m/data=!3m1!1e3" }, "geometry": { "type": "Polygon", "coordinates": [ [ [ 74.350138705628197, 31.400883190414707 ], [ 74.350142208824906, 31.400909793086392 ], [ 74.350107184694195, 31.400913186296503 ], [ 74.350103681507207, 31.400886583624004 ], [ 74.350138705628197, 31.400883190414707 ] ] ] } },
{ "type": "Feature", "properties": { "lead_id": "pakistan-small-pv-sppi-0288", "cell": "0062_0012", "roof_area_m2": 57.7237, "est_kwp": 10.39, "p_roofclf": 0.9796, "sppi": 0.0817, "fixme": "Possible small rooftop PV (58 m2 roof, SPPI=0.082 alone -- roofclf p=0.98 shown for reference only, not used to filter this population -- not near any existing OSM solar feature; kWp estimate is UNCALIBRATED, no measured precision weight exists for SPPI alone) -- check imagery; if real, map as generator:source=solar or power=generator + generator:source=solar", "imagery_note": "osm=67.04254,24.97150 | bing=https://www.bing.com/maps?cp=24.97150~67.04254&lvl=19&style=a | google=https://www.google.com/maps/@24.97150,67.04254,200m/data=!3m1!1e3" }, "geometry": { "type": "Polygon", "coordinates": [ [ [ 67.042591582757694, 24.971511049045905 ], [ 67.042507063921903, 24.971541518333499 ], [ 67.042484202703207, 24.971488826784402 ], [ 67.042568721506797, 24.9714583575077 ], [ 67.042591582757694, 24.971511049045905 ] ] ] } },
{ "type": "Feature", "properties": { "lead_id": "pakistan-small-pv-sppi-0289", "cell": "0105_0102", "roof_area_m2": 136.9441, "est_kwp": 24.65, "p_roofclf": 0.9993, "sppi": 0.0816, "fixme": "Possible small rooftop PV (137 m2 roof, SPPI=0.082 alone -- roofclf p=1.00 shown for reference only, not used to filter this population -- not near any existing OSM solar feature; kWp estimate is UNCALIBRATED, no measured precision weight exists for SPPI alone) -- check imagery; if real, map as generator:source=solar or power=generator + generator:source=solar", "imagery_note": "osm=71.41956,33.99663 | bing=https://www.bing.com/maps?cp=33.99663~71.41956&lvl=19&style=a | google=https://www.google.com/maps/@33.99663,71.41956,200m/data=!3m1!1e3" }, "geometry": { "type": "Polygon", "coordinates": [ [ [ 71.419678379238704, 33.996614311875703 ], [ 71.419666418962109, 33.996671902505099 ], [ 71.419441189652801, 33.996639452530403 ], [ 71.419453150079804, 33.996581861916297 ], [ 71.419678379238704, 33.996614311875703 ] ] ] } },
{ "type": "Feature", "properties": { "lead_id": "pakistan-small-pv-sppi-0290", "cell": "0094_0047", "roof_area_m2": 56.3041, "est_kwp": 10.13, "p_roofclf": 0.9882, "sppi": 0.0815, "fixme": "Possible small rooftop PV (56 m2 roof, SPPI=0.082 alone -- roofclf p=0.99 shown for reference only, not used to filter this population -- not near any existing OSM solar feature; kWp estimate is UNCALIBRATED, no measured precision weight exists for SPPI alone) -- check imagery; if real, map as generator:source=solar or power=generator + generator:source=solar", "imagery_note": "osm=70.27447,28.42588 | bing=https://www.bing.com/maps?cp=28.42588~70.27447&lvl=19&style=a | google=https://www.google.com/maps/@28.42588,70.27447,200m/data=!3m1!1e3" }, "geometry": { "type": "Polygon", "coordinates": [ [ [ 70.274472630721107, 28.425955365313399 ], [ 70.274472982776501, 28.425924079724997 ], [ 70.274446701768596, 28.425923848606601 ], [ 70.274447656586503, 28.425839000044402 ], [ 70.274499318814605, 28.425839454364699 ], [ 70.274498011990403, 28.425955588514299 ], [ 70.274472630721107, 28.425955365313399 ] ] ] } },
{ "type": "Feature", "properties": { "lead_id": "pakistan-small-pv-sppi-0291", "cell": "0062_0012", "roof_area_m2": 56.4656, "est_kwp": 10.16, "p_roofclf": 0.9797, "sppi": 0.0814, "fixme": "Possible small rooftop PV (56 m2 roof, SPPI=0.081 alone -- roofclf p=0.98 shown for reference only, not used to filter this population -- not near any existing OSM solar feature; kWp estimate is UNCALIBRATED, no measured precision weight exists for SPPI alone) -- check imagery; if real, map as generator:source=solar or power=generator + generator:source=solar", "imagery_note": "osm=67.04252,24.97145 | bing=https://www.bing.com/maps?cp=24.97145~67.04252&lvl=19&style=a | google=https://www.google.com/maps/@24.97145,67.04252,200m/data=!3m1!1e3" }, "geometry": { "type": "Polygon", "coordinates": [ [ [ 67.042568721506797, 24.9714583575077 ], [ 67.042484202703207, 24.971488826784402 ], [ 67.042461839775797, 24.971437283676199 ], [ 67.042546358547895, 24.971406814410201 ], [ 67.042568721506797, 24.9714583575077 ] ] ] } },
{ "type": "Feature", "properties": { "lead_id": "pakistan-small-pv-sppi-0292", "cell": "0136_0088", "roof_area_m2": 64.0056, "est_kwp": 11.52, "p_roofclf": 0.92, "sppi": 0.0812, "fixme": "Possible small rooftop PV (64 m2 roof, SPPI=0.081 alone -- roofclf p=0.92 shown for reference only, not used to filter this population -- not near any existing OSM solar feature; kWp estimate is UNCALIBRATED, no measured precision weight exists for SPPI alone) -- check imagery; if real, map as generator:source=solar or power=generator + generator:source=solar", "imagery_note": "osm=74.50725,32.50981 | bing=https://www.bing.com/maps?cp=32.50981~74.50725&lvl=19&style=a | google=https://www.google.com/maps/@32.50981,74.50725,200m/data=!3m1!1e3" }, "geometry": { "type": "Polygon", "coordinates": [ [ [ 74.507317385561706, 32.509806226513497 ], [ 74.507220092755006, 32.509852491396799 ], [ 74.507188314297096, 32.5098045093048 ], [ 74.507285607067899, 32.509758244445507 ], [ 74.507317385561706, 32.509806226513497 ] ] ] } },
{ "type": "Feature", "properties": { "lead_id": "pakistan-small-pv-sppi-0293", "cell": "0106_0065", "roof_area_m2": 111.7912, "est_kwp": 20.12, "p_roofclf": 0.9906, "sppi": 0.0811, "fixme": "Possible small rooftop PV (112 m2 roof, SPPI=0.081 alone -- roofclf p=0.99 shown for reference only, not used to filter this population -- not near any existing OSM solar feature; kWp estimate is UNCALIBRATED, no measured precision weight exists for SPPI alone) -- check imagery; if real, map as generator:source=solar or power=generator + generator:source=solar", "imagery_note": "osm=71.52752,30.21386 | bing=https://www.bing.com/maps?cp=30.21386~71.52752&lvl=19&style=a | google=https://www.google.com/maps/@30.21386,71.52752,200m/data=!3m1!1e3" }, "geometry": { "type": "Polygon", "coordinates": [ [ [ 71.527568880414904, 30.213788903480502 ], [ 71.527533576726498, 30.213941566318201 ], [ 71.527467847156302, 30.213930218577993 ], [ 71.527502802368005, 30.213777495572806 ], [ 71.527568880414904, 30.213788903480502 ] ] ] } },
{ "type": "Feature", "properties": { "lead_id": "pakistan-small-pv-sppi-0294", "cell": "0106_0065", "roof_area_m2": 72.7447, "est_kwp": 13.09, "p_roofclf": 0.9875, "sppi": 0.0811, "fixme": "Possible small rooftop PV (73 m2 roof, SPPI=0.081 alone -- roofclf p=0.99 shown for reference only, not used to filter this population -- not near any existing OSM solar feature; kWp estimate is UNCALIBRATED, no measured precision weight exists for SPPI alone) -- check imagery; if real, map as generator:source=solar or power=generator + generator:source=solar", "imagery_note": "osm=71.52760,30.21387 | bing=https://www.bing.com/maps?cp=30.21387~71.52760&lvl=19&style=a | google=https://www.google.com/maps/@30.21387,71.52760,200m/data=!3m1!1e3" }, "geometry": { "type": "Polygon", "coordinates": [ [ [ 71.527652065675994, 30.213843289500598 ], [ 71.527631670912299, 30.213918255165794 ], [ 71.527545654046094, 30.213900603637899 ], [ 71.527566048873794, 30.213825637983103 ], [ 71.527652065675994, 30.213843289500598 ] ] ] } },
{ "type": "Feature", "properties": { "lead_id": "pakistan-small-pv-sppi-0295", "cell": "0111_0105", "roof_area_m2": 118.2464, "est_kwp": 21.28, "p_roofclf": 0.9583, "sppi": 0.0811, "fixme": "Possible small rooftop PV (118 m2 roof, SPPI=0.081 alone -- roofclf p=0.96 shown for reference only, not used to filter this population -- not near any existing OSM solar feature; kWp estimate is UNCALIBRATED, no measured precision weight exists for SPPI alone) -- check imagery; if real, map as generator:source=solar or power=generator + generator:source=solar", "imagery_note": "osm=72.02737,34.20719 | bing=https://www.bing.com/maps?cp=34.20719~72.02737&lvl=19&style=a | google=https://www.google.com/maps/@34.20719,72.02737,200m/data=!3m1!1e3" }, "geometry": { "type": "Polygon", "coordinates": [ [ [ 72.027373437281497, 34.207253794212399 ], [ 72.027193996499093, 34.207181201159699 ], [ 72.027208580301206, 34.207156317631501 ], [ 72.027319318745199, 34.207201117090591 ], [ 72.027344541071599, 34.207158081505902 ], [ 72.027368635598094, 34.207167828974399 ], [ 72.027393938497795, 34.207124655844197 ], [ 72.027438546219003, 34.207142701929797 ], [ 72.027373437281497, 34.207253794212399 ] ] ] } },
{ "type": "Feature", "properties": { "lead_id": "pakistan-small-pv-sppi-0296", "cell": "0120_0102", "roof_area_m2": 24.4016, "est_kwp": 4.39, "p_roofclf": 0.5825, "sppi": 0.0806, "fixme": "Possible small rooftop PV (24 m2 roof, SPPI=0.081 alone -- roofclf p=0.58 shown for reference only, not used to filter this population -- not near any existing OSM solar feature; kWp estimate is UNCALIBRATED, no measured precision weight exists for SPPI alone) -- check imagery; if real, map as generator:source=solar or power=generator + generator:source=solar", "imagery_note": "osm=72.90982,33.98498 | bing=https://www.bing.com/maps?cp=33.98498~72.90982&lvl=19&style=a | google=https://www.google.com/maps/@33.98498,72.90982,200m/data=!3m1!1e3" }, "geometry": { "type": "Polygon", "coordinates": [ [ [ 72.909792211298594, 33.985008597135497 ], [ 72.909773425191105, 33.984980287005897 ], [ 72.909837820561293, 33.984950634098503 ], [ 72.909856606683903, 33.984978944217602 ], [ 72.909792211298594, 33.985008597135497 ] ] ] } },
{ "type": "Feature", "properties": { "lead_id": "pakistan-small-pv-sppi-0297", "cell": "0126_0088", "roof_area_m2": 16.1933, "est_kwp": 2.91, "p_roofclf": 0.6894, "sppi": 0.0804, "fixme": "Possible small rooftop PV (16 m2 roof, SPPI=0.080 alone -- roofclf p=0.69 shown for reference only, not used to filter this population -- not near any existing OSM solar feature; kWp estimate is UNCALIBRATED, no measured precision weight exists for SPPI alone) -- check imagery; if real, map as generator:source=solar or power=generator + generator:source=solar", "imagery_note": "osm=73.47435,32.56475 | bing=https://www.bing.com/maps?cp=32.56475~73.47435&lvl=19&style=a | google=https://www.google.com/maps/@32.56475,73.47435,200m/data=!3m1!1e3" }, "geometry": { "type": "Polygon", "coordinates": [ [ [ 73.474369143998402, 32.564730291711101 ], [ 73.474366662165195, 32.564771780129199 ], [ 73.474329302080605, 32.564770177491397 ], [ 73.474331783930594, 32.564728689074599 ], [ 73.474369143998402, 32.564730291711101 ] ] ] } },
{ "type": "Feature", "properties": { "lead_id": "pakistan-small-pv-sppi-0298", "cell": "0121_0076", "roof_area_m2": 38.154, "est_kwp": 6.87, "p_roofclf": 0.8751, "sppi": 0.0803, "fixme": "Possible small rooftop PV (38 m2 roof, SPPI=0.080 alone -- roofclf p=0.88 shown for reference only, not used to filter this population -- not near any existing OSM solar feature; kWp estimate is UNCALIBRATED, no measured precision weight exists for SPPI alone) -- check imagery; if real, map as generator:source=solar or power=generator + generator:source=solar", "imagery_note": "osm=73.02374,31.40685 | bing=https://www.bing.com/maps?cp=31.40685~73.02374&lvl=19&style=a | google=https://www.google.com/maps/@31.40685,73.02374,200m/data=!3m1!1e3" }, "geometry": { "type": "Polygon", "coordinates": [ [ [ 73.023785551376804, 31.406848689602509 ], [ 73.023740046793606, 31.406893096512601 ], [ 73.023694110981609, 31.406858470279499 ], [ 73.023739615567706, 31.406814063385902 ], [ 73.023785551376804, 31.406848689602509 ] ] ] } },
{ "type": "Feature", "properties": { "lead_id": "pakistan-small-pv-sppi-0299", "cell": "0137_0087", "roof_area_m2": 207.7337, "est_kwp": 37.39, "p_roofclf": 0.999, "sppi": 0.0802, "fixme": "Possible small rooftop PV (208 m2 roof, SPPI=0.080 alone -- roofclf p=1.00 shown for reference only, not used to filter this population -- not near any existing OSM solar feature; kWp estimate is UNCALIBRATED, no measured precision weight exists for SPPI alone) -- check imagery; if real, map as generator:source=solar or power=generator + generator:source=solar", "imagery_note": "osm=74.58438,32.49574 | bing=https://www.bing.com/maps?cp=32.49574~74.58438&lvl=19&style=a | google=https://www.google.com/maps/@32.49574,74.58438,200m/data=!3m1!1e3" }, "geometry": { "type": "Polygon", "coordinates": [ [ [ 74.584348263765307, 32.495594928589902 ], [ 74.584355188519694, 32.495663216990899 ], [ 74.584401228772094, 32.495659863855003 ], [ 74.584403551832594, 32.495682772557899 ], [ 74.584436920301499, 32.495680342303991 ], [ 74.5844491206459, 32.495800654544603 ], [ 74.584326379246704, 32.4958095938591 ], [ 74.584304931304899, 32.4955980845005 ], [ 74.584348263765307, 32.495594928589902 ] ] ] } }
]
}
