{
"type": "FeatureCollection",
"name": "pakistan_potential_leads",
"crs": { "type": "name", "properties": { "name": "urn:ogc:def:crs:OGC:1.3:CRS84" } },
"features": [
{ "type": "Feature", "properties": { "lead_id": "pakistan-potential-0000", "cell": "0059_0017", "roof_area_m2": 76903.3774, "kwh_per_kwp_yr": 1752.8177804178683, "est_kwp": 13842.61, "est_gwh_yr": 24.2636, "fixme": "Large roof (76903 m2), no detected PV nearby, modelled 1753 kWh/kWp/yr -- a rooftop SITING OPPORTUNITY, not a detection of existing PV; check imagery to confirm the roof is real, accessible and unshaded before treating it as a genuine lead", "imagery_note": "osm=66.74572,25.41435 | bing=https://www.bing.com/maps?cp=25.41435~66.74572&lvl=19&style=a | google=https://www.google.com/maps/@25.41435,66.74572,200m/data=!3m1!1e3" }, "geometry": { "type": "Polygon", "coordinates": [ [ [ 66.744836298579827, 25.413587170577802 ], [ 66.74461466554655, 25.413160392269766 ], [ 66.744928869118993, 25.413442483948234 ], [ 66.747511399027232, 25.413664024865003 ], [ 66.747474784049103, 25.414012241512086 ], [ 66.747268600016767, 25.413922358103878 ], [ 66.747359231592611, 25.413752722948406 ], [ 66.746823216681122, 25.413706741269472 ], [ 66.746765082309963, 25.41381555146333 ], [ 66.747132983479091, 25.413975910318147 ], [ 66.747500821686259, 25.41468421683938 ], [ 66.747511907711157, 25.414679520709008 ], [ 66.74741433455641, 25.415607453231416 ], [ 66.747230576063458, 25.415253612470746 ], [ 66.747025194839324, 25.415638019460228 ], [ 66.746907530746611, 25.415411448601489 ], [ 66.74674975444195, 25.415706754355689 ], [ 66.746681452984902, 25.415575235006862 ], [ 66.746086100313377, 25.415827466746322 ], [ 66.746189596474778, 25.414842481421136 ], [ 66.74572330079711, 25.415715236789122 ], [ 66.744755824561622, 25.415632243828441 ], [ 66.744993205161791, 25.415845359605338 ], [ 66.743992869359644, 25.415759611182178 ], [ 66.744324535148436, 25.415458230515799 ], [ 66.744039853746301, 25.415202648115194 ], [ 66.743290792368498, 25.415883311446482 ], [ 66.74437186402514, 25.413860179983804 ], [ 66.74437370597073, 25.413860982841737 ], [ 66.744688939514674, 25.413574529463819 ], [ 66.744836298579827, 25.413587170577802 ] ] ] } },
{ "type": "Feature", "properties": { "lead_id": "pakistan-potential-0001", "cell": "0057_0021", "roof_area_m2": 48054.3963, "kwh_per_kwp_yr": 1757.7219964803376, "est_kwp": 8649.79, "est_gwh_yr": 15.2039, "fixme": "Large roof (48054 m2), no detected PV nearby, modelled 1758 kWh/kWp/yr -- a rooftop SITING OPPORTUNITY, not a detection of existing PV; check imagery to confirm the roof is real, accessible and unshaded before treating it as a genuine lead", "imagery_note": "osm=66.63363,25.84303 | bing=https://www.bing.com/maps?cp=25.84303~66.63363&lvl=19&style=a | google=https://www.google.com/maps/@25.84303,66.63363,200m/data=!3m1!1e3" }, "geometry": { "type": "Polygon", "coordinates": [ [ [ 66.634092900000013, 25.8438193 ], [ 66.6340888, 25.8438858 ], [ 66.6340787, 25.8438853 ], [ 66.6340561, 25.8439895 ], [ 66.6340428, 25.8440684 ], [ 66.6340373, 25.8441566 ], [ 66.634028, 25.8441561 ], [ 66.6340009, 25.8443162 ], [ 66.6339941, 25.8443152 ], [ 66.6339877, 25.8444171 ], [ 66.6339682, 25.8444161 ], [ 66.6339506, 25.844507 ], [ 66.6339461, 25.8445794 ], [ 66.6339352, 25.8445788 ], [ 66.6339009, 25.8447815 ], [ 66.633971, 25.8447886 ], [ 66.633964, 25.8448538 ], [ 66.633963, 25.8448537 ], [ 66.6339617, 25.8448638 ], [ 66.6338785, 25.8448554 ], [ 66.6338776, 25.844863 ], [ 66.6338478, 25.8448602 ], [ 66.6338459, 25.8448757 ], [ 66.6338244, 25.8448735 ], [ 66.6338272, 25.8448466 ], [ 66.6337583, 25.8448344 ], [ 66.6336588, 25.8448251 ], [ 66.6336597, 25.8448175 ], [ 66.6335498, 25.8448023 ], [ 66.6334498, 25.8447922 ], [ 66.6334537, 25.8447607 ], [ 66.6332291, 25.8447296 ], [ 66.6329123, 25.8447093 ], [ 66.6329141, 25.844686 ], [ 66.63267, 25.8446522 ], [ 66.6326894, 25.8445373 ], [ 66.6326872, 25.8445372 ], [ 66.6326874, 25.8445342 ], [ 66.6326775, 25.8445334 ], [ 66.6326798, 25.8445096 ], [ 66.6326939, 25.8445107 ], [ 66.6326946, 25.8445065 ], [ 66.6326891, 25.8445062 ], [ 66.6326953, 25.8444077 ], [ 66.6327096, 25.8444084 ], [ 66.6327354, 25.8440786 ], [ 66.6327584, 25.8440801 ], [ 66.632783, 25.8438219 ], [ 66.6327999, 25.8438232 ], [ 66.6328031, 25.8437718 ], [ 66.6328219, 25.8437728 ], [ 66.6328406, 25.843662 ], [ 66.6328431, 25.8436308 ], [ 66.6328459, 25.843631 ], [ 66.6328503, 25.8436049 ], [ 66.6328671, 25.8436072 ], [ 66.6328724, 25.8435223 ], [ 66.6328975, 25.8435236 ], [ 66.6329095, 25.8433314 ], [ 66.6329379, 25.8433328 ], [ 66.6329448, 25.8432434 ], [ 66.632946, 25.8432435 ], [ 66.6329539, 25.8431557 ], [ 66.6329637, 25.8431564 ], [ 66.6329713, 25.8430843 ], [ 66.6329781, 25.8430849 ], [ 66.633029600000015, 25.8425444 ], [ 66.6331087, 25.8425506 ], [ 66.6331109, 25.842516 ], [ 66.633118, 25.8425164 ], [ 66.6331234, 25.8424563 ], [ 66.6331401, 25.8424575 ], [ 66.6332093, 25.8418026 ], [ 66.6332722, 25.841808 ], [ 66.6332801, 25.8417569 ], [ 66.6332958, 25.8417589 ], [ 66.6333016, 25.8416945 ], [ 66.6333203, 25.8416959 ], [ 66.6333293, 25.8415962 ], [ 66.6333359, 25.8415967 ], [ 66.6333665, 25.8413976 ], [ 66.6333962, 25.8414013 ], [ 66.6334328, 25.8411632 ], [ 66.6334342, 25.8411634 ], [ 66.6334398, 25.8411271 ], [ 66.6341088, 25.8412113 ], [ 66.6341032, 25.8412476 ], [ 66.6346647, 25.8413183 ], [ 66.63464, 25.8414791 ], [ 66.6343213, 25.841439 ], [ 66.6343133, 25.8414907 ], [ 66.6343169, 25.841491 ], [ 66.6343056, 25.8416155 ], [ 66.6342943, 25.8416147 ], [ 66.6342703, 25.8417707 ], [ 66.6342543, 25.8417687 ], [ 66.6342458, 25.8418625 ], [ 66.6342229, 25.8418608 ], [ 66.634203, 25.8420808 ], [ 66.6341876, 25.8420797 ], [ 66.6341621, 25.8422452 ], [ 66.6341589, 25.8422807 ], [ 66.6342951, 25.8423001 ], [ 66.6344209, 25.8423094 ], [ 66.63442, 25.8423192 ], [ 66.6344353, 25.8423215 ], [ 66.6344067, 25.8424803 ], [ 66.6344055, 25.8424801 ], [ 66.6343953, 25.842592 ], [ 66.6343788, 25.8425908 ], [ 66.63435530000001, 25.8427216 ], [ 66.6343519, 25.8427758 ], [ 66.6343472, 25.8427756 ], [ 66.6343406, 25.8428485 ], [ 66.6343186, 25.8428469 ], [ 66.6343106, 25.8429742 ], [ 66.6342862, 25.842973 ], [ 66.6342732, 25.8431163 ], [ 66.6342546, 25.8431149 ], [ 66.6342454, 25.843166 ], [ 66.6342397, 25.8432572 ], [ 66.6342291, 25.8432566 ], [ 66.6341899, 25.8434744 ], [ 66.634187, 25.8434739 ], [ 66.6341863, 25.8434815 ], [ 66.6341727, 25.8434805 ], [ 66.6341664, 25.8435808 ], [ 66.6341296, 25.8435789 ], [ 66.6341202, 25.8437283 ], [ 66.6341126, 25.8437279 ], [ 66.634092900000013, 25.8438193 ] ] ] } },
{ "type": "Feature", "properties": { "lead_id": "pakistan-potential-0002", "cell": "0058_0017", "roof_area_m2": 44221.4564, "kwh_per_kwp_yr": 1753.0075942527371, "est_kwp": 7959.86, "est_gwh_yr": 13.9537, "fixme": "Large roof (44221 m2), no detected PV nearby, modelled 1753 kWh/kWp/yr -- a rooftop SITING OPPORTUNITY, not a detection of existing PV; check imagery to confirm the roof is real, accessible and unshaded before treating it as a genuine lead", "imagery_note": "osm=66.73877,25.41560 | bing=https://www.bing.com/maps?cp=25.41560~66.73877&lvl=19&style=a | google=https://www.google.com/maps/@25.41560,66.73877,200m/data=!3m1!1e3" }, "geometry": { "type": "Polygon", "coordinates": [ [ [ 66.737806867112994, 25.414592180015376 ], [ 66.739179391805706, 25.414804841134099 ], [ 66.73937710800503, 25.415097890170713 ], [ 66.739715279691723, 25.415022597984258 ], [ 66.739562945371489, 25.414924835327938 ], [ 66.740606011415949, 25.415086449197705 ], [ 66.740123572213179, 25.415699725212871 ], [ 66.740418352597175, 25.415745398557899 ], [ 66.740365400589369, 25.416024204706943 ], [ 66.740241152781408, 25.416092600103937 ], [ 66.740472148956584, 25.416041170423139 ], [ 66.74044723162136, 25.416172366458706 ], [ 66.740066818885481, 25.416113449469293 ], [ 66.740037352818135, 25.41626859561471 ], [ 66.739814945327751, 25.416125863980852 ], [ 66.739899272344047, 25.416434850253054 ], [ 66.739812680610413, 25.416482511264643 ], [ 66.73943648465567, 25.416424223724373 ], [ 66.739477712805098, 25.416207147526958 ], [ 66.739512236430102, 25.416333647046681 ], [ 66.739535261606804, 25.416304377700158 ], [ 66.739466789585236, 25.416053414933817 ], [ 66.739193190623183, 25.416011023552368 ], [ 66.738876433169679, 25.416413722099026 ], [ 66.73805768366185, 25.415888335169008 ], [ 66.738032197607026, 25.416022525824584 ], [ 66.737564938484027, 25.41595012873977 ], [ 66.737254716645978, 25.415490330142564 ], [ 66.737266686542853, 25.415475114038344 ], [ 66.737321832091169, 25.415483658320376 ], [ 66.737454286488827, 25.414786246990516 ], [ 66.737806867112994, 25.414592180015376 ] ] ] } },
{ "type": "Feature", "properties": { "lead_id": "pakistan-potential-0003", "cell": "0059_0017", "roof_area_m2": 44221.4564, "kwh_per_kwp_yr": 1753.0075942527371, "est_kwp": 7959.86, "est_gwh_yr": 13.9537, "fixme": "Large roof (44221 m2), no detected PV nearby, modelled 1753 kWh/kWp/yr -- a rooftop SITING OPPORTUNITY, not a detection of existing PV; check imagery to confirm the roof is real, accessible and unshaded before treating it as a genuine lead", "imagery_note": "osm=66.73877,25.41560 | bing=https://www.bing.com/maps?cp=25.41560~66.73877&lvl=19&style=a | google=https://www.google.com/maps/@25.41560,66.73877,200m/data=!3m1!1e3" }, "geometry": { "type": "Polygon", "coordinates": [ [ [ 66.737806867112994, 25.414592180015376 ], [ 66.739179391805706, 25.414804841134099 ], [ 66.73937710800503, 25.415097890170713 ], [ 66.739715279691723, 25.415022597984258 ], [ 66.739562945371489, 25.414924835327938 ], [ 66.740606011415949, 25.415086449197705 ], [ 66.740123572213179, 25.415699725212871 ], [ 66.740418352597175, 25.415745398557899 ], [ 66.740365400589369, 25.416024204706943 ], [ 66.740241152781408, 25.416092600103937 ], [ 66.740472148956584, 25.416041170423139 ], [ 66.74044723162136, 25.416172366458706 ], [ 66.740066818885481, 25.416113449469293 ], [ 66.740037352818135, 25.41626859561471 ], [ 66.739814945327751, 25.416125863980852 ], [ 66.739899272344047, 25.416434850253054 ], [ 66.739812680610413, 25.416482511264643 ], [ 66.73943648465567, 25.416424223724373 ], [ 66.739477712805098, 25.416207147526958 ], [ 66.739512236430102, 25.416333647046681 ], [ 66.739535261606804, 25.416304377700158 ], [ 66.739466789585236, 25.416053414933817 ], [ 66.739193190623183, 25.416011023552368 ], [ 66.738876433169679, 25.416413722099026 ], [ 66.73805768366185, 25.415888335169008 ], [ 66.738032197607026, 25.416022525824584 ], [ 66.737564938484027, 25.41595012873977 ], [ 66.737254716645978, 25.415490330142564 ], [ 66.737266686542853, 25.415475114038344 ], [ 66.737321832091169, 25.415483658320376 ], [ 66.737454286488827, 25.414786246990516 ], [ 66.737806867112994, 25.414592180015376 ] ] ] } },
{ "type": "Feature", "properties": { "lead_id": "pakistan-potential-0004", "cell": "0061_0011", "roof_area_m2": 43987.3041, "kwh_per_kwp_yr": 1741.3364092647175, "est_kwp": 7917.71, "est_gwh_yr": 13.7874, "fixme": "Large roof (43987 m2), no detected PV nearby, modelled 1741 kWh/kWp/yr -- a rooftop SITING OPPORTUNITY, not a detection of existing PV; check imagery to confirm the roof is real, accessible and unshaded before treating it as a genuine lead", "imagery_note": "osm=66.94394,24.89846 | bing=https://www.bing.com/maps?cp=24.89846~66.94394&lvl=19&style=a | google=https://www.google.com/maps/@24.89846,66.94394,200m/data=!3m1!1e3" }, "geometry": { "type": "Polygon", "coordinates": [ [ [ 66.9475556, 24.8984306 ], [ 66.947454, 24.8984308 ], [ 66.9474541, 24.8984874 ], [ 66.9474786, 24.8984874 ], [ 66.947478800000013, 24.8985886 ], [ 66.9475067, 24.8985885 ], [ 66.9475069, 24.8986602 ], [ 66.947479, 24.8986603 ], [ 66.9474791, 24.8987005 ], [ 66.9475563, 24.8987004 ], [ 66.9475564, 24.8987383 ], [ 66.9457218, 24.898742 ], [ 66.9450991, 24.8987435 ], [ 66.9450991, 24.8987445 ], [ 66.9426446, 24.8987478 ], [ 66.9404325, 24.8987525 ], [ 66.9404312, 24.8981992 ], [ 66.9416588, 24.8981969 ], [ 66.9416588, 24.8981955 ], [ 66.9463252, 24.8981884 ], [ 66.947555, 24.8981859 ], [ 66.9475556, 24.8984306 ] ] ] } },
{ "type": "Feature", "properties": { "lead_id": "pakistan-potential-0005", "cell": "0065_0011", "roof_area_m2": 43099.5214, "kwh_per_kwp_yr": 1732.4907823394969, "est_kwp": 7757.91, "est_gwh_yr": 13.4405, "fixme": "Large roof (43100 m2), no detected PV nearby, modelled 1732 kWh/kWp/yr -- a rooftop SITING OPPORTUNITY, not a detection of existing PV; check imagery to confirm the roof is real, accessible and unshaded before treating it as a genuine lead", "imagery_note": "osm=67.38011,24.83422 | bing=https://www.bing.com/maps?cp=24.83422~67.38011&lvl=19&style=a | google=https://www.google.com/maps/@24.83422,67.38011,200m/data=!3m1!1e3" }, "geometry": { "type": "Polygon", "coordinates": [ [ [ 67.3791775, 24.8328962 ], [ 67.3791776, 24.8328929 ], [ 67.3794793, 24.8329033 ], [ 67.3794794, 24.8329024 ], [ 67.3798902, 24.8329147 ], [ 67.3798898, 24.8329245 ], [ 67.380461200000013, 24.8329394 ], [ 67.3804607, 24.8329548 ], [ 67.3804736, 24.8329552 ], [ 67.3804733, 24.8329623 ], [ 67.3811684, 24.8329831 ], [ 67.3811379, 24.8338312 ], [ 67.3804381, 24.8338101 ], [ 67.3804289, 24.834031 ], [ 67.3811127, 24.8340483 ], [ 67.3811013, 24.8344234 ], [ 67.3801108, 24.8343982 ], [ 67.380091, 24.8349314 ], [ 67.3800873, 24.8349313 ], [ 67.3800871, 24.8349367 ], [ 67.380081, 24.8349365 ], [ 67.3800641, 24.8354626 ], [ 67.3800604, 24.8354625 ], [ 67.3800602, 24.8354681 ], [ 67.3794326, 24.8354503 ], [ 67.3794327, 24.8354466 ], [ 67.37942360000001, 24.8354464 ], [ 67.3794238, 24.8354421 ], [ 67.3790524, 24.8354294 ], [ 67.379059, 24.835248 ], [ 67.3790544, 24.8352479 ], [ 67.379056, 24.8351962 ], [ 67.3790609, 24.8351964 ], [ 67.3790635, 24.8351236 ], [ 67.3790735, 24.8351239 ], [ 67.3791021, 24.8344301 ], [ 67.3791147, 24.834015 ], [ 67.3791192, 24.8340151 ], [ 67.3791197, 24.8340026 ], [ 67.3791316, 24.834003 ], [ 67.3791479, 24.83361 ], [ 67.3791729, 24.8328961 ], [ 67.3791775, 24.8328962 ] ], [ [ 67.3801405, 24.8338111 ], [ 67.3801338, 24.8338109 ], [ 67.380125, 24.8340233 ], [ 67.3801317, 24.8340235 ], [ 67.3801405, 24.8338111 ] ] ] } },
{ "type": "Feature", "properties": { "lead_id": "pakistan-potential-0006", "cell": "0064_0011", "roof_area_m2": 40168.6663, "kwh_per_kwp_yr": 1733.0205365223594, "est_kwp": 7230.36, "est_gwh_yr": 12.5304, "fixme": "Large roof (40169 m2), no detected PV nearby, modelled 1733 kWh/kWp/yr -- a rooftop SITING OPPORTUNITY, not a detection of existing PV; check imagery to confirm the roof is real, accessible and unshaded before treating it as a genuine lead", "imagery_note": "osm=67.33570,24.83310 | bing=https://www.bing.com/maps?cp=24.83310~67.33570&lvl=19&style=a | google=https://www.google.com/maps/@24.83310,67.33570,200m/data=!3m1!1e3" }, "geometry": { "type": "Polygon", "coordinates": [ [ [ 67.3354072, 24.8321943 ], [ 67.335091, 24.8321905 ], [ 67.3351006, 24.8315449 ], [ 67.3349852, 24.8315434 ], [ 67.3349757, 24.832189 ], [ 67.3349721, 24.832189 ], [ 67.3349594, 24.8330294 ], [ 67.334821, 24.8330276 ], [ 67.3348338, 24.8321873 ], [ 67.3348282, 24.8321872 ], [ 67.3348435, 24.8311582 ], [ 67.3354674, 24.8311659 ], [ 67.3361677, 24.8311723 ], [ 67.3361677, 24.8311745 ], [ 67.3361727, 24.8311746 ], [ 67.3361575, 24.8322036 ], [ 67.3359162, 24.8322006 ], [ 67.3359128, 24.8324214 ], [ 67.3360765, 24.8324233 ], [ 67.3360758, 24.8324691 ], [ 67.3361086, 24.8324695 ], [ 67.3361067, 24.8325941 ], [ 67.3361595, 24.8325948 ], [ 67.3361349, 24.8343244 ], [ 67.3361338, 24.8343244 ], [ 67.3361335, 24.8343292 ], [ 67.3358424, 24.8343255 ], [ 67.3358543, 24.8335359 ], [ 67.3357541, 24.8335347 ], [ 67.335754, 24.8335391 ], [ 67.3357584, 24.8335396 ], [ 67.3357528, 24.8339174 ], [ 67.3357174, 24.833917 ], [ 67.3357176, 24.8339001 ], [ 67.3357151, 24.8339001 ], [ 67.3357132, 24.8340299 ], [ 67.33578780000002, 24.8340309 ], [ 67.3357826, 24.8343791 ], [ 67.336108, 24.8343832 ], [ 67.3361071, 24.8344424 ], [ 67.3357461, 24.8344379 ], [ 67.3357367, 24.8351466 ], [ 67.335656, 24.8351457 ], [ 67.3356563, 24.8351239 ], [ 67.3356328, 24.8351237 ], [ 67.335634, 24.83503 ], [ 67.3355793, 24.8350294 ], [ 67.3355794, 24.8350146 ], [ 67.3355341, 24.8350141 ], [ 67.335535, 24.8349446 ], [ 67.3354306, 24.8349434 ], [ 67.3354301, 24.8349835 ], [ 67.3353945, 24.8349832 ], [ 67.3353957, 24.8348958 ], [ 67.3353879, 24.8348957 ], [ 67.3353894, 24.8347961 ], [ 67.3353553, 24.8347958 ], [ 67.3353555, 24.8347812 ], [ 67.335305, 24.8347806 ], [ 67.3353049, 24.8347828 ], [ 67.335244, 24.8347821 ], [ 67.3352469, 24.8345607 ], [ 67.3351672, 24.8345598 ], [ 67.3351669, 24.8345845 ], [ 67.3350961, 24.8345838 ], [ 67.3350981, 24.8344298 ], [ 67.3348614, 24.8344268 ], [ 67.334862, 24.8343866 ], [ 67.3349409, 24.8343876 ], [ 67.3349412, 24.8343686 ], [ 67.334966, 24.8343689 ], [ 67.3349678, 24.8342515 ], [ 67.3350998, 24.8342532 ], [ 67.3351049, 24.8337699 ], [ 67.3349751, 24.8337682 ], [ 67.334982, 24.8333084 ], [ 67.3349722, 24.8333082 ], [ 67.3349741, 24.8331788 ], [ 67.3349839, 24.833179 ], [ 67.3349841, 24.833167 ], [ 67.3352534, 24.8331704 ], [ 67.3352596, 24.8327616 ], [ 67.3356949, 24.8327671 ], [ 67.3357036, 24.8321981 ], [ 67.3354072, 24.8321954 ], [ 67.3354072, 24.8321943 ] ], [ [ 67.3356979, 24.832081 ], [ 67.3356985, 24.8320423 ], [ 67.3356532, 24.8320418 ], [ 67.3356528, 24.8320806 ], [ 67.3356979, 24.832081 ] ] ] } },
{ "type": "Feature", "properties": { "lead_id": "pakistan-potential-0007", "cell": "0133_0075", "roof_area_m2": 38760.6166, "kwh_per_kwp_yr": 1632.0972302990062, "est_kwp": 6976.91, "est_gwh_yr": 11.387, "fixme": "Large roof (38761 m2), no detected PV nearby, modelled 1632 kWh/kWp/yr -- a rooftop SITING OPPORTUNITY, not a detection of existing PV; check imagery to confirm the roof is real, accessible and unshaded before treating it as a genuine lead", "imagery_note": "osm=74.23326,31.29904 | bing=https://www.bing.com/maps?cp=31.29904~74.23326&lvl=19&style=a | google=https://www.google.com/maps/@31.29904,74.23326,200m/data=!3m1!1e3" }, "geometry": { "type": "Polygon", "coordinates": [ [ [ 74.2349873, 31.2981529 ], [ 74.2349862, 31.2983749 ], [ 74.2351162, 31.2986149 ], [ 74.2351047, 31.2986195 ], [ 74.2351042, 31.2986759 ], [ 74.2349659, 31.298675 ], [ 74.2348569, 31.2987185 ], [ 74.2348693, 31.2987416 ], [ 74.2348931, 31.2987323 ], [ 74.2349023, 31.2987496 ], [ 74.235000200000016, 31.298711 ], [ 74.2351002, 31.298898 ], [ 74.2350642, 31.2989122 ], [ 74.2350863, 31.2989535 ], [ 74.2348564, 31.2990441 ], [ 74.2348371, 31.299008 ], [ 74.2347471, 31.2990439 ], [ 74.2347324, 31.2990167 ], [ 74.2344964, 31.2991097 ], [ 74.2344197, 31.2989663 ], [ 74.2344193, 31.2990172 ], [ 74.2344352, 31.299047 ], [ 74.234419, 31.2990469 ], [ 74.2344183, 31.2991255 ], [ 74.2344807, 31.2991259 ], [ 74.2344803, 31.2991777 ], [ 74.2343013, 31.2991765 ], [ 74.2343025, 31.2990462 ], [ 74.2340453, 31.2990447 ], [ 74.2340435, 31.2992657 ], [ 74.2341959, 31.2992666 ], [ 74.2341939, 31.2995052 ], [ 74.2335749, 31.2995016 ], [ 74.2321079, 31.3000898 ], [ 74.2319748, 31.299845 ], [ 74.2316757, 31.2999641 ], [ 74.2313353, 31.2993366 ], [ 74.2315498, 31.2992508 ], [ 74.2315639, 31.2992509 ], [ 74.2321072, 31.2990331 ], [ 74.2320646, 31.2990329 ], [ 74.2320672, 31.2987109 ], [ 74.2328984, 31.2987159 ], [ 74.233729, 31.2983829 ], [ 74.2337294, 31.2983358 ], [ 74.2338446, 31.2983365 ], [ 74.2340517, 31.2982535 ], [ 74.2340516, 31.2982661 ], [ 74.2343103, 31.2981642 ], [ 74.2343104, 31.2981484 ], [ 74.234349600000016, 31.2981487 ], [ 74.2347755, 31.2979808 ], [ 74.2348671, 31.2981521 ], [ 74.2349873, 31.2981529 ] ], [ [ 74.2344202, 31.2989187 ], [ 74.2344668, 31.2989003 ], [ 74.2344528, 31.2988745 ], [ 74.2343813, 31.2989026 ], [ 74.2344203, 31.2989029 ], [ 74.2344202, 31.2989187 ] ] ] } },
{ "type": "Feature", "properties": { "lead_id": "pakistan-potential-0008", "cell": "0219_0117", "roof_area_m2": 37167.9141, "kwh_per_kwp_yr": 1630.728722008492, "est_kwp": 6690.22, "est_gwh_yr": 10.9099, "fixme": "Large roof (37168 m2), no detected PV nearby, modelled 1631 kWh/kWp/yr -- a rooftop SITING OPPORTUNITY, not a detection of existing PV; check imagery to confirm the roof is real, accessible and unshaded before treating it as a genuine lead", "imagery_note": "osm=74.36156,31.57114 | bing=https://www.bing.com/maps?cp=31.57114~74.36156&lvl=19&style=a | google=https://www.google.com/maps/@31.57114,74.36156,200m/data=!3m1!1e3" }, "geometry": { "type": "Polygon", "coordinates": [ [ [ 74.3625669, 31.5710938 ], [ 74.3625641, 31.5710955 ], [ 74.362331200000014, 31.5711555 ], [ 74.3623521, 31.5711556 ], [ 74.3624477, 31.5711307 ], [ 74.3624567, 31.5711562 ], [ 74.3624994, 31.5711564 ], [ 74.3624987, 31.5712462 ], [ 74.3625647, 31.5712465 ], [ 74.3625653, 31.5711548 ], [ 74.362601, 31.571154899999989 ], [ 74.3626003, 31.57124670000001 ], [ 74.3626167, 31.5712468 ], [ 74.3626164, 31.571286300000011 ], [ 74.3626411, 31.5712864 ], [ 74.3626406, 31.5713638 ], [ 74.3626664, 31.5713639 ], [ 74.3626661, 31.5714075 ], [ 74.3626961, 31.5714077 ], [ 74.3626953, 31.5715163 ], [ 74.3627249, 31.5715165 ], [ 74.3627243, 31.5716093 ], [ 74.3624961, 31.5716082 ], [ 74.3624945, 31.5718294 ], [ 74.3628174, 31.5718311 ], [ 74.3628156, 31.5720847 ], [ 74.362274, 31.5720819 ], [ 74.3622735, 31.5721558 ], [ 74.361665, 31.5721526 ], [ 74.3616645, 31.57222 ], [ 74.3616595, 31.57222 ], [ 74.3616597, 31.5721831 ], [ 74.3616201, 31.5721829 ], [ 74.3616199, 31.5722021 ], [ 74.3615743, 31.5722018 ], [ 74.3615742, 31.5722195 ], [ 74.3613513, 31.5722183 ], [ 74.3613511, 31.5722452 ], [ 74.3613087, 31.572245 ], [ 74.3613086, 31.5722662 ], [ 74.3612476, 31.5722659 ], [ 74.361247800000015, 31.5722446 ], [ 74.361185, 31.5722443 ], [ 74.3611849, 31.5722561 ], [ 74.3611478, 31.5722559 ], [ 74.3611479, 31.5722441 ], [ 74.3611428, 31.5722441 ], [ 74.3611428, 31.5722421 ], [ 74.3611405, 31.5722421 ], [ 74.3611412, 31.5721517 ], [ 74.3611064, 31.5721515 ], [ 74.3611063, 31.5720442 ], [ 74.3610442, 31.5720439 ], [ 74.3610447, 31.5719784 ], [ 74.3610409, 31.5719784 ], [ 74.3610413, 31.5719268 ], [ 74.361032, 31.5719267 ], [ 74.361032400000013, 31.571872100000011 ], [ 74.3610097, 31.571872 ], [ 74.3610097, 31.5718695 ], [ 74.3610082, 31.5718695 ], [ 74.3610085, 31.5718218 ], [ 74.3610101, 31.5718218 ], [ 74.3610101, 31.5718173 ], [ 74.3609833, 31.5718172 ], [ 74.3609839, 31.5717062 ], [ 74.3609681, 31.5717103 ], [ 74.3609648, 31.571701 ], [ 74.3609415, 31.5717003 ], [ 74.3609418, 31.5716577 ], [ 74.3609312, 31.5716576 ], [ 74.3609315, 31.5716074 ], [ 74.360929, 31.5716003 ], [ 74.3609078, 31.5716002 ], [ 74.360908, 31.5715791 ], [ 74.3609058, 31.5715791 ], [ 74.360906, 31.5715526 ], [ 74.3608864, 31.57155250000001 ], [ 74.3608866, 31.571535 ], [ 74.3609059, 31.5715351 ], [ 74.3609036, 31.5715288 ], [ 74.3608872, 31.5715287 ], [ 74.3608866, 31.5715178 ], [ 74.360881, 31.5715178 ], [ 74.3608814, 31.5714662 ], [ 74.360867, 31.5714256 ], [ 74.3608426, 31.5714255 ], [ 74.360843, 31.5713582 ], [ 74.3608216, 31.5712977 ], [ 74.3608342, 31.5712944 ], [ 74.3608115, 31.5712943 ], [ 74.3608119, 31.5712468 ], [ 74.3607351, 31.5712464 ], [ 74.3607369, 31.5709933 ], [ 74.3607266, 31.5709932 ], [ 74.360726200000016, 31.5709491 ], [ 74.3607196, 31.5709305 ], [ 74.3607014, 31.5709304 ], [ 74.360701700000021, 31.5708802 ], [ 74.360684, 31.57083 ], [ 74.360663500000015, 31.5708299 ], [ 74.3606639, 31.5707851 ], [ 74.3606428, 31.570785 ], [ 74.3606433, 31.5707153 ], [ 74.360617, 31.5706415 ], [ 74.3606438, 31.5706345 ], [ 74.3606438, 31.5706316 ], [ 74.3606855, 31.5706318 ], [ 74.3606829, 31.5706244 ], [ 74.3607286, 31.5706124 ], [ 74.3607286, 31.5706075 ], [ 74.3607154, 31.5705702 ], [ 74.3606763, 31.57057 ], [ 74.3605988, 31.5705902 ], [ 74.3605915, 31.5705696 ], [ 74.3605882, 31.5705696 ], [ 74.3605882, 31.5705605 ], [ 74.3605817, 31.5705422 ], [ 74.3605589, 31.5705421 ], [ 74.3605594, 31.5704798 ], [ 74.3605464, 31.5704796 ], [ 74.3605467, 31.5704433 ], [ 74.3605437, 31.5704349 ], [ 74.3605467, 31.5704341 ], [ 74.3605482, 31.5702205 ], [ 74.3613517, 31.5702246 ], [ 74.3614574, 31.5701971 ], [ 74.361458, 31.5701042 ], [ 74.3618074, 31.570106 ], [ 74.3622096, 31.5700013 ], [ 74.3622143, 31.5700144 ], [ 74.3622802, 31.5700147 ], [ 74.3622789, 31.5701965 ], [ 74.36228, 31.5701996 ], [ 74.3622901, 31.5701997 ], [ 74.3622899, 31.5702274 ], [ 74.3623133, 31.5702933 ], [ 74.3623296, 31.5702934 ], [ 74.3623293, 31.5703383 ], [ 74.3623475, 31.5703895 ], [ 74.362352, 31.5703895 ], [ 74.362352500000014, 31.5704036 ], [ 74.3623554, 31.5704036 ], [ 74.3623553, 31.5704117 ], [ 74.3624464, 31.5706682 ], [ 74.3623447, 31.5706947 ], [ 74.362350100000015, 31.5707101 ], [ 74.3623522, 31.5707101 ], [ 74.3623522, 31.5707158 ], [ 74.3623584, 31.5707334 ], [ 74.3624073, 31.5707336 ], [ 74.3624502, 31.5707224 ], [ 74.3624543, 31.5707338 ], [ 74.3624899, 31.570734 ], [ 74.3624894, 31.570808 ], [ 74.362502, 31.5708081 ], [ 74.362501600000016, 31.5708669 ], [ 74.362521, 31.5709217 ], [ 74.3625011, 31.5709268 ], [ 74.3625009, 31.5709545 ], [ 74.3625168, 31.5709504 ], [ 74.3625669, 31.5710938 ] ], [ [ 74.3622065, 31.5711876 ], [ 74.3622065, 31.5711935 ], [ 74.3622213, 31.5711896 ], [ 74.3622213, 31.5711838 ], [ 74.3622065, 31.5711876 ] ] ] } },
{ "type": "Feature", "properties": { "lead_id": "pakistan-potential-0009", "cell": "0135_0078", "roof_area_m2": 37167.9141, "kwh_per_kwp_yr": 1630.728722008492, "est_kwp": 6690.22, "est_gwh_yr": 10.9099, "fixme": "Large roof (37168 m2), no detected PV nearby, modelled 1631 kWh/kWp/yr -- a rooftop SITING OPPORTUNITY, not a detection of existing PV; check imagery to confirm the roof is real, accessible and unshaded before treating it as a genuine lead", "imagery_note": "osm=74.36156,31.57114 | bing=https://www.bing.com/maps?cp=31.57114~74.36156&lvl=19&style=a | google=https://www.google.com/maps/@31.57114,74.36156,200m/data=!3m1!1e3" }, "geometry": { "type": "Polygon", "coordinates": [ [ [ 74.3625669, 31.5710938 ], [ 74.3625641, 31.5710955 ], [ 74.362331200000014, 31.5711555 ], [ 74.3623521, 31.5711556 ], [ 74.3624477, 31.5711307 ], [ 74.3624567, 31.5711562 ], [ 74.3624994, 31.5711564 ], [ 74.3624987, 31.5712462 ], [ 74.3625647, 31.5712465 ], [ 74.3625653, 31.5711548 ], [ 74.362601, 31.571154899999989 ], [ 74.3626003, 31.57124670000001 ], [ 74.3626167, 31.5712468 ], [ 74.3626164, 31.571286300000011 ], [ 74.3626411, 31.5712864 ], [ 74.3626406, 31.5713638 ], [ 74.3626664, 31.5713639 ], [ 74.3626661, 31.5714075 ], [ 74.3626961, 31.5714077 ], [ 74.3626953, 31.5715163 ], [ 74.3627249, 31.5715165 ], [ 74.3627243, 31.5716093 ], [ 74.3624961, 31.5716082 ], [ 74.3624945, 31.5718294 ], [ 74.3628174, 31.5718311 ], [ 74.3628156, 31.5720847 ], [ 74.362274, 31.5720819 ], [ 74.3622735, 31.5721558 ], [ 74.361665, 31.5721526 ], [ 74.3616645, 31.57222 ], [ 74.3616595, 31.57222 ], [ 74.3616597, 31.5721831 ], [ 74.3616201, 31.5721829 ], [ 74.3616199, 31.5722021 ], [ 74.3615743, 31.5722018 ], [ 74.3615742, 31.5722195 ], [ 74.3613513, 31.5722183 ], [ 74.3613511, 31.5722452 ], [ 74.3613087, 31.572245 ], [ 74.3613086, 31.5722662 ], [ 74.3612476, 31.5722659 ], [ 74.361247800000015, 31.5722446 ], [ 74.361185, 31.5722443 ], [ 74.3611849, 31.5722561 ], [ 74.3611478, 31.5722559 ], [ 74.3611479, 31.5722441 ], [ 74.3611428, 31.5722441 ], [ 74.3611428, 31.5722421 ], [ 74.3611405, 31.5722421 ], [ 74.3611412, 31.5721517 ], [ 74.3611064, 31.5721515 ], [ 74.3611063, 31.5720442 ], [ 74.3610442, 31.5720439 ], [ 74.3610447, 31.5719784 ], [ 74.3610409, 31.5719784 ], [ 74.3610413, 31.5719268 ], [ 74.361032, 31.5719267 ], [ 74.361032400000013, 31.571872100000011 ], [ 74.3610097, 31.571872 ], [ 74.3610097, 31.5718695 ], [ 74.3610082, 31.5718695 ], [ 74.3610085, 31.5718218 ], [ 74.3610101, 31.5718218 ], [ 74.3610101, 31.5718173 ], [ 74.3609833, 31.5718172 ], [ 74.3609839, 31.5717062 ], [ 74.3609681, 31.5717103 ], [ 74.3609648, 31.571701 ], [ 74.3609415, 31.5717003 ], [ 74.3609418, 31.5716577 ], [ 74.3609312, 31.5716576 ], [ 74.3609315, 31.5716074 ], [ 74.360929, 31.5716003 ], [ 74.3609078, 31.5716002 ], [ 74.360908, 31.5715791 ], [ 74.3609058, 31.5715791 ], [ 74.360906, 31.5715526 ], [ 74.3608864, 31.57155250000001 ], [ 74.3608866, 31.571535 ], [ 74.3609059, 31.5715351 ], [ 74.3609036, 31.5715288 ], [ 74.3608872, 31.5715287 ], [ 74.3608866, 31.5715178 ], [ 74.360881, 31.5715178 ], [ 74.3608814, 31.5714662 ], [ 74.360867, 31.5714256 ], [ 74.3608426, 31.5714255 ], [ 74.360843, 31.5713582 ], [ 74.3608216, 31.5712977 ], [ 74.3608342, 31.5712944 ], [ 74.3608115, 31.5712943 ], [ 74.3608119, 31.5712468 ], [ 74.3607351, 31.5712464 ], [ 74.3607369, 31.5709933 ], [ 74.3607266, 31.5709932 ], [ 74.360726200000016, 31.5709491 ], [ 74.3607196, 31.5709305 ], [ 74.3607014, 31.5709304 ], [ 74.360701700000021, 31.5708802 ], [ 74.360684, 31.57083 ], [ 74.360663500000015, 31.5708299 ], [ 74.3606639, 31.5707851 ], [ 74.3606428, 31.570785 ], [ 74.3606433, 31.5707153 ], [ 74.360617, 31.5706415 ], [ 74.3606438, 31.5706345 ], [ 74.3606438, 31.5706316 ], [ 74.3606855, 31.5706318 ], [ 74.3606829, 31.5706244 ], [ 74.3607286, 31.5706124 ], [ 74.3607286, 31.5706075 ], [ 74.3607154, 31.5705702 ], [ 74.3606763, 31.57057 ], [ 74.3605988, 31.5705902 ], [ 74.3605915, 31.5705696 ], [ 74.3605882, 31.5705696 ], [ 74.3605882, 31.5705605 ], [ 74.3605817, 31.5705422 ], [ 74.3605589, 31.5705421 ], [ 74.3605594, 31.5704798 ], [ 74.3605464, 31.5704796 ], [ 74.3605467, 31.5704433 ], [ 74.3605437, 31.5704349 ], [ 74.3605467, 31.5704341 ], [ 74.3605482, 31.5702205 ], [ 74.3613517, 31.5702246 ], [ 74.3614574, 31.5701971 ], [ 74.361458, 31.5701042 ], [ 74.3618074, 31.570106 ], [ 74.3622096, 31.5700013 ], [ 74.3622143, 31.5700144 ], [ 74.3622802, 31.5700147 ], [ 74.3622789, 31.5701965 ], [ 74.36228, 31.5701996 ], [ 74.3622901, 31.5701997 ], [ 74.3622899, 31.5702274 ], [ 74.3623133, 31.5702933 ], [ 74.3623296, 31.5702934 ], [ 74.3623293, 31.5703383 ], [ 74.3623475, 31.5703895 ], [ 74.362352, 31.5703895 ], [ 74.362352500000014, 31.5704036 ], [ 74.3623554, 31.5704036 ], [ 74.3623553, 31.5704117 ], [ 74.3624464, 31.5706682 ], [ 74.3623447, 31.5706947 ], [ 74.362350100000015, 31.5707101 ], [ 74.3623522, 31.5707101 ], [ 74.3623522, 31.5707158 ], [ 74.3623584, 31.5707334 ], [ 74.3624073, 31.5707336 ], [ 74.3624502, 31.5707224 ], [ 74.3624543, 31.5707338 ], [ 74.3624899, 31.570734 ], [ 74.3624894, 31.570808 ], [ 74.362502, 31.5708081 ], [ 74.362501600000016, 31.5708669 ], [ 74.362521, 31.5709217 ], [ 74.3625011, 31.5709268 ], [ 74.3625009, 31.5709545 ], [ 74.3625168, 31.5709504 ], [ 74.3625669, 31.5710938 ] ], [ [ 74.3622065, 31.5711876 ], [ 74.3622065, 31.5711935 ], [ 74.3622213, 31.5711896 ], [ 74.3622213, 31.5711838 ], [ 74.3622065, 31.5711876 ] ] ] } },
{ "type": "Feature", "properties": { "lead_id": "pakistan-potential-0010", "cell": "0120_0098", "roof_area_m2": 35848.8394, "kwh_per_kwp_yr": 1676.6497542652141, "est_kwp": 6452.79, "est_gwh_yr": 10.8191, "fixme": "Large roof (35849 m2), no detected PV nearby, modelled 1677 kWh/kWp/yr -- a rooftop SITING OPPORTUNITY, not a detection of existing PV; check imagery to confirm the roof is real, accessible and unshaded before treating it as a genuine lead", "imagery_note": "osm=72.84745,33.55197 | bing=https://www.bing.com/maps?cp=33.55197~72.84745&lvl=19&style=a | google=https://www.google.com/maps/@33.55197,72.84745,200m/data=!3m1!1e3" }, "geometry": { "type": "Polygon", "coordinates": [ [ [ 72.8460397, 33.5514353 ], [ 72.8460558, 33.5514328 ], [ 72.8460569, 33.5513871 ], [ 72.8465178, 33.5513951 ], [ 72.8465179, 33.5513907 ], [ 72.8466791, 33.55139350000001 ], [ 72.8470333, 33.5513383 ], [ 72.847047, 33.5513999 ], [ 72.8471259, 33.5514013 ], [ 72.8471258, 33.5514057 ], [ 72.8473261, 33.5514092 ], [ 72.8473238, 33.5513988 ], [ 72.84893240000001, 33.5511429 ], [ 72.8489519, 33.5512288 ], [ 72.848955, 33.5512283 ], [ 72.8490171, 33.5515021 ], [ 72.8490201, 33.5515017 ], [ 72.8490258, 33.5515289 ], [ 72.8490271, 33.5515287 ], [ 72.8490704, 33.5517366 ], [ 72.849157, 33.5521183 ], [ 72.84915, 33.5521194 ], [ 72.8491514, 33.552126 ], [ 72.8485805, 33.55221 ], [ 72.8484428, 33.5522319 ], [ 72.8484418, 33.55227210000001 ], [ 72.8482148, 33.5522681 ], [ 72.8479169, 33.5523155 ], [ 72.8479161, 33.5523122 ], [ 72.847889, 33.5523117 ], [ 72.8474102, 33.5523822 ], [ 72.847393700000012, 33.5523031 ], [ 72.8471955, 33.5522996 ], [ 72.8472231, 33.5524236 ], [ 72.8470842, 33.5524453 ], [ 72.8470985, 33.5525094 ], [ 72.8459383, 33.5526908 ], [ 72.8458459, 33.5522761 ], [ 72.8457956, 33.5522752 ], [ 72.8458006, 33.5520731 ], [ 72.8457555, 33.5518705 ], [ 72.8457493, 33.5518704 ], [ 72.8457499, 33.5518455 ], [ 72.8457458, 33.5518274 ], [ 72.8457234, 33.551827 ], [ 72.8457256, 33.5517366 ], [ 72.8457068, 33.5516522 ], [ 72.8457131, 33.5516512 ], [ 72.8457122, 33.5516468 ], [ 72.8457133, 33.5516466 ], [ 72.8457092, 33.5516263 ], [ 72.8457285, 33.5516236 ], [ 72.8457294, 33.5515877 ], [ 72.8460518, 33.5515934 ], [ 72.8460541, 33.5515001 ], [ 72.8460397, 33.5514353 ] ] ] } },
{ "type": "Feature", "properties": { "lead_id": "pakistan-potential-0011", "cell": "0123_0078", "roof_area_m2": 36149.1077, "kwh_per_kwp_yr": 1621.4010330615777, "est_kwp": 6506.84, "est_gwh_yr": 10.5502, "fixme": "Large roof (36149 m2), no detected PV nearby, modelled 1621 kWh/kWp/yr -- a rooftop SITING OPPORTUNITY, not a detection of existing PV; check imagery to confirm the roof is real, accessible and unshaded before treating it as a genuine lead", "imagery_note": "osm=73.18921,31.60092 | bing=https://www.bing.com/maps?cp=31.60092~73.18921&lvl=19&style=a | google=https://www.google.com/maps/@31.60092,73.18921,200m/data=!3m1!1e3" }, "geometry": { "type": "Polygon", "coordinates": [ [ [ 73.1904468, 31.6008592 ], [ 73.1904441, 31.6008613 ], [ 73.1905643, 31.6009763 ], [ 73.1903538, 31.6011375 ], [ 73.1903552, 31.6011388 ], [ 73.1897915, 31.6015683 ], [ 73.189806, 31.6015822 ], [ 73.1897901, 31.6015943 ], [ 73.1898649, 31.6016662 ], [ 73.1898624, 31.6016681 ], [ 73.1898824, 31.6016873 ], [ 73.1898432, 31.6017171 ], [ 73.1899251, 31.6017958 ], [ 73.189516, 31.6021075 ], [ 73.1894966, 31.6020889 ], [ 73.1895421, 31.6020542 ], [ 73.1894279, 31.6019444 ], [ 73.1893824, 31.6019791 ], [ 73.189325, 31.6019239 ], [ 73.1891167, 31.6020826 ], [ 73.1885857, 31.6015731 ], [ 73.1885857, 31.6015721 ], [ 73.1878239, 31.600838700000011 ], [ 73.1878259, 31.6008388 ], [ 73.187759, 31.6007741 ], [ 73.1879626, 31.6006198 ], [ 73.1879578, 31.6006196 ], [ 73.1888758, 31.5999221 ], [ 73.1888765, 31.599888 ], [ 73.1889199, 31.5998886 ], [ 73.1892019, 31.5996743 ], [ 73.1892487, 31.5997195 ], [ 73.1892499, 31.5997186 ], [ 73.1901696, 31.6005987 ], [ 73.1901697, 31.6005921 ], [ 73.1904468, 31.6008592 ] ], [ [ 73.1891479, 31.6008556 ], [ 73.1891455, 31.6008575 ], [ 73.1891596, 31.6008577 ], [ 73.1889251, 31.6006333 ], [ 73.188604, 31.6006288 ], [ 73.1885997, 31.6008497 ], [ 73.1891001, 31.6008569 ], [ 73.1891275, 31.600836 ], [ 73.1891479, 31.6008556 ] ] ] } },
{ "type": "Feature", "properties": { "lead_id": "pakistan-potential-0012", "cell": "0069_0014", "roof_area_m2": 33258.7902, "kwh_per_kwp_yr": 1735.0553417555905, "est_kwp": 5986.58, "est_gwh_yr": 10.387, "fixme": "Large roof (33259 m2), no detected PV nearby, modelled 1735 kWh/kWp/yr -- a rooftop SITING OPPORTUNITY, not a detection of existing PV; check imagery to confirm the roof is real, accessible and unshaded before treating it as a genuine lead", "imagery_note": "osm=67.75112,25.15433 | bing=https://www.bing.com/maps?cp=25.15433~67.75112&lvl=19&style=a | google=https://www.google.com/maps/@25.15433,67.75112,200m/data=!3m1!1e3" }, "geometry": { "type": "Polygon", "coordinates": [ [ [ 67.7516914, 25.1533218 ], [ 67.75168810000001, 25.1533562 ], [ 67.7516923, 25.1533564 ], [ 67.7516863, 25.1534912 ], [ 67.7516753, 25.1534908 ], [ 67.7516325, 25.1539379 ], [ 67.7516208, 25.1541973 ], [ 67.7516077, 25.1541968 ], [ 67.7516002, 25.1542746 ], [ 67.7515835, 25.1542733 ], [ 67.7515783, 25.154389 ], [ 67.7515571, 25.1543882 ], [ 67.7515357, 25.154863 ], [ 67.7515179, 25.1548623 ], [ 67.751487200000014, 25.1553649 ], [ 67.7514794, 25.1553645 ], [ 67.7514789, 25.1553749 ], [ 67.7514441, 25.1553736 ], [ 67.7514187, 25.1557894 ], [ 67.7513512, 25.155786 ], [ 67.7513516, 25.1557646 ], [ 67.7507252, 25.1557314 ], [ 67.7507255, 25.1557263 ], [ 67.7504137, 25.1557098 ], [ 67.750414, 25.1557057 ], [ 67.7502114, 25.1556949 ], [ 67.7502211, 25.1555434 ], [ 67.7502479, 25.1555448 ], [ 67.7502611, 25.1553387 ], [ 67.7502554, 25.1553385 ], [ 67.7502657, 25.1550424 ], [ 67.7502801, 25.1550428 ], [ 67.7503183, 25.154445 ], [ 67.7503234, 25.1544453 ], [ 67.7503235, 25.1544413 ], [ 67.7506385, 25.1544504 ], [ 67.7506383, 25.1544563 ], [ 67.7506473, 25.1544567 ], [ 67.7506496, 25.1544347 ], [ 67.7506551, 25.154435 ], [ 67.7506723, 25.1540376 ], [ 67.7506872, 25.154038 ], [ 67.7506928, 25.1539069 ], [ 67.7507077, 25.1539074 ], [ 67.7507147, 25.1538339 ], [ 67.750722, 25.1536244 ], [ 67.7507305, 25.1536247 ], [ 67.7507442, 25.1533212 ], [ 67.7507637, 25.1533219 ], [ 67.7507817, 25.1531342 ], [ 67.7507905, 25.1529269 ], [ 67.750981, 25.1529336 ], [ 67.7509805, 25.1529454 ], [ 67.7511126, 25.1529559 ], [ 67.7513356, 25.1529678 ], [ 67.7514538, 25.152972 ], [ 67.7514535, 25.1529794 ], [ 67.7517109, 25.1529932 ], [ 67.7517097, 25.1530119 ], [ 67.7517273, 25.1530138 ], [ 67.7517272, 25.1530157 ], [ 67.7517317, 25.1530159 ], [ 67.7517235, 25.1531432 ], [ 67.7517123, 25.1531426 ], [ 67.7517124, 25.1533218 ], [ 67.7516914, 25.1533218 ] ] ] } },
{ "type": "Feature", "properties": { "lead_id": "pakistan-potential-0013", "cell": "0119_0071", "roof_area_m2": 34404.7101, "kwh_per_kwp_yr": 1670.5774319559187, "est_kwp": 6192.85, "est_gwh_yr": 10.3456, "fixme": "Large roof (34405 m2), no detected PV nearby, modelled 1671 kWh/kWp/yr -- a rooftop SITING OPPORTUNITY, not a detection of existing PV; check imagery to confirm the roof is real, accessible and unshaded before treating it as a genuine lead", "imagery_note": "osm=72.82212,30.84916 | bing=https://www.bing.com/maps?cp=30.84916~72.82212&lvl=19&style=a | google=https://www.google.com/maps/@30.84916,72.82212,200m/data=!3m1!1e3" }, "geometry": { "type": "Polygon", "coordinates": [ [ [ 72.8219237, 30.8497436 ], [ 72.8217086, 30.8496116 ], [ 72.8217085, 30.8496176 ], [ 72.8208361, 30.8490883 ], [ 72.8208567, 30.8490886 ], [ 72.8205531, 30.8489022 ], [ 72.8206888, 30.8487376 ], [ 72.820654, 30.8487163 ], [ 72.8206574, 30.8487122 ], [ 72.8205781, 30.8486645 ], [ 72.8204363, 30.8488402 ], [ 72.8204156, 30.8488278 ], [ 72.8207056, 30.8484685 ], [ 72.8207033, 30.8484671 ], [ 72.8208741, 30.8482598 ], [ 72.821179500000014, 30.8478814 ], [ 72.8211837, 30.8478839 ], [ 72.8211867, 30.8478803 ], [ 72.8213671, 30.8479909 ], [ 72.8213679, 30.8479899 ], [ 72.8224454, 30.8486513 ], [ 72.8228567, 30.8489013 ], [ 72.823412, 30.8492352 ], [ 72.8234092, 30.8492386 ], [ 72.8234122, 30.8492404 ], [ 72.8231914, 30.8495128 ], [ 72.8232372, 30.8495404 ], [ 72.8230001, 30.8498329 ], [ 72.8229874, 30.8503929 ], [ 72.8226873, 30.8502093 ], [ 72.8229001, 30.8499505 ], [ 72.8228619, 30.8499271 ], [ 72.822649100000021, 30.8501859 ], [ 72.822362, 30.8500101 ], [ 72.8223606, 30.8500118 ], [ 72.8219677, 30.8497706 ], [ 72.8219667, 30.8497719 ], [ 72.8219224, 30.8497452 ], [ 72.8219237, 30.8497436 ] ] ] } },
{ "type": "Feature", "properties": { "lead_id": "pakistan-potential-0014", "cell": "0129_0081", "roof_area_m2": 35968.5857, "kwh_per_kwp_yr": 1596.3220051608555, "est_kwp": 6474.35, "est_gwh_yr": 10.3351, "fixme": "Large roof (35969 m2), no detected PV nearby, modelled 1596 kWh/kWp/yr -- a rooftop SITING OPPORTUNITY, not a detection of existing PV; check imagery to confirm the roof is real, accessible and unshaded before treating it as a genuine lead", "imagery_note": "osm=73.83393,31.89033 | bing=https://www.bing.com/maps?cp=31.89033~73.83393&lvl=19&style=a | google=https://www.google.com/maps/@31.89033,73.83393,200m/data=!3m1!1e3" }, "geometry": { "type": "Polygon", "coordinates": [ [ [ 73.8331544, 31.8908789 ], [ 73.8331847, 31.8908785 ], [ 73.8332226, 31.8908731 ], [ 73.8332228, 31.8908605 ], [ 73.8333059, 31.8908613 ], [ 73.8334126, 31.8908462 ], [ 73.8334128, 31.8908289 ], [ 73.8335193, 31.8908299 ], [ 73.8336291, 31.8908149 ], [ 73.8336294, 31.8907941 ], [ 73.8337712, 31.8907955 ], [ 73.8338706, 31.8907814 ], [ 73.8338708, 31.8907681 ], [ 73.8339587, 31.890769 ], [ 73.8340426, 31.8907571 ], [ 73.8340429, 31.890739 ], [ 73.8341624, 31.8907401 ], [ 73.8342864, 31.8907226 ], [ 73.834257, 31.8905664 ], [ 73.8342523, 31.8905663 ], [ 73.834252600000013, 31.8905428 ], [ 73.834241, 31.8904813 ], [ 73.8341736, 31.8904907 ], [ 73.8341734, 31.890502 ], [ 73.8340983, 31.8905012 ], [ 73.8340172, 31.8905125 ], [ 73.834017100000011, 31.890523 ], [ 73.8339415, 31.8905223 ], [ 73.8339417, 31.8905037 ], [ 73.8339369, 31.890478 ], [ 73.8338565, 31.8904772 ], [ 73.833788, 31.8904866 ], [ 73.8337878, 31.8904982 ], [ 73.8337091, 31.8904974 ], [ 73.8336051, 31.8905116 ], [ 73.833605, 31.890519 ], [ 73.8335551, 31.8905185 ], [ 73.8334431, 31.8905326 ], [ 73.833443, 31.890544 ], [ 73.8333675, 31.8905433 ], [ 73.8332465, 31.8905604 ], [ 73.8332457, 31.8905565 ], [ 73.8332269, 31.8905563 ], [ 73.8332281, 31.8904656 ], [ 73.8332127, 31.8903863 ], [ 73.8332292, 31.890384 ], [ 73.8332293, 31.8903738 ], [ 73.83329, 31.8903744 ], [ 73.8332903, 31.8903523 ], [ 73.8334424, 31.8903538 ], [ 73.8334609, 31.8903512 ], [ 73.8334612, 31.8903307 ], [ 73.8335256, 31.8903313 ], [ 73.8335873, 31.8903229 ], [ 73.8335874, 31.8903147 ], [ 73.833643, 31.8903152 ], [ 73.8337127, 31.8903057 ], [ 73.8337129, 31.8902932 ], [ 73.8337977, 31.8902941 ], [ 73.8338954, 31.8902807 ], [ 73.8338957, 31.8902591 ], [ 73.8338895, 31.890226 ], [ 73.8338962, 31.8902251 ], [ 73.8338963, 31.8902213 ], [ 73.833921900000021, 31.890221600000011 ], [ 73.8340046, 31.8902102 ], [ 73.8340047, 31.8902025 ], [ 73.8340574, 31.890203 ], [ 73.8341833, 31.8901858 ], [ 73.8341834, 31.8901748 ], [ 73.8341702, 31.8901047 ], [ 73.8341623, 31.8901046 ], [ 73.8341628, 31.8900655 ], [ 73.8341433, 31.889968 ], [ 73.8341366, 31.8899679 ], [ 73.834137, 31.8899387 ], [ 73.8340881, 31.8899454 ], [ 73.834088, 31.8899551 ], [ 73.8340223, 31.8899544 ], [ 73.8339594, 31.8899631 ], [ 73.8339593, 31.889971 ], [ 73.8339055, 31.8899705 ], [ 73.8338365, 31.88998 ], [ 73.8338363, 31.889994 ], [ 73.8337413, 31.889993 ], [ 73.83364, 31.8900069 ], [ 73.8336399, 31.8900208 ], [ 73.8335458, 31.8900199 ], [ 73.8334258, 31.8900363 ], [ 73.8334256, 31.8900508 ], [ 73.8332566, 31.8900492 ], [ 73.83325760000001, 31.8900549 ], [ 73.8331984, 31.8900629 ], [ 73.8331983, 31.8900714 ], [ 73.8331395, 31.8900708 ], [ 73.8330641, 31.890081 ], [ 73.833064, 31.8900868 ], [ 73.8330239, 31.8900864 ], [ 73.8329894, 31.890091 ], [ 73.8329885, 31.890086 ], [ 73.8329736, 31.8900859 ], [ 73.8329742, 31.8900408 ], [ 73.832952, 31.8900406 ], [ 73.8329531, 31.8899531 ], [ 73.8329463, 31.8899531 ], [ 73.8329473, 31.8898792 ], [ 73.832932, 31.8897982 ], [ 73.8329484, 31.8897959 ], [ 73.8329486, 31.8897803 ], [ 73.8329553, 31.8897804 ], [ 73.8329554, 31.8897768 ], [ 73.8330793, 31.8897779 ], [ 73.8331961, 31.8897619 ], [ 73.8331962, 31.8897517 ], [ 73.8332653, 31.8897524 ], [ 73.8333631, 31.889739 ], [ 73.833363300000016, 31.8897224 ], [ 73.833476, 31.8897235 ], [ 73.8335749, 31.8897099 ], [ 73.833575, 31.8897002 ], [ 73.8336404, 31.8897009 ], [ 73.833701, 31.8896926 ], [ 73.8337011, 31.8896843 ], [ 73.8337571, 31.8896848 ], [ 73.8338264, 31.8896753 ], [ 73.8338266, 31.8896634 ], [ 73.8339074, 31.8896642 ], [ 73.8339987, 31.8896517 ], [ 73.8339988, 31.8896446 ], [ 73.8340466, 31.8896451 ], [ 73.8340709, 31.8896417 ], [ 73.8340717, 31.8895883 ], [ 73.8340599, 31.8895259 ], [ 73.8340476, 31.8895257 ], [ 73.8340485, 31.8894653 ], [ 73.8340405, 31.8894229 ], [ 73.833852, 31.8894217 ], [ 73.8337351, 31.8894378 ], [ 73.8337349, 31.8894542 ], [ 73.833623300000014, 31.8894531 ], [ 73.8335231, 31.8894663 ], [ 73.8335229, 31.8894844 ], [ 73.8334002, 31.8894832 ], [ 73.8332884, 31.8894985 ], [ 73.8332882, 31.8895118 ], [ 73.8331982, 31.8895109 ], [ 73.8330715, 31.8895283 ], [ 73.8330714, 31.8895373 ], [ 73.8330104, 31.8895367 ], [ 73.8328859, 31.8895538 ], [ 73.8328824, 31.8895355 ], [ 73.8328753, 31.8895354 ], [ 73.8328758, 31.8895001 ], [ 73.8328598, 31.8894155 ], [ 73.8328448, 31.8894154 ], [ 73.8328458, 31.8893415 ], [ 73.8328286, 31.8892502 ], [ 73.8328793, 31.8892432 ], [ 73.8328794, 31.8892349 ], [ 73.832936, 31.8892354 ], [ 73.8330339, 31.889222 ], [ 73.833034, 31.8892133 ], [ 73.8330929, 31.8892139 ], [ 73.8332058, 31.8891984 ], [ 73.833206, 31.8891849 ], [ 73.8332973, 31.8891858 ], [ 73.8334732, 31.8891614 ], [ 73.8334734, 31.8891475 ], [ 73.8335678, 31.8891484 ], [ 73.8351902, 31.8889256 ], [ 73.8352351, 31.8891639 ], [ 73.8352479, 31.8891641 ], [ 73.8352467, 31.8892567 ], [ 73.8352455, 31.8892567 ], [ 73.8352448, 31.8893066 ], [ 73.8347251, 31.8893018 ], [ 73.8345496, 31.8893259 ], [ 73.8345494, 31.8893391 ], [ 73.8344606, 31.8893381 ], [ 73.8344128, 31.8893447 ], [ 73.8344126, 31.8893577 ], [ 73.8343245, 31.8893568 ], [ 73.8342906, 31.8893615 ], [ 73.8342904, 31.8893733 ], [ 73.8342102, 31.8893725 ], [ 73.8341706, 31.889378 ], [ 73.83417, 31.8894241 ], [ 73.8341439, 31.8894239 ], [ 73.8341436, 31.8894436 ], [ 73.8341581, 31.8895204 ], [ 73.8341702, 31.8895205 ], [ 73.8341693, 31.8895798 ], [ 73.834175, 31.8896098 ], [ 73.834295200000014, 31.889611 ], [ 73.8344169, 31.8895942 ], [ 73.8344171, 31.8895817 ], [ 73.8345017, 31.8895826 ], [ 73.8352953, 31.8894747 ], [ 73.8353511, 31.8897714 ], [ 73.8345421, 31.889883 ], [ 73.8345418, 31.8899025 ], [ 73.8344102, 31.8899012 ], [ 73.8342831, 31.8899187 ], [ 73.8342829, 31.8899307 ], [ 73.8342376, 31.8899303 ], [ 73.8342374, 31.8899408 ], [ 73.834248200000019, 31.889998 ], [ 73.83426, 31.8899981 ], [ 73.834259, 31.8900716 ], [ 73.834261, 31.8900819 ], [ 73.8343327, 31.8900826 ], [ 73.8344182, 31.8900709 ], [ 73.8344206, 31.8900835 ], [ 73.8344326, 31.8900836 ], [ 73.8344318, 31.8901429 ], [ 73.8344334, 31.8901515 ], [ 73.8344317, 31.8901517 ], [ 73.8344316, 31.8901564 ], [ 73.8343999, 31.8901561 ], [ 73.8342797, 31.8901726 ], [ 73.8342795, 31.8901893 ], [ 73.8342879, 31.8902342 ], [ 73.8342897, 31.890234 ], [ 73.8342972, 31.8902728 ], [ 73.8343053, 31.8902729 ], [ 73.8343048, 31.8903117 ], [ 73.8343328, 31.8904556 ], [ 73.8344113, 31.8904564 ], [ 73.8344888, 31.890446 ], [ 73.8344909, 31.8904572 ], [ 73.8345102, 31.8904574 ], [ 73.8345087, 31.8905689 ], [ 73.8344273, 31.8905681 ], [ 73.8343737, 31.8905755 ], [ 73.8343726, 31.8906605 ], [ 73.8343811, 31.8907042 ], [ 73.834414, 31.8907046 ], [ 73.8345003, 31.8906924 ], [ 73.8345009, 31.8906956 ], [ 73.834507, 31.8906947 ], [ 73.8345072, 31.8906804 ], [ 73.8345313, 31.8906806 ], [ 73.8345312, 31.8906914 ], [ 73.8354975, 31.8905568 ], [ 73.8355001, 31.8905627 ], [ 73.8355552, 31.8908577 ], [ 73.8345271, 31.8909984 ], [ 73.834527, 31.8910045 ], [ 73.8344856, 31.8910041 ], [ 73.8344424, 31.89101 ], [ 73.834442300000021, 31.8910193 ], [ 73.83444870000001, 31.8910525 ], [ 73.8344634, 31.8910526 ], [ 73.8344625, 31.8911233 ], [ 73.8344882, 31.8912558 ], [ 73.8356013, 31.8911007 ], [ 73.8356018, 31.8911035 ], [ 73.8356042, 31.8911031 ], [ 73.8356112, 31.8911459 ], [ 73.8356099, 31.8911461 ], [ 73.835657900000015, 31.8913967 ], [ 73.835583, 31.8914071 ], [ 73.835581, 31.8915641 ], [ 73.8345264, 31.8915544 ], [ 73.8332983, 31.8917255 ], [ 73.8332974, 31.891721 ], [ 73.8332959, 31.8917212 ], [ 73.8332415, 31.8914288 ], [ 73.8334707, 31.8913971 ], [ 73.8334708, 31.891385 ], [ 73.833551, 31.8913857 ], [ 73.8343937, 31.8912666 ], [ 73.8343768, 31.8911786 ], [ 73.8343723, 31.8911792 ], [ 73.8343711, 31.8911727 ], [ 73.8343594, 31.8911726 ], [ 73.8343602, 31.8911149 ], [ 73.8343458, 31.8910383 ], [ 73.8342435, 31.8910372 ], [ 73.8341483, 31.8910503 ], [ 73.8341481, 31.8910605 ], [ 73.8340789, 31.8910598 ], [ 73.8340268, 31.8910671 ], [ 73.8340267, 31.8910777 ], [ 73.8339555, 31.891077 ], [ 73.8338863, 31.8910866 ], [ 73.8338862, 31.8910978 ], [ 73.8338114, 31.8910971 ], [ 73.8337139, 31.8911106 ], [ 73.8337137, 31.8911248 ], [ 73.833618900000019, 31.8911239 ], [ 73.8335044, 31.8911398 ], [ 73.8335042, 31.8911386 ], [ 73.833491100000018, 31.8911404 ], [ 73.833491, 31.8911494 ], [ 73.8334317, 31.8911488 ], [ 73.8333796, 31.8911562 ], [ 73.8333795, 31.891163 ], [ 73.8333345, 31.8911626 ], [ 73.8331928, 31.8911826 ], [ 73.8331912, 31.8911744 ], [ 73.8331723, 31.891175 ], [ 73.8331661, 31.8910449 ], [ 73.8331631, 31.8910293 ], [ 73.8331525, 31.8910292 ], [ 73.8331527, 31.8910152 ], [ 73.8331478, 31.8910152 ], [ 73.8331486, 31.8909551 ], [ 73.8331351, 31.8908855 ], [ 73.8331496, 31.8908835 ], [ 73.8331496, 31.8908814 ], [ 73.8331544, 31.8908815 ], [ 73.8331544, 31.8908789 ] ] ] } },
{ "type": "Feature", "properties": { "lead_id": "pakistan-potential-0015", "cell": "0065_0011", "roof_area_m2": 31686.9653, "kwh_per_kwp_yr": 1732.4183226239832, "est_kwp": 5703.65, "est_gwh_yr": 9.8811, "fixme": "Large roof (31687 m2), no detected PV nearby, modelled 1732 kWh/kWp/yr -- a rooftop SITING OPPORTUNITY, not a detection of existing PV; check imagery to confirm the roof is real, accessible and unshaded before treating it as a genuine lead", "imagery_note": "osm=67.34158,24.80904 | bing=https://www.bing.com/maps?cp=24.80904~67.34158&lvl=19&style=a | google=https://www.google.com/maps/@24.80904,67.34158,200m/data=!3m1!1e3" }, "geometry": { "type": "Polygon", "coordinates": [ [ [ 67.3429825, 24.8087028 ], [ 67.342936, 24.8087413 ], [ 67.3428107, 24.8086153 ], [ 67.3424514, 24.808913 ], [ 67.342312, 24.8087728 ], [ 67.3423524, 24.8087392 ], [ 67.3423508, 24.8087376 ], [ 67.3422207, 24.8088451 ], [ 67.3421961, 24.8088203 ], [ 67.3418852, 24.809077 ], [ 67.3419252, 24.8091198 ], [ 67.3419187, 24.8091249 ], [ 67.3419222, 24.8091285 ], [ 67.341853400000019, 24.8091853 ], [ 67.3418829, 24.8092167 ], [ 67.3417164, 24.8093466 ], [ 67.3417893, 24.8094244 ], [ 67.3417733, 24.8094369 ], [ 67.3418847, 24.8095559 ], [ 67.3417651, 24.8096492 ], [ 67.3418129, 24.8097004 ], [ 67.3416832, 24.8098015 ], [ 67.3417299, 24.8098514 ], [ 67.3416484, 24.809915 ], [ 67.3416712, 24.8099394 ], [ 67.3417188, 24.8099024 ], [ 67.3418139, 24.810004 ], [ 67.3414965, 24.8102516 ], [ 67.3414963, 24.810261 ], [ 67.3413644, 24.8103643 ], [ 67.3412795, 24.8104383 ], [ 67.3412694, 24.8104287 ], [ 67.341268, 24.8104298 ], [ 67.3412453, 24.8104056 ], [ 67.3409104, 24.8100855 ], [ 67.340946, 24.8100859 ], [ 67.3405236, 24.8096347 ], [ 67.3405317, 24.8096284 ], [ 67.3405229, 24.8096185 ], [ 67.3405351, 24.8096085 ], [ 67.3405262, 24.8095989 ], [ 67.340965, 24.8092567 ], [ 67.3412755, 24.8090026 ], [ 67.3412773, 24.8090044 ], [ 67.342313100000013, 24.8081492 ], [ 67.3423175, 24.8081536 ], [ 67.3427112, 24.8078244 ], [ 67.342713, 24.8078262 ], [ 67.3428319, 24.8077277 ], [ 67.3431531, 24.8080506 ], [ 67.343134, 24.8080665 ], [ 67.3431457, 24.8080784 ], [ 67.3433643, 24.8078887 ], [ 67.3433688, 24.8078929 ], [ 67.3436027, 24.8076985 ], [ 67.3436368, 24.8077327 ], [ 67.3436091, 24.8077557 ], [ 67.3440118, 24.8081593 ], [ 67.3442323, 24.8079672 ], [ 67.3442287, 24.8079639 ], [ 67.3443466, 24.8078588 ], [ 67.3443515, 24.8078634 ], [ 67.3443538, 24.8078614 ], [ 67.3443793, 24.8078858 ], [ 67.3444097, 24.8078597 ], [ 67.3444406, 24.8078893 ], [ 67.3440018, 24.8082714 ], [ 67.3440117, 24.8082814 ], [ 67.3437364, 24.8085107 ], [ 67.3436753, 24.8084523 ], [ 67.3436767, 24.808451 ], [ 67.3436749, 24.8084492 ], [ 67.3437636, 24.8083753 ], [ 67.3438964, 24.8082597 ], [ 67.3438281, 24.8081922 ], [ 67.3435175, 24.8084503 ], [ 67.3433305, 24.8086132 ], [ 67.3433264, 24.8086092 ], [ 67.3433234, 24.8086117 ], [ 67.3432086, 24.8084966 ], [ 67.3431961, 24.8085069 ], [ 67.3432316, 24.8085475 ], [ 67.34337, 24.8086866 ], [ 67.3433253, 24.8087237 ], [ 67.3433237, 24.8087735 ], [ 67.3431853, 24.8087699 ], [ 67.3431355, 24.8088112 ], [ 67.343092, 24.8087675 ], [ 67.3430752, 24.8087671 ], [ 67.3430757, 24.8087511 ], [ 67.3430461, 24.8087213 ], [ 67.3430666, 24.8087043 ], [ 67.3429825, 24.8087028 ] ], [ [ 67.3430775, 24.8086954 ], [ 67.3430794, 24.8086345 ], [ 67.3430781, 24.8086332 ], [ 67.3430775, 24.8086954 ] ] ] } },
{ "type": "Feature", "properties": { "lead_id": "pakistan-potential-0016", "cell": "0065_0010", "roof_area_m2": 31686.9653, "kwh_per_kwp_yr": 1732.4183226239832, "est_kwp": 5703.65, "est_gwh_yr": 9.8811, "fixme": "Large roof (31687 m2), no detected PV nearby, modelled 1732 kWh/kWp/yr -- a rooftop SITING OPPORTUNITY, not a detection of existing PV; check imagery to confirm the roof is real, accessible and unshaded before treating it as a genuine lead", "imagery_note": "osm=67.34158,24.80904 | bing=https://www.bing.com/maps?cp=24.80904~67.34158&lvl=19&style=a | google=https://www.google.com/maps/@24.80904,67.34158,200m/data=!3m1!1e3" }, "geometry": { "type": "Polygon", "coordinates": [ [ [ 67.3429825, 24.8087028 ], [ 67.342936, 24.8087413 ], [ 67.3428107, 24.8086153 ], [ 67.3424514, 24.808913 ], [ 67.342312, 24.8087728 ], [ 67.3423524, 24.8087392 ], [ 67.3423508, 24.8087376 ], [ 67.3422207, 24.8088451 ], [ 67.3421961, 24.8088203 ], [ 67.3418852, 24.809077 ], [ 67.3419252, 24.8091198 ], [ 67.3419187, 24.8091249 ], [ 67.3419222, 24.8091285 ], [ 67.341853400000019, 24.8091853 ], [ 67.3418829, 24.8092167 ], [ 67.3417164, 24.8093466 ], [ 67.3417893, 24.8094244 ], [ 67.3417733, 24.8094369 ], [ 67.3418847, 24.8095559 ], [ 67.3417651, 24.8096492 ], [ 67.3418129, 24.8097004 ], [ 67.3416832, 24.8098015 ], [ 67.3417299, 24.8098514 ], [ 67.3416484, 24.809915 ], [ 67.3416712, 24.8099394 ], [ 67.3417188, 24.8099024 ], [ 67.3418139, 24.810004 ], [ 67.3414965, 24.8102516 ], [ 67.3414963, 24.810261 ], [ 67.3413644, 24.8103643 ], [ 67.3412795, 24.8104383 ], [ 67.3412694, 24.8104287 ], [ 67.341268, 24.8104298 ], [ 67.3412453, 24.8104056 ], [ 67.3409104, 24.8100855 ], [ 67.340946, 24.8100859 ], [ 67.3405236, 24.8096347 ], [ 67.3405317, 24.8096284 ], [ 67.3405229, 24.8096185 ], [ 67.3405351, 24.8096085 ], [ 67.3405262, 24.8095989 ], [ 67.340965, 24.8092567 ], [ 67.3412755, 24.8090026 ], [ 67.3412773, 24.8090044 ], [ 67.342313100000013, 24.8081492 ], [ 67.3423175, 24.8081536 ], [ 67.3427112, 24.8078244 ], [ 67.342713, 24.8078262 ], [ 67.3428319, 24.8077277 ], [ 67.3431531, 24.8080506 ], [ 67.343134, 24.8080665 ], [ 67.3431457, 24.8080784 ], [ 67.3433643, 24.8078887 ], [ 67.3433688, 24.8078929 ], [ 67.3436027, 24.8076985 ], [ 67.3436368, 24.8077327 ], [ 67.3436091, 24.8077557 ], [ 67.3440118, 24.8081593 ], [ 67.3442323, 24.8079672 ], [ 67.3442287, 24.8079639 ], [ 67.3443466, 24.8078588 ], [ 67.3443515, 24.8078634 ], [ 67.3443538, 24.8078614 ], [ 67.3443793, 24.8078858 ], [ 67.3444097, 24.8078597 ], [ 67.3444406, 24.8078893 ], [ 67.3440018, 24.8082714 ], [ 67.3440117, 24.8082814 ], [ 67.3437364, 24.8085107 ], [ 67.3436753, 24.8084523 ], [ 67.3436767, 24.808451 ], [ 67.3436749, 24.8084492 ], [ 67.3437636, 24.8083753 ], [ 67.3438964, 24.8082597 ], [ 67.3438281, 24.8081922 ], [ 67.3435175, 24.8084503 ], [ 67.3433305, 24.8086132 ], [ 67.3433264, 24.8086092 ], [ 67.3433234, 24.8086117 ], [ 67.3432086, 24.8084966 ], [ 67.3431961, 24.8085069 ], [ 67.3432316, 24.8085475 ], [ 67.34337, 24.8086866 ], [ 67.3433253, 24.8087237 ], [ 67.3433237, 24.8087735 ], [ 67.3431853, 24.8087699 ], [ 67.3431355, 24.8088112 ], [ 67.343092, 24.8087675 ], [ 67.3430752, 24.8087671 ], [ 67.3430757, 24.8087511 ], [ 67.3430461, 24.8087213 ], [ 67.3430666, 24.8087043 ], [ 67.3429825, 24.8087028 ] ], [ [ 67.3430775, 24.8086954 ], [ 67.3430794, 24.8086345 ], [ 67.3430781, 24.8086332 ], [ 67.3430775, 24.8086954 ] ] ] } },
{ "type": "Feature", "properties": { "lead_id": "pakistan-potential-0017", "cell": "0064_0010", "roof_area_m2": 31686.9653, "kwh_per_kwp_yr": 1732.4183226239832, "est_kwp": 5703.65, "est_gwh_yr": 9.8811, "fixme": "Large roof (31687 m2), no detected PV nearby, modelled 1732 kWh/kWp/yr -- a rooftop SITING OPPORTUNITY, not a detection of existing PV; check imagery to confirm the roof is real, accessible and unshaded before treating it as a genuine lead", "imagery_note": "osm=67.34158,24.80904 | bing=https://www.bing.com/maps?cp=24.80904~67.34158&lvl=19&style=a | google=https://www.google.com/maps/@24.80904,67.34158,200m/data=!3m1!1e3" }, "geometry": { "type": "Polygon", "coordinates": [ [ [ 67.3429825, 24.8087028 ], [ 67.342936, 24.8087413 ], [ 67.3428107, 24.8086153 ], [ 67.3424514, 24.808913 ], [ 67.342312, 24.8087728 ], [ 67.3423524, 24.8087392 ], [ 67.3423508, 24.8087376 ], [ 67.3422207, 24.8088451 ], [ 67.3421961, 24.8088203 ], [ 67.3418852, 24.809077 ], [ 67.3419252, 24.8091198 ], [ 67.3419187, 24.8091249 ], [ 67.3419222, 24.8091285 ], [ 67.341853400000019, 24.8091853 ], [ 67.3418829, 24.8092167 ], [ 67.3417164, 24.8093466 ], [ 67.3417893, 24.8094244 ], [ 67.3417733, 24.8094369 ], [ 67.3418847, 24.8095559 ], [ 67.3417651, 24.8096492 ], [ 67.3418129, 24.8097004 ], [ 67.3416832, 24.8098015 ], [ 67.3417299, 24.8098514 ], [ 67.3416484, 24.809915 ], [ 67.3416712, 24.8099394 ], [ 67.3417188, 24.8099024 ], [ 67.3418139, 24.810004 ], [ 67.3414965, 24.8102516 ], [ 67.3414963, 24.810261 ], [ 67.3413644, 24.8103643 ], [ 67.3412795, 24.8104383 ], [ 67.3412694, 24.8104287 ], [ 67.341268, 24.8104298 ], [ 67.3412453, 24.8104056 ], [ 67.3409104, 24.8100855 ], [ 67.340946, 24.8100859 ], [ 67.3405236, 24.8096347 ], [ 67.3405317, 24.8096284 ], [ 67.3405229, 24.8096185 ], [ 67.3405351, 24.8096085 ], [ 67.3405262, 24.8095989 ], [ 67.340965, 24.8092567 ], [ 67.3412755, 24.8090026 ], [ 67.3412773, 24.8090044 ], [ 67.342313100000013, 24.8081492 ], [ 67.3423175, 24.8081536 ], [ 67.3427112, 24.8078244 ], [ 67.342713, 24.8078262 ], [ 67.3428319, 24.8077277 ], [ 67.3431531, 24.8080506 ], [ 67.343134, 24.8080665 ], [ 67.3431457, 24.8080784 ], [ 67.3433643, 24.8078887 ], [ 67.3433688, 24.8078929 ], [ 67.3436027, 24.8076985 ], [ 67.3436368, 24.8077327 ], [ 67.3436091, 24.8077557 ], [ 67.3440118, 24.8081593 ], [ 67.3442323, 24.8079672 ], [ 67.3442287, 24.8079639 ], [ 67.3443466, 24.8078588 ], [ 67.3443515, 24.8078634 ], [ 67.3443538, 24.8078614 ], [ 67.3443793, 24.8078858 ], [ 67.3444097, 24.8078597 ], [ 67.3444406, 24.8078893 ], [ 67.3440018, 24.8082714 ], [ 67.3440117, 24.8082814 ], [ 67.3437364, 24.8085107 ], [ 67.3436753, 24.8084523 ], [ 67.3436767, 24.808451 ], [ 67.3436749, 24.8084492 ], [ 67.3437636, 24.8083753 ], [ 67.3438964, 24.8082597 ], [ 67.3438281, 24.8081922 ], [ 67.3435175, 24.8084503 ], [ 67.3433305, 24.8086132 ], [ 67.3433264, 24.8086092 ], [ 67.3433234, 24.8086117 ], [ 67.3432086, 24.8084966 ], [ 67.3431961, 24.8085069 ], [ 67.3432316, 24.8085475 ], [ 67.34337, 24.8086866 ], [ 67.3433253, 24.8087237 ], [ 67.3433237, 24.8087735 ], [ 67.3431853, 24.8087699 ], [ 67.3431355, 24.8088112 ], [ 67.343092, 24.8087675 ], [ 67.3430752, 24.8087671 ], [ 67.3430757, 24.8087511 ], [ 67.3430461, 24.8087213 ], [ 67.3430666, 24.8087043 ], [ 67.3429825, 24.8087028 ] ], [ [ 67.3430775, 24.8086954 ], [ 67.3430794, 24.8086345 ], [ 67.3430781, 24.8086332 ], [ 67.3430775, 24.8086954 ] ] ] } },
{ "type": "Feature", "properties": { "lead_id": "pakistan-potential-0018", "cell": "0064_0011", "roof_area_m2": 31686.9653, "kwh_per_kwp_yr": 1732.4183226239832, "est_kwp": 5703.65, "est_gwh_yr": 9.8811, "fixme": "Large roof (31687 m2), no detected PV nearby, modelled 1732 kWh/kWp/yr -- a rooftop SITING OPPORTUNITY, not a detection of existing PV; check imagery to confirm the roof is real, accessible and unshaded before treating it as a genuine lead", "imagery_note": "osm=67.34158,24.80904 | bing=https://www.bing.com/maps?cp=24.80904~67.34158&lvl=19&style=a | google=https://www.google.com/maps/@24.80904,67.34158,200m/data=!3m1!1e3" }, "geometry": { "type": "Polygon", "coordinates": [ [ [ 67.3429825, 24.8087028 ], [ 67.342936, 24.8087413 ], [ 67.3428107, 24.8086153 ], [ 67.3424514, 24.808913 ], [ 67.342312, 24.8087728 ], [ 67.3423524, 24.8087392 ], [ 67.3423508, 24.8087376 ], [ 67.3422207, 24.8088451 ], [ 67.3421961, 24.8088203 ], [ 67.3418852, 24.809077 ], [ 67.3419252, 24.8091198 ], [ 67.3419187, 24.8091249 ], [ 67.3419222, 24.8091285 ], [ 67.341853400000019, 24.8091853 ], [ 67.3418829, 24.8092167 ], [ 67.3417164, 24.8093466 ], [ 67.3417893, 24.8094244 ], [ 67.3417733, 24.8094369 ], [ 67.3418847, 24.8095559 ], [ 67.3417651, 24.8096492 ], [ 67.3418129, 24.8097004 ], [ 67.3416832, 24.8098015 ], [ 67.3417299, 24.8098514 ], [ 67.3416484, 24.809915 ], [ 67.3416712, 24.8099394 ], [ 67.3417188, 24.8099024 ], [ 67.3418139, 24.810004 ], [ 67.3414965, 24.8102516 ], [ 67.3414963, 24.810261 ], [ 67.3413644, 24.8103643 ], [ 67.3412795, 24.8104383 ], [ 67.3412694, 24.8104287 ], [ 67.341268, 24.8104298 ], [ 67.3412453, 24.8104056 ], [ 67.3409104, 24.8100855 ], [ 67.340946, 24.8100859 ], [ 67.3405236, 24.8096347 ], [ 67.3405317, 24.8096284 ], [ 67.3405229, 24.8096185 ], [ 67.3405351, 24.8096085 ], [ 67.3405262, 24.8095989 ], [ 67.340965, 24.8092567 ], [ 67.3412755, 24.8090026 ], [ 67.3412773, 24.8090044 ], [ 67.342313100000013, 24.8081492 ], [ 67.3423175, 24.8081536 ], [ 67.3427112, 24.8078244 ], [ 67.342713, 24.8078262 ], [ 67.3428319, 24.8077277 ], [ 67.3431531, 24.8080506 ], [ 67.343134, 24.8080665 ], [ 67.3431457, 24.8080784 ], [ 67.3433643, 24.8078887 ], [ 67.3433688, 24.8078929 ], [ 67.3436027, 24.8076985 ], [ 67.3436368, 24.8077327 ], [ 67.3436091, 24.8077557 ], [ 67.3440118, 24.8081593 ], [ 67.3442323, 24.8079672 ], [ 67.3442287, 24.8079639 ], [ 67.3443466, 24.8078588 ], [ 67.3443515, 24.8078634 ], [ 67.3443538, 24.8078614 ], [ 67.3443793, 24.8078858 ], [ 67.3444097, 24.8078597 ], [ 67.3444406, 24.8078893 ], [ 67.3440018, 24.8082714 ], [ 67.3440117, 24.8082814 ], [ 67.3437364, 24.8085107 ], [ 67.3436753, 24.8084523 ], [ 67.3436767, 24.808451 ], [ 67.3436749, 24.8084492 ], [ 67.3437636, 24.8083753 ], [ 67.3438964, 24.8082597 ], [ 67.3438281, 24.8081922 ], [ 67.3435175, 24.8084503 ], [ 67.3433305, 24.8086132 ], [ 67.3433264, 24.8086092 ], [ 67.3433234, 24.8086117 ], [ 67.3432086, 24.8084966 ], [ 67.3431961, 24.8085069 ], [ 67.3432316, 24.8085475 ], [ 67.34337, 24.8086866 ], [ 67.3433253, 24.8087237 ], [ 67.3433237, 24.8087735 ], [ 67.3431853, 24.8087699 ], [ 67.3431355, 24.8088112 ], [ 67.343092, 24.8087675 ], [ 67.3430752, 24.8087671 ], [ 67.3430757, 24.8087511 ], [ 67.3430461, 24.8087213 ], [ 67.3430666, 24.8087043 ], [ 67.3429825, 24.8087028 ] ], [ [ 67.3430775, 24.8086954 ], [ 67.3430794, 24.8086345 ], [ 67.3430781, 24.8086332 ], [ 67.3430775, 24.8086954 ] ] ] } },
{ "type": "Feature", "properties": { "lead_id": "pakistan-potential-0019", "cell": "0124_0099", "roof_area_m2": 32760.463, "kwh_per_kwp_yr": 1660.6255945903017, "est_kwp": 5896.88, "est_gwh_yr": 9.7925, "fixme": "Large roof (32760 m2), no detected PV nearby, modelled 1661 kWh/kWp/yr -- a rooftop SITING OPPORTUNITY, not a detection of existing PV; check imagery to confirm the roof is real, accessible and unshaded before treating it as a genuine lead", "imagery_note": "osm=73.25846,33.65305 | bing=https://www.bing.com/maps?cp=33.65305~73.25846&lvl=19&style=a | google=https://www.google.com/maps/@33.65305,73.25846,200m/data=!3m1!1e3" }, "geometry": { "type": "Polygon", "coordinates": [ [ [ 73.2585199, 33.6523186 ], [ 73.2585194, 33.6523242 ], [ 73.2587776, 33.652345 ], [ 73.2592073, 33.6523731 ], [ 73.259206800000015, 33.652378 ], [ 73.2592437, 33.6523801 ], [ 73.2592416, 33.6524056 ], [ 73.259726, 33.6524335 ], [ 73.2597257, 33.6524373 ], [ 73.2600174, 33.6524564 ], [ 73.2602076, 33.65246710000001 ], [ 73.2602075, 33.6524688 ], [ 73.2602778, 33.6524734 ], [ 73.2602771, 33.6524812 ], [ 73.2603643, 33.6524861 ], [ 73.2603413, 33.6527724 ], [ 73.2603217, 33.6527713 ], [ 73.2603069, 33.6529553 ], [ 73.2603199, 33.6529564 ], [ 73.2602798, 33.6532917 ], [ 73.2602448, 33.6537254 ], [ 73.2602279, 33.6537245 ], [ 73.2602119, 33.6538585 ], [ 73.2597594, 33.6538206 ], [ 73.2592929, 33.6537943 ], [ 73.2592939, 33.6537816 ], [ 73.2590636, 33.6537623 ], [ 73.258743, 33.6537443 ], [ 73.2587437, 33.6537355 ], [ 73.2583804, 33.6537051 ], [ 73.2579852, 33.65368 ], [ 73.2579853, 33.65367890000001 ], [ 73.2574533, 33.6536437 ], [ 73.2574532, 33.6536338 ], [ 73.2574424, 33.6536324 ], [ 73.2574669, 33.6534105 ], [ 73.2574289, 33.653408 ], [ 73.2574368, 33.6533241 ], [ 73.2574333, 33.6533238 ], [ 73.2574409, 33.6532544 ], [ 73.2574434, 33.6532546 ], [ 73.257469, 33.6529842 ], [ 73.2574723, 33.6529844 ], [ 73.2574881, 33.6527987 ], [ 73.2575243, 33.6528008 ], [ 73.2575219, 33.6528287 ], [ 73.2575305, 33.6528292 ], [ 73.2575836, 33.6522675 ], [ 73.257554, 33.6522659 ], [ 73.2575561, 33.6522385 ], [ 73.2575722, 33.6522394 ], [ 73.2575724, 33.6522367 ], [ 73.2577697, 33.6522484 ], [ 73.2577695, 33.6522578 ], [ 73.258268, 33.6522908 ], [ 73.2582668, 33.6523038 ], [ 73.2585199, 33.6523186 ] ], [ [ 73.2586476, 33.6533979 ], [ 73.2586459, 33.6534159 ], [ 73.2587166, 33.6534199 ], [ 73.2587164, 33.6534229 ], [ 73.2587268, 33.6534237 ], [ 73.2590839, 33.6534473 ], [ 73.2590836, 33.6534503 ], [ 73.2591008, 33.6534513 ], [ 73.2591, 33.6534613 ], [ 73.2593468, 33.6534819 ], [ 73.2594545, 33.653488 ], [ 73.2594543, 33.6534909 ], [ 73.25985660000002, 33.6535247 ], [ 73.259914, 33.6535279 ], [ 73.2599165, 33.6534973 ], [ 73.2597372, 33.6534872 ], [ 73.259743, 33.6534155 ], [ 73.2597124, 33.653413 ], [ 73.2597146, 33.6533949 ], [ 73.2596755, 33.6533927 ], [ 73.2596793, 33.6533449 ], [ 73.2597188, 33.6533471 ], [ 73.2597196, 33.6533373 ], [ 73.2597625, 33.6533397 ], [ 73.259759, 33.6533833 ], [ 73.2599407, 33.6533936 ], [ 73.2599394, 33.6534093 ], [ 73.2600079, 33.6534138 ], [ 73.2600292, 33.6532368 ], [ 73.2599619, 33.653233 ], [ 73.2599596, 33.653261 ], [ 73.2599537, 33.6532607 ], [ 73.2599535, 33.6532623 ], [ 73.2598825, 33.6532566 ], [ 73.2598791, 33.653285 ], [ 73.2598575, 33.6532832 ], [ 73.2598572, 33.6532864 ], [ 73.2597428, 33.6532799 ], [ 73.25974530000002, 33.6532489 ], [ 73.2596857, 33.6532455 ], [ 73.2596862, 33.6532399 ], [ 73.2596044, 33.6532331 ], [ 73.2596136, 33.6531561 ], [ 73.2595898, 33.6531541 ], [ 73.2595915, 33.65314 ], [ 73.25964, 33.6531441 ], [ 73.2596443, 33.6531083 ], [ 73.259698, 33.6531128 ], [ 73.2597035, 33.6530443 ], [ 73.2597179, 33.6530451 ], [ 73.2597195, 33.6530319 ], [ 73.259863, 33.6530439 ], [ 73.2598631, 33.65304290000001 ], [ 73.2599815, 33.6530496 ], [ 73.2599802, 33.6530663 ], [ 73.2600471, 33.65307 ], [ 73.2600707, 33.6527771 ], [ 73.2599749, 33.6527718 ], [ 73.2599765, 33.6527518 ], [ 73.259579300000013, 33.6527295 ], [ 73.2595804, 33.6527148 ], [ 73.2587401, 33.6526674 ], [ 73.2587196, 33.6529225 ], [ 73.2590903, 33.652947 ], [ 73.2590901, 33.652949 ], [ 73.2593791, 33.6529653 ], [ 73.2593989, 33.6527193 ], [ 73.2594527, 33.6527223 ], [ 73.2594418, 33.6528577 ], [ 73.259471, 33.6528594 ], [ 73.2594319, 33.6533452 ], [ 73.2594027, 33.6533435 ], [ 73.2594011, 33.6533632 ], [ 73.2593472, 33.6533601 ], [ 73.2593623, 33.6531732 ], [ 73.2587024, 33.653136 ], [ 73.2586863, 33.6533353 ], [ 73.2586765, 33.6533348 ], [ 73.2586705, 33.6533981 ], [ 73.2586563, 33.6533972 ], [ 73.2586562, 33.6533986 ], [ 73.2586476, 33.6533979 ] ] ] } },
{ "type": "Feature", "properties": { "lead_id": "pakistan-potential-0020", "cell": "0132_0075", "roof_area_m2": 33087.0677, "kwh_per_kwp_yr": 1627.0771004192568, "est_kwp": 5955.67, "est_gwh_yr": 9.6903, "fixme": "Large roof (33087 m2), no detected PV nearby, modelled 1627 kWh/kWp/yr -- a rooftop SITING OPPORTUNITY, not a detection of existing PV; check imagery to confirm the roof is real, accessible and unshaded before treating it as a genuine lead", "imagery_note": "osm=74.08656,31.26420 | bing=https://www.bing.com/maps?cp=31.26420~74.08656&lvl=19&style=a | google=https://www.google.com/maps/@31.26420,74.08656,200m/data=!3m1!1e3" }, "geometry": { "type": "Polygon", "coordinates": [ [ [ 74.0872076, 31.264721 ], [ 74.0872258, 31.2651154 ], [ 74.0871434, 31.2651182 ], [ 74.0871432, 31.2651443 ], [ 74.0866048, 31.2651405 ], [ 74.0860497, 31.2651732 ], [ 74.0860468, 31.2651365 ], [ 74.086030100000016, 31.2651364 ], [ 74.086032, 31.2649347 ], [ 74.0860306, 31.2649348 ], [ 74.085997, 31.2645134 ], [ 74.0859742, 31.2645132 ], [ 74.0859767, 31.2642597 ], [ 74.0859666, 31.2641325 ], [ 74.085978, 31.2641318 ], [ 74.0859784, 31.2640944 ], [ 74.0865153, 31.264098300000011 ], [ 74.0866121, 31.2640926 ], [ 74.0859428, 31.2640279 ], [ 74.0858796, 31.2640274 ], [ 74.0858804, 31.2640359 ], [ 74.0858514, 31.2640378 ], [ 74.0858509, 31.264092 ], [ 74.0851025, 31.2640867 ], [ 74.0842896, 31.2641398 ], [ 74.0842844, 31.2640809 ], [ 74.0842816, 31.2640809 ], [ 74.0842819, 31.2640524 ], [ 74.0842728, 31.26395010000001 ], [ 74.0842545, 31.26395 ], [ 74.0842563, 31.2637633 ], [ 74.0842189, 31.263341 ], [ 74.0850368, 31.2632876 ], [ 74.0850446, 31.2633761 ], [ 74.0854025, 31.2634107 ], [ 74.0858226, 31.2633833 ], [ 74.0858287, 31.263452 ], [ 74.0871146, 31.2635768 ], [ 74.08709420000001, 31.2637773 ], [ 74.0871133, 31.2637791 ], [ 74.0871032, 31.2638562 ], [ 74.0871019, 31.2639871 ], [ 74.087092200000015, 31.263987 ], [ 74.0870917, 31.264036 ], [ 74.0870796, 31.2640359 ], [ 74.087076, 31.2640637 ], [ 74.0871314, 31.2640601 ], [ 74.0871352, 31.2641028 ], [ 74.0871503, 31.2641029 ], [ 74.0871488, 31.264255 ], [ 74.0871692, 31.2644829 ], [ 74.0871556, 31.2644838 ], [ 74.0871682, 31.2646414 ], [ 74.0871255, 31.2646439 ], [ 74.0871319, 31.2647235 ], [ 74.0872076, 31.264721 ] ] ] } },
{ "type": "Feature", "properties": { "lead_id": "pakistan-potential-0021", "cell": "0098_0062", "roof_area_m2": 31232.3134, "kwh_per_kwp_yr": 1712.0543713066977, "est_kwp": 5621.82, "est_gwh_yr": 9.6249, "fixme": "Large roof (31232 m2), no detected PV nearby, modelled 1712 kWh/kWp/yr -- a rooftop SITING OPPORTUNITY, not a detection of existing PV; check imagery to confirm the roof is real, accessible and unshaded before treating it as a genuine lead", "imagery_note": "osm=70.66445,29.98678 | bing=https://www.bing.com/maps?cp=29.98678~70.66445&lvl=19&style=a | google=https://www.google.com/maps/@29.98678,70.66445,200m/data=!3m1!1e3" }, "geometry": { "type": "Polygon", "coordinates": [ [ [ 70.6637566, 29.9870129 ], [ 70.6635054, 29.9870155 ], [ 70.6635062, 29.9870683 ], [ 70.6638318, 29.9870649 ], [ 70.6638318, 29.9870668 ], [ 70.663834, 29.9870668 ], [ 70.6638395, 29.9874976 ], [ 70.6638452, 29.9874975 ], [ 70.6638458, 29.9875343 ], [ 70.66384, 29.9875344 ], [ 70.66384, 29.9875365 ], [ 70.6635137, 29.9875397 ], [ 70.6635138, 29.9875446 ], [ 70.6633393, 29.9875467 ], [ 70.6633392, 29.9875408 ], [ 70.6632922, 29.9875414 ], [ 70.6632917, 29.9875116 ], [ 70.6632464, 29.9875121 ], [ 70.6632463, 29.9875035 ], [ 70.6632154, 29.9875039 ], [ 70.6632154, 29.9875025 ], [ 70.6632104, 29.9875025 ], [ 70.6632077, 29.9872897 ], [ 70.6631513, 29.9872903 ], [ 70.66315, 29.9871861 ], [ 70.6630112, 29.9871877 ], [ 70.6630096, 29.9871867 ], [ 70.6630096, 29.9871831 ], [ 70.6630083, 29.9871831 ], [ 70.6630075, 29.9871249 ], [ 70.662926, 29.9871256 ], [ 70.6629253, 29.9870744 ], [ 70.6628367, 29.9870753 ], [ 70.6628367, 29.9870727 ], [ 70.6628321, 29.9870727 ], [ 70.6628321, 29.9870705 ], [ 70.6628128, 29.9870707 ], [ 70.6628123, 29.9870382 ], [ 70.6628312, 29.987038 ], [ 70.6628248, 29.9866127 ], [ 70.6626708, 29.9866139 ], [ 70.6626691, 29.9865416 ], [ 70.6626254, 29.9865421 ], [ 70.6626226, 29.9863668 ], [ 70.6626238, 29.9863668 ], [ 70.6626207, 29.9861406 ], [ 70.662623, 29.9861406 ], [ 70.6637495, 29.9861288 ], [ 70.6637495, 29.9861252 ], [ 70.6643774, 29.9861223 ], [ 70.6647767, 29.9861181 ], [ 70.6647837, 29.9866276 ], [ 70.6650428, 29.986628 ], [ 70.6650428, 29.9866242 ], [ 70.6651217, 29.9866245 ], [ 70.6651217, 29.9866281 ], [ 70.665643200000019, 29.9866288 ], [ 70.665643200000019, 29.9866104 ], [ 70.6656645, 29.9866104 ], [ 70.6656647, 29.9864891 ], [ 70.6656876, 29.9864892 ], [ 70.6656877, 29.9864489 ], [ 70.6657571, 29.986449 ], [ 70.665757, 29.9865218 ], [ 70.6657962, 29.9865219 ], [ 70.66579590000002, 29.9866785 ], [ 70.6658858, 29.9866787 ], [ 70.6658863, 29.9864492 ], [ 70.6658644, 29.9864492 ], [ 70.6658646, 29.9863363 ], [ 70.6659216, 29.9863364 ], [ 70.6659205, 29.9861909 ], [ 70.6660663, 29.9861901 ], [ 70.6660725, 29.9870566 ], [ 70.666046, 29.9870567 ], [ 70.6660461, 29.9870739 ], [ 70.6660159, 29.987074 ], [ 70.6660158, 29.9870569 ], [ 70.6659836, 29.9870571 ], [ 70.6659824, 29.9868803 ], [ 70.6659704, 29.9868803 ], [ 70.6659701, 29.9870532 ], [ 70.6659328, 29.9870531 ], [ 70.6659327, 29.9870925 ], [ 70.665885, 29.9870925 ], [ 70.6658851, 29.9870531 ], [ 70.6658632, 29.987053 ], [ 70.6658631, 29.987136 ], [ 70.6657558, 29.9871358 ], [ 70.6657559, 29.9870777 ], [ 70.6656865, 29.9870776 ], [ 70.6656865, 29.9870922 ], [ 70.6656423, 29.9870921 ], [ 70.6656423, 29.9871357 ], [ 70.6655293, 29.9871355 ], [ 70.6655293, 29.9871195 ], [ 70.6655269, 29.9871195 ], [ 70.6655272, 29.9870056 ], [ 70.6655226, 29.9870056 ], [ 70.6655225, 29.9870526 ], [ 70.6654632, 29.9870525 ], [ 70.6654631, 29.9871354 ], [ 70.6647718, 29.9871344 ], [ 70.664772, 29.9870223 ], [ 70.6646301, 29.9870238 ], [ 70.6646299, 29.9870043 ], [ 70.6643164, 29.987007 ], [ 70.6643166, 29.9870236 ], [ 70.6643036, 29.9870238 ], [ 70.6643037, 29.9870272 ], [ 70.6639805, 29.9870306 ], [ 70.6639803, 29.9870109 ], [ 70.6639195, 29.9870112 ], [ 70.6639195, 29.9870198 ], [ 70.6637566, 29.9870195 ], [ 70.6637566, 29.9870129 ] ] ] } },
{ "type": "Feature", "properties": { "lead_id": "pakistan-potential-0022", "cell": "0058_0017", "roof_area_m2": 30228.7304, "kwh_per_kwp_yr": 1753.1152367007189, "est_kwp": 5441.17, "est_gwh_yr": 9.539, "fixme": "Large roof (30229 m2), no detected PV nearby, modelled 1753 kWh/kWp/yr -- a rooftop SITING OPPORTUNITY, not a detection of existing PV; check imagery to confirm the roof is real, accessible and unshaded before treating it as a genuine lead", "imagery_note": "osm=66.73429,25.41446 | bing=https://www.bing.com/maps?cp=25.41446~66.73429&lvl=19&style=a | google=https://www.google.com/maps/@25.41446,66.73429,200m/data=!3m1!1e3" }, "geometry": { "type": "Polygon", "coordinates": [ [ [ 66.733079851055578, 25.414621596347086 ], [ 66.733142182276325, 25.414565706959749 ], [ 66.733215008961409, 25.414631972889822 ], [ 66.733365262600984, 25.414270812605452 ], [ 66.73345130139711, 25.414349100591512 ], [ 66.733616261253673, 25.414201188685222 ], [ 66.73360968715005, 25.414067158577549 ], [ 66.733701350459086, 25.414098269706397 ], [ 66.733562439433513, 25.413971872200673 ], [ 66.733281941957955, 25.414223364007206 ], [ 66.732996284324201, 25.413963457716822 ], [ 66.73310706214113, 25.413864135055519 ], [ 66.73321284741354, 25.413960384186595 ], [ 66.733209445541277, 25.413891028100775 ], [ 66.733318934341867, 25.413627851558907 ], [ 66.733998314852073, 25.413600665558739 ], [ 66.734099204611098, 25.413634908337311 ], [ 66.734065027023306, 25.413665553965043 ], [ 66.734279522363948, 25.413738368881241 ], [ 66.734279491572821, 25.413738396488359 ], [ 66.734547472975052, 25.413982237679232 ], [ 66.734676178939495, 25.413672869311679 ], [ 66.735352628097544, 25.413645800622234 ], [ 66.735279218550502, 25.413822254055816 ], [ 66.735265391681054, 25.413809673616186 ], [ 66.735314229775142, 25.414805363064527 ], [ 66.734388367980159, 25.414842411855378 ], [ 66.733915817279069, 25.415266093695838 ], [ 66.732948331410327, 25.414937725415989 ], [ 66.733079851055578, 25.414621596347086 ] ] ] } },
{ "type": "Feature", "properties": { "lead_id": "pakistan-potential-0023", "cell": "0069_0014", "roof_area_m2": 29759.0423, "kwh_per_kwp_yr": 1735.0743171484205, "est_kwp": 5356.63, "est_gwh_yr": 9.2942, "fixme": "Large roof (29759 m2), no detected PV nearby, modelled 1735 kWh/kWp/yr -- a rooftop SITING OPPORTUNITY, not a detection of existing PV; check imagery to confirm the roof is real, accessible and unshaded before treating it as a genuine lead", "imagery_note": "osm=67.74910,25.15486 | bing=https://www.bing.com/maps?cp=25.15486~67.74910&lvl=19&style=a | google=https://www.google.com/maps/@25.15486,67.74910,200m/data=!3m1!1e3" }, "geometry": { "type": "Polygon", "coordinates": [ [ [ 67.749231, 25.1530792 ], [ 67.7492301, 25.1530947 ], [ 67.7493084, 25.153101 ], [ 67.749656, 25.1531185 ], [ 67.7496554, 25.1531291 ], [ 67.7497078, 25.1531333 ], [ 67.7496495, 25.1537315 ], [ 67.749619, 25.1542333 ], [ 67.7496006, 25.1542324 ], [ 67.7495772, 25.1544862 ], [ 67.7495697, 25.1544856 ], [ 67.7495168, 25.1553509 ], [ 67.7494738, 25.1553487 ], [ 67.7494716, 25.155372 ], [ 67.7494629, 25.1553713 ], [ 67.7494133, 25.1561475 ], [ 67.749138, 25.1561329 ], [ 67.7491385, 25.156125 ], [ 67.748608, 25.1560785 ], [ 67.7485768, 25.1560769 ], [ 67.7485769, 25.1560757 ], [ 67.7485389, 25.1560724 ], [ 67.7486279, 25.1552318 ], [ 67.7486763, 25.1544305 ], [ 67.7487125, 25.1544324 ], [ 67.7487517, 25.1540173 ], [ 67.7487537, 25.1540175 ], [ 67.7487977, 25.1533138 ], [ 67.7488332, 25.1533157 ], [ 67.7488483, 25.1530619 ], [ 67.7488778, 25.1530634 ], [ 67.7488792, 25.153051 ], [ 67.7490003, 25.153057 ], [ 67.748999700000013, 25.1530678 ], [ 67.749231, 25.1530792 ] ] ] } },
{ "type": "Feature", "properties": { "lead_id": "pakistan-potential-0024", "cell": "0074_0016", "roof_area_m2": 29399.2688, "kwh_per_kwp_yr": 1734.1103596199691, "est_kwp": 5291.87, "est_gwh_yr": 9.1767, "fixme": "Large roof (29399 m2), no detected PV nearby, modelled 1734 kWh/kWp/yr -- a rooftop SITING OPPORTUNITY, not a detection of existing PV; check imagery to confirm the roof is real, accessible and unshaded before treating it as a genuine lead", "imagery_note": "osm=68.26170,25.32988 | bing=https://www.bing.com/maps?cp=25.32988~68.26170&lvl=19&style=a | google=https://www.google.com/maps/@25.32988,68.26170,200m/data=!3m1!1e3" }, "geometry": { "type": "Polygon", "coordinates": [ [ [ 68.2608926, 25.3294452 ], [ 68.2608941, 25.3292016 ], [ 68.2609127, 25.3292017 ], [ 68.2609136, 25.3290578 ], [ 68.2611566, 25.3290591 ], [ 68.2611566, 25.3290529 ], [ 68.2617901, 25.3290561 ], [ 68.2617913, 25.3289714 ], [ 68.2618336, 25.3289716 ], [ 68.2618336, 25.328979 ], [ 68.2618654, 25.3289792 ], [ 68.261865, 25.3290565 ], [ 68.2620809, 25.3290576 ], [ 68.2620809, 25.329064 ], [ 68.2621453, 25.3290643 ], [ 68.2621445, 25.3291916 ], [ 68.262473, 25.3291933 ], [ 68.2624726, 25.3292545 ], [ 68.2624783, 25.3292545 ], [ 68.2624782, 25.329277 ], [ 68.2625583, 25.3292782 ], [ 68.2625562, 25.32962 ], [ 68.2625777, 25.3296202 ], [ 68.2625774, 25.329666 ], [ 68.2625924, 25.3296661 ], [ 68.2625918, 25.3297598 ], [ 68.2626107, 25.3297599 ], [ 68.2626104, 25.3298099 ], [ 68.2626278, 25.3298099 ], [ 68.2626278, 25.3298175 ], [ 68.2626309, 25.3298175 ], [ 68.2626302, 25.3299331 ], [ 68.2626508, 25.3299332 ], [ 68.2626508, 25.3299358 ], [ 68.262627, 25.3299357 ], [ 68.262627, 25.3299409 ], [ 68.2626096, 25.3299408 ], [ 68.2626096, 25.3299447 ], [ 68.2626498, 25.3299449 ], [ 68.262649700000011, 25.3299699 ], [ 68.2626094, 25.3299696 ], [ 68.2626085, 25.3301101 ], [ 68.2625212, 25.3301096 ], [ 68.2625193, 25.3304227 ], [ 68.2624712, 25.3304224 ], [ 68.2624704, 25.3305632 ], [ 68.2623618, 25.3305626 ], [ 68.2623614, 25.3306303 ], [ 68.2622005, 25.3306295 ], [ 68.2622005, 25.3306373 ], [ 68.2621356, 25.330637 ], [ 68.2621355, 25.3306479 ], [ 68.2619088, 25.3306468 ], [ 68.2619007, 25.330654 ], [ 68.2618154, 25.3306536 ], [ 68.2618152, 25.3306935 ], [ 68.2616928, 25.3306929 ], [ 68.2616927, 25.3307084 ], [ 68.261608100000018, 25.3307079 ], [ 68.261608100000018, 25.3307191 ], [ 68.2616037, 25.3307191 ], [ 68.2616037, 25.3307222 ], [ 68.2616017, 25.3307222 ], [ 68.2616017, 25.3307191 ], [ 68.2615861, 25.330719 ], [ 68.2615865, 25.3306452 ], [ 68.2612478, 25.3306435 ], [ 68.2612479, 25.3306247 ], [ 68.261147, 25.3306242 ], [ 68.2611472, 25.3305992 ], [ 68.2610929, 25.3305989 ], [ 68.2610936, 25.3304702 ], [ 68.2609164, 25.3304694 ], [ 68.2609166, 25.330436 ], [ 68.2608348, 25.3304356 ], [ 68.2608355, 25.3303194 ], [ 68.2608163, 25.3303193 ], [ 68.2608176, 25.3301011 ], [ 68.2607768, 25.3301008 ], [ 68.2607785, 25.3298351 ], [ 68.2607349, 25.3298349 ], [ 68.2607353, 25.3297696 ], [ 68.2607299, 25.3297695 ], [ 68.26073, 25.3297546 ], [ 68.2607813, 25.3297549 ], [ 68.2607813, 25.3297518 ], [ 68.2608183, 25.329752 ], [ 68.2608202, 25.3294489 ], [ 68.2608216, 25.3294489 ], [ 68.2608216, 25.3294448 ], [ 68.2608926, 25.3294452 ] ] ] } },
{ "type": "Feature", "properties": { "lead_id": "pakistan-potential-0025", "cell": "0134_0078", "roof_area_m2": 30226.0301, "kwh_per_kwp_yr": 1630.2597210594536, "est_kwp": 5440.69, "est_gwh_yr": 8.8697, "fixme": "Large roof (30226 m2), no detected PV nearby, modelled 1630 kWh/kWp/yr -- a rooftop SITING OPPORTUNITY, not a detection of existing PV; check imagery to confirm the roof is real, accessible and unshaded before treating it as a genuine lead", "imagery_note": "osm=74.33490,31.51099 | bing=https://www.bing.com/maps?cp=31.51099~74.33490&lvl=19&style=a | google=https://www.google.com/maps/@31.51099,74.33490,200m/data=!3m1!1e3" }, "geometry": { "type": "Polygon", "coordinates": [ [ [ 74.3354834, 31.5112795 ], [ 74.3361347, 31.5112844 ], [ 74.3361317, 31.5115814 ], [ 74.3359968, 31.5115804 ], [ 74.3359959, 31.5116686 ], [ 74.3360325, 31.5116688 ], [ 74.3360322, 31.5116965 ], [ 74.335946, 31.5116958 ], [ 74.3359446, 31.5118388 ], [ 74.3356502, 31.5118366 ], [ 74.3356495, 31.5119061 ], [ 74.3354926, 31.5119049 ], [ 74.3354759, 31.5119075 ], [ 74.3354757, 31.5119215 ], [ 74.3353905, 31.5119207 ], [ 74.3353564, 31.511926 ], [ 74.335356, 31.5119632 ], [ 74.3351262, 31.5119615 ], [ 74.3350717, 31.5119699 ], [ 74.3350716, 31.5119804 ], [ 74.3348641, 31.5119786 ], [ 74.334628, 31.512015 ], [ 74.3346199, 31.5119764 ], [ 74.3345841, 31.5119761 ], [ 74.3345858, 31.5118286 ], [ 74.3345634, 31.5118285 ], [ 74.3345645, 31.5117132 ], [ 74.3345529, 31.5116578 ], [ 74.334529, 31.5116576 ], [ 74.3345292, 31.5116346 ], [ 74.3344861, 31.5116343 ], [ 74.3344862, 31.5116283 ], [ 74.3344199, 31.5116277 ], [ 74.3344234, 31.5113343 ], [ 74.3344165, 31.5113012 ], [ 74.3344239, 31.5113001 ], [ 74.3344265, 31.5110804 ], [ 74.3343154, 31.5110794 ], [ 74.3343175, 31.510902 ], [ 74.3342895, 31.5107496 ], [ 74.3342699, 31.5107494 ], [ 74.3342711, 31.5106494 ], [ 74.3342657, 31.5106199 ], [ 74.3342715, 31.5106191 ], [ 74.3342727, 31.5105167 ], [ 74.3342472, 31.5103778 ], [ 74.3342744, 31.5103741 ], [ 74.3342748, 31.5103444 ], [ 74.334254, 31.510231 ], [ 74.3342762, 31.510228 ], [ 74.3342763, 31.510220900000011 ], [ 74.3343261, 31.5102213 ], [ 74.334395, 31.510212 ], [ 74.3343952, 31.5101978 ], [ 74.3344371, 31.5101982 ], [ 74.3344355, 31.5101779 ], [ 74.3344456, 31.5101765 ], [ 74.3344433, 31.5101646 ], [ 74.3347606, 31.5101207 ], [ 74.3347591, 31.5101125 ], [ 74.3354572, 31.5100184 ], [ 74.3354583, 31.5100242 ], [ 74.3358106, 31.5099754 ], [ 74.3359071, 31.5104874 ], [ 74.3359588, 31.510480200000011 ], [ 74.3359821, 31.5106041 ], [ 74.3360071, 31.5106006 ], [ 74.3360873, 31.511026 ], [ 74.335586, 31.5110953 ], [ 74.3355101, 31.5106926 ], [ 74.335437, 31.5107027 ], [ 74.3354823, 31.5109433 ], [ 74.3354875, 31.5109433 ], [ 74.3354872, 31.5109692 ], [ 74.335494, 31.5110053 ], [ 74.3354867, 31.5110063 ], [ 74.3354834, 31.5112795 ] ], [ [ 74.3356208, 31.5113795 ], [ 74.3356213, 31.5113345 ], [ 74.3355692, 31.5113341 ], [ 74.3355687, 31.5113792 ], [ 74.3356208, 31.5113795 ] ] ] } },
{ "type": "Feature", "properties": { "lead_id": "pakistan-potential-0026", "cell": "0219_0117", "roof_area_m2": 30226.0301, "kwh_per_kwp_yr": 1630.2597210594536, "est_kwp": 5440.69, "est_gwh_yr": 8.8697, "fixme": "Large roof (30226 m2), no detected PV nearby, modelled 1630 kWh/kWp/yr -- a rooftop SITING OPPORTUNITY, not a detection of existing PV; check imagery to confirm the roof is real, accessible and unshaded before treating it as a genuine lead", "imagery_note": "osm=74.33490,31.51099 | bing=https://www.bing.com/maps?cp=31.51099~74.33490&lvl=19&style=a | google=https://www.google.com/maps/@31.51099,74.33490,200m/data=!3m1!1e3" }, "geometry": { "type": "Polygon", "coordinates": [ [ [ 74.3354834, 31.5112795 ], [ 74.3361347, 31.5112844 ], [ 74.3361317, 31.5115814 ], [ 74.3359968, 31.5115804 ], [ 74.3359959, 31.5116686 ], [ 74.3360325, 31.5116688 ], [ 74.3360322, 31.5116965 ], [ 74.335946, 31.5116958 ], [ 74.3359446, 31.5118388 ], [ 74.3356502, 31.5118366 ], [ 74.3356495, 31.5119061 ], [ 74.3354926, 31.5119049 ], [ 74.3354759, 31.5119075 ], [ 74.3354757, 31.5119215 ], [ 74.3353905, 31.5119207 ], [ 74.3353564, 31.511926 ], [ 74.335356, 31.5119632 ], [ 74.3351262, 31.5119615 ], [ 74.3350717, 31.5119699 ], [ 74.3350716, 31.5119804 ], [ 74.3348641, 31.5119786 ], [ 74.334628, 31.512015 ], [ 74.3346199, 31.5119764 ], [ 74.3345841, 31.5119761 ], [ 74.3345858, 31.5118286 ], [ 74.3345634, 31.5118285 ], [ 74.3345645, 31.5117132 ], [ 74.3345529, 31.5116578 ], [ 74.334529, 31.5116576 ], [ 74.3345292, 31.5116346 ], [ 74.3344861, 31.5116343 ], [ 74.3344862, 31.5116283 ], [ 74.3344199, 31.5116277 ], [ 74.3344234, 31.5113343 ], [ 74.3344165, 31.5113012 ], [ 74.3344239, 31.5113001 ], [ 74.3344265, 31.5110804 ], [ 74.3343154, 31.5110794 ], [ 74.3343175, 31.510902 ], [ 74.3342895, 31.5107496 ], [ 74.3342699, 31.5107494 ], [ 74.3342711, 31.5106494 ], [ 74.3342657, 31.5106199 ], [ 74.3342715, 31.5106191 ], [ 74.3342727, 31.5105167 ], [ 74.3342472, 31.5103778 ], [ 74.3342744, 31.5103741 ], [ 74.3342748, 31.5103444 ], [ 74.334254, 31.510231 ], [ 74.3342762, 31.510228 ], [ 74.3342763, 31.510220900000011 ], [ 74.3343261, 31.5102213 ], [ 74.334395, 31.510212 ], [ 74.3343952, 31.5101978 ], [ 74.3344371, 31.5101982 ], [ 74.3344355, 31.5101779 ], [ 74.3344456, 31.5101765 ], [ 74.3344433, 31.5101646 ], [ 74.3347606, 31.5101207 ], [ 74.3347591, 31.5101125 ], [ 74.3354572, 31.5100184 ], [ 74.3354583, 31.5100242 ], [ 74.3358106, 31.5099754 ], [ 74.3359071, 31.5104874 ], [ 74.3359588, 31.510480200000011 ], [ 74.3359821, 31.5106041 ], [ 74.3360071, 31.5106006 ], [ 74.3360873, 31.511026 ], [ 74.335586, 31.5110953 ], [ 74.3355101, 31.5106926 ], [ 74.335437, 31.5107027 ], [ 74.3354823, 31.5109433 ], [ 74.3354875, 31.5109433 ], [ 74.3354872, 31.5109692 ], [ 74.335494, 31.5110053 ], [ 74.3354867, 31.5110063 ], [ 74.3354834, 31.5112795 ] ], [ [ 74.3356208, 31.5113795 ], [ 74.3356213, 31.5113345 ], [ 74.3355692, 31.5113341 ], [ 74.3355687, 31.5113792 ], [ 74.3356208, 31.5113795 ] ] ] } },
{ "type": "Feature", "properties": { "lead_id": "pakistan-potential-0027", "cell": "0133_0083", "roof_area_m2": 29810.9614, "kwh_per_kwp_yr": 1624.5210314330118, "est_kwp": 5365.97, "est_gwh_yr": 8.7171, "fixme": "Large roof (29811 m2), no detected PV nearby, modelled 1625 kWh/kWp/yr -- a rooftop SITING OPPORTUNITY, not a detection of existing PV; check imagery to confirm the roof is real, accessible and unshaded before treating it as a genuine lead", "imagery_note": "osm=74.21567,32.01988 | bing=https://www.bing.com/maps?cp=32.01988~74.21567&lvl=19&style=a | google=https://www.google.com/maps/@32.01988,74.21567,200m/data=!3m1!1e3" }, "geometry": { "type": "Polygon", "coordinates": [ [ [ 74.216261, 32.019222 ], [ 74.2165514, 32.0192245 ], [ 74.2165515, 32.0192222 ], [ 74.2165861, 32.0192226 ], [ 74.2165865, 32.0192177 ], [ 74.2166937, 32.0192238 ], [ 74.2167623, 32.0192246 ], [ 74.2167623, 32.0192277 ], [ 74.2167652, 32.0192279 ], [ 74.2167649, 32.0192316 ], [ 74.216774, 32.0192318 ], [ 74.2167736, 32.0192606 ], [ 74.2167997, 32.0192621 ], [ 74.2167967, 32.0192994 ], [ 74.2169299, 32.0193013 ], [ 74.2169302, 32.0192818 ], [ 74.2169723, 32.0192822 ], [ 74.2169701, 32.0194401 ], [ 74.2169294, 32.0194397 ], [ 74.2169283, 32.0195174 ], [ 74.2169269, 32.0195174 ], [ 74.216926, 32.0195792 ], [ 74.2169039, 32.0195789 ], [ 74.2169028, 32.0196563 ], [ 74.2168933, 32.0196562 ], [ 74.2168618, 32.020057 ], [ 74.2168464, 32.0200561 ], [ 74.2168461, 32.0200716 ], [ 74.2167481, 32.0200703 ], [ 74.216748, 32.0200778 ], [ 74.216655100000011, 32.0200768 ], [ 74.2166469, 32.0201808 ], [ 74.2166357, 32.02041340000001 ], [ 74.2166343, 32.0205144 ], [ 74.2166331, 32.0205143 ], [ 74.2166298, 32.0206906 ], [ 74.2162773, 32.0206859 ], [ 74.2162773, 32.0206873 ], [ 74.2159333, 32.0206813 ], [ 74.2159388, 32.0203209 ], [ 74.2149518, 32.0203044 ], [ 74.2149516, 32.0203077 ], [ 74.2149303, 32.0203066 ], [ 74.2149299, 32.0203116 ], [ 74.2147752, 32.0203017 ], [ 74.2144488, 32.0202965 ], [ 74.2144568, 32.0199267 ], [ 74.2144653, 32.0199268 ], [ 74.2144678, 32.0198317 ], [ 74.2144927, 32.0198322 ], [ 74.2145106, 32.0195898 ], [ 74.2145343, 32.019591 ], [ 74.2145736, 32.0191464 ], [ 74.2147256, 32.0191559 ], [ 74.214725, 32.0191827 ], [ 74.214896, 32.0191936 ], [ 74.2149867, 32.0191963 ], [ 74.2153339, 32.0192018 ], [ 74.21533380000001, 32.019206 ], [ 74.2153822, 32.0192064 ], [ 74.2153821, 32.0192145 ], [ 74.2153866, 32.0192146 ], [ 74.2153866, 32.019213 ], [ 74.215646, 32.0192168 ], [ 74.2156461, 32.0192113 ], [ 74.216261, 32.01922 ], [ 74.216261, 32.019222 ] ] ] } },
{ "type": "Feature", "properties": { "lead_id": "pakistan-potential-0028", "cell": "0132_0075", "roof_area_m2": 29348.8331, "kwh_per_kwp_yr": 1629.3683137329238, "est_kwp": 5282.79, "est_gwh_yr": 8.6076, "fixme": "Large roof (29349 m2), no detected PV nearby, modelled 1629 kWh/kWp/yr -- a rooftop SITING OPPORTUNITY, not a detection of existing PV; check imagery to confirm the roof is real, accessible and unshaded before treating it as a genuine lead", "imagery_note": "osm=74.13155,31.25896 | bing=https://www.bing.com/maps?cp=31.25896~74.13155&lvl=19&style=a | google=https://www.google.com/maps/@31.25896,74.13155,200m/data=!3m1!1e3" }, "geometry": { "type": "Polygon", "coordinates": [ [ [ 74.1327732, 31.2585419 ], [ 74.1338232, 31.2585056 ], [ 74.1338235, 31.2585117 ], [ 74.1353826, 31.2584574 ], [ 74.1354024, 31.258877 ], [ 74.1354021, 31.258878 ], [ 74.1341002, 31.2589224 ], [ 74.1341003, 31.2589254 ], [ 74.1322925, 31.2589886 ], [ 74.1316866, 31.2590173 ], [ 74.1316986, 31.2592373 ], [ 74.1316503, 31.2592392 ], [ 74.1316528, 31.2592843 ], [ 74.1316274, 31.2592854 ], [ 74.1316302, 31.2593377 ], [ 74.1312831, 31.2593516 ], [ 74.1301757, 31.2594002 ], [ 74.1301757, 31.2594034 ], [ 74.1301153, 31.2594029 ], [ 74.1299308, 31.259411 ], [ 74.1299302, 31.2594014 ], [ 74.1299108, 31.2594012 ], [ 74.1299109, 31.2593041 ], [ 74.1298468, 31.2593069 ], [ 74.1298466, 31.2593036 ], [ 74.1298429, 31.2593036 ], [ 74.1298435, 31.2592514 ], [ 74.1298332, 31.2590783 ], [ 74.1298455, 31.2590762 ], [ 74.1299097, 31.2590742 ], [ 74.1299014, 31.2589172 ], [ 74.1299118, 31.2589167 ], [ 74.1299118, 31.2589128 ], [ 74.1299981, 31.2589129 ], [ 74.1299974, 31.258901 ], [ 74.1299899, 31.2589013 ], [ 74.1299876, 31.2588633 ], [ 74.1299952, 31.258863 ], [ 74.1299951, 31.2588617 ], [ 74.1303641, 31.2588455 ], [ 74.1303642, 31.2588465 ], [ 74.1303686, 31.2588463 ], [ 74.1303717, 31.258896499999988 ], [ 74.1304228, 31.2588943 ], [ 74.1304225, 31.2588893 ], [ 74.1305768, 31.2588831 ], [ 74.13056330000002, 31.2586336 ], [ 74.1317317, 31.2585869 ], [ 74.1317309, 31.2585703 ], [ 74.1317756, 31.2585687 ], [ 74.1317759, 31.2585764 ], [ 74.1325457, 31.2585498 ], [ 74.132773, 31.258539 ], [ 74.1327732, 31.2585419 ] ] ] } },
{ "type": "Feature", "properties": { "lead_id": "pakistan-potential-0029", "cell": "0105_0064", "roof_area_m2": 27966.8015, "kwh_per_kwp_yr": 1704.4334051108285, "est_kwp": 5034.02, "est_gwh_yr": 8.5802, "fixme": "Large roof (27967 m2), no detected PV nearby, modelled 1704 kWh/kWp/yr -- a rooftop SITING OPPORTUNITY, not a detection of existing PV; check imagery to confirm the roof is real, accessible and unshaded before treating it as a genuine lead", "imagery_note": "osm=71.37716,30.11652 | bing=https://www.bing.com/maps?cp=30.11652~71.37716&lvl=19&style=a | google=https://www.google.com/maps/@30.11652,71.37716,200m/data=!3m1!1e3" }, "geometry": { "type": "Polygon", "coordinates": [ [ [ 71.3783781, 30.1160806 ], [ 71.3783781, 30.1160834 ], [ 71.3784399, 30.1160841 ], [ 71.3784399, 30.1160857 ], [ 71.378443, 30.1160858 ], [ 71.3784402, 30.1161964 ], [ 71.3785403, 30.1161983 ], [ 71.3785403, 30.1162001 ], [ 71.3786703, 30.116201700000012 ], [ 71.3786674, 30.1163834 ], [ 71.3784356, 30.1163811 ], [ 71.3784305, 30.1166601 ], [ 71.3784297, 30.1168263 ], [ 71.3785512, 30.1168269 ], [ 71.3785512, 30.1168286 ], [ 71.3785552, 30.1168286 ], [ 71.3785513, 30.1169836 ], [ 71.3784252, 30.116982300000011 ], [ 71.3784236, 30.1170817 ], [ 71.3777967, 30.117074 ], [ 71.3775138, 30.1170729 ], [ 71.3775138, 30.1170705 ], [ 71.377504200000018, 30.1170704 ], [ 71.3775044, 30.1170592 ], [ 71.3773819, 30.1170569 ], [ 71.3762274, 30.117053 ], [ 71.3762274, 30.1170352 ], [ 71.3758911, 30.1170346 ], [ 71.3758912, 30.117029 ], [ 71.3758878, 30.1170289 ], [ 71.3758916, 30.1168474 ], [ 71.3758927, 30.116351800000011 ], [ 71.3759018, 30.1163518 ], [ 71.3759085, 30.1160295 ], [ 71.3771369, 30.1160488 ], [ 71.3771369, 30.1160516 ], [ 71.3772345, 30.1160532 ], [ 71.3772344, 30.1160564 ], [ 71.3772686, 30.1160569 ], [ 71.3772685, 30.1160614 ], [ 71.3783387, 30.1160761 ], [ 71.3783386, 30.1160805 ], [ 71.3783781, 30.1160806 ] ] ] } },
{ "type": "Feature", "properties": { "lead_id": "pakistan-potential-0030", "cell": "0124_0099", "roof_area_m2": 28367.9094, "kwh_per_kwp_yr": 1660.5814970566005, "est_kwp": 5106.22, "est_gwh_yr": 8.4793, "fixme": "Large roof (28368 m2), no detected PV nearby, modelled 1661 kWh/kWp/yr -- a rooftop SITING OPPORTUNITY, not a detection of existing PV; check imagery to confirm the roof is real, accessible and unshaded before treating it as a genuine lead", "imagery_note": "osm=73.25973,33.65304 | bing=https://www.bing.com/maps?cp=33.65304~73.25973&lvl=19&style=a | google=https://www.google.com/maps/@33.65304,73.25973,200m/data=!3m1!1e3" }, "geometry": { "type": "Polygon", "coordinates": [ [ [ 73.2593162, 33.6537591 ], [ 73.2593095, 33.6537586 ], [ 73.25931, 33.6537536 ], [ 73.2579814, 33.6536478 ], [ 73.2579819, 33.6536437 ], [ 73.2574047, 33.653602 ], [ 73.257405, 33.6535993 ], [ 73.2573947, 33.6535985 ], [ 73.2574715, 33.6529004 ], [ 73.257477, 33.6529008 ], [ 73.2575461, 33.6522302 ], [ 73.2575594, 33.6522312 ], [ 73.2575596, 33.6522298 ], [ 73.257666, 33.6522389 ], [ 73.2581573, 33.6522743 ], [ 73.2581566, 33.6522806 ], [ 73.2589436, 33.6523475 ], [ 73.2591068, 33.6523593 ], [ 73.2591067, 33.6523604 ], [ 73.2603241, 33.6524523 ], [ 73.2603234, 33.6524587 ], [ 73.2603273, 33.6524589 ], [ 73.2603269, 33.6524633 ], [ 73.2603286, 33.6524634 ], [ 73.2603195, 33.6525421 ], [ 73.2603007, 33.652742 ], [ 73.2602964, 33.6527417 ], [ 73.2602948, 33.6527551 ], [ 73.260291400000014, 33.6527548 ], [ 73.2601773, 33.6538252 ], [ 73.2601718, 33.6538248 ], [ 73.2601696, 33.6538447 ], [ 73.2601685, 33.6538446 ], [ 73.2601676, 33.6538527 ], [ 73.2601211, 33.6538491 ], [ 73.260122, 33.6538411 ], [ 73.2601179, 33.6538408 ], [ 73.2601199, 33.6538214 ], [ 73.259316, 33.6537612 ], [ 73.2593162, 33.6537591 ] ], [ [ 73.2584312, 33.6533752 ], [ 73.2584309, 33.6533779 ], [ 73.2585872, 33.6533899 ], [ 73.2585878, 33.6533839 ], [ 73.2584337, 33.6533729 ], [ 73.2584334, 33.6533754 ], [ 73.2584312, 33.6533752 ] ], [ [ 73.2593442, 33.6531878 ], [ 73.2593243, 33.6531863 ], [ 73.2593392, 33.6530489 ], [ 73.2590776, 33.6530281 ], [ 73.2590774, 33.6530301 ], [ 73.2587144, 33.6529999 ], [ 73.2586723, 33.6533965 ], [ 73.259087, 33.6534284 ], [ 73.2590863, 33.6534348 ], [ 73.2593161, 33.6534531 ], [ 73.2593442, 33.6531878 ] ], [ [ 73.2594854, 33.6528822 ], [ 73.2594888, 33.6528825 ], [ 73.2594291, 33.6534357 ], [ 73.2594267, 33.6534355 ], [ 73.2594244, 33.6534571 ], [ 73.2594232, 33.653457 ], [ 73.2594227, 33.6534616 ], [ 73.259432, 33.6534623 ], [ 73.259509800000018, 33.652728 ], [ 73.2599933, 33.6527638 ], [ 73.259963900000017, 33.6530412 ], [ 73.2599959, 33.6530438 ], [ 73.2600295, 33.6527335 ], [ 73.2593386, 33.6526821 ], [ 73.2593391, 33.6526775 ], [ 73.2590736, 33.652656 ], [ 73.2590733, 33.6526588 ], [ 73.2584194, 33.6526031 ], [ 73.2577085, 33.652551 ], [ 73.2576908, 33.6526962 ], [ 73.2576812, 33.6526954 ], [ 73.2576174, 33.653314 ], [ 73.2583506, 33.6533668 ], [ 73.2583928, 33.6529756 ], [ 73.2580072, 33.6529465 ], [ 73.2580076, 33.6529428 ], [ 73.257737600000013, 33.6529233 ], [ 73.2577423, 33.652877599999989 ], [ 73.257765, 33.6528793 ], [ 73.2577671, 33.6528586 ], [ 73.2580147, 33.6528765 ], [ 73.2580153, 33.6528713 ], [ 73.2584011, 33.6529005 ], [ 73.2584133, 33.6527873 ], [ 73.2584986, 33.6527934 ], [ 73.2584914, 33.652863 ], [ 73.2586404, 33.6528738 ], [ 73.2586475, 33.6528042 ], [ 73.2587327, 33.6528103 ], [ 73.258732600000016, 33.6528115 ], [ 73.2587394, 33.652812 ], [ 73.2587338, 33.6528637 ], [ 73.2587285, 33.6528633 ], [ 73.2587216, 33.6529275 ], [ 73.2590855, 33.6529537 ], [ 73.2590845, 33.6529632 ], [ 73.2593658, 33.6529845 ], [ 73.2593781, 33.6528682 ], [ 73.259486, 33.6528762 ], [ 73.2594854, 33.6528822 ] ] ] } },
{ "type": "Feature", "properties": { "lead_id": "pakistan-potential-0031", "cell": "0109_0062", "roof_area_m2": 27478.3733, "kwh_per_kwp_yr": 1701.6290223655394, "est_kwp": 4946.11, "est_gwh_yr": 8.4164, "fixme": "Large roof (27478 m2), no detected PV nearby, modelled 1702 kWh/kWp/yr -- a rooftop SITING OPPORTUNITY, not a detection of existing PV; check imagery to confirm the roof is real, accessible and unshaded before treating it as a genuine lead", "imagery_note": "osm=71.83291,29.99607 | bing=https://www.bing.com/maps?cp=29.99607~71.83291&lvl=19&style=a | google=https://www.google.com/maps/@29.99607,71.83291,200m/data=!3m1!1e3" }, "geometry": { "type": "Polygon", "coordinates": [ [ [ 71.8320549, 29.995598 ], [ 71.8320526, 29.9954206 ], [ 71.8320617, 29.9954204 ], [ 71.8320617, 29.9954191 ], [ 71.8322791, 29.9954164 ], [ 71.8322781, 29.995354 ], [ 71.8323855, 29.995352 ], [ 71.8323836, 29.9952751 ], [ 71.8324537, 29.9952738 ], [ 71.8324502, 29.9951304 ], [ 71.8325424, 29.9951287 ], [ 71.8325424, 29.9951296 ], [ 71.833061200000017, 29.9951273 ], [ 71.8330613, 29.9951402 ], [ 71.8331068, 29.995141 ], [ 71.8331044, 29.9952458 ], [ 71.8330858, 29.9952455 ], [ 71.8330858, 29.9952474 ], [ 71.8331278, 29.9952472 ], [ 71.833128, 29.9952777 ], [ 71.8331443, 29.9952776 ], [ 71.8331448, 29.9953588 ], [ 71.83331920000002, 29.995358 ], [ 71.8333197, 29.9954451 ], [ 71.8333439, 29.995445 ], [ 71.833344, 29.9953676 ], [ 71.833365, 29.9953676 ], [ 71.833365, 29.9954263 ], [ 71.8334636, 29.9954263 ], [ 71.8334636, 29.9954014 ], [ 71.8335231, 29.9954014 ], [ 71.8335231, 29.9953678 ], [ 71.8336367, 29.9953678 ], [ 71.8336366, 29.9954415 ], [ 71.8336442, 29.9954415 ], [ 71.8336462, 29.9957084 ], [ 71.8336434, 29.9957084 ], [ 71.8336434, 29.9957104 ], [ 71.8336406, 29.9957104 ], [ 71.8336449, 29.9963015 ], [ 71.8336509, 29.9963022 ], [ 71.8336529, 29.9965654 ], [ 71.8336559, 29.9965654 ], [ 71.8336627, 29.996885 ], [ 71.8335343, 29.9968871 ], [ 71.8335346, 29.9969197 ], [ 71.8333784, 29.9969206 ], [ 71.8333781, 29.9968849 ], [ 71.8333629, 29.9968851 ], [ 71.833364, 29.9969485 ], [ 71.833252, 29.99695 ], [ 71.8332516, 29.9969283 ], [ 71.8332498, 29.9969283 ], [ 71.8332498, 29.9969329 ], [ 71.8326761, 29.9969361 ], [ 71.8326771, 29.9970053 ], [ 71.8326543, 29.9970055 ], [ 71.8326543, 29.9970102 ], [ 71.8325865, 29.9970105 ], [ 71.8325868, 29.9970571 ], [ 71.832086, 29.9970597 ], [ 71.832086, 29.9970585 ], [ 71.832084, 29.9970585 ], [ 71.8320759, 29.9965942 ], [ 71.8320792, 29.9965941 ], [ 71.8320762, 29.9963862 ], [ 71.8320917, 29.996386 ], [ 71.8320917, 29.9963838 ], [ 71.8322424, 29.9963829 ], [ 71.8322421, 29.9963648 ], [ 71.8321791, 29.9963651 ], [ 71.8321787, 29.9963118 ], [ 71.8322414, 29.9963114 ], [ 71.8322408, 29.9962696 ], [ 71.8322314, 29.9962697 ], [ 71.8322307, 29.9961596 ], [ 71.8322392, 29.9961595 ], [ 71.8322391, 29.9961532 ], [ 71.8322506, 29.9961531 ], [ 71.8322503, 29.9961112 ], [ 71.8321775, 29.9961116 ], [ 71.832177, 29.996026 ], [ 71.8320731, 29.9960265 ], [ 71.8320729, 29.9959932 ], [ 71.832246, 29.9959924 ], [ 71.8322445, 29.9957921 ], [ 71.8322472, 29.9957921 ], [ 71.8322471, 29.9957762 ], [ 71.8320638, 29.9957771 ], [ 71.8320638, 29.9957754 ], [ 71.8320613, 29.9957754 ], [ 71.8320582, 29.9956503 ], [ 71.8320631, 29.9956502 ], [ 71.8320628, 29.9956039 ], [ 71.8320571, 29.995604 ], [ 71.832057, 29.9955979 ], [ 71.8320549, 29.995598 ] ], [ [ 71.8333213, 29.9954844 ], [ 71.8333199, 29.9954856 ], [ 71.833259, 29.9954859 ], [ 71.8332593, 29.9955395 ], [ 71.8333203, 29.9955392 ], [ 71.8333207, 29.9956186 ], [ 71.8333222, 29.9956186 ], [ 71.8333213, 29.9954844 ] ], [ [ 71.833323, 29.9957122 ], [ 71.833323, 29.9957149 ], [ 71.833343700000015, 29.9957148 ], [ 71.833343700000015, 29.9957121 ], [ 71.833323, 29.9957122 ] ], [ [ 71.8333757, 29.996576 ], [ 71.833375, 29.9964841 ], [ 71.833251, 29.9964848 ], [ 71.8332506, 29.9964312 ], [ 71.8331886, 29.9964316 ], [ 71.8331895, 29.9965489 ], [ 71.8332514, 29.9965485 ], [ 71.8332516, 29.9965776 ], [ 71.8333757, 29.996576 ] ], [ [ 71.8332488, 29.9967614 ], [ 71.8331911, 29.9967618 ], [ 71.8331916, 29.9968371 ], [ 71.8332211, 29.996837 ], [ 71.8332215, 29.9968866 ], [ 71.8332509, 29.9968862 ], [ 71.8332488, 29.9967614 ] ] ] } },
{ "type": "Feature", "properties": { "lead_id": "pakistan-potential-0032", "cell": "0060_0011", "roof_area_m2": 26605.7875, "kwh_per_kwp_yr": 1741.5241420351338, "est_kwp": 4789.04, "est_gwh_yr": 8.3402, "fixme": "Large roof (26606 m2), no detected PV nearby, modelled 1742 kWh/kWp/yr -- a rooftop SITING OPPORTUNITY, not a detection of existing PV; check imagery to confirm the roof is real, accessible and unshaded before treating it as a genuine lead", "imagery_note": "osm=66.93557,24.89862 | bing=https://www.bing.com/maps?cp=24.89862~66.93557&lvl=19&style=a | google=https://www.google.com/maps/@24.89862,66.93557,200m/data=!3m1!1e3" }, "geometry": { "type": "Polygon", "coordinates": [ [ [ 66.9352786, 24.8982094 ], [ 66.9365067, 24.8982076 ], [ 66.9377341, 24.8982059 ], [ 66.9377342, 24.8982872 ], [ 66.9377415, 24.8982872 ], [ 66.9377415, 24.8983082 ], [ 66.9377343, 24.8983082 ], [ 66.9377351, 24.8987559 ], [ 66.9377335, 24.8987559 ], [ 66.9377335, 24.8987586 ], [ 66.936508, 24.8987598 ], [ 66.9352736, 24.8987629 ], [ 66.9352733, 24.8987767 ], [ 66.9346239, 24.8987642 ], [ 66.9338169, 24.898767 ], [ 66.9338168, 24.8987487 ], [ 66.9337909, 24.8987482 ], [ 66.933791, 24.8987672 ], [ 66.9337017, 24.8987676 ], [ 66.9337016, 24.8987698 ], [ 66.9336407, 24.8987687 ], [ 66.93364, 24.8988013 ], [ 66.9334779, 24.8987982 ], [ 66.9334786, 24.8987685 ], [ 66.9334087, 24.8987688 ], [ 66.9334073, 24.898497 ], [ 66.9334863, 24.8984966 ], [ 66.9334859, 24.8984249 ], [ 66.9334444, 24.8984251 ], [ 66.933444, 24.8983383 ], [ 66.9336332, 24.8983375 ], [ 66.9336326, 24.8982155 ], [ 66.9337224, 24.8982151 ], [ 66.9337228, 24.8981973 ], [ 66.9344705, 24.8982111 ], [ 66.9352786, 24.8982085 ], [ 66.9352786, 24.8982094 ] ] ] } },
{ "type": "Feature", "properties": { "lead_id": "pakistan-potential-0033", "cell": "0065_0011", "roof_area_m2": 26556.2761, "kwh_per_kwp_yr": 1733.0296681789205, "est_kwp": 4780.13, "est_gwh_yr": 8.2841, "fixme": "Large roof (26556 m2), no detected PV nearby, modelled 1733 kWh/kWp/yr -- a rooftop SITING OPPORTUNITY, not a detection of existing PV; check imagery to confirm the roof is real, accessible and unshaded before treating it as a genuine lead", "imagery_note": "osm=67.34808,24.84090 | bing=https://www.bing.com/maps?cp=24.84090~67.34808&lvl=19&style=a | google=https://www.google.com/maps/@24.84090,67.34808,200m/data=!3m1!1e3" }, "geometry": { "type": "Polygon", "coordinates": [ [ [ 67.3476864, 24.8423047 ], [ 67.3476948, 24.841978 ], [ 67.3476998, 24.8414098 ], [ 67.3477067, 24.8401697 ], [ 67.3477044, 24.8401697 ], [ 67.3477083, 24.8396992 ], [ 67.3477088, 24.8391625 ], [ 67.3477128, 24.8391625 ], [ 67.3477128, 24.8391605 ], [ 67.3478609, 24.8391616 ], [ 67.3478609, 24.8391626 ], [ 67.3480976, 24.8391628 ], [ 67.3480975, 24.839178 ], [ 67.3481475, 24.8391781 ], [ 67.3481476, 24.8391628 ], [ 67.3482746, 24.8391629 ], [ 67.3482746, 24.8391782 ], [ 67.3483255, 24.8391782 ], [ 67.3483255, 24.839163 ], [ 67.3483489, 24.839163 ], [ 67.3483489, 24.839165 ], [ 67.3484121, 24.8391654 ], [ 67.348412, 24.8391783 ], [ 67.3484585, 24.8391783 ], [ 67.3484576, 24.8401725 ], [ 67.3484517, 24.8401725 ], [ 67.3484507, 24.8403951 ], [ 67.3484556, 24.8403951 ], [ 67.3484495, 24.841519 ], [ 67.3484585, 24.8415192 ], [ 67.3484464, 24.8421019 ], [ 67.3484453, 24.8423075 ], [ 67.3484421, 24.8423075 ], [ 67.3484419, 24.8423183 ], [ 67.3484264, 24.842318 ], [ 67.3484263, 24.8423205 ], [ 67.3480973, 24.8423168 ], [ 67.3478924, 24.8423153 ], [ 67.3478925, 24.8423091 ], [ 67.3476864, 24.8423047 ] ] ] } },
{ "type": "Feature", "properties": { "lead_id": "pakistan-potential-0034", "cell": "0133_0083", "roof_area_m2": 28153.7483, "kwh_per_kwp_yr": 1624.7926168775066, "est_kwp": 5067.67, "est_gwh_yr": 8.2339, "fixme": "Large roof (28154 m2), no detected PV nearby, modelled 1625 kWh/kWp/yr -- a rooftop SITING OPPORTUNITY, not a detection of existing PV; check imagery to confirm the roof is real, accessible and unshaded before treating it as a genuine lead", "imagery_note": "osm=74.22372,32.01256 | bing=https://www.bing.com/maps?cp=32.01256~74.22372&lvl=19&style=a | google=https://www.google.com/maps/@32.01256,74.22372,200m/data=!3m1!1e3" }, "geometry": { "type": "Polygon", "coordinates": [ [ [ 74.2229134, 32.0131443 ], [ 74.2216005, 32.0131363 ], [ 74.2216005, 32.013142 ], [ 74.220845, 32.0131371 ], [ 74.2202391, 32.0131388 ], [ 74.2202375, 32.012747 ], [ 74.2218632, 32.0127416 ], [ 74.2218633, 32.0127324 ], [ 74.2231397, 32.0127396 ], [ 74.2231478, 32.0117811 ], [ 74.2236472, 32.0117846 ], [ 74.2236415, 32.0123809 ], [ 74.223703, 32.0123813 ], [ 74.2237087, 32.011785 ], [ 74.2242975, 32.0117888 ], [ 74.2242971, 32.0118313 ], [ 74.2242992, 32.0118313 ], [ 74.2242897, 32.0129499 ], [ 74.224296800000019, 32.0129499 ], [ 74.2242953, 32.0131351 ], [ 74.2242266, 32.0131347 ], [ 74.2242266, 32.0131418 ], [ 74.223846, 32.01314 ], [ 74.223846, 32.013145 ], [ 74.2229135, 32.0131397 ], [ 74.2229134, 32.0131443 ] ] ] } },
{ "type": "Feature", "properties": { "lead_id": "pakistan-potential-0035", "cell": "0133_0083", "roof_area_m2": 27947.6621, "kwh_per_kwp_yr": 1626.7474941745354, "est_kwp": 5030.58, "est_gwh_yr": 8.1835, "fixme": "Large roof (27948 m2), no detected PV nearby, modelled 1627 kWh/kWp/yr -- a rooftop SITING OPPORTUNITY, not a detection of existing PV; check imagery to confirm the roof is real, accessible and unshaded before treating it as a genuine lead", "imagery_note": "osm=74.20490,32.08648 | bing=https://www.bing.com/maps?cp=32.08648~74.20490&lvl=19&style=a | google=https://www.google.com/maps/@32.08648,74.20490,200m/data=!3m1!1e3" }, "geometry": { "type": "Polygon", "coordinates": [ [ [ 74.203804, 32.0868251 ], [ 74.203806200000017, 32.0866519 ], [ 74.2038097, 32.0866519 ], [ 74.2038186, 32.0858002 ], [ 74.2038217, 32.0858002 ], [ 74.2038217, 32.0857967 ], [ 74.2038244, 32.0857967 ], [ 74.2038244, 32.0857924 ], [ 74.203904, 32.0857929 ], [ 74.203904, 32.0857975 ], [ 74.2039068, 32.0857975 ], [ 74.2039068, 32.0858001 ], [ 74.2052187, 32.0858107 ], [ 74.2052186, 32.0858176 ], [ 74.2052206, 32.0858176 ], [ 74.2052206, 32.0858191 ], [ 74.2054788, 32.0858221 ], [ 74.2054788, 32.0858209 ], [ 74.2054849, 32.085821 ], [ 74.205485, 32.0858192 ], [ 74.2058712, 32.0858251 ], [ 74.2058712, 32.0858268 ], [ 74.2058753, 32.0858268 ], [ 74.2058682, 32.0862646 ], [ 74.2059907, 32.0862665 ], [ 74.2059907, 32.0862695 ], [ 74.2059965, 32.0862696 ], [ 74.205993100000015, 32.0864516 ], [ 74.2059875, 32.0864515 ], [ 74.2059864, 32.0865179 ], [ 74.205864100000014, 32.0865165 ], [ 74.2058526, 32.0872251 ], [ 74.2058476, 32.0872251 ], [ 74.2058404, 32.0872261 ], [ 74.2058404, 32.0872271 ], [ 74.2055123, 32.0872211 ], [ 74.205514500000021, 32.0870801 ], [ 74.2054584, 32.0870792 ], [ 74.2054585, 32.0870756 ], [ 74.2045317, 32.0870643 ], [ 74.2038871, 32.08706 ], [ 74.203887, 32.0870643 ], [ 74.2037959, 32.087062 ], [ 74.203804, 32.0868251 ] ] ] } },
{ "type": "Feature", "properties": { "lead_id": "pakistan-potential-0036", "cell": "0065_0010", "roof_area_m2": 26094.0901, "kwh_per_kwp_yr": 1732.2699166745515, "est_kwp": 4696.94, "est_gwh_yr": 8.1364, "fixme": "Large roof (26094 m2), no detected PV nearby, modelled 1732 kWh/kWp/yr -- a rooftop SITING OPPORTUNITY, not a detection of existing PV; check imagery to confirm the roof is real, accessible and unshaded before treating it as a genuine lead", "imagery_note": "osm=67.34099,24.80196 | bing=https://www.bing.com/maps?cp=24.80196~67.34099&lvl=19&style=a | google=https://www.google.com/maps/@24.80196,67.34099,200m/data=!3m1!1e3" }, "geometry": { "type": "Polygon", "coordinates": [ [ [ 67.339947800000019, 24.8008393 ], [ 67.3399864, 24.80084 ], [ 67.3400194, 24.8008123 ], [ 67.340428, 24.8012185 ], [ 67.3404293, 24.8012174 ], [ 67.3406175, 24.8014047 ], [ 67.3406189, 24.8014035 ], [ 67.3407745, 24.8015588 ], [ 67.3408167, 24.8015235 ], [ 67.3409706, 24.8016766 ], [ 67.3409931, 24.8016578 ], [ 67.3405313, 24.8011974 ], [ 67.3406496, 24.8010982 ], [ 67.3406689, 24.8011174 ], [ 67.3406704, 24.8011161 ], [ 67.3407246, 24.8011702 ], [ 67.3407402, 24.8011573 ], [ 67.3407661, 24.8011831 ], [ 67.3407506, 24.8011961 ], [ 67.3417674, 24.802211 ], [ 67.3417688, 24.8022099 ], [ 67.3418556, 24.8022972 ], [ 67.3418864, 24.8022716 ], [ 67.3419043, 24.8022896 ], [ 67.3418735, 24.8023152 ], [ 67.3420409, 24.8024835 ], [ 67.342057, 24.8024699 ], [ 67.3420877, 24.8025006 ], [ 67.3420975, 24.8024925 ], [ 67.3421267, 24.8025219 ], [ 67.342117, 24.8025299 ], [ 67.3421556, 24.8025684 ], [ 67.342139, 24.8025822 ], [ 67.3421398, 24.802583 ], [ 67.341466400000016, 24.8031437 ], [ 67.3414648, 24.8031421 ], [ 67.341291, 24.8032861 ], [ 67.3412518, 24.8032466 ], [ 67.3413634, 24.8031542 ], [ 67.341361, 24.8031518 ], [ 67.3413675, 24.8031464 ], [ 67.3413652, 24.8031441 ], [ 67.3413049, 24.8031943 ], [ 67.3408242, 24.8027146 ], [ 67.3408768, 24.8026706 ], [ 67.3408025, 24.8025967 ], [ 67.3407501, 24.8026405 ], [ 67.3406322, 24.8025229 ], [ 67.340634, 24.8025214 ], [ 67.3398616, 24.8017531 ], [ 67.3400138, 24.8016256 ], [ 67.340175, 24.8017859 ], [ 67.3402213, 24.8017472 ], [ 67.3406652, 24.8021887 ], [ 67.3406793, 24.8021769 ], [ 67.3406384, 24.802136 ], [ 67.340643, 24.8021322 ], [ 67.3400862, 24.8015784 ], [ 67.3400875, 24.8015773 ], [ 67.3400828, 24.8015727 ], [ 67.3401323, 24.8015313 ], [ 67.3400535, 24.801453 ], [ 67.3400041, 24.8014944 ], [ 67.3400025, 24.8014928 ], [ 67.3400012, 24.8014939 ], [ 67.3396852, 24.8011795 ], [ 67.3396863, 24.8011785 ], [ 67.3396388, 24.8011313 ], [ 67.3399471, 24.8008729 ], [ 67.339947800000019, 24.8008393 ] ], [ [ 67.3405535, 24.8016181 ], [ 67.340035, 24.8011025 ], [ 67.339965, 24.8011611 ], [ 67.3403066, 24.8015009 ], [ 67.3403171, 24.8014922 ], [ 67.3403008, 24.801476 ], [ 67.3403315, 24.8014503 ], [ 67.3405245, 24.8016423 ], [ 67.3405535, 24.8016181 ] ] ] } },
{ "type": "Feature", "properties": { "lead_id": "pakistan-potential-0037", "cell": "0064_0010", "roof_area_m2": 26094.0901, "kwh_per_kwp_yr": 1732.2699166745515, "est_kwp": 4696.94, "est_gwh_yr": 8.1364, "fixme": "Large roof (26094 m2), no detected PV nearby, modelled 1732 kWh/kWp/yr -- a rooftop SITING OPPORTUNITY, not a detection of existing PV; check imagery to confirm the roof is real, accessible and unshaded before treating it as a genuine lead", "imagery_note": "osm=67.34099,24.80196 | bing=https://www.bing.com/maps?cp=24.80196~67.34099&lvl=19&style=a | google=https://www.google.com/maps/@24.80196,67.34099,200m/data=!3m1!1e3" }, "geometry": { "type": "Polygon", "coordinates": [ [ [ 67.339947800000019, 24.8008393 ], [ 67.3399864, 24.80084 ], [ 67.3400194, 24.8008123 ], [ 67.340428, 24.8012185 ], [ 67.3404293, 24.8012174 ], [ 67.3406175, 24.8014047 ], [ 67.3406189, 24.8014035 ], [ 67.3407745, 24.8015588 ], [ 67.3408167, 24.8015235 ], [ 67.3409706, 24.8016766 ], [ 67.3409931, 24.8016578 ], [ 67.3405313, 24.8011974 ], [ 67.3406496, 24.8010982 ], [ 67.3406689, 24.8011174 ], [ 67.3406704, 24.8011161 ], [ 67.3407246, 24.8011702 ], [ 67.3407402, 24.8011573 ], [ 67.3407661, 24.8011831 ], [ 67.3407506, 24.8011961 ], [ 67.3417674, 24.802211 ], [ 67.3417688, 24.8022099 ], [ 67.3418556, 24.8022972 ], [ 67.3418864, 24.8022716 ], [ 67.3419043, 24.8022896 ], [ 67.3418735, 24.8023152 ], [ 67.3420409, 24.8024835 ], [ 67.342057, 24.8024699 ], [ 67.3420877, 24.8025006 ], [ 67.3420975, 24.8024925 ], [ 67.3421267, 24.8025219 ], [ 67.342117, 24.8025299 ], [ 67.3421556, 24.8025684 ], [ 67.342139, 24.8025822 ], [ 67.3421398, 24.802583 ], [ 67.341466400000016, 24.8031437 ], [ 67.3414648, 24.8031421 ], [ 67.341291, 24.8032861 ], [ 67.3412518, 24.8032466 ], [ 67.3413634, 24.8031542 ], [ 67.341361, 24.8031518 ], [ 67.3413675, 24.8031464 ], [ 67.3413652, 24.8031441 ], [ 67.3413049, 24.8031943 ], [ 67.3408242, 24.8027146 ], [ 67.3408768, 24.8026706 ], [ 67.3408025, 24.8025967 ], [ 67.3407501, 24.8026405 ], [ 67.3406322, 24.8025229 ], [ 67.340634, 24.8025214 ], [ 67.3398616, 24.8017531 ], [ 67.3400138, 24.8016256 ], [ 67.340175, 24.8017859 ], [ 67.3402213, 24.8017472 ], [ 67.3406652, 24.8021887 ], [ 67.3406793, 24.8021769 ], [ 67.3406384, 24.802136 ], [ 67.340643, 24.8021322 ], [ 67.3400862, 24.8015784 ], [ 67.3400875, 24.8015773 ], [ 67.3400828, 24.8015727 ], [ 67.3401323, 24.8015313 ], [ 67.3400535, 24.801453 ], [ 67.3400041, 24.8014944 ], [ 67.3400025, 24.8014928 ], [ 67.3400012, 24.8014939 ], [ 67.3396852, 24.8011795 ], [ 67.3396863, 24.8011785 ], [ 67.3396388, 24.8011313 ], [ 67.3399471, 24.8008729 ], [ 67.339947800000019, 24.8008393 ] ], [ [ 67.3405535, 24.8016181 ], [ 67.340035, 24.8011025 ], [ 67.339965, 24.8011611 ], [ 67.3403066, 24.8015009 ], [ 67.3403171, 24.8014922 ], [ 67.3403008, 24.801476 ], [ 67.3403315, 24.8014503 ], [ 67.3405245, 24.8016423 ], [ 67.3405535, 24.8016181 ] ] ] } },
{ "type": "Feature", "properties": { "lead_id": "pakistan-potential-0038", "cell": "0064_0012", "roof_area_m2": 25047.0644, "kwh_per_kwp_yr": 1736.0797903743312, "est_kwp": 4508.47, "est_gwh_yr": 7.8271, "fixme": "Large roof (25047 m2), no detected PV nearby, modelled 1736 kWh/kWp/yr -- a rooftop SITING OPPORTUNITY, not a detection of existing PV; check imagery to confirm the roof is real, accessible and unshaded before treating it as a genuine lead", "imagery_note": "osm=67.27980,24.94363 | bing=https://www.bing.com/maps?cp=24.94363~67.27980&lvl=19&style=a | google=https://www.google.com/maps/@24.94363,67.27980,200m/data=!3m1!1e3" }, "geometry": { "type": "Polygon", "coordinates": [ [ [ 67.279498, 24.9439403 ], [ 67.2794964, 24.943942 ], [ 67.2793849, 24.9438541 ], [ 67.2792125, 24.9438521 ], [ 67.2792142, 24.9437337 ], [ 67.2792322, 24.9437339 ], [ 67.2787338, 24.9433413 ], [ 67.2784182, 24.9433377 ], [ 67.2785761, 24.9431035 ], [ 67.2785244, 24.9430629 ], [ 67.278799100000015, 24.9427728 ], [ 67.2790174, 24.9424489 ], [ 67.2791644, 24.9425662 ], [ 67.2799235, 24.9431629 ], [ 67.2800384, 24.9431642 ], [ 67.28003720000001, 24.9432525 ], [ 67.2801017, 24.9433033 ], [ 67.28005970000001, 24.9433476 ], [ 67.2800595, 24.9433623 ], [ 67.2800978, 24.9433214 ], [ 67.2802222, 24.9434172 ], [ 67.2803827, 24.9434199 ], [ 67.2803811, 24.9435261 ], [ 67.2803628, 24.9435259 ], [ 67.2808667, 24.9439156 ], [ 67.2808641, 24.9439184 ], [ 67.2809725, 24.9440028 ], [ 67.2807631, 24.9442263 ], [ 67.280782, 24.9442409 ], [ 67.2806758, 24.9443551 ], [ 67.2806745, 24.9444455 ], [ 67.2805925, 24.9444446 ], [ 67.2804088, 24.944642 ], [ 67.280384, 24.9446228 ], [ 67.2803676, 24.9446402 ], [ 67.2801078, 24.944439 ], [ 67.2797782, 24.9444352 ], [ 67.2797816, 24.9441868 ], [ 67.2795559, 24.9440122 ], [ 67.2795925, 24.9439729 ], [ 67.2795602, 24.9439725 ], [ 67.2795617, 24.9438731 ], [ 67.2795431, 24.9438927 ], [ 67.279542, 24.9439744 ], [ 67.279498, 24.9439403 ] ], [ [ 67.2796403, 24.9439214 ], [ 67.2797875, 24.9437623 ], [ 67.2797443, 24.9437289 ], [ 67.2797176, 24.9437571 ], [ 67.2796913, 24.9437364 ], [ 67.2796422, 24.9437881 ], [ 67.2796403, 24.9439214 ] ], [ [ 67.2799473, 24.943482 ], [ 67.2799859, 24.9434407 ], [ 67.2799861, 24.9434253 ], [ 67.2799475, 24.9434661 ], [ 67.2799473, 24.943482 ] ] ] } },
{ "type": "Feature", "properties": { "lead_id": "pakistan-potential-0039", "cell": "0063_0011", "roof_area_m2": 24337.6514, "kwh_per_kwp_yr": 1737.1679033644659, "est_kwp": 4380.78, "est_gwh_yr": 7.6102, "fixme": "Large roof (24338 m2), no detected PV nearby, modelled 1737 kWh/kWp/yr -- a rooftop SITING OPPORTUNITY, not a detection of existing PV; check imagery to confirm the roof is real, accessible and unshaded before treating it as a genuine lead", "imagery_note": "osm=67.16295,24.90572 | bing=https://www.bing.com/maps?cp=24.90572~67.16295&lvl=19&style=a | google=https://www.google.com/maps/@24.90572,67.16295,200m/data=!3m1!1e3" }, "geometry": { "type": "Polygon", "coordinates": [ [ [ 67.1651209, 24.9060171 ], [ 67.1663919, 24.9063407 ], [ 67.1663501, 24.9064774 ], [ 67.1658821, 24.9063583 ], [ 67.1658666, 24.9064096 ], [ 67.1656213, 24.906348 ], [ 67.1656176, 24.9063597 ], [ 67.1652288, 24.9062575 ], [ 67.1652085, 24.906325 ], [ 67.1652046, 24.906324 ], [ 67.1651634, 24.9064605 ], [ 67.1646574, 24.9063334 ], [ 67.1646486, 24.9063621 ], [ 67.1642949, 24.9062716 ], [ 67.1642829, 24.9063106 ], [ 67.1640312, 24.9062462 ], [ 67.164013, 24.9063066 ], [ 67.1636595, 24.9062179 ], [ 67.1636782, 24.9061559 ], [ 67.1625031, 24.9058553 ], [ 67.1624971, 24.9058745 ], [ 67.1624074, 24.9058513 ], [ 67.1624133, 24.9058323 ], [ 67.1624054, 24.9058303 ], [ 67.1624061, 24.9058279 ], [ 67.1611836, 24.9055201 ], [ 67.1613242, 24.9050555 ], [ 67.1625489, 24.9053638 ], [ 67.1625493, 24.9053625 ], [ 67.1634965, 24.9056024 ], [ 67.1634958, 24.9056047 ], [ 67.1647168, 24.9059171 ], [ 67.1647165, 24.9059182 ], [ 67.1649598, 24.9059793 ], [ 67.1649611, 24.9059751 ], [ 67.1651209, 24.9060171 ] ] ] } },
{ "type": "Feature", "properties": { "lead_id": "pakistan-potential-0040", "cell": "0066_0010", "roof_area_m2": 24343.7116, "kwh_per_kwp_yr": 1730.5032887244672, "est_kwp": 4381.87, "est_gwh_yr": 7.5828, "fixme": "Large roof (24344 m2), no detected PV nearby, modelled 1731 kWh/kWp/yr -- a rooftop SITING OPPORTUNITY, not a detection of existing PV; check imagery to confirm the roof is real, accessible and unshaded before treating it as a genuine lead", "imagery_note": "osm=67.50475,24.80088 | bing=https://www.bing.com/maps?cp=24.80088~67.50475&lvl=19&style=a | google=https://www.google.com/maps/@24.80088,67.50475,200m/data=!3m1!1e3" }, "geometry": { "type": "Polygon", "coordinates": [ [ [ 67.5044771, 24.7994859 ], [ 67.5044939, 24.7993913 ], [ 67.5044994, 24.7993921 ], [ 67.5045042, 24.7993703 ], [ 67.5045818, 24.7993846 ], [ 67.5048205, 24.7994199 ], [ 67.504819, 24.7994283 ], [ 67.5049944, 24.7994606 ], [ 67.5050281, 24.7992775 ], [ 67.5054529, 24.7993427 ], [ 67.5054178, 24.7995329 ], [ 67.5053308, 24.7995195 ], [ 67.5053303, 24.7995225 ], [ 67.5053466, 24.7995255 ], [ 67.5053068, 24.7997055 ], [ 67.5052572, 24.8000207 ], [ 67.5052554, 24.8000205 ], [ 67.5052403, 24.80028 ], [ 67.505191, 24.8002776 ], [ 67.505166, 24.8004134 ], [ 67.50515080000001, 24.800411 ], [ 67.5051444, 24.8004399 ], [ 67.5051305, 24.8004373 ], [ 67.5050952, 24.800661 ], [ 67.5050845, 24.8006596 ], [ 67.5050651, 24.8009919 ], [ 67.5050115, 24.8009893 ], [ 67.5050023, 24.8010477 ], [ 67.5050232, 24.8010504 ], [ 67.5050242, 24.8010468 ], [ 67.5050742, 24.8010571 ], [ 67.505175, 24.8010703 ], [ 67.5051739, 24.8010777 ], [ 67.505283, 24.8011002 ], [ 67.5055842, 24.8011397 ], [ 67.5055807, 24.8011616 ], [ 67.5055841, 24.8011623 ], [ 67.5055746, 24.8012005 ], [ 67.5055403, 24.8014182 ], [ 67.5055213, 24.8014157 ], [ 67.5054771, 24.8015944 ], [ 67.5050797, 24.8015124 ], [ 67.5050788, 24.801516 ], [ 67.5049666, 24.8014916 ], [ 67.5049672, 24.8014892 ], [ 67.5048894, 24.8014785 ], [ 67.504878, 24.8015508 ], [ 67.5048713, 24.8015499 ], [ 67.5047466, 24.8020763 ], [ 67.5046758, 24.8023936 ], [ 67.5046443, 24.8026499 ], [ 67.5046242, 24.8026478 ], [ 67.504619, 24.8026742 ], [ 67.5046134, 24.8026733 ], [ 67.5046125, 24.8026773 ], [ 67.5044127, 24.8026402 ], [ 67.5043326, 24.802627 ], [ 67.5043329, 24.8026254 ], [ 67.5043233, 24.8026236 ], [ 67.5043277, 24.8026038 ], [ 67.504321, 24.8026025 ], [ 67.5044141, 24.8022097 ], [ 67.5044674, 24.8017771 ], [ 67.5044472, 24.8017731 ], [ 67.504359, 24.8017641 ], [ 67.50436, 24.8017559 ], [ 67.5042506, 24.8017343 ], [ 67.504336, 24.8013743 ], [ 67.5043505, 24.801282 ], [ 67.5043576, 24.8012829 ], [ 67.5043632, 24.8012593 ], [ 67.504367, 24.8012172 ], [ 67.5043396, 24.8012137 ], [ 67.5043457, 24.8011753 ], [ 67.504366800000014, 24.8011781 ], [ 67.5043734, 24.8011367 ], [ 67.5043828, 24.8010428 ], [ 67.5044028, 24.8010443 ], [ 67.5044364, 24.8007709 ], [ 67.5044184, 24.8007674 ], [ 67.504366800000014, 24.8007621 ], [ 67.5043674, 24.8007573 ], [ 67.5043578, 24.8007554 ], [ 67.5043782, 24.8006693 ], [ 67.5043858, 24.8006079 ], [ 67.5043926, 24.8006086 ], [ 67.5044061, 24.8005517 ], [ 67.5045339, 24.8005769 ], [ 67.5045614, 24.8004021 ], [ 67.5046148, 24.7998123 ], [ 67.5046844, 24.7998175 ], [ 67.5046875, 24.7997999 ], [ 67.5046469, 24.7997925 ], [ 67.5045799, 24.7997874 ], [ 67.5045805, 24.7997808 ], [ 67.5044671, 24.799764 ], [ 67.5044677, 24.7997605 ], [ 67.5044665, 24.7997592 ], [ 67.5044536, 24.7997568 ], [ 67.5044736, 24.7996662 ], [ 67.5044447, 24.7996622 ], [ 67.5044452, 24.7996589 ], [ 67.5044424, 24.7996584 ], [ 67.5044428, 24.7996564 ], [ 67.504441, 24.7996561 ], [ 67.504457, 24.7995835 ], [ 67.50447250000002, 24.7994853 ], [ 67.5044771, 24.7994859 ] ] ] } },
{ "type": "Feature", "properties": { "lead_id": "pakistan-potential-0041", "cell": "0219_0116", "roof_area_m2": 25799.4545, "kwh_per_kwp_yr": 1631.6247390180959, "est_kwp": 4643.9, "est_gwh_yr": 7.5771, "fixme": "Large roof (25799 m2), no detected PV nearby, modelled 1632 kWh/kWp/yr -- a rooftop SITING OPPORTUNITY, not a detection of existing PV; check imagery to confirm the roof is real, accessible and unshaded before treating it as a genuine lead", "imagery_note": "osm=74.33086,31.45070 | bing=https://www.bing.com/maps?cp=31.45070~74.33086&lvl=19&style=a | google=https://www.google.com/maps/@31.45070,74.33086,200m/data=!3m1!1e3" }, "geometry": { "type": "Polygon", "coordinates": [ [ [ 74.3313845, 31.4497048 ], [ 74.3316499, 31.4501711 ], [ 74.3317101, 31.4502738 ], [ 74.3317089, 31.4502743 ], [ 74.3318781, 31.4505698 ], [ 74.331876, 31.4505706 ], [ 74.3319963, 31.4507818 ], [ 74.3319688, 31.4507933 ], [ 74.3320181, 31.4508798 ], [ 74.3306854, 31.4514377 ], [ 74.3306854, 31.4514391 ], [ 74.3306595, 31.4514498 ], [ 74.330714, 31.4515465 ], [ 74.3306835, 31.4515591 ], [ 74.3306797, 31.4515524 ], [ 74.3306682, 31.4515573 ], [ 74.330652, 31.4515295 ], [ 74.3304809, 31.4516004 ], [ 74.3303028, 31.4516766 ], [ 74.3302664, 31.451614 ], [ 74.3302695, 31.4516127 ], [ 74.3302689, 31.4516116 ], [ 74.3302862, 31.4516045 ], [ 74.3301981, 31.4514481 ], [ 74.3301154, 31.4513015 ], [ 74.3303535, 31.4512011 ], [ 74.330338, 31.451174 ], [ 74.3300993, 31.4512729 ], [ 74.3297265, 31.4506145 ], [ 74.3297074, 31.4506144 ], [ 74.3297077, 31.4505816 ], [ 74.3296963, 31.4505616 ], [ 74.329698, 31.4505609 ], [ 74.3296963, 31.4505579 ], [ 74.3297079, 31.4505531 ], [ 74.3297084, 31.4504901 ], [ 74.329858, 31.4504909 ], [ 74.3300592, 31.4504076 ], [ 74.3300594, 31.4503806 ], [ 74.3301234, 31.450381 ], [ 74.3302265, 31.4503383 ], [ 74.3302271, 31.4502538 ], [ 74.3304275, 31.450255 ], [ 74.330642, 31.4501657 ], [ 74.3306421, 31.450149 ], [ 74.3306523, 31.4501491 ], [ 74.3305746, 31.4500089 ], [ 74.3305802, 31.4500066 ], [ 74.330579, 31.4500044 ], [ 74.3306328, 31.4499821 ], [ 74.3306382, 31.4499908 ], [ 74.3313711, 31.449684 ], [ 74.3313833, 31.4497053 ], [ 74.3313845, 31.4497048 ] ] ] } },
{ "type": "Feature", "properties": { "lead_id": "pakistan-potential-0042", "cell": "0134_0077", "roof_area_m2": 25799.4545, "kwh_per_kwp_yr": 1631.6247390180959, "est_kwp": 4643.9, "est_gwh_yr": 7.5771, "fixme": "Large roof (25799 m2), no detected PV nearby, modelled 1632 kWh/kWp/yr -- a rooftop SITING OPPORTUNITY, not a detection of existing PV; check imagery to confirm the roof is real, accessible and unshaded before treating it as a genuine lead", "imagery_note": "osm=74.33086,31.45070 | bing=https://www.bing.com/maps?cp=31.45070~74.33086&lvl=19&style=a | google=https://www.google.com/maps/@31.45070,74.33086,200m/data=!3m1!1e3" }, "geometry": { "type": "Polygon", "coordinates": [ [ [ 74.3313845, 31.4497048 ], [ 74.3316499, 31.4501711 ], [ 74.3317101, 31.4502738 ], [ 74.3317089, 31.4502743 ], [ 74.3318781, 31.4505698 ], [ 74.331876, 31.4505706 ], [ 74.3319963, 31.4507818 ], [ 74.3319688, 31.4507933 ], [ 74.3320181, 31.4508798 ], [ 74.3306854, 31.4514377 ], [ 74.3306854, 31.4514391 ], [ 74.3306595, 31.4514498 ], [ 74.330714, 31.4515465 ], [ 74.3306835, 31.4515591 ], [ 74.3306797, 31.4515524 ], [ 74.3306682, 31.4515573 ], [ 74.330652, 31.4515295 ], [ 74.3304809, 31.4516004 ], [ 74.3303028, 31.4516766 ], [ 74.3302664, 31.451614 ], [ 74.3302695, 31.4516127 ], [ 74.3302689, 31.4516116 ], [ 74.3302862, 31.4516045 ], [ 74.3301981, 31.4514481 ], [ 74.3301154, 31.4513015 ], [ 74.3303535, 31.4512011 ], [ 74.330338, 31.451174 ], [ 74.3300993, 31.4512729 ], [ 74.3297265, 31.4506145 ], [ 74.3297074, 31.4506144 ], [ 74.3297077, 31.4505816 ], [ 74.3296963, 31.4505616 ], [ 74.329698, 31.4505609 ], [ 74.3296963, 31.4505579 ], [ 74.3297079, 31.4505531 ], [ 74.3297084, 31.4504901 ], [ 74.329858, 31.4504909 ], [ 74.3300592, 31.4504076 ], [ 74.3300594, 31.4503806 ], [ 74.3301234, 31.450381 ], [ 74.3302265, 31.4503383 ], [ 74.3302271, 31.4502538 ], [ 74.3304275, 31.450255 ], [ 74.330642, 31.4501657 ], [ 74.3306421, 31.450149 ], [ 74.3306523, 31.4501491 ], [ 74.3305746, 31.4500089 ], [ 74.3305802, 31.4500066 ], [ 74.330579, 31.4500044 ], [ 74.3306328, 31.4499821 ], [ 74.3306382, 31.4499908 ], [ 74.3313711, 31.449684 ], [ 74.3313833, 31.4497053 ], [ 74.3313845, 31.4497048 ] ] ] } },
{ "type": "Feature", "properties": { "lead_id": "pakistan-potential-0043", "cell": "0123_0070", "roof_area_m2": 24926.2278, "kwh_per_kwp_yr": 1664.9503195763941, "est_kwp": 4486.72, "est_gwh_yr": 7.4702, "fixme": "Large roof (24926 m2), no detected PV nearby, modelled 1665 kWh/kWp/yr -- a rooftop SITING OPPORTUNITY, not a detection of existing PV; check imagery to confirm the roof is real, accessible and unshaded before treating it as a genuine lead", "imagery_note": "osm=73.23549,30.71257 | bing=https://www.bing.com/maps?cp=30.71257~73.23549&lvl=19&style=a | google=https://www.google.com/maps/@30.71257,73.23549,200m/data=!3m1!1e3" }, "geometry": { "type": "Polygon", "coordinates": [ [ [ 73.2348149, 30.7119092 ], [ 73.2348131, 30.7118641 ], [ 73.2348705, 30.7118623 ], [ 73.2348704, 30.711859 ], [ 73.2348637, 30.7118582 ], [ 73.2348686, 30.7118155 ], [ 73.2348655, 30.711741 ], [ 73.2348772, 30.7117406 ], [ 73.2348777, 30.7117361 ], [ 73.234917, 30.7117394 ], [ 73.2350563, 30.7117352 ], [ 73.2350569, 30.7117496 ], [ 73.2353907, 30.7117564 ], [ 73.2357479, 30.7117455 ], [ 73.2357481, 30.7117359 ], [ 73.2357738, 30.7117363 ], [ 73.235774, 30.7117275 ], [ 73.235835, 30.7117284 ], [ 73.2358343, 30.7117114 ], [ 73.2358414, 30.7117112 ], [ 73.2358414, 30.7117099 ], [ 73.235899, 30.7117094 ], [ 73.2358991, 30.7117032 ], [ 73.2359903, 30.7117039 ], [ 73.2359907, 30.7116835 ], [ 73.2360393, 30.7116842 ], [ 73.2360402, 30.7116826 ], [ 73.2360801, 30.7116827 ], [ 73.23608, 30.7116848 ], [ 73.2360886, 30.711685 ], [ 73.2360855, 30.7118371 ], [ 73.2361013, 30.7122241 ], [ 73.2361405, 30.7122247 ], [ 73.2361373, 30.7124047 ], [ 73.2361417, 30.7124048 ], [ 73.2361328, 30.7126514 ], [ 73.2361296, 30.7128287 ], [ 73.2361373, 30.7128288 ], [ 73.2361335, 30.7130103 ], [ 73.2361381, 30.7131223 ], [ 73.2361242, 30.7131226 ], [ 73.2361224, 30.7132224 ], [ 73.2361617, 30.7132235 ], [ 73.2361501, 30.713545 ], [ 73.236049100000017, 30.7135423 ], [ 73.2360488, 30.7135575 ], [ 73.2359015, 30.7135554 ], [ 73.2359006, 30.7135782 ], [ 73.2358553, 30.713577 ], [ 73.2358551, 30.7135868 ], [ 73.2354384, 30.7135811 ], [ 73.2354385, 30.7135777 ], [ 73.2348891, 30.7135629 ], [ 73.2348951, 30.7133961 ], [ 73.234948800000012, 30.7133975 ], [ 73.2349503, 30.7133552 ], [ 73.2349368, 30.7133549 ], [ 73.2349375, 30.7133341 ], [ 73.2348655, 30.7133321 ], [ 73.2348678, 30.713268 ], [ 73.2349534, 30.7132703 ], [ 73.2349552, 30.7132197 ], [ 73.2349921, 30.7132207 ], [ 73.234992600000012, 30.7132064 ], [ 73.2348294, 30.7132008 ], [ 73.2348339, 30.7131024 ], [ 73.2348297, 30.7131023 ], [ 73.2348428, 30.7126979 ], [ 73.2348312, 30.7126976 ], [ 73.2348387, 30.7124896 ], [ 73.234832, 30.7123264 ], [ 73.2348232, 30.7123262 ], [ 73.2348274, 30.7122123 ], [ 73.23482, 30.7120324 ], [ 73.2348508, 30.7120314 ], [ 73.23485, 30.7120118 ], [ 73.2348116, 30.7120109 ], [ 73.2348149, 30.7119092 ] ] ] } },
{ "type": "Feature", "properties": { "lead_id": "pakistan-potential-0044", "cell": "0124_0078", "roof_area_m2": 25452.5056, "kwh_per_kwp_yr": 1614.9639144363168, "est_kwp": 4581.45, "est_gwh_yr": 7.3989, "fixme": "Large roof (25453 m2), no detected PV nearby, modelled 1615 kWh/kWp/yr -- a rooftop SITING OPPORTUNITY, not a detection of existing PV; check imagery to confirm the roof is real, accessible and unshaded before treating it as a genuine lead", "imagery_note": "osm=73.27481,31.58339 | bing=https://www.bing.com/maps?cp=31.58339~73.27481&lvl=19&style=a | google=https://www.google.com/maps/@31.58339,73.27481,200m/data=!3m1!1e3" }, "geometry": { "type": "Polygon", "coordinates": [ [ [ 73.2741657, 31.5828553 ], [ 73.2741343, 31.5827816 ], [ 73.2752819, 31.5824104 ], [ 73.2752823, 31.5824113 ], [ 73.2752885, 31.5824093 ], [ 73.275886, 31.5837665 ], [ 73.2755122, 31.5838871 ], [ 73.2754904, 31.5838378 ], [ 73.2754686, 31.5838449 ], [ 73.2754903, 31.5838942 ], [ 73.2753208, 31.5839489 ], [ 73.27517850000001, 31.5836257 ], [ 73.2751664, 31.5836295 ], [ 73.275315, 31.5839702 ], [ 73.2742935, 31.5842988 ], [ 73.2742872, 31.5842843 ], [ 73.274283600000018, 31.5842854 ], [ 73.2742361, 31.5841761 ], [ 73.2742392, 31.5841751 ], [ 73.2737884, 31.5831541 ], [ 73.2737923, 31.5831529 ], [ 73.273693, 31.5829237 ], [ 73.2738122, 31.5828859 ], [ 73.2738706, 31.5830206 ], [ 73.2738133, 31.5830388 ], [ 73.2738541, 31.5831328 ], [ 73.2741555, 31.583035 ], [ 73.2740875, 31.582880500000012 ], [ 73.2741657, 31.5828553 ] ] ] } },
{ "type": "Feature", "properties": { "lead_id": "pakistan-potential-0045", "cell": "0120_0086", "roof_area_m2": 24730.733, "kwh_per_kwp_yr": 1655.9887634794584, "est_kwp": 4451.53, "est_gwh_yr": 7.3717, "fixme": "Large roof (24731 m2), no detected PV nearby, modelled 1656 kWh/kWp/yr -- a rooftop SITING OPPORTUNITY, not a detection of existing PV; check imagery to confirm the roof is real, accessible and unshaded before treating it as a genuine lead", "imagery_note": "osm=72.87846,32.30831 | bing=https://www.bing.com/maps?cp=32.30831~72.87846&lvl=19&style=a | google=https://www.google.com/maps/@32.30831,72.87846,200m/data=!3m1!1e3" }, "geometry": { "type": "Polygon", "coordinates": [ [ [ 72.879670613024601, 32.307394254375403 ], [ 72.879485336279103, 32.307515099370001 ], [ 72.879867849256897, 32.3079380786969 ], [ 72.877710869176994, 32.309344906489898 ], [ 72.877636393938403, 32.309262550569102 ], [ 72.877600442308193, 32.309285998266006 ], [ 72.877060287934597, 32.308688681014701 ], [ 72.879046776860903, 32.307393060013403 ], [ 72.879154109696998, 32.307511749322401 ], [ 72.879545821278001, 32.307256260074503 ], [ 72.879670613024601, 32.307394254375403 ] ] ] } },
{ "type": "Feature", "properties": { "lead_id": "pakistan-potential-0046", "cell": "0120_0085", "roof_area_m2": 24730.733, "kwh_per_kwp_yr": 1655.9887634794584, "est_kwp": 4451.53, "est_gwh_yr": 7.3717, "fixme": "Large roof (24731 m2), no detected PV nearby, modelled 1656 kWh/kWp/yr -- a rooftop SITING OPPORTUNITY, not a detection of existing PV; check imagery to confirm the roof is real, accessible and unshaded before treating it as a genuine lead", "imagery_note": "osm=72.87846,32.30831 | bing=https://www.bing.com/maps?cp=32.30831~72.87846&lvl=19&style=a | google=https://www.google.com/maps/@32.30831,72.87846,200m/data=!3m1!1e3" }, "geometry": { "type": "Polygon", "coordinates": [ [ [ 72.879670613024601, 32.307394254375403 ], [ 72.879485336279103, 32.307515099370001 ], [ 72.879867849256897, 32.3079380786969 ], [ 72.877710869176994, 32.309344906489898 ], [ 72.877636393938403, 32.309262550569102 ], [ 72.877600442308193, 32.309285998266006 ], [ 72.877060287934597, 32.308688681014701 ], [ 72.879046776860903, 32.307393060013403 ], [ 72.879154109696998, 32.307511749322401 ], [ 72.879545821278001, 32.307256260074503 ], [ 72.879670613024601, 32.307394254375403 ] ] ] } },
{ "type": "Feature", "properties": { "lead_id": "pakistan-potential-0047", "cell": "0106_0102", "roof_area_m2": 24584.431, "kwh_per_kwp_yr": 1663.6192350844067, "est_kwp": 4425.2, "est_gwh_yr": 7.3618, "fixme": "Large roof (24584 m2), no detected PV nearby, modelled 1664 kWh/kWp/yr -- a rooftop SITING OPPORTUNITY, not a detection of existing PV; check imagery to confirm the roof is real, accessible and unshaded before treating it as a genuine lead", "imagery_note": "osm=71.44964,33.99228 | bing=https://www.bing.com/maps?cp=33.99228~71.44964&lvl=19&style=a | google=https://www.google.com/maps/@33.99228,71.44964,200m/data=!3m1!1e3" }, "geometry": { "type": "Polygon", "coordinates": [ [ [ 71.4500753, 33.9918173 ], [ 71.450039, 33.9918191 ], [ 71.4500498, 33.9919708 ], [ 71.4499803, 33.9919745 ], [ 71.4499808, 33.991982299999989 ], [ 71.4500444, 33.9919792 ], [ 71.4500446, 33.9919824 ], [ 71.4501912, 33.9919746 ], [ 71.4501922, 33.9919871 ], [ 71.4503527, 33.9919794 ], [ 71.4503593, 33.9920745 ], [ 71.4503907, 33.992073 ], [ 71.4503932, 33.9921084 ], [ 71.4503617, 33.99210990000001 ], [ 71.450364, 33.9921428 ], [ 71.4502046, 33.9921505 ], [ 71.4502048, 33.9921531 ], [ 71.4500643, 33.9921605 ], [ 71.4500754, 33.9923068 ], [ 71.4501125, 33.9923048 ], [ 71.4501139, 33.9923224 ], [ 71.4501939, 33.9923182 ], [ 71.4501941, 33.9923207 ], [ 71.4502076, 33.99232 ], [ 71.4502202, 33.9924894 ], [ 71.450207, 33.9924901 ], [ 71.450208, 33.9925039 ], [ 71.4500909, 33.99251 ], [ 71.4501077, 33.9927299 ], [ 71.4500872, 33.992731 ], [ 71.4500887, 33.9927506 ], [ 71.450394, 33.9927356 ], [ 71.4503825, 33.9925737 ], [ 71.4503936, 33.9925731 ], [ 71.4503747, 33.9922989 ], [ 71.4512187, 33.9922586 ], [ 71.4512314, 33.992443 ], [ 71.4511903, 33.9924449 ], [ 71.4511914, 33.9924613 ], [ 71.4511872, 33.9924615 ], [ 71.4511873, 33.9924627 ], [ 71.4508542, 33.9924802 ], [ 71.4508693, 33.9926851 ], [ 71.4509266, 33.9926821 ], [ 71.450927, 33.9926879 ], [ 71.4509293, 33.9926878 ], [ 71.4509486, 33.9929682 ], [ 71.4511167, 33.9929593 ], [ 71.4511138, 33.9929214 ], [ 71.4510684, 33.9929236 ], [ 71.4510614, 33.9928221 ], [ 71.4510602, 33.9928221 ], [ 71.4510595, 33.9928124 ], [ 71.450985, 33.9928163 ], [ 71.4509747, 33.99267960000001 ], [ 71.4512028, 33.9926676 ], [ 71.4512033, 33.99267480000001 ], [ 71.4512061, 33.9926746 ], [ 71.4512318, 33.9930488 ], [ 71.4512375, 33.9930487 ], [ 71.4512388, 33.9930941 ], [ 71.4512377, 33.9930941 ], [ 71.4512378, 33.9930991 ], [ 71.450738, 33.993109 ], [ 71.4505042, 33.9931213 ], [ 71.450504, 33.9931184 ], [ 71.450417, 33.9931225 ], [ 71.450417, 33.9931239 ], [ 71.4503418, 33.9931261 ], [ 71.450319, 33.992795 ], [ 71.4502931, 33.9927963 ], [ 71.4502917, 33.9927767 ], [ 71.4500934, 33.9927865 ], [ 71.4501021, 33.9929127 ], [ 71.4501008, 33.9929128 ], [ 71.450101, 33.9929158 ], [ 71.4499528, 33.9929234 ], [ 71.4499525, 33.9929198 ], [ 71.4499401, 33.9929204 ], [ 71.4499377, 33.992885 ], [ 71.4496533, 33.9928994 ], [ 71.449672, 33.9931535 ], [ 71.4496708, 33.9931536 ], [ 71.4496711, 33.9931581 ], [ 71.449564, 33.9931632 ], [ 71.4495682, 33.993224 ], [ 71.4493847, 33.9932327 ], [ 71.4493803, 33.9931686 ], [ 71.4493777, 33.9931687 ], [ 71.4493743, 33.9931227 ], [ 71.44929, 33.99312350000001 ], [ 71.4491598, 33.9931298 ], [ 71.4491595, 33.9931248 ], [ 71.4490202, 33.993132 ], [ 71.4490203, 33.993139 ], [ 71.4488859, 33.9931408 ], [ 71.4488859, 33.9931418 ], [ 71.4487946, 33.9931436 ], [ 71.4486021, 33.9931536 ], [ 71.448601600000018, 33.9931475 ], [ 71.448599200000018, 33.9931476 ], [ 71.4485979, 33.9931012 ], [ 71.4485763, 33.9928079 ], [ 71.4486473, 33.9928043 ], [ 71.4486455, 33.9927813 ], [ 71.4486232, 33.9927825 ], [ 71.4486223, 33.9927701 ], [ 71.4486207, 33.9927702 ], [ 71.4486191, 33.9927485 ], [ 71.4485733, 33.9927508 ], [ 71.4485699, 33.9927044 ], [ 71.4486158, 33.9927021 ], [ 71.4486132, 33.9926656 ], [ 71.4486169, 33.9926654 ], [ 71.4486159, 33.9926519 ], [ 71.4486356, 33.9926509 ], [ 71.4486233, 33.9924892 ], [ 71.4486297, 33.9924889 ], [ 71.4486295, 33.9924865 ], [ 71.4488646, 33.9924748 ], [ 71.4488647, 33.9924764 ], [ 71.4491098, 33.9924635 ], [ 71.4491072, 33.9924254 ], [ 71.4491367, 33.9924239 ], [ 71.4491329, 33.9923648 ], [ 71.4492045, 33.9923613 ], [ 71.4491858, 33.9921172 ], [ 71.4491773, 33.9921177 ], [ 71.4491718, 33.9920427 ], [ 71.4491801, 33.9920422 ], [ 71.449158, 33.9917525 ], [ 71.4490868, 33.9917558 ], [ 71.4490771, 33.9916356 ], [ 71.4491064, 33.991634 ], [ 71.4491061, 33.99163 ], [ 71.4491473, 33.9916285 ], [ 71.4491272, 33.9913447 ], [ 71.4491295, 33.9913446 ], [ 71.4491294, 33.9913427 ], [ 71.4491322, 33.9913425 ], [ 71.4491322, 33.9913412 ], [ 71.4493064, 33.991333 ], [ 71.4493071, 33.9913358 ], [ 71.4493121, 33.9913356 ], [ 71.4493143, 33.9913671 ], [ 71.4493675, 33.9913644 ], [ 71.4493658, 33.9913329 ], [ 71.4493671, 33.9913325 ], [ 71.4493669, 33.9913297 ], [ 71.4494453, 33.9913254 ], [ 71.4494456, 33.9913296 ], [ 71.4494487, 33.9913295 ], [ 71.4494503, 33.9913601 ], [ 71.4495064, 33.9913571 ], [ 71.4495065, 33.9913588 ], [ 71.4495164, 33.9913582 ], [ 71.4495165, 33.9913596 ], [ 71.4495186, 33.9913595 ], [ 71.4495275, 33.9914986 ], [ 71.4495261, 33.9914996 ], [ 71.4494777, 33.9915014 ], [ 71.4494799, 33.9915331 ], [ 71.4494617, 33.991534 ], [ 71.4494596, 33.9915351 ], [ 71.4494598, 33.9915375 ], [ 71.4493229, 33.99154260000001 ], [ 71.4491884, 33.99155 ], [ 71.4491925, 33.9916268 ], [ 71.4492599, 33.9916243 ], [ 71.4492611, 33.9916264 ], [ 71.4492639, 33.9916263 ], [ 71.449272300000018, 33.9917464 ], [ 71.4492663, 33.9917467 ], [ 71.4492664, 33.9917477 ], [ 71.4492019, 33.9917501 ], [ 71.4492033, 33.9917689 ], [ 71.4496327, 33.9917477 ], [ 71.4496321, 33.99174 ], [ 71.4496309, 33.99174 ], [ 71.4496244, 33.9916323 ], [ 71.4496295, 33.991632 ], [ 71.4496295, 33.9916285 ], [ 71.4497149, 33.9916278 ], [ 71.4497583, 33.9916256 ], [ 71.4497524, 33.9915486 ], [ 71.4497547, 33.9915485 ], [ 71.4497546, 33.9915469 ], [ 71.4497576, 33.9915467 ], [ 71.4497575, 33.9915389 ], [ 71.4498531, 33.991538 ], [ 71.4498423, 33.9913964 ], [ 71.4498469, 33.9913962 ], [ 71.4498467, 33.9913937 ], [ 71.449848, 33.9913936 ], [ 71.4498478, 33.9913902 ], [ 71.4498563, 33.9913898 ], [ 71.4498552, 33.9913049 ], [ 71.4499227, 33.9913043 ], [ 71.4501674, 33.9912914 ], [ 71.4501676, 33.9912934 ], [ 71.4501883, 33.9912924 ], [ 71.4502195, 33.9917212 ], [ 71.4499292, 33.9917358 ], [ 71.4499292, 33.9917374 ], [ 71.4499224, 33.9917375 ], [ 71.4499245, 33.9917675 ], [ 71.4502025, 33.9917529 ], [ 71.4502027, 33.991755 ], [ 71.4502211, 33.9917541 ], [ 71.4502251, 33.9918099 ], [ 71.4501788, 33.9918122 ], [ 71.4501832, 33.991869800000011 ], [ 71.4500798, 33.9918753 ], [ 71.4500753, 33.9918173 ] ], [ [ 71.4499372, 33.9920013 ], [ 71.4499364, 33.991989 ], [ 71.449927, 33.9918662 ], [ 71.4498591, 33.9918698 ], [ 71.4498586, 33.9918629 ], [ 71.449843, 33.99186370000001 ], [ 71.4498405, 33.9918289 ], [ 71.4496391, 33.991838799999989 ], [ 71.4496352, 33.991783 ], [ 71.4492765, 33.9918018 ], [ 71.4492907, 33.9919886 ], [ 71.4492991, 33.9919882 ], [ 71.4493107, 33.992157 ], [ 71.4493936, 33.9921527 ], [ 71.4493901, 33.9921067 ], [ 71.4493674, 33.9921079 ], [ 71.4493614, 33.9920297 ], [ 71.4494887, 33.9920234 ], [ 71.4494955, 33.9921135 ], [ 71.449698, 33.9921031 ], [ 71.4496914, 33.9920162 ], [ 71.4497005, 33.9920153 ], [ 71.4497002, 33.9920106 ], [ 71.4498113, 33.9920053 ], [ 71.4498116, 33.9920096 ], [ 71.4498766, 33.9920062 ], [ 71.4498765, 33.9920043 ], [ 71.4499372, 33.9920013 ] ] ] } },
{ "type": "Feature", "properties": { "lead_id": "pakistan-potential-0048", "cell": "0059_0014", "roof_area_m2": 23332.5489, "kwh_per_kwp_yr": 1749.1447313177641, "est_kwp": 4199.86, "est_gwh_yr": 7.3462, "fixme": "Large roof (23333 m2), no detected PV nearby, modelled 1749 kWh/kWp/yr -- a rooftop SITING OPPORTUNITY, not a detection of existing PV; check imagery to confirm the roof is real, accessible and unshaded before treating it as a genuine lead", "imagery_note": "osm=66.78263,25.15492 | bing=https://www.bing.com/maps?cp=25.15492~66.78263&lvl=19&style=a | google=https://www.google.com/maps/@25.15492,66.78263,200m/data=!3m1!1e3" }, "geometry": { "type": "Polygon", "coordinates": [ [ [ 66.7845398, 25.1546321 ], [ 66.7845432, 25.154654 ], [ 66.7846343, 25.1546455 ], [ 66.7846392, 25.1546882 ], [ 66.7846454, 25.1547288 ], [ 66.7846438, 25.154729 ], [ 66.7846441, 25.1547317 ], [ 66.7845631, 25.1547393 ], [ 66.7845195, 25.1547448 ], [ 66.7845193, 25.154753 ], [ 66.7845203, 25.154753 ], [ 66.784513300000015, 25.1550874 ], [ 66.7845141, 25.1551507 ], [ 66.7845049, 25.1551509 ], [ 66.7845046, 25.155166 ], [ 66.7844906, 25.1551662 ], [ 66.7844905, 25.1551704 ], [ 66.7839399, 25.1551608 ], [ 66.7836551, 25.1551658 ], [ 66.7836549, 25.1551558 ], [ 66.7833992, 25.1551514 ], [ 66.7833989, 25.1551626 ], [ 66.7830739, 25.155156 ], [ 66.783074, 25.1551497 ], [ 66.7828686, 25.1551428 ], [ 66.7824147, 25.1551362 ], [ 66.7824139, 25.1551274 ], [ 66.7821525, 25.1551186 ], [ 66.7819553, 25.1551145 ], [ 66.7816321, 25.1551207 ], [ 66.7816321, 25.1551197 ], [ 66.7816171, 25.1551199 ], [ 66.7816168, 25.1551076 ], [ 66.7813984, 25.1551032 ], [ 66.7809559, 25.1551129 ], [ 66.7809562, 25.1551304 ], [ 66.7809164, 25.155131 ], [ 66.7809166, 25.1551364 ], [ 66.7807318, 25.1551404 ], [ 66.7807316, 25.1551339 ], [ 66.7807278, 25.155134 ], [ 66.7807271, 25.1550957 ], [ 66.780753, 25.1550953 ], [ 66.7807428, 25.1546784 ], [ 66.7807191, 25.1546788 ], [ 66.7807168, 25.1545591 ], [ 66.7810569, 25.1545537 ], [ 66.781348300000019, 25.1545473 ], [ 66.7813484, 25.1545491 ], [ 66.7813733, 25.1545487 ], [ 66.7813737, 25.1545663 ], [ 66.781606300000021, 25.1545741 ], [ 66.7818347, 25.1545705 ], [ 66.781835, 25.1545636 ], [ 66.7819731, 25.1545683 ], [ 66.7821691, 25.154564 ], [ 66.7821692, 25.1545652 ], [ 66.7821713, 25.1545652 ], [ 66.7821715, 25.154575 ], [ 66.7823061, 25.1545795 ], [ 66.7823056, 25.1545903 ], [ 66.7828306, 25.154601 ], [ 66.7828308, 25.1545901 ], [ 66.7829397, 25.154592 ], [ 66.7829397, 25.1545905 ], [ 66.7836837, 25.1546013 ], [ 66.7837419, 25.1546002 ], [ 66.7837419, 25.1546021 ], [ 66.7837794, 25.1546026 ], [ 66.7837793, 25.1546067 ], [ 66.7840535, 25.1546115 ], [ 66.7840527, 25.1546483 ], [ 66.7840978, 25.154649 ], [ 66.7841727, 25.1546477 ], [ 66.7841731, 25.1546227 ], [ 66.7841849, 25.1546229 ], [ 66.7841844, 25.1546475 ], [ 66.7841939, 25.1546473 ], [ 66.7841941, 25.1546396 ], [ 66.784415, 25.1546435 ], [ 66.7844808, 25.1546423 ], [ 66.784481, 25.1546272 ], [ 66.784514, 25.1546276 ], [ 66.7845139, 25.1546354 ], [ 66.7845398, 25.1546321 ] ] ] } },
{ "type": "Feature", "properties": { "lead_id": "pakistan-potential-0049", "cell": "0135_0080", "roof_area_m2": 25005.0849, "kwh_per_kwp_yr": 1630.9478162728415, "est_kwp": 4500.92, "est_gwh_yr": 7.3408, "fixme": "Large roof (25005 m2), no detected PV nearby, modelled 1631 kWh/kWp/yr -- a rooftop SITING OPPORTUNITY, not a detection of existing PV; check imagery to confirm the roof is real, accessible and unshaded before treating it as a genuine lead", "imagery_note": "osm=74.38384,31.71844 | bing=https://www.bing.com/maps?cp=31.71844~74.38384&lvl=19&style=a | google=https://www.google.com/maps/@31.71844,74.38384,200m/data=!3m1!1e3" }, "geometry": { "type": "Polygon", "coordinates": [ [ [ 74.3847283, 31.7177634 ], [ 74.3847242, 31.7191298 ], [ 74.3846751, 31.7191297 ], [ 74.3846751, 31.719111 ], [ 74.3829609, 31.7191073 ], [ 74.3829649, 31.7177596 ], [ 74.3847283, 31.7177634 ] ] ] } },
{ "type": "Feature", "properties": { "lead_id": "pakistan-potential-0050", "cell": "0110_0066", "roof_area_m2": 23921.3534, "kwh_per_kwp_yr": 1696.0695800105962, "est_kwp": 4305.84, "est_gwh_yr": 7.303, "fixme": "Large roof (23921 m2), no detected PV nearby, modelled 1696 kWh/kWp/yr -- a rooftop SITING OPPORTUNITY, not a detection of existing PV; check imagery to confirm the roof is real, accessible and unshaded before treating it as a genuine lead", "imagery_note": "osm=71.88509,30.36385 | bing=https://www.bing.com/maps?cp=30.36385~71.88509&lvl=19&style=a | google=https://www.google.com/maps/@30.36385,71.88509,200m/data=!3m1!1e3" }, "geometry": { "type": "Polygon", "coordinates": [ [ [ 71.8853728, 30.3631858 ], [ 71.8853731, 30.3632557 ], [ 71.88538, 30.3632557 ], [ 71.8853806, 30.3633731 ], [ 71.8855777, 30.3633733 ], [ 71.8855777, 30.3633826 ], [ 71.8857057, 30.3633822 ], [ 71.885705800000011, 30.3633979 ], [ 71.8861181, 30.3633983 ], [ 71.8861181, 30.3634173 ], [ 71.8861405, 30.3634174 ], [ 71.8861403, 30.3635598 ], [ 71.8861179, 30.3635598 ], [ 71.8861174, 30.3639116 ], [ 71.8861197, 30.3639116 ], [ 71.8861172, 30.3640753 ], [ 71.886117, 30.3642516 ], [ 71.8861154, 30.3642516 ], [ 71.8861133, 30.3643297 ], [ 71.8860499, 30.3643289 ], [ 71.8860498, 30.3643636 ], [ 71.8860459, 30.3643636 ], [ 71.8860456, 30.3643831 ], [ 71.8860208, 30.3643828 ], [ 71.8860204, 30.364405800000011 ], [ 71.8859343, 30.3644048 ], [ 71.8859333, 30.3645601 ], [ 71.8859319, 30.3645601 ], [ 71.8859317, 30.364573 ], [ 71.8856152, 30.3645693 ], [ 71.8856151, 30.3645802 ], [ 71.8851815, 30.3645787 ], [ 71.8851816, 30.3645643 ], [ 71.8842052, 30.36455740000001 ], [ 71.8842068, 30.3643662 ], [ 71.8842106, 30.3643662 ], [ 71.8842107, 30.3643617 ], [ 71.88422540000002, 30.3643619 ], [ 71.8842282, 30.3641797 ], [ 71.8842293, 30.3634138 ], [ 71.8842126, 30.3634137 ], [ 71.8842127, 30.3633719 ], [ 71.8842391, 30.3633719 ], [ 71.8842391, 30.3633651 ], [ 71.8849236, 30.363368 ], [ 71.8849236, 30.3633726 ], [ 71.8851755, 30.3633729 ], [ 71.8851747, 30.3631864 ], [ 71.8853728, 30.3631858 ] ], [ [ 71.8859372, 30.3638888 ], [ 71.8859372, 30.3638913 ], [ 71.8858798, 30.3638912 ], [ 71.8858798, 30.3639088 ], [ 71.8860494, 30.3639106 ], [ 71.8860493, 30.3638914 ], [ 71.8860435, 30.3638914 ], [ 71.8860437, 30.3637447 ], [ 71.8859449, 30.363745 ], [ 71.8859439, 30.3638122 ], [ 71.8859442, 30.3638888 ], [ 71.8859372, 30.3638888 ] ] ] } },
{ "type": "Feature", "properties": { "lead_id": "pakistan-potential-0051", "cell": "0132_0079", "roof_area_m2": 25087.9201, "kwh_per_kwp_yr": 1609.0871519706402, "est_kwp": 4515.83, "est_gwh_yr": 7.2664, "fixme": "Large roof (25088 m2), no detected PV nearby, modelled 1609 kWh/kWp/yr -- a rooftop SITING OPPORTUNITY, not a detection of existing PV; check imagery to confirm the roof is real, accessible and unshaded before treating it as a genuine lead", "imagery_note": "osm=74.08533,31.69166 | bing=https://www.bing.com/maps?cp=31.69166~74.08533&lvl=19&style=a | google=https://www.google.com/maps/@31.69166,74.08533,200m/data=!3m1!1e3" }, "geometry": { "type": "Polygon", "coordinates": [ [ [ 74.0858696, 31.692704 ], [ 74.0858698, 31.6927054 ], [ 74.0858219, 31.6927092 ], [ 74.0858257, 31.692744 ], [ 74.0848318, 31.692823 ], [ 74.0848313, 31.6928207 ], [ 74.0848293, 31.6928209 ], [ 74.0847937, 31.6924881 ], [ 74.0847504, 31.6921133 ], [ 74.0847537, 31.692113 ], [ 74.0847276, 31.6918667 ], [ 74.0847184, 31.6918672 ], [ 74.0846838, 31.691461 ], [ 74.08466, 31.6912424 ], [ 74.0846159, 31.6912461 ], [ 74.0845877, 31.6909715 ], [ 74.0845891, 31.6909714 ], [ 74.084577, 31.6908476 ], [ 74.0846175, 31.6908447 ], [ 74.0846295, 31.6909682 ], [ 74.0846399, 31.6909674 ], [ 74.0846279, 31.690844 ], [ 74.0846453, 31.6908428 ], [ 74.0846422, 31.6908061 ], [ 74.0848655, 31.6907903 ], [ 74.084860300000017, 31.6907371 ], [ 74.0851236, 31.6907184 ], [ 74.085124, 31.6907224 ], [ 74.0851257, 31.6907223 ], [ 74.085133, 31.690808 ], [ 74.0852954, 31.6907964 ], [ 74.0852881, 31.6907067 ], [ 74.0856077, 31.6906839 ], [ 74.0856085, 31.6906923 ], [ 74.0856209, 31.6906915 ], [ 74.0856086, 31.6906932 ], [ 74.0856164, 31.6907735 ], [ 74.085709, 31.6907669 ], [ 74.0857261, 31.6909424 ], [ 74.0858564, 31.6909331 ], [ 74.085859, 31.6909599 ], [ 74.0858731, 31.6909588 ], [ 74.0859104, 31.6913012 ], [ 74.0859206, 31.6913005 ], [ 74.0859745, 31.691854 ], [ 74.0859106, 31.6918587 ], [ 74.0859196, 31.6919423 ], [ 74.0858619, 31.6919469 ], [ 74.0858681, 31.6920043 ], [ 74.0858351, 31.6920069 ], [ 74.0858982, 31.6925877 ], [ 74.085896700000021, 31.6925878 ], [ 74.0859016, 31.6926341 ], [ 74.0858641, 31.692637 ], [ 74.0858713, 31.6927038 ], [ 74.0858696, 31.692704 ] ] ] } },
{ "type": "Feature", "properties": { "lead_id": "pakistan-potential-0052", "cell": "0103_0064", "roof_area_m2": 23567.602, "kwh_per_kwp_yr": 1705.7767845605563, "est_kwp": 4242.17, "est_gwh_yr": 7.2362, "fixme": "Large roof (23568 m2), no detected PV nearby, modelled 1706 kWh/kWp/yr -- a rooftop SITING OPPORTUNITY, not a detection of existing PV; check imagery to confirm the roof is real, accessible and unshaded before treating it as a genuine lead", "imagery_note": "osm=71.21912,30.11507 | bing=https://www.bing.com/maps?cp=30.11507~71.21912&lvl=19&style=a | google=https://www.google.com/maps/@30.11507,71.21912,200m/data=!3m1!1e3" }, "geometry": { "type": "Polygon", "coordinates": [ [ [ 71.2198144, 30.1146882 ], [ 71.2198131, 30.1146883 ], [ 71.2198189, 30.1151811 ], [ 71.2198247, 30.1155216 ], [ 71.2198228, 30.1155216 ], [ 71.2198229, 30.1155261 ], [ 71.2198142, 30.1155262 ], [ 71.219818, 30.1159376 ], [ 71.2198177, 30.1159408 ], [ 71.2192303, 30.1159445 ], [ 71.2192303, 30.1159428 ], [ 71.2186683, 30.1159478 ], [ 71.2186682, 30.1159437 ], [ 71.2186658, 30.1159437 ], [ 71.2186658, 30.1159416 ], [ 71.218657300000018, 30.1159417 ], [ 71.2186559, 30.1158498 ], [ 71.2186202, 30.1158501 ], [ 71.2186201, 30.1158462 ], [ 71.21861, 30.1158463 ], [ 71.2186096, 30.1158117 ], [ 71.218533900000011, 30.1158125 ], [ 71.218533900000011, 30.1158092 ], [ 71.2185312, 30.1158092 ], [ 71.2185306, 30.1157599 ], [ 71.218481, 30.1157603 ], [ 71.2184809, 30.1157554 ], [ 71.2184794, 30.1157554 ], [ 71.2184789, 30.115719 ], [ 71.2184308, 30.1157192 ], [ 71.2184227, 30.115133 ], [ 71.2184239, 30.115133 ], [ 71.2184224, 30.1150022 ], [ 71.2186379, 30.1150003 ], [ 71.2186337, 30.1146384 ], [ 71.2186377, 30.1146384 ], [ 71.2186368, 30.1145597 ], [ 71.2184231, 30.1145616 ], [ 71.2184197, 30.1142746 ], [ 71.218423800000011, 30.1142746 ], [ 71.2184237, 30.1142714 ], [ 71.21895, 30.114264 ], [ 71.2189501, 30.1142699 ], [ 71.2198081, 30.1142623 ], [ 71.219809, 30.1142679 ], [ 71.2198103, 30.1142678 ], [ 71.2198105, 30.1144087 ], [ 71.219813, 30.1146768 ], [ 71.2198144, 30.1146882 ] ] ] } },
{ "type": "Feature", "properties": { "lead_id": "pakistan-potential-0053", "cell": "0132_0079", "roof_area_m2": 25003.5605, "kwh_per_kwp_yr": 1607.2390970377903, "est_kwp": 4500.64, "est_gwh_yr": 7.2336, "fixme": "Large roof (25004 m2), no detected PV nearby, modelled 1607 kWh/kWp/yr -- a rooftop SITING OPPORTUNITY, not a detection of existing PV; check imagery to confirm the roof is real, accessible and unshaded before treating it as a genuine lead", "imagery_note": "osm=74.05956,31.69195 | bing=https://www.bing.com/maps?cp=31.69195~74.05956&lvl=19&style=a | google=https://www.google.com/maps/@31.69195,74.05956,200m/data=!3m1!1e3" }, "geometry": { "type": "Polygon", "coordinates": [ [ [ 74.0592492, 31.6926845 ], [ 74.0592497, 31.6926492 ], [ 74.059256, 31.6926493 ], [ 74.0592576, 31.6926407 ], [ 74.059344, 31.6926527 ], [ 74.0593578, 31.6926528 ], [ 74.0593571, 31.6925787 ], [ 74.0593825, 31.6925785 ], [ 74.0593941, 31.6916754 ], [ 74.059388, 31.6916754 ], [ 74.059388, 31.6916725 ], [ 74.059383900000014, 31.6916725 ], [ 74.0593893, 31.6913281 ], [ 74.0593132, 31.6913269 ], [ 74.0593178, 31.6910009 ], [ 74.0592804, 31.6910004 ], [ 74.059285, 31.6907088 ], [ 74.0592863, 31.6907088 ], [ 74.0592863, 31.6907048 ], [ 74.0594524, 31.6907061 ], [ 74.0594524, 31.6907107 ], [ 74.0595785, 31.6907122 ], [ 74.0595775, 31.6907782 ], [ 74.0595891, 31.6907783 ], [ 74.0595887, 31.6908086 ], [ 74.0595997, 31.6908087 ], [ 74.059597, 31.6909773 ], [ 74.0597101, 31.6909786 ], [ 74.0597102, 31.6909734 ], [ 74.0598692, 31.6909756 ], [ 74.0598701, 31.6909208 ], [ 74.0596201, 31.6909185 ], [ 74.0596219, 31.6907786 ], [ 74.0596424, 31.6907788 ], [ 74.0596459, 31.6905551 ], [ 74.0596633, 31.6905553 ], [ 74.059666, 31.6903835 ], [ 74.0597211, 31.6903841 ], [ 74.0597214, 31.6903678 ], [ 74.0598095, 31.690369 ], [ 74.0598092, 31.6903852 ], [ 74.0602358, 31.6903901 ], [ 74.0602371, 31.6903144 ], [ 74.060363200000012, 31.690316 ], [ 74.060360800000012, 31.6904719 ], [ 74.0603943, 31.6904723 ], [ 74.0603936, 31.6905121 ], [ 74.0603601, 31.6905123 ], [ 74.0603593, 31.6905642 ], [ 74.0607946, 31.69057 ], [ 74.0607932, 31.690644 ], [ 74.0608717, 31.6906451 ], [ 74.0608679, 31.6908513 ], [ 74.0608541, 31.6908511 ], [ 74.060854, 31.6908569 ], [ 74.0608297, 31.6908567 ], [ 74.0608242, 31.6911808 ], [ 74.0609062, 31.6911815 ], [ 74.060906100000011, 31.6911903 ], [ 74.0609074, 31.6911903 ], [ 74.060906, 31.691263 ], [ 74.0609053, 31.6912647 ], [ 74.060756, 31.6912635 ], [ 74.0607519, 31.6914798 ], [ 74.0607281, 31.6914795 ], [ 74.060726, 31.691592 ], [ 74.0605559, 31.6915897 ], [ 74.060553, 31.691815 ], [ 74.0605487, 31.691815 ], [ 74.0605487, 31.6918173 ], [ 74.0597394, 31.6918103 ], [ 74.0597358, 31.6920886 ], [ 74.0596052, 31.6920874 ], [ 74.059603, 31.6922561 ], [ 74.0596518, 31.6922565 ], [ 74.0596498, 31.6924173 ], [ 74.0596513, 31.6925767 ], [ 74.0596951, 31.6925764 ], [ 74.0596952, 31.6925821 ], [ 74.0597021, 31.6925822 ], [ 74.0596993, 31.6927967 ], [ 74.0596972, 31.6927967 ], [ 74.0597051, 31.6936392 ], [ 74.0594756, 31.6936408 ], [ 74.0594655, 31.6930237 ], [ 74.0594697, 31.6930237 ], [ 74.0594696, 31.6930112 ], [ 74.0593612, 31.6930119 ], [ 74.0593612, 31.6930076 ], [ 74.0593568, 31.6930076 ], [ 74.0593591, 31.6927935 ], [ 74.0593584, 31.6927716 ], [ 74.0593533, 31.6927716 ], [ 74.059353, 31.6927733 ], [ 74.0593396, 31.6927714 ], [ 74.0592481, 31.6927706 ], [ 74.0592483, 31.6927587 ], [ 74.0592354, 31.6927569 ], [ 74.0592492, 31.6926845 ] ] ] } },
{ "type": "Feature", "properties": { "lead_id": "pakistan-potential-0054", "cell": "0131_0079", "roof_area_m2": 24870.3463, "kwh_per_kwp_yr": 1600.162820713439, "est_kwp": 4476.66, "est_gwh_yr": 7.1634, "fixme": "Large roof (24870 m2), no detected PV nearby, modelled 1600 kWh/kWp/yr -- a rooftop SITING OPPORTUNITY, not a detection of existing PV; check imagery to confirm the roof is real, accessible and unshaded before treating it as a genuine lead", "imagery_note": "osm=73.94240,31.66626 | bing=https://www.bing.com/maps?cp=31.66626~73.94240&lvl=19&style=a | google=https://www.google.com/maps/@31.66626,73.94240,200m/data=!3m1!1e3" }, "geometry": { "type": "Polygon", "coordinates": [ [ [ 73.9414568, 31.6661192 ], [ 73.9414538, 31.666104 ], [ 73.9414888, 31.6660989 ], [ 73.9414697, 31.6660035 ], [ 73.9428221, 31.6658058 ], [ 73.9428408, 31.6658998 ], [ 73.94285, 31.6658999 ], [ 73.942953, 31.6658848 ], [ 73.9429531, 31.6658777 ], [ 73.9429418, 31.6658048 ], [ 73.9429488, 31.665804 ], [ 73.9429455, 31.6657878 ], [ 73.9430908, 31.6657665 ], [ 73.9431099, 31.6658619 ], [ 73.9431914, 31.6658499 ], [ 73.9431675, 31.6657306 ], [ 73.9431937, 31.6657268 ], [ 73.9431936, 31.6657258 ], [ 73.9432087, 31.6657241 ], [ 73.9432089, 31.6657081 ], [ 73.9434692, 31.6657103 ], [ 73.9434697, 31.6656687 ], [ 73.9435533, 31.6656694 ], [ 73.9435534, 31.6656566 ], [ 73.9437076, 31.6656579 ], [ 73.9437077, 31.6656495 ], [ 73.9437979, 31.6656503 ], [ 73.9437978, 31.6656586 ], [ 73.9438306, 31.6656589 ], [ 73.9438273, 31.6659462 ], [ 73.9438708, 31.6659466 ], [ 73.9438665, 31.6663061 ], [ 73.9439032, 31.6663064 ], [ 73.9439026, 31.6663568 ], [ 73.9439226, 31.6663569 ], [ 73.9439214, 31.6664556 ], [ 73.9439346, 31.6665284 ], [ 73.9439489, 31.6665286 ], [ 73.943948, 31.666602 ], [ 73.9439571, 31.6666521 ], [ 73.9439544, 31.6666525 ], [ 73.9439547, 31.6666541 ], [ 73.9438437, 31.6666678 ], [ 73.9438441, 31.6666703 ], [ 73.94366930000001, 31.666692 ], [ 73.9436733, 31.6667159 ], [ 73.9436427, 31.6667197 ], [ 73.9436383, 31.6666933 ], [ 73.9435474, 31.6667045 ], [ 73.9435369, 31.6666424 ], [ 73.9433494, 31.6666408 ], [ 73.9433693, 31.6667402 ], [ 73.943323, 31.666747 ], [ 73.943322900000013, 31.6667559 ], [ 73.9433166, 31.6667558 ], [ 73.9433165, 31.6667645 ], [ 73.9432824, 31.6667642 ], [ 73.9432823, 31.666771 ], [ 73.9431962, 31.6667703 ], [ 73.9431961, 31.6667788 ], [ 73.9431105, 31.666778 ], [ 73.9430937, 31.6667805 ], [ 73.9430935, 31.6667961 ], [ 73.943032, 31.6667955 ], [ 73.9430319, 31.6668056 ], [ 73.943005, 31.6668054 ], [ 73.943005, 31.6668073 ], [ 73.9429419, 31.6668067 ], [ 73.9429419, 31.6668048 ], [ 73.94294, 31.6668048 ], [ 73.9429401, 31.6667947 ], [ 73.9429386, 31.6667947 ], [ 73.9429389, 31.6667714 ], [ 73.9429021, 31.666771 ], [ 73.9429012, 31.6668434 ], [ 73.9429149, 31.6669117 ], [ 73.9428066, 31.6669276 ], [ 73.942802, 31.6669044 ], [ 73.9427871, 31.6669043 ], [ 73.9427879, 31.6668341 ], [ 73.9427798, 31.6667936 ], [ 73.9427651, 31.6667957 ], [ 73.9427646, 31.6668375 ], [ 73.942494, 31.6668354 ], [ 73.9424357, 31.6668439 ], [ 73.9424355, 31.6668591 ], [ 73.9423378, 31.6668582 ], [ 73.9419727, 31.6669116 ], [ 73.9419727, 31.6669131 ], [ 73.9419633, 31.666913 ], [ 73.9418721, 31.6669263 ], [ 73.9418693, 31.6669122 ], [ 73.9418369, 31.666912 ], [ 73.9418386, 31.6667588 ], [ 73.9418088, 31.6666106 ], [ 73.9417446, 31.6666101 ], [ 73.9416503, 31.6666239 ], [ 73.94164720000002, 31.6666093 ], [ 73.9416226, 31.6666091 ], [ 73.9416239, 31.6664964 ], [ 73.9416054, 31.6664062 ], [ 73.9416068, 31.666406 ], [ 73.9415984, 31.666364 ], [ 73.9411734, 31.6664261 ], [ 73.9411775, 31.6664468 ], [ 73.94113560000001, 31.6664529 ], [ 73.9411132, 31.6663408 ], [ 73.9409459, 31.6663653 ], [ 73.9409141, 31.6662062 ], [ 73.941353, 31.666142 ], [ 73.9413513, 31.6661311 ], [ 73.9414568, 31.6661192 ] ] ] } },
{ "type": "Feature", "properties": { "lead_id": "pakistan-potential-0055", "cell": "0120_0090", "roof_area_m2": 23837.0836, "kwh_per_kwp_yr": 1667.7592438687509, "est_kwp": 4290.68, "est_gwh_yr": 7.1558, "fixme": "Large roof (23837 m2), no detected PV nearby, modelled 1668 kWh/kWp/yr -- a rooftop SITING OPPORTUNITY, not a detection of existing PV; check imagery to confirm the roof is real, accessible and unshaded before treating it as a genuine lead", "imagery_note": "osm=72.93083,32.72101 | bing=https://www.bing.com/maps?cp=32.72101~72.93083&lvl=19&style=a | google=https://www.google.com/maps/@32.72101,72.93083,200m/data=!3m1!1e3" }, "geometry": { "type": "Polygon", "coordinates": [ [ [ 72.9289627, 32.72085 ], [ 72.9289697, 32.7206751 ], [ 72.9295026, 32.7206903 ], [ 72.9295025, 32.7206931 ], [ 72.9307294, 32.7207291 ], [ 72.9328501, 32.7207838 ], [ 72.932848, 32.7208398 ], [ 72.9330982, 32.7208463 ], [ 72.9330923, 32.7210087 ], [ 72.9328421, 32.7210022 ], [ 72.9328293, 32.7213513 ], [ 72.931985, 32.7213292 ], [ 72.93106640000002, 32.7213098 ], [ 72.9310665, 32.7213052 ], [ 72.9297442, 32.7212761 ], [ 72.9297443, 32.7212717 ], [ 72.9297423, 32.7212716 ], [ 72.9297424, 32.7212689 ], [ 72.9289502, 32.7212496 ], [ 72.9289503, 32.7212463 ], [ 72.9289469, 32.7212462 ], [ 72.9289508, 32.7211423 ], [ 72.9288114, 32.7211386 ], [ 72.928816, 32.7210136 ], [ 72.9288179, 32.7210137 ], [ 72.9288187, 32.7209909 ], [ 72.9288489, 32.7209916 ], [ 72.9288542, 32.7208471 ], [ 72.9289627, 32.72085 ] ] ] } },
{ "type": "Feature", "properties": { "lead_id": "pakistan-potential-0056", "cell": "0105_0064", "roof_area_m2": 23305.837, "kwh_per_kwp_yr": 1704.1708856082564, "est_kwp": 4195.05, "est_gwh_yr": 7.1491, "fixme": "Large roof (23306 m2), no detected PV nearby, modelled 1704 kWh/kWp/yr -- a rooftop SITING OPPORTUNITY, not a detection of existing PV; check imagery to confirm the roof is real, accessible and unshaded before treating it as a genuine lead", "imagery_note": "osm=71.37333,30.13523 | bing=https://www.bing.com/maps?cp=30.13523~71.37333&lvl=19&style=a | google=https://www.google.com/maps/@30.13523,71.37333,200m/data=!3m1!1e3" }, "geometry": { "type": "Polygon", "coordinates": [ [ [ 71.3732167, 30.1365975 ], [ 71.373212, 30.1365975 ], [ 71.3732128, 30.1364666 ], [ 71.3731689, 30.1364661 ], [ 71.3731689, 30.136468 ], [ 71.3728062, 30.1364663 ], [ 71.3728067, 30.1363885 ], [ 71.3728358, 30.1363886 ], [ 71.3728359, 30.13637 ], [ 71.3728418, 30.13637 ], [ 71.3728418, 30.1363639 ], [ 71.3728559, 30.1363641 ], [ 71.3728562, 30.1363242 ], [ 71.3728419, 30.1363241 ], [ 71.372842, 30.1363066 ], [ 71.3728563, 30.1363067 ], [ 71.3728564, 30.1362965 ], [ 71.3729425, 30.1362969 ], [ 71.3729428, 30.1362439 ], [ 71.3729363, 30.1362438 ], [ 71.3729372, 30.1361714 ], [ 71.3728624, 30.136171 ], [ 71.3728624, 30.1361694 ], [ 71.3728431, 30.1361693 ], [ 71.3728432, 30.1361533 ], [ 71.3728402, 30.1361533 ], [ 71.3728462, 30.1355672 ], [ 71.3729043, 30.1355674 ], [ 71.3729047, 30.1355197 ], [ 71.3729067, 30.1355197 ], [ 71.3729068, 30.1355074 ], [ 71.3729459, 30.1355077 ], [ 71.3729457, 30.13552 ], [ 71.3730089, 30.1355203 ], [ 71.3730106, 30.1354191 ], [ 71.37302, 30.1354192 ], [ 71.3730218, 30.1352007 ], [ 71.3730129, 30.1352006 ], [ 71.3730129, 30.1351994 ], [ 71.3730044, 30.1351993 ], [ 71.3730048, 30.1351805 ], [ 71.373022, 30.1351808 ], [ 71.373022, 30.1351782 ], [ 71.3731482, 30.135179 ], [ 71.3731551, 30.1347979 ], [ 71.373157, 30.134563 ], [ 71.3731606, 30.1345628 ], [ 71.3731607, 30.1345519 ], [ 71.3732651, 30.1345529 ], [ 71.3732671, 30.1343023 ], [ 71.3732727, 30.1343023 ], [ 71.373281, 30.1338449 ], [ 71.3734962, 30.1338478 ], [ 71.3734951, 30.1339059 ], [ 71.3741137, 30.1339157 ], [ 71.3741012, 30.1346045 ], [ 71.3738258, 30.1346007 ], [ 71.3738284, 30.1344526 ], [ 71.3738538, 30.134453 ], [ 71.3738552, 30.1343762 ], [ 71.3738298, 30.1343758 ], [ 71.373831, 30.1343098 ], [ 71.3738066, 30.1343095 ], [ 71.3738087, 30.1341945 ], [ 71.3738585, 30.1341952 ], [ 71.3738601, 30.1341071 ], [ 71.3739962, 30.1341089 ], [ 71.3739979, 30.1340186 ], [ 71.3738119, 30.134016 ], [ 71.3738103, 30.1341064 ], [ 71.373799, 30.1341062 ], [ 71.3737989, 30.1341094 ], [ 71.3737631, 30.1341088 ], [ 71.3737582, 30.1343832 ], [ 71.3737547, 30.1348207 ], [ 71.3736573, 30.1348201 ], [ 71.3736569, 30.1348364 ], [ 71.373635, 30.1348361 ], [ 71.3736314, 30.135002 ], [ 71.3736267, 30.1353932 ], [ 71.3736339, 30.1353933 ], [ 71.3736331, 30.1354579 ], [ 71.3736728, 30.1354581 ], [ 71.373672900000017, 30.1354457 ], [ 71.3736786, 30.1354458 ], [ 71.3736788, 30.1354255 ], [ 71.3736951, 30.1354257 ], [ 71.3736977, 30.135251 ], [ 71.3737457, 30.1352514 ], [ 71.3737455, 30.1352624 ], [ 71.373758100000018, 30.1352625 ], [ 71.3737578, 30.1353108 ], [ 71.3738182, 30.1353113 ], [ 71.3738175, 30.1353683 ], [ 71.3738628, 30.135368700000011 ], [ 71.3738627, 30.1353744 ], [ 71.3740666, 30.1353757 ], [ 71.3740665, 30.1353804 ], [ 71.374112, 30.1353807 ], [ 71.3741058, 30.1361589 ], [ 71.3738533, 30.1361574 ], [ 71.3738532, 30.1361626 ], [ 71.3736188, 30.1361604 ], [ 71.3736178, 30.1362872 ], [ 71.3736375, 30.1362873 ], [ 71.3736372, 30.1363288 ], [ 71.3736168, 30.1363287 ], [ 71.3736165, 30.1363737 ], [ 71.373578, 30.1363735 ], [ 71.3735782, 30.1363492 ], [ 71.3734422, 30.1363485 ], [ 71.3734407, 30.1365986 ], [ 71.3734302, 30.1365985 ], [ 71.3734301, 30.1366033 ], [ 71.3732167, 30.1366011 ], [ 71.3732167, 30.1365975 ] ] ] } },
{ "type": "Feature", "properties": { "lead_id": "pakistan-potential-0057", "cell": "0112_0100", "roof_area_m2": 23517.9847, "kwh_per_kwp_yr": 1686.8802576168146, "est_kwp": 4233.24, "est_gwh_yr": 7.141, "fixme": "Large roof (23518 m2), no detected PV nearby, modelled 1687 kWh/kWp/yr -- a rooftop SITING OPPORTUNITY, not a detection of existing PV; check imagery to confirm the roof is real, accessible and unshaded before treating it as a genuine lead", "imagery_note": "osm=72.09417,33.80176 | bing=https://www.bing.com/maps?cp=33.80176~72.09417&lvl=19&style=a | google=https://www.google.com/maps/@33.80176,72.09417,200m/data=!3m1!1e3" }, "geometry": { "type": "Polygon", "coordinates": [ [ [ 72.0939056, 33.8020658 ], [ 72.0938704, 33.8009464 ], [ 72.0938774, 33.8009462 ], [ 72.0938598, 33.8002325 ], [ 72.0938514, 33.7999863 ], [ 72.0938538, 33.7999862 ], [ 72.0938536, 33.7999798 ], [ 72.0939621, 33.7999779 ], [ 72.0939629, 33.7999728 ], [ 72.0940835, 33.7999759 ], [ 72.0942491, 33.799973 ], [ 72.0942493, 33.7999664 ], [ 72.0944081, 33.7999702 ], [ 72.0944077, 33.799984 ], [ 72.0944094, 33.7999841 ], [ 72.0944014, 33.8002039 ], [ 72.094412, 33.8006334 ], [ 72.0945463, 33.8006366 ], [ 72.0945356, 33.8009522 ], [ 72.0945402, 33.8011387 ], [ 72.0945293, 33.8011389 ], [ 72.0945292, 33.8011411 ], [ 72.0944522, 33.8011402 ], [ 72.0944412, 33.8014648 ], [ 72.0944596, 33.8020519 ], [ 72.0944633, 33.8020518 ], [ 72.0945318, 33.8039554 ], [ 72.0945063, 33.803956 ], [ 72.0945068, 33.803969 ], [ 72.0939697, 33.8039825 ], [ 72.0939007, 33.8020659 ], [ 72.0939056, 33.8020658 ] ] ] } },
{ "type": "Feature", "properties": { "lead_id": "pakistan-potential-0058", "cell": "0058_0017", "roof_area_m2": 22554.0081, "kwh_per_kwp_yr": 1753.2167165312137, "est_kwp": 4059.72, "est_gwh_yr": 7.1176, "fixme": "Large roof (22554 m2), no detected PV nearby, modelled 1753 kWh/kWp/yr -- a rooftop SITING OPPORTUNITY, not a detection of existing PV; check imagery to confirm the roof is real, accessible and unshaded before treating it as a genuine lead", "imagery_note": "osm=66.73160,25.41849 | bing=https://www.bing.com/maps?cp=25.41849~66.73160&lvl=19&style=a | google=https://www.google.com/maps/@25.41849,66.73160,200m/data=!3m1!1e3" }, "geometry": { "type": "Polygon", "coordinates": [ [ [ 66.731064142571569, 25.418153489718829 ], [ 66.731240411884471, 25.417986266195349 ], [ 66.731080952776367, 25.417849147380718 ], [ 66.731315273575404, 25.417821640834585 ], [ 66.731221610871813, 25.417674056825302 ], [ 66.730775606794538, 25.417577324056147 ], [ 66.732122080137927, 25.417419263248803 ], [ 66.732361451250853, 25.417625099035334 ], [ 66.732230546168125, 25.417692863394265 ], [ 66.732243006916079, 25.417779457586775 ], [ 66.73228286997977, 25.417741642898807 ], [ 66.732521178959871, 25.417946564807664 ], [ 66.732262407435712, 25.417976941553693 ], [ 66.732343174419725, 25.418046398098028 ], [ 66.732292865866597, 25.418072440750112 ], [ 66.73236465468338, 25.418134171825997 ], [ 66.732131172808309, 25.419012356791018 ], [ 66.731987926512716, 25.4189812887942 ], [ 66.732128451670349, 25.418908545280697 ], [ 66.732071128499101, 25.418818222186868 ], [ 66.73192890301047, 25.418834917673653 ], [ 66.731825758070457, 25.419222870670946 ], [ 66.731799914912472, 25.419043279407688 ], [ 66.731731019142813, 25.419108639038445 ], [ 66.731723298198375, 25.419096471823149 ], [ 66.731668563009876, 25.419124805713793 ], [ 66.731846263171462, 25.419277608375328 ], [ 66.731022023297058, 25.419098843255817 ], [ 66.730880248339886, 25.418113605501993 ], [ 66.731064142571569, 25.418153489718829 ] ] ] } },
{ "type": "Feature", "properties": { "lead_id": "pakistan-potential-0059", "cell": "0059_0017", "roof_area_m2": 22492.3944, "kwh_per_kwp_yr": 1752.9016434319835, "est_kwp": 4048.63, "est_gwh_yr": 7.0969, "fixme": "Large roof (22492 m2), no detected PV nearby, modelled 1753 kWh/kWp/yr -- a rooftop SITING OPPORTUNITY, not a detection of existing PV; check imagery to confirm the roof is real, accessible and unshaded before treating it as a genuine lead", "imagery_note": "osm=66.74249,25.41439 | bing=https://www.bing.com/maps?cp=25.41439~66.74249&lvl=19&style=a | google=https://www.google.com/maps/@25.41439,66.74249,200m/data=!3m1!1e3" }, "geometry": { "type": "Polygon", "coordinates": [ [ [ 66.74181357084052, 25.414162275306129 ], [ 66.741568006586007, 25.414927938507439 ], [ 66.741568730202474, 25.41455439963314 ], [ 66.74149547292707, 25.414554283857836 ], [ 66.741168001916719, 25.414674082325295 ], [ 66.741080492658369, 25.414593375381472 ], [ 66.741080255356906, 25.414715873115803 ], [ 66.741178115880032, 25.414680072900914 ], [ 66.741085464576557, 25.41496895667747 ], [ 66.740846429137392, 25.414435896429588 ], [ 66.741073364910164, 25.414495274194056 ], [ 66.740923594876435, 25.414357145923649 ], [ 66.741038034584591, 25.414357326783684 ], [ 66.741039311107912, 25.413698367371261 ], [ 66.741688292580918, 25.41369939302443 ], [ 66.74175786907125, 25.413854553054101 ], [ 66.74167027753937, 25.413854414624243 ], [ 66.74178444620793, 25.414108973646993 ], [ 66.743085280214373, 25.414111029483752 ], [ 66.743024705533813, 25.414299900353917 ], [ 66.742806788144563, 25.41429955595807 ], [ 66.743236843282062, 25.414412080024192 ], [ 66.743276225642958, 25.414377243221178 ], [ 66.743613581076346, 25.414688375429499 ], [ 66.743545969762238, 25.414899185380403 ], [ 66.743066680300871, 25.415074522932954 ], [ 66.742906813096127, 25.414927083056508 ], [ 66.742724323458646, 25.414993842908295 ], [ 66.742799878375521, 25.414927008941351 ], [ 66.741812092431203, 25.41492544785601 ], [ 66.74181357084052, 25.414162275306129 ] ] ] } },
{ "type": "Feature", "properties": { "lead_id": "pakistan-potential-0060", "cell": "0135_0075", "roof_area_m2": 23988.6817, "kwh_per_kwp_yr": 1640.9818666963454, "est_kwp": 4317.96, "est_gwh_yr": 7.0857, "fixme": "Large roof (23989 m2), no detected PV nearby, modelled 1641 kWh/kWp/yr -- a rooftop SITING OPPORTUNITY, not a detection of existing PV; check imagery to confirm the roof is real, accessible and unshaded before treating it as a genuine lead", "imagery_note": "osm=74.41445,31.28726 | bing=https://www.bing.com/maps?cp=31.28726~74.41445&lvl=19&style=a | google=https://www.google.com/maps/@31.28726,74.41445,200m/data=!3m1!1e3" }, "geometry": { "type": "Polygon", "coordinates": [ [ [ 74.4154819, 31.286997 ], [ 74.4150225, 31.2869949 ], [ 74.4150197, 31.2874271 ], [ 74.4150931, 31.2874275 ], [ 74.4150917, 31.2876577 ], [ 74.4150876, 31.2876577 ], [ 74.4150875, 31.2876599 ], [ 74.4150192, 31.2876596 ], [ 74.4150176, 31.2879039 ], [ 74.4150242, 31.2879039 ], [ 74.4150242, 31.2879096 ], [ 74.4150268, 31.2879096 ], [ 74.4150262, 31.2881724 ], [ 74.415016, 31.2881724 ], [ 74.415016, 31.288176 ], [ 74.4144114, 31.2881733 ], [ 74.4139635, 31.2881769 ], [ 74.4139628, 31.2881161 ], [ 74.4138689, 31.2881157 ], [ 74.4138759, 31.2869858 ], [ 74.4139572, 31.2869862 ], [ 74.4139595, 31.2867871 ], [ 74.4140617, 31.2867876 ], [ 74.4140635, 31.2865124 ], [ 74.4141849, 31.286513 ], [ 74.4141851, 31.2865078 ], [ 74.4145966, 31.2865097 ], [ 74.414597, 31.2864565 ], [ 74.4152678, 31.2864597 ], [ 74.4152678, 31.2864607 ], [ 74.4152731, 31.2864607 ], [ 74.4152727, 31.2865129 ], [ 74.4157556, 31.2865152 ], [ 74.4157526, 31.2869983 ], [ 74.4157429, 31.2869983 ], [ 74.4157387, 31.2870975 ], [ 74.4154781, 31.2870896 ], [ 74.4154819, 31.286997 ] ] ] } },
{ "type": "Feature", "properties": { "lead_id": "pakistan-potential-0061", "cell": "0132_0075", "roof_area_m2": 24152.4374, "kwh_per_kwp_yr": 1626.5950352429741, "est_kwp": 4347.44, "est_gwh_yr": 7.0715, "fixme": "Large roof (24152 m2), no detected PV nearby, modelled 1627 kWh/kWp/yr -- a rooftop SITING OPPORTUNITY, not a detection of existing PV; check imagery to confirm the roof is real, accessible and unshaded before treating it as a genuine lead", "imagery_note": "osm=74.07867,31.26650 | bing=https://www.bing.com/maps?cp=31.26650~74.07867&lvl=19&style=a | google=https://www.google.com/maps/@31.26650,74.07867,200m/data=!3m1!1e3" }, "geometry": { "type": "Polygon", "coordinates": [ [ [ 74.0792625, 31.2669236 ], [ 74.0792589, 31.2668757 ], [ 74.079178, 31.2668787 ], [ 74.0791826, 31.2669752 ], [ 74.0791281, 31.2669771 ], [ 74.079128, 31.2669786 ], [ 74.0790988, 31.2669781 ], [ 74.0789058, 31.2669848 ], [ 74.0789058, 31.2669876 ], [ 74.0788035, 31.2669865 ], [ 74.0788035, 31.2669831 ], [ 74.0787895, 31.2669839 ], [ 74.0787897, 31.2669888 ], [ 74.0787771, 31.2669899 ], [ 74.0787769, 31.2669943 ], [ 74.0787218, 31.2669933 ], [ 74.0786569, 31.2669972 ], [ 74.0786565, 31.2669934 ], [ 74.0786082, 31.2669951 ], [ 74.078608, 31.2670096 ], [ 74.0785502, 31.267009 ], [ 74.0785504, 31.2669972 ], [ 74.0784735, 31.26700150000001 ], [ 74.0784734, 31.2670082 ], [ 74.0783735, 31.2670071 ], [ 74.0780459, 31.2670254 ], [ 74.0780457, 31.2670361 ], [ 74.0778858, 31.2670344 ], [ 74.077581100000017, 31.2670514 ], [ 74.0775806, 31.2670448 ], [ 74.0775779, 31.2670449 ], [ 74.0775764, 31.267031 ], [ 74.0775742, 31.267031 ], [ 74.0775747, 31.2669947 ], [ 74.0775538, 31.2666907 ], [ 74.0775396, 31.2666906 ], [ 74.077541, 31.266523 ], [ 74.0775208, 31.2665228 ], [ 74.0775232, 31.266287 ], [ 74.0775052, 31.266049 ], [ 74.0777014, 31.266038 ], [ 74.0777016, 31.2660175 ], [ 74.078027, 31.2660199 ], [ 74.0782468, 31.2660076 ], [ 74.078246, 31.2659896 ], [ 74.0784373, 31.2659829 ], [ 74.0784374, 31.2659684 ], [ 74.0787915, 31.2659707 ], [ 74.079002, 31.265963400000011 ], [ 74.0790024, 31.2659723 ], [ 74.0790054, 31.2659723 ], [ 74.0790053, 31.2659877 ], [ 74.0790958, 31.2659883 ], [ 74.0790945, 31.2659601 ], [ 74.0791531, 31.2659581 ], [ 74.0791533, 31.2659408 ], [ 74.079256, 31.2659411 ], [ 74.0794492, 31.2659344 ], [ 74.0794496, 31.265943 ], [ 74.0794533, 31.265943 ], [ 74.0794539, 31.2660348 ], [ 74.0794637, 31.2660345 ], [ 74.0794619, 31.2659944 ], [ 74.0794824, 31.2659937 ], [ 74.0794824, 31.2659912 ], [ 74.0795471, 31.2659917 ], [ 74.079546, 31.266108 ], [ 74.0795515, 31.266226 ], [ 74.079569, 31.2662254 ], [ 74.07957, 31.2661305 ], [ 74.0795612, 31.265944 ], [ 74.07979490000001, 31.2659359 ], [ 74.0797956, 31.2659455 ], [ 74.0798066, 31.2659456 ], [ 74.0798047, 31.2661438 ], [ 74.0798137, 31.2663151 ], [ 74.0798236, 31.2663152 ], [ 74.0798221, 31.2664675 ], [ 74.079831100000021, 31.2666307 ], [ 74.0798276, 31.2666308 ], [ 74.0798298, 31.2667016 ], [ 74.0798198, 31.266702 ], [ 74.0798197, 31.266707 ], [ 74.0798044, 31.2667069 ], [ 74.0798148, 31.2669283 ], [ 74.0796078, 31.2669355 ], [ 74.0796077, 31.2669333 ], [ 74.0795865, 31.2669342 ], [ 74.0795852, 31.2669107 ], [ 74.079360900000012, 31.2669185 ], [ 74.0793633, 31.2669689 ], [ 74.0793044, 31.266971 ], [ 74.0793037, 31.2669551 ], [ 74.0792651, 31.2669568 ], [ 74.0792244, 31.2669609 ], [ 74.0792199, 31.2669279 ], [ 74.0792625, 31.2669236 ] ] ] } },
{ "type": "Feature", "properties": { "lead_id": "pakistan-potential-0062", "cell": "0130_0074", "roof_area_m2": 24008.3886, "kwh_per_kwp_yr": 1627.6494212461032, "est_kwp": 4321.51, "est_gwh_yr": 7.0339, "fixme": "Large roof (24008 m2), no detected PV nearby, modelled 1628 kWh/kWp/yr -- a rooftop SITING OPPORTUNITY, not a detection of existing PV; check imagery to confirm the roof is real, accessible and unshaded before treating it as a genuine lead", "imagery_note": "osm=73.91589,31.17112 | bing=https://www.bing.com/maps?cp=31.17112~73.91589&lvl=19&style=a | google=https://www.google.com/maps/@31.17112,73.91589,200m/data=!3m1!1e3" }, "geometry": { "type": "Polygon", "coordinates": [ [ [ 73.9154308, 31.171982 ], [ 73.9147926, 31.1719078 ], [ 73.9148006, 31.171857 ], [ 73.9148577, 31.1718636 ], [ 73.914854300000016, 31.1718854 ], [ 73.9148832, 31.1718887 ], [ 73.9148866, 31.171867 ], [ 73.9149939, 31.1718794 ], [ 73.9149967, 31.1718612 ], [ 73.9148034, 31.1718387 ], [ 73.9148262, 31.1716942 ], [ 73.9148743, 31.1716998 ], [ 73.9148638, 31.1717665 ], [ 73.9150551, 31.1717887 ], [ 73.9150669, 31.1717137 ], [ 73.9152381, 31.1717336 ], [ 73.9152767, 31.1714567 ], [ 73.9148838, 31.1714236 ], [ 73.9149745, 31.1706289 ], [ 73.9149962, 31.1706307 ], [ 73.9150313, 31.170323700000012 ], [ 73.9150095, 31.1703218 ], [ 73.9150193, 31.1700933 ], [ 73.9150354, 31.1700938 ], [ 73.9150367, 31.1700827 ], [ 73.9152489, 31.1701006 ], [ 73.9154968, 31.1701085 ], [ 73.9154963, 31.1701215 ], [ 73.915631, 31.1701328 ], [ 73.9158255, 31.1701403 ], [ 73.9158251, 31.1701464 ], [ 73.9159512, 31.1701504 ], [ 73.9159509, 31.1701564 ], [ 73.9162233, 31.170173 ], [ 73.916222600000012, 31.1701815 ], [ 73.9163452, 31.1701862 ], [ 73.9163435, 31.17021840000001 ], [ 73.9163519, 31.1702187 ], [ 73.9163449, 31.1703549 ], [ 73.916325, 31.1703541 ], [ 73.9162998, 31.1706586 ], [ 73.9162872, 31.1706578 ], [ 73.9162301, 31.171021 ], [ 73.9162003, 31.1713817 ], [ 73.9161888, 31.171381 ], [ 73.9161773, 31.1714819 ], [ 73.9161621, 31.1714806 ], [ 73.9160831, 31.1720479 ], [ 73.9160689, 31.1720464 ], [ 73.9160674, 31.1720559 ], [ 73.9155641, 31.1719975 ], [ 73.9154607, 31.1719895 ], [ 73.9154609, 31.1719876 ], [ 73.9154305, 31.1719854 ], [ 73.9154308, 31.171982 ] ], [ [ 73.9154627, 31.1716502 ], [ 73.9154629, 31.1716482 ], [ 73.915473, 31.171649 ], [ 73.9155082, 31.1714255 ], [ 73.9155004, 31.1714248 ], [ 73.9154996, 31.1714343 ], [ 73.9154914, 31.1714338 ], [ 73.9154867, 31.1714744 ], [ 73.9154661, 31.1714727 ], [ 73.9154326, 31.1717132 ], [ 73.9154413, 31.1717141 ], [ 73.9154434, 31.1716992 ], [ 73.915445, 31.1716994 ], [ 73.9154498, 31.1716493 ], [ 73.9154627, 31.1716502 ] ], [ [ 73.9155627, 31.170808 ], [ 73.9155624, 31.1708107 ], [ 73.9155671, 31.1708112 ], [ 73.915541, 31.1709986 ], [ 73.9155215, 31.1711693 ], [ 73.9155088, 31.1713235 ], [ 73.915524, 31.1713248 ], [ 73.9155641, 31.171068 ], [ 73.9155935, 31.1707124 ], [ 73.9155737, 31.1707112 ], [ 73.9155717, 31.1707289 ], [ 73.9155785, 31.1707296 ], [ 73.9155675, 31.1708085 ], [ 73.9155627, 31.170808 ] ] ] } },
{ "type": "Feature", "properties": { "lead_id": "pakistan-potential-0063", "cell": "0119_0100", "roof_area_m2": 23211.8877, "kwh_per_kwp_yr": 1676.8486122733395, "est_kwp": 4178.14, "est_gwh_yr": 7.0061, "fixme": "Large roof (23212 m2), no detected PV nearby, modelled 1677 kWh/kWp/yr -- a rooftop SITING OPPORTUNITY, not a detection of existing PV; check imagery to confirm the roof is real, accessible and unshaded before treating it as a genuine lead", "imagery_note": "osm=72.77460,33.76435 | bing=https://www.bing.com/maps?cp=33.76435~72.77460&lvl=19&style=a | google=https://www.google.com/maps/@33.76435,72.77460,200m/data=!3m1!1e3" }, "geometry": { "type": "Polygon", "coordinates": [ [ [ 72.7739874, 33.7645711 ], [ 72.7739778, 33.7645712 ], [ 72.7739691, 33.76413440000001 ], [ 72.7739396, 33.7635974 ], [ 72.7739585, 33.7635967 ], [ 72.7739583, 33.7635871 ], [ 72.7741845, 33.7635839 ], [ 72.7741844, 33.7635805 ], [ 72.7744893, 33.7635763 ], [ 72.7751814, 33.7635497 ], [ 72.7751869, 33.76364980000001 ], [ 72.7751955, 33.7636495 ], [ 72.7752499, 33.76476670000001 ], [ 72.7752575, 33.7647664 ], [ 72.7752805, 33.7651766 ], [ 72.7752699, 33.765177 ], [ 72.7752701, 33.7651804 ], [ 72.7749601, 33.765191 ], [ 72.7749779, 33.7655082 ], [ 72.7749752, 33.7655083 ], [ 72.7749753, 33.7655109 ], [ 72.7748514, 33.7655151 ], [ 72.7748511, 33.765527 ], [ 72.7746227, 33.7655229 ], [ 72.7744399, 33.76552920000001 ], [ 72.7744397, 33.7655398 ], [ 72.7743702, 33.7655385 ], [ 72.7743737, 33.7654008 ], [ 72.7743647, 33.7652256 ], [ 72.7741363, 33.7652214 ], [ 72.7740374, 33.7652253 ], [ 72.7740372, 33.7652223 ], [ 72.7740296, 33.7652226 ], [ 72.7740294, 33.7652195 ], [ 72.7739706, 33.7652184 ], [ 72.7739874, 33.7645711 ] ] ] } },
{ "type": "Feature", "properties": { "lead_id": "pakistan-potential-0064", "cell": "0058_0017", "roof_area_m2": 22111.0228, "kwh_per_kwp_yr": 1753.1459617216842, "est_kwp": 3979.98, "est_gwh_yr": 6.9775, "fixme": "Large roof (22111 m2), no detected PV nearby, modelled 1753 kWh/kWp/yr -- a rooftop SITING OPPORTUNITY, not a detection of existing PV; check imagery to confirm the roof is real, accessible and unshaded before treating it as a genuine lead", "imagery_note": "osm=66.73359,25.41605 | bing=https://www.bing.com/maps?cp=25.41605~66.73359&lvl=19&style=a | google=https://www.google.com/maps/@25.41605,66.73359,200m/data=!3m1!1e3" }, "geometry": { "type": "Polygon", "coordinates": [ [ [ 66.732630894612271, 25.41538947933827 ], [ 66.732750806794257, 25.41536210693241 ], [ 66.732773501548422, 25.415226388324491 ], [ 66.733461611179578, 25.415563244946675 ], [ 66.733858070517613, 25.415472745108033 ], [ 66.733700455980625, 25.415735405848487 ], [ 66.73406963566741, 25.415785768667174 ], [ 66.733956166786115, 25.415380247434367 ], [ 66.734647108938844, 25.415474504761576 ], [ 66.734627363624142, 25.415592584970256 ], [ 66.734731303226113, 25.415643460812674 ], [ 66.734535774835109, 25.415616787157777 ], [ 66.734782517339028, 25.41649836127436 ], [ 66.733743902058606, 25.41635667605814 ], [ 66.733770683533677, 25.416452388492043 ], [ 66.733410942311195, 25.416403313522977 ], [ 66.733513851555045, 25.416453691197606 ], [ 66.73247659868241, 25.416312191785224 ], [ 66.732630894612271, 25.41538947933827 ] ] ] } },
{ "type": "Feature", "properties": { "lead_id": "pakistan-potential-0065", "cell": "0065_0011", "roof_area_m2": 22103.2365, "kwh_per_kwp_yr": 1733.0436153188616, "est_kwp": 3978.58, "est_gwh_yr": 6.8951, "fixme": "Large roof (22103 m2), no detected PV nearby, modelled 1733 kWh/kWp/yr -- a rooftop SITING OPPORTUNITY, not a detection of existing PV; check imagery to confirm the roof is real, accessible and unshaded before treating it as a genuine lead", "imagery_note": "osm=67.34690,24.84085 | bing=https://www.bing.com/maps?cp=24.84085~67.34690&lvl=19&style=a | google=https://www.google.com/maps/@24.84085,67.34690,200m/data=!3m1!1e3" }, "geometry": { "type": "Polygon", "coordinates": [ [ [ 67.347059, 24.8400392 ], [ 67.3472946, 24.8400412 ], [ 67.3472936, 24.84015 ], [ 67.3473216, 24.8401502 ], [ 67.3473212, 24.8402035 ], [ 67.34737, 24.8402038 ], [ 67.3473679, 24.8404317 ], [ 67.3472911, 24.8404312 ], [ 67.3472834, 24.8412816 ], [ 67.3472801, 24.8412816 ], [ 67.3472764, 24.841736 ], [ 67.3471488, 24.8417352 ], [ 67.3471488, 24.8417325 ], [ 67.3471267, 24.8417322 ], [ 67.3471267, 24.841735 ], [ 67.3470382, 24.8417344 ], [ 67.3470379, 24.8417651 ], [ 67.3470364, 24.8417651 ], [ 67.3470364, 24.8417668 ], [ 67.3468103, 24.841764 ], [ 67.3468049, 24.8422859 ], [ 67.3465089, 24.8422838 ], [ 67.3465167, 24.8412763 ], [ 67.346513, 24.8412758 ], [ 67.3465231, 24.8401558 ], [ 67.3465191, 24.8401558 ], [ 67.3465191, 24.8401536 ], [ 67.346516, 24.8401536 ], [ 67.3465238, 24.83971 ], [ 67.3465297, 24.8391592 ], [ 67.3466641, 24.8391604 ], [ 67.3466643, 24.8391463 ], [ 67.3466888, 24.8391467 ], [ 67.346688500000013, 24.8391606 ], [ 67.3467419, 24.8391611 ], [ 67.3467421, 24.8391474 ], [ 67.34699470000001, 24.8391512 ], [ 67.3469946, 24.8391571 ], [ 67.3470643, 24.8391577 ], [ 67.3470642, 24.8391714 ], [ 67.3470697, 24.8391715 ], [ 67.3470623, 24.839588 ], [ 67.347059, 24.8400392 ] ] ] } },
{ "type": "Feature", "properties": { "lead_id": "pakistan-potential-0066", "cell": "0131_0075", "roof_area_m2": 23417.0143, "kwh_per_kwp_yr": 1624.160877893637, "est_kwp": 4215.06, "est_gwh_yr": 6.8459, "fixme": "Large roof (23417 m2), no detected PV nearby, modelled 1624 kWh/kWp/yr -- a rooftop SITING OPPORTUNITY, not a detection of existing PV; check imagery to confirm the roof is real, accessible and unshaded before treating it as a genuine lead", "imagery_note": "osm=73.98200,31.24562 | bing=https://www.bing.com/maps?cp=31.24562~73.98200&lvl=19&style=a | google=https://www.google.com/maps/@31.24562,73.98200,200m/data=!3m1!1e3" }, "geometry": { "type": "Polygon", "coordinates": [ [ [ 73.9806706, 31.2459356 ], [ 73.9810082, 31.245717 ], [ 73.9810428, 31.2457564 ], [ 73.9810743, 31.2457371 ], [ 73.9810752, 31.2457382 ], [ 73.9811159, 31.245711900000011 ], [ 73.9811161, 31.245692 ], [ 73.9811465, 31.2456922 ], [ 73.9812045, 31.2456549 ], [ 73.9812048, 31.2456264 ], [ 73.9811843, 31.2456028 ], [ 73.9812052, 31.2455893 ], [ 73.9812059, 31.2455237 ], [ 73.9813053, 31.2455245 ], [ 73.9814434, 31.2454351 ], [ 73.981469, 31.2454642 ], [ 73.9815002, 31.2454637 ], [ 73.9815399, 31.245438 ], [ 73.9815403, 31.2454035 ], [ 73.9815925, 31.2454039 ], [ 73.9816122, 31.2453912 ], [ 73.9816125, 31.2453637 ], [ 73.9815912, 31.2453394 ], [ 73.9816129, 31.2453251 ], [ 73.9816137, 31.2452527 ], [ 73.9817237, 31.2452536 ], [ 73.9826004, 31.2446855 ], [ 73.9825992, 31.244684 ], [ 73.9826535, 31.2446511 ], [ 73.9827559, 31.2445848 ], [ 73.9827584, 31.2445875 ], [ 73.9827609, 31.2445859 ], [ 73.9827631, 31.244587 ], [ 73.9828202, 31.2446581 ], [ 73.9830695, 31.2449424 ], [ 73.9831213, 31.2449428 ], [ 73.9831497, 31.2449753 ], [ 73.9831401, 31.2449815 ], [ 73.9831509, 31.2449937 ], [ 73.9831276, 31.2450087 ], [ 73.9833151, 31.2452225 ], [ 73.9832498, 31.2452648 ], [ 73.9832545, 31.2452702 ], [ 73.9830567, 31.2453983 ], [ 73.9831087, 31.2454576 ], [ 73.98283570000001, 31.2456344 ], [ 73.9828341, 31.2456351 ], [ 73.9828106, 31.245608 ], [ 73.9827842, 31.2456251 ], [ 73.9828071, 31.2456514 ], [ 73.9828069, 31.2456531 ], [ 73.9826529, 31.2457527 ], [ 73.9826503, 31.2457525 ], [ 73.9826006, 31.2456956 ], [ 73.9823848, 31.2458347 ], [ 73.9823828, 31.2458347 ], [ 73.982269500000015, 31.245907 ], [ 73.9822445, 31.2458783 ], [ 73.9820571, 31.2459997 ], [ 73.9820343, 31.2459738 ], [ 73.9820077, 31.2459911 ], [ 73.982030400000014, 31.246017 ], [ 73.9819816, 31.2460486 ], [ 73.9819506, 31.2460133 ], [ 73.9819232, 31.2460311 ], [ 73.9819541, 31.2460664 ], [ 73.9810755, 31.2466368 ], [ 73.9810731, 31.2466371 ], [ 73.9808413, 31.2463725 ], [ 73.9805478, 31.2460412 ], [ 73.9805512, 31.2460412 ], [ 73.9805394, 31.2460278 ], [ 73.9806747, 31.2459403 ], [ 73.9806706, 31.2459356 ] ] ] } },
{ "type": "Feature", "properties": { "lead_id": "pakistan-potential-0067", "cell": "0117_0062", "roof_area_m2": 21842.8255, "kwh_per_kwp_yr": 1692.6913929647096, "est_kwp": 3931.71, "est_gwh_yr": 6.6552, "fixme": "Large roof (21843 m2), no detected PV nearby, modelled 1693 kWh/kWp/yr -- a rooftop SITING OPPORTUNITY, not a detection of existing PV; check imagery to confirm the roof is real, accessible and unshaded before treating it as a genuine lead", "imagery_note": "osm=72.62297,29.96644 | bing=https://www.bing.com/maps?cp=29.96644~72.62297&lvl=19&style=a | google=https://www.google.com/maps/@29.96644,72.62297,200m/data=!3m1!1e3" }, "geometry": { "type": "Polygon", "coordinates": [ [ [ 72.6239897, 29.9659556 ], [ 72.6239802, 29.9669609 ], [ 72.6220237, 29.966946900000011 ], [ 72.6220243, 29.9668793 ], [ 72.6219426, 29.9668787 ], [ 72.6219515, 29.965941 ], [ 72.6221593, 29.9659424 ], [ 72.6221588, 29.965998 ], [ 72.6222077, 29.9659984 ], [ 72.622208, 29.9659667 ], [ 72.622284, 29.9659673 ], [ 72.6222843, 29.9659433 ], [ 72.6239897, 29.9659556 ] ] ] } },
{ "type": "Feature", "properties": { "lead_id": "pakistan-potential-0068", "cell": "0065_0011", "roof_area_m2": 21225.9969, "kwh_per_kwp_yr": 1731.9940542210688, "est_kwp": 3820.68, "est_gwh_yr": 6.6174, "fixme": "Large roof (21226 m2), no detected PV nearby, modelled 1732 kWh/kWp/yr -- a rooftop SITING OPPORTUNITY, not a detection of existing PV; check imagery to confirm the roof is real, accessible and unshaded before treating it as a genuine lead", "imagery_note": "osm=67.41926,24.83177 | bing=https://www.bing.com/maps?cp=24.83177~67.41926&lvl=19&style=a | google=https://www.google.com/maps/@24.83177,67.41926,200m/data=!3m1!1e3" }, "geometry": { "type": "Polygon", "coordinates": [ [ [ 67.4203783, 24.8314886 ], [ 67.4203758, 24.8315532 ], [ 67.4204074, 24.8315542 ], [ 67.4204062, 24.831585 ], [ 67.4204306, 24.8315861 ], [ 67.4204287, 24.8316215 ], [ 67.4204325, 24.8316216 ], [ 67.4204299, 24.8316914 ], [ 67.4204615, 24.8316928 ], [ 67.4204487, 24.8320204 ], [ 67.4204445, 24.8320203 ], [ 67.4204391, 24.8321238 ], [ 67.4203974, 24.832122 ], [ 67.4203919, 24.8322282 ], [ 67.420383, 24.8322279 ], [ 67.4203817, 24.8322533 ], [ 67.4202876, 24.8322493 ], [ 67.4202889, 24.8322238 ], [ 67.4201821, 24.8322192 ], [ 67.4201808, 24.8322446 ], [ 67.4200919, 24.8322408 ], [ 67.4200932, 24.8322153 ], [ 67.419728500000019, 24.8321995 ], [ 67.4197272, 24.832225 ], [ 67.419708, 24.8322242 ], [ 67.4197075, 24.8322351 ], [ 67.4189786, 24.8322055 ], [ 67.4189798, 24.8321819 ], [ 67.4189579, 24.832181 ], [ 67.4189573, 24.8321917 ], [ 67.4188965, 24.832189 ], [ 67.4188957, 24.8322047 ], [ 67.4189561, 24.8322071 ], [ 67.4189526, 24.8322785 ], [ 67.4183048, 24.8322522 ], [ 67.4181329, 24.8322486 ], [ 67.4181345, 24.8321834 ], [ 67.4180079, 24.8321783 ], [ 67.4180125, 24.8320832 ], [ 67.4180293, 24.8320838 ], [ 67.4180337, 24.8319076 ], [ 67.4180618, 24.8319082 ], [ 67.4180649, 24.8318444 ], [ 67.4180694, 24.831662 ], [ 67.4180507, 24.8316616 ], [ 67.4180517, 24.8316151 ], [ 67.4180354, 24.8316144 ], [ 67.4180357, 24.8316088 ], [ 67.4180213, 24.8316085 ], [ 67.4180235, 24.831522 ], [ 67.4180141, 24.8315218 ], [ 67.4180146, 24.8315016 ], [ 67.4180018, 24.8315011 ], [ 67.4180043, 24.8314503 ], [ 67.4179973, 24.8314501 ], [ 67.4179991, 24.8314045 ], [ 67.4180065, 24.8314047 ], [ 67.4180069, 24.8313967 ], [ 67.4180266, 24.8313975 ], [ 67.4180267, 24.8313935 ], [ 67.4185103, 24.8314035 ], [ 67.41851, 24.8314171 ], [ 67.4190263, 24.831438 ], [ 67.4197384, 24.8314613 ], [ 67.4197382, 24.8314669 ], [ 67.4197449, 24.8314672 ], [ 67.4197448, 24.8314687 ], [ 67.4203783, 24.8314886 ] ] ] } },
{ "type": "Feature", "properties": { "lead_id": "pakistan-potential-0069", "cell": "0135_0075", "roof_area_m2": 22361.9651, "kwh_per_kwp_yr": 1642.2084829405146, "est_kwp": 4025.15, "est_gwh_yr": 6.6101, "fixme": "Large roof (22362 m2), no detected PV nearby, modelled 1642 kWh/kWp/yr -- a rooftop SITING OPPORTUNITY, not a detection of existing PV; check imagery to confirm the roof is real, accessible and unshaded before treating it as a genuine lead", "imagery_note": "osm=74.40237,31.23587 | bing=https://www.bing.com/maps?cp=31.23587~74.40237&lvl=19&style=a | google=https://www.google.com/maps/@31.23587,74.40237,200m/data=!3m1!1e3" }, "geometry": { "type": "Polygon", "coordinates": [ [ [ 74.4014168, 31.2361619 ], [ 74.4011581, 31.2361607 ], [ 74.4011596, 31.2359204 ], [ 74.4011526, 31.2359203 ], [ 74.4011539, 31.2357266 ], [ 74.4011441, 31.2355915 ], [ 74.4011374, 31.2355915 ], [ 74.4011379, 31.2355063 ], [ 74.4011362, 31.2354822 ], [ 74.4011381, 31.2354821 ], [ 74.4011383, 31.2354426 ], [ 74.4018025, 31.2354457 ], [ 74.4027469, 31.2353956 ], [ 74.4027467, 31.235393 ], [ 74.4027829, 31.235391 ], [ 74.402783, 31.235371 ], [ 74.4031122, 31.2353731 ], [ 74.4035459, 31.2353495 ], [ 74.4035478, 31.2353758 ], [ 74.4035575, 31.2353759 ], [ 74.403557, 31.2354364 ], [ 74.4035759, 31.2356988 ], [ 74.4035861, 31.2356989 ], [ 74.403585, 31.2358258 ], [ 74.4036143, 31.2362329 ], [ 74.4025539, 31.2362892 ], [ 74.402554, 31.2362905 ], [ 74.4014305, 31.2363505 ], [ 74.4014168, 31.2361619 ] ] ] } },
{ "type": "Feature", "properties": { "lead_id": "pakistan-potential-0070", "cell": "0066_0011", "roof_area_m2": 21061.7579, "kwh_per_kwp_yr": 1731.5262157175985, "est_kwp": 3791.12, "est_gwh_yr": 6.5644, "fixme": "Large roof (21062 m2), no detected PV nearby, modelled 1732 kWh/kWp/yr -- a rooftop SITING OPPORTUNITY, not a detection of existing PV; check imagery to confirm the roof is real, accessible and unshaded before treating it as a genuine lead", "imagery_note": "osm=67.47038,24.83395 | bing=https://www.bing.com/maps?cp=24.83395~67.47038&lvl=19&style=a | google=https://www.google.com/maps/@24.83395,67.47038,200m/data=!3m1!1e3" }, "geometry": { "type": "Polygon", "coordinates": [ [ [ 67.470553, 24.834047 ], [ 67.4707324, 24.8343165 ], [ 67.470968, 24.8341849 ], [ 67.470881, 24.8340552 ], [ 67.471055, 24.833958 ], [ 67.4710557, 24.833959 ], [ 67.4710799, 24.8339456 ], [ 67.4710581, 24.8339129 ], [ 67.4711296, 24.8338732 ], [ 67.4711401, 24.833889 ], [ 67.4711716, 24.8338715 ], [ 67.4711837, 24.8338897 ], [ 67.471221, 24.833869 ], [ 67.4712372, 24.8338933 ], [ 67.4713124, 24.8338517 ], [ 67.4713843, 24.83396 ], [ 67.4715807, 24.8338504 ], [ 67.4715155, 24.8337531 ], [ 67.4717787, 24.8336062 ], [ 67.4717809, 24.8336095 ], [ 67.471783200000019, 24.8336081 ], [ 67.4717987, 24.8336308 ], [ 67.4717962, 24.8336323 ], [ 67.4719014, 24.8337893 ], [ 67.4719041, 24.8337878 ], [ 67.4720919, 24.8340706 ], [ 67.4715113, 24.8343916 ], [ 67.4708602, 24.8347551 ], [ 67.4708585, 24.8347526 ], [ 67.4705799, 24.8349066 ], [ 67.4705309, 24.8348327 ], [ 67.4705288, 24.8348339 ], [ 67.4705281, 24.8348329 ], [ 67.4705265, 24.8348338 ], [ 67.4704616, 24.834737 ], [ 67.470441, 24.8347486 ], [ 67.4704361, 24.8347513 ], [ 67.4703047, 24.8345554 ], [ 67.4704093, 24.8344969 ], [ 67.4699285, 24.8337783 ], [ 67.4700995, 24.8336829 ], [ 67.4700864, 24.8336633 ], [ 67.4701166, 24.8336464 ], [ 67.4701153, 24.8336445 ], [ 67.4701337, 24.8336342 ], [ 67.4701108, 24.833634 ], [ 67.4701123, 24.833519 ], [ 67.4703359, 24.8335213 ], [ 67.4705763, 24.8333871 ], [ 67.4705767, 24.8333501 ], [ 67.4706413, 24.8333508 ], [ 67.4706461, 24.8333481 ], [ 67.4706474, 24.8333501 ], [ 67.4707828, 24.8332745 ], [ 67.4707815, 24.8332725 ], [ 67.4707948, 24.833265 ], [ 67.4707962, 24.8331598 ], [ 67.4709798, 24.8331618 ], [ 67.471203300000013, 24.833037 ], [ 67.4712047, 24.833039 ], [ 67.4712982, 24.8329868 ], [ 67.4713012, 24.8329913 ], [ 67.4713027, 24.8329905 ], [ 67.4714984, 24.8332843 ], [ 67.4715398, 24.8332613 ], [ 67.471552, 24.8332796 ], [ 67.4715568, 24.8332771 ], [ 67.4716141, 24.8333684 ], [ 67.4713638, 24.8335082 ], [ 67.4713672, 24.8335133 ], [ 67.4712331, 24.8335882 ], [ 67.4712327, 24.8336139 ], [ 67.4711878, 24.8336134 ], [ 67.4710653, 24.8336818 ], [ 67.4711086, 24.8337464 ], [ 67.4708982, 24.8338639 ], [ 67.4709021, 24.833864 ], [ 67.4709016, 24.8338926 ], [ 67.4708483, 24.8338918 ], [ 67.4707924, 24.833923 ], [ 67.4707883, 24.8339169 ], [ 67.470553, 24.834047 ] ], [ [ 67.4707674, 24.8338956 ], [ 67.4707676, 24.8338861 ], [ 67.4707617, 24.8338773 ], [ 67.4707375, 24.8338907 ], [ 67.4707479, 24.8339064 ], [ 67.4707674, 24.8338956 ] ], [ [ 67.470696, 24.8338282 ], [ 67.4707199, 24.833815 ], [ 67.47069, 24.8337704 ], [ 67.4705184, 24.8338666 ], [ 67.4705431, 24.8339038 ], [ 67.4706917, 24.8338217 ], [ 67.470696, 24.8338282 ] ] ] } },
{ "type": "Feature", "properties": { "lead_id": "pakistan-potential-0071", "cell": "0133_0081", "roof_area_m2": 22381.3889, "kwh_per_kwp_yr": 1621.8938124225965, "est_kwp": 4028.65, "est_gwh_yr": 6.534, "fixme": "Large roof (22381 m2), no detected PV nearby, modelled 1622 kWh/kWp/yr -- a rooftop SITING OPPORTUNITY, not a detection of existing PV; check imagery to confirm the roof is real, accessible and unshaded before treating it as a genuine lead", "imagery_note": "osm=74.23695,31.88695 | bing=https://www.bing.com/maps?cp=31.88695~74.23695&lvl=19&style=a | google=https://www.google.com/maps/@31.88695,74.23695,200m/data=!3m1!1e3" }, "geometry": { "type": "Polygon", "coordinates": [ [ [ 74.237339, 31.887636 ], [ 74.2369323, 31.8876299 ], [ 74.2369336, 31.8875151 ], [ 74.2369311, 31.8875151 ], [ 74.2369311, 31.887513 ], [ 74.2369257, 31.8875129 ], [ 74.2369262, 31.8874905 ], [ 74.2367397, 31.8874877 ], [ 74.2361885, 31.8874831 ], [ 74.2361882, 31.88751030000001 ], [ 74.2361813, 31.8875102 ], [ 74.2361791, 31.8876185 ], [ 74.2360255, 31.8876162 ], [ 74.2360257, 31.8876083 ], [ 74.235342, 31.8876027 ], [ 74.2353431, 31.8875029 ], [ 74.2353416, 31.8875029 ], [ 74.2353474, 31.8871128 ], [ 74.23535, 31.8871128 ], [ 74.2353502, 31.887103 ], [ 74.2357755, 31.8871084 ], [ 74.2357763, 31.8871163 ], [ 74.2364194, 31.8871215 ], [ 74.2364262, 31.8867933 ], [ 74.2364282, 31.8866132 ], [ 74.2364299, 31.8866132 ], [ 74.23643, 31.8866091 ], [ 74.2364333, 31.8866091 ], [ 74.2364441, 31.8860134 ], [ 74.2367107, 31.8860168 ], [ 74.2367108, 31.8860132 ], [ 74.2370945, 31.8860157 ], [ 74.2370945, 31.8860216 ], [ 74.2375029, 31.8860276 ], [ 74.2374961, 31.8864026 ], [ 74.2374894, 31.8864025 ], [ 74.237469, 31.8875201 ], [ 74.2374661, 31.88752 ], [ 74.2374649, 31.8876441 ], [ 74.237339, 31.8876432 ], [ 74.237339, 31.887636 ] ] ] } },
{ "type": "Feature", "properties": { "lead_id": "pakistan-potential-0072", "cell": "0101_0083", "roof_area_m2": 22161.1057, "kwh_per_kwp_yr": 1636.7281564062605, "est_kwp": 3989.0, "est_gwh_yr": 6.5289, "fixme": "Large roof (22161 m2), no detected PV nearby, modelled 1637 kWh/kWp/yr -- a rooftop SITING OPPORTUNITY, not a detection of existing PV; check imagery to confirm the roof is real, accessible and unshaded before treating it as a genuine lead", "imagery_note": "osm=70.98270,32.04185 | bing=https://www.bing.com/maps?cp=32.04185~70.98270&lvl=19&style=a | google=https://www.google.com/maps/@32.04185,70.98270,200m/data=!3m1!1e3" }, "geometry": { "type": "Polygon", "coordinates": [ [ [ 70.9822407, 32.042392 ], [ 70.9822434, 32.0424199 ], [ 70.9822021, 32.0424228 ], [ 70.9821992, 32.0423926 ], [ 70.9819233, 32.042397 ], [ 70.9819236, 32.0424082 ], [ 70.9816351, 32.0424127 ], [ 70.9812253, 32.0424399 ], [ 70.9812261, 32.042475 ], [ 70.9805526, 32.0424855 ], [ 70.9798753, 32.0425315 ], [ 70.9798395, 32.0421484 ], [ 70.9798329, 32.0421485 ], [ 70.9798302, 32.0420215 ], [ 70.9808469, 32.0420057 ], [ 70.9808464, 32.0420003 ], [ 70.9808612, 32.0419994 ], [ 70.9808605, 32.0419666 ], [ 70.9815653, 32.0419556 ], [ 70.982153900000014, 32.041919 ], [ 70.9821535, 32.0419143 ], [ 70.9823466, 32.0419009 ], [ 70.9823426, 32.0417083 ], [ 70.982323500000021, 32.041509 ], [ 70.9823381, 32.041508 ], [ 70.982338, 32.0415055 ], [ 70.9823849, 32.0415048 ], [ 70.9825172, 32.0414956 ], [ 70.9825174, 32.0414981 ], [ 70.9825238, 32.0414977 ], [ 70.9825243, 32.0415026 ], [ 70.982533, 32.0415025 ], [ 70.9825355, 32.0416175 ], [ 70.9825556, 32.0418247 ], [ 70.9825833, 32.0418239 ], [ 70.9825522, 32.0414611 ], [ 70.9825233, 32.0411526 ], [ 70.9829817, 32.0411211 ], [ 70.9829883, 32.041191 ], [ 70.982995, 32.0411906 ], [ 70.983054, 32.0418788 ], [ 70.983095, 32.0423029 ], [ 70.9831156, 32.0425271 ], [ 70.9831097, 32.0425285 ], [ 70.982777, 32.0425505 ], [ 70.9827811, 32.0425985 ], [ 70.9826111, 32.0426097 ], [ 70.982601, 32.0424957 ], [ 70.9824216, 32.0425071 ], [ 70.9824187, 32.0425056 ], [ 70.9824114, 32.0425061 ], [ 70.9823994, 32.0423652 ], [ 70.9822459, 32.0423748 ], [ 70.9822463, 32.0423919 ], [ 70.9822407, 32.042392 ] ] ] } },
{ "type": "Feature", "properties": { "lead_id": "pakistan-potential-0073", "cell": "0079_0017", "roof_area_m2": 20846.041, "kwh_per_kwp_yr": 1732.4486356088655, "est_kwp": 3752.29, "est_gwh_yr": 6.5006, "fixme": "Large roof (20846 m2), no detected PV nearby, modelled 1732 kWh/kWp/yr -- a rooftop SITING OPPORTUNITY, not a detection of existing PV; check imagery to confirm the roof is real, accessible and unshaded before treating it as a genuine lead", "imagery_note": "osm=68.77456,25.50526 | bing=https://www.bing.com/maps?cp=25.50526~68.77456&lvl=19&style=a | google=https://www.google.com/maps/@25.50526,68.77456,200m/data=!3m1!1e3" }, "geometry": { "type": "Polygon", "coordinates": [ [ [ 68.7733772, 25.5056042 ], [ 68.7731632, 25.5056025 ], [ 68.7731635, 25.5055665 ], [ 68.7731651, 25.5055665 ], [ 68.7731717, 25.5049362 ], [ 68.7743699, 25.5049452 ], [ 68.7743699, 25.5049465 ], [ 68.7743715, 25.5049465 ], [ 68.7743714, 25.5049481 ], [ 68.7756035, 25.5049559 ], [ 68.7756035, 25.5049585 ], [ 68.775958, 25.50496 ], [ 68.775958, 25.5049621 ], [ 68.7759629, 25.5049621 ], [ 68.7759563, 25.505627 ], [ 68.774611100000016, 25.5056212 ], [ 68.774611100000016, 25.5056159 ], [ 68.7733772, 25.5056108 ], [ 68.7733772, 25.5056042 ] ] ] } },
{ "type": "Feature", "properties": { "lead_id": "pakistan-potential-0074", "cell": "0108_0058", "roof_area_m2": 21146.8759, "kwh_per_kwp_yr": 1706.3697580784187, "est_kwp": 3806.44, "est_gwh_yr": 6.4952, "fixme": "Large roof (21147 m2), no detected PV nearby, modelled 1706 kWh/kWp/yr -- a rooftop SITING OPPORTUNITY, not a detection of existing PV; check imagery to confirm the roof is real, accessible and unshaded before treating it as a genuine lead", "imagery_note": "osm=71.74174,29.56474 | bing=https://www.bing.com/maps?cp=29.56474~71.74174&lvl=19&style=a | google=https://www.google.com/maps/@29.56474,71.74174,200m/data=!3m1!1e3" }, "geometry": { "type": "Polygon", "coordinates": [ [ [ 71.7410376, 29.5650095 ], [ 71.7410413, 29.56433560000001 ], [ 71.7410544, 29.5643357 ], [ 71.7410545, 29.5643208 ], [ 71.7411499, 29.5643212 ], [ 71.7411503, 29.5642532 ], [ 71.741278, 29.5642537 ], [ 71.7412784, 29.5641786 ], [ 71.7413932, 29.5641791 ], [ 71.7413935, 29.5641266 ], [ 71.7414302, 29.5641268 ], [ 71.7414303, 29.5641062 ], [ 71.7414809, 29.5641065 ], [ 71.7414808, 29.5641283 ], [ 71.741565, 29.5641286 ], [ 71.7415659, 29.5639658 ], [ 71.7416433, 29.5639661 ], [ 71.7416435, 29.5639224 ], [ 71.7417029, 29.5639227 ], [ 71.7417025, 29.563985 ], [ 71.7419749, 29.5639861 ], [ 71.7419743, 29.5640829 ], [ 71.7420694, 29.5640833 ], [ 71.742069, 29.5641471 ], [ 71.7421173, 29.5641473 ], [ 71.7421172, 29.5641778 ], [ 71.7422155, 29.5641782 ], [ 71.742215800000011, 29.5641301 ], [ 71.7423366, 29.5641306 ], [ 71.7423349, 29.5644445 ], [ 71.7418893, 29.5644426 ], [ 71.7418892, 29.564465 ], [ 71.7424345, 29.5644674 ], [ 71.7424294, 29.5653859 ], [ 71.7424164, 29.5653858 ], [ 71.7424161, 29.5655208 ], [ 71.7417584, 29.5655198 ], [ 71.7417585, 29.5654477 ], [ 71.7417433, 29.5654476 ], [ 71.7417433, 29.5654636 ], [ 71.7417314, 29.5654636 ], [ 71.7417313, 29.5655198 ], [ 71.7416566, 29.5655197 ], [ 71.7416566, 29.5655371 ], [ 71.7409271, 29.565536 ], [ 71.7409277, 29.5652531 ], [ 71.7409336, 29.5652531 ], [ 71.7409338, 29.5651488 ], [ 71.7409192, 29.5651488 ], [ 71.7409192, 29.5651254 ], [ 71.7410378, 29.5651256 ], [ 71.7410379, 29.5650588 ], [ 71.7410576, 29.5650589 ], [ 71.7410577, 29.56500960000001 ], [ 71.7410376, 29.5650095 ] ] ] } },
{ "type": "Feature", "properties": { "lead_id": "pakistan-potential-0075", "cell": "0109_0058", "roof_area_m2": 21146.8759, "kwh_per_kwp_yr": 1706.3697580784187, "est_kwp": 3806.44, "est_gwh_yr": 6.4952, "fixme": "Large roof (21147 m2), no detected PV nearby, modelled 1706 kWh/kWp/yr -- a rooftop SITING OPPORTUNITY, not a detection of existing PV; check imagery to confirm the roof is real, accessible and unshaded before treating it as a genuine lead", "imagery_note": "osm=71.74174,29.56474 | bing=https://www.bing.com/maps?cp=29.56474~71.74174&lvl=19&style=a | google=https://www.google.com/maps/@29.56474,71.74174,200m/data=!3m1!1e3" }, "geometry": { "type": "Polygon", "coordinates": [ [ [ 71.7410376, 29.5650095 ], [ 71.7410413, 29.56433560000001 ], [ 71.7410544, 29.5643357 ], [ 71.7410545, 29.5643208 ], [ 71.7411499, 29.5643212 ], [ 71.7411503, 29.5642532 ], [ 71.741278, 29.5642537 ], [ 71.7412784, 29.5641786 ], [ 71.7413932, 29.5641791 ], [ 71.7413935, 29.5641266 ], [ 71.7414302, 29.5641268 ], [ 71.7414303, 29.5641062 ], [ 71.7414809, 29.5641065 ], [ 71.7414808, 29.5641283 ], [ 71.741565, 29.5641286 ], [ 71.7415659, 29.5639658 ], [ 71.7416433, 29.5639661 ], [ 71.7416435, 29.5639224 ], [ 71.7417029, 29.5639227 ], [ 71.7417025, 29.563985 ], [ 71.7419749, 29.5639861 ], [ 71.7419743, 29.5640829 ], [ 71.7420694, 29.5640833 ], [ 71.742069, 29.5641471 ], [ 71.7421173, 29.5641473 ], [ 71.7421172, 29.5641778 ], [ 71.7422155, 29.5641782 ], [ 71.742215800000011, 29.5641301 ], [ 71.7423366, 29.5641306 ], [ 71.7423349, 29.5644445 ], [ 71.7418893, 29.5644426 ], [ 71.7418892, 29.564465 ], [ 71.7424345, 29.5644674 ], [ 71.7424294, 29.5653859 ], [ 71.7424164, 29.5653858 ], [ 71.7424161, 29.5655208 ], [ 71.7417584, 29.5655198 ], [ 71.7417585, 29.5654477 ], [ 71.7417433, 29.5654476 ], [ 71.7417433, 29.5654636 ], [ 71.7417314, 29.5654636 ], [ 71.7417313, 29.5655198 ], [ 71.7416566, 29.5655197 ], [ 71.7416566, 29.5655371 ], [ 71.7409271, 29.565536 ], [ 71.7409277, 29.5652531 ], [ 71.7409336, 29.5652531 ], [ 71.7409338, 29.5651488 ], [ 71.7409192, 29.5651488 ], [ 71.7409192, 29.5651254 ], [ 71.7410378, 29.5651256 ], [ 71.7410379, 29.5650588 ], [ 71.7410576, 29.5650589 ], [ 71.7410577, 29.56500960000001 ], [ 71.7410376, 29.5650095 ] ] ] } },
{ "type": "Feature", "properties": { "lead_id": "pakistan-potential-0076", "cell": "0063_0011", "roof_area_m2": 20515.345, "kwh_per_kwp_yr": 1735.0083720800558, "est_kwp": 3692.76, "est_gwh_yr": 6.407, "fixme": "Large roof (20515 m2), no detected PV nearby, modelled 1735 kWh/kWp/yr -- a rooftop SITING OPPORTUNITY, not a detection of existing PV; check imagery to confirm the roof is real, accessible and unshaded before treating it as a genuine lead", "imagery_note": "osm=67.21445,24.84259 | bing=https://www.bing.com/maps?cp=24.84259~67.21445&lvl=19&style=a | google=https://www.google.com/maps/@24.84259,67.21445,200m/data=!3m1!1e3" }, "geometry": { "type": "Polygon", "coordinates": [ [ [ 67.215265904471195, 24.842924180558597 ], [ 67.214636605132199, 24.843033207376301 ], [ 67.214636407821303, 24.843032259077798 ], [ 67.214066180148905, 24.843131049178801 ], [ 67.214030288630298, 24.842958546426502 ], [ 67.213962091664101, 24.8429703611775 ], [ 67.213954445123306, 24.842933610022701 ], [ 67.213784933138001, 24.8429629769042 ], [ 67.213638800482499, 24.8422606192247 ], [ 67.214052783047507, 24.842188898863405 ], [ 67.214041913484706, 24.842136657027101 ], [ 67.213975174681593, 24.842148219268005 ], [ 67.213973765133801, 24.842141444608995 ], [ 67.213864229060107, 24.842160421243001 ], [ 67.213786252571893, 24.841785643067201 ], [ 67.213962526929393, 24.841755104252002 ], [ 67.213959113619794, 24.841738698938499 ], [ 67.214277137500204, 24.841683602023295 ], [ 67.21435852881082, 24.842074785335299 ], [ 67.214390230514695, 24.842069293052305 ], [ 67.214383063005897, 24.842034844664301 ], [ 67.214410098056007, 24.842030160867399 ], [ 67.214337124130694, 24.841679433970199 ], [ 67.214983603403695, 24.841567430365401 ], [ 67.215265904471195, 24.842924180558597 ] ] ] } },
{ "type": "Feature", "properties": { "lead_id": "pakistan-potential-0077", "cell": "0102_0065", "roof_area_m2": 20844.4202, "kwh_per_kwp_yr": 1703.3792336230647, "est_kwp": 3752.0, "est_gwh_yr": 6.3911, "fixme": "Large roof (20844 m2), no detected PV nearby, modelled 1703 kWh/kWp/yr -- a rooftop SITING OPPORTUNITY, not a detection of existing PV; check imagery to confirm the roof is real, accessible and unshaded before treating it as a genuine lead", "imagery_note": "osm=71.06052,30.30022 | bing=https://www.bing.com/maps?cp=30.30022~71.06052&lvl=19&style=a | google=https://www.google.com/maps/@30.30022,71.06052,200m/data=!3m1!1e3" }, "geometry": { "type": "Polygon", "coordinates": [ [ [ 71.0601179, 30.3004603 ], [ 71.0601099, 30.2999819 ], [ 71.0600874, 30.29893 ], [ 71.0606682, 30.2989207 ], [ 71.0606684, 30.2989287 ], [ 71.0608985, 30.298925 ], [ 71.0609125, 30.2995824 ], [ 71.0609136, 30.2995824 ], [ 71.0609309, 30.3004517 ], [ 71.0609266, 30.3004518 ], [ 71.0609386, 30.3012518 ], [ 71.0601299, 30.301261 ], [ 71.0601236, 30.3008415 ], [ 71.0599585, 30.3008426 ], [ 71.0599526, 30.3004621 ], [ 71.0601179, 30.3004603 ] ] ] } },
{ "type": "Feature", "properties": { "lead_id": "pakistan-potential-0078", "cell": "0107_0098", "roof_area_m2": 21001.646, "kwh_per_kwp_yr": 1678.9253691037518, "est_kwp": 3780.3, "est_gwh_yr": 6.3468, "fixme": "Large roof (21002 m2), no detected PV nearby, modelled 1679 kWh/kWp/yr -- a rooftop SITING OPPORTUNITY, not a detection of existing PV; check imagery to confirm the roof is real, accessible and unshaded before treating it as a genuine lead", "imagery_note": "osm=71.54512,33.54804 | bing=https://www.bing.com/maps?cp=33.54804~71.54512&lvl=19&style=a | google=https://www.google.com/maps/@33.54804,71.54512,200m/data=!3m1!1e3" }, "geometry": { "type": "Polygon", "coordinates": [ [ [ 71.5456243, 33.5471959 ], [ 71.545631, 33.5472996 ], [ 71.5456521, 33.5472991 ], [ 71.5456688, 33.5478883 ], [ 71.5456878, 33.5481836 ], [ 71.5456828, 33.5481838 ], [ 71.5457083, 33.5486057 ], [ 71.5456995, 33.5486061 ], [ 71.5456996, 33.5486117 ], [ 71.5456893, 33.5486119 ], [ 71.5456893, 33.5486136 ], [ 71.545372, 33.5486199 ], [ 71.5451029, 33.5486316 ], [ 71.5451115, 33.5489247 ], [ 71.5451304, 33.5492079 ], [ 71.5451282, 33.549208 ], [ 71.5451284, 33.5492111 ], [ 71.54512, 33.5492115 ], [ 71.54512, 33.549214 ], [ 71.5451025, 33.5492144 ], [ 71.5451026, 33.5492171 ], [ 71.5448844, 33.5492215 ], [ 71.544629700000016, 33.5492323 ], [ 71.5445769, 33.5484537 ], [ 71.5445826, 33.5484534 ], [ 71.544515, 33.5473344 ], [ 71.5445248, 33.547334 ], [ 71.5445008, 33.5469245 ], [ 71.544997800000019, 33.5469027 ], [ 71.5449979, 33.5469041 ], [ 71.545003, 33.5469039 ], [ 71.5450216, 33.547222 ], [ 71.5456243, 33.5471959 ] ] ] } },
{ "type": "Feature", "properties": { "lead_id": "pakistan-potential-0079", "cell": "0133_0079", "roof_area_m2": 21814.8171, "kwh_per_kwp_yr": 1615.0685391367763, "est_kwp": 3926.67, "est_gwh_yr": 6.3418, "fixme": "Large roof (21815 m2), no detected PV nearby, modelled 1615 kWh/kWp/yr -- a rooftop SITING OPPORTUNITY, not a detection of existing PV; check imagery to confirm the roof is real, accessible and unshaded before treating it as a genuine lead", "imagery_note": "osm=74.15672,31.64071 | bing=https://www.bing.com/maps?cp=31.64071~74.15672&lvl=19&style=a | google=https://www.google.com/maps/@31.64071,74.15672,200m/data=!3m1!1e3" }, "geometry": { "type": "Polygon", "coordinates": [ [ [ 74.1576986, 31.641123 ], [ 74.1576978, 31.6412143 ], [ 74.15769250000001, 31.6412143 ], [ 74.1576924, 31.6412275 ], [ 74.1567346, 31.6412212 ], [ 74.1567346, 31.6412223 ], [ 74.1557545, 31.6412381 ], [ 74.1557505, 31.6410579 ], [ 74.1559133, 31.6410553 ], [ 74.1559106, 31.6409336 ], [ 74.1557478, 31.6409363 ], [ 74.1557472, 31.6409088 ], [ 74.1557441, 31.6409088 ], [ 74.1557437, 31.640889 ], [ 74.1557342, 31.640889 ], [ 74.1557373, 31.6405446 ], [ 74.1557289, 31.6400963 ], [ 74.1557413, 31.6400961 ], [ 74.1557414, 31.6400858 ], [ 74.1562526, 31.6400891 ], [ 74.156977, 31.6400791 ], [ 74.156977, 31.6400775 ], [ 74.1572498, 31.6400751 ], [ 74.1576827, 31.640068700000011 ], [ 74.1576875, 31.6400695 ], [ 74.1577027, 31.6408821 ], [ 74.157699, 31.6408821 ], [ 74.1576994, 31.6409002 ], [ 74.1569903, 31.6409107 ], [ 74.1569901, 31.6409026 ], [ 74.156987, 31.6409027 ], [ 74.1569869, 31.6408918 ], [ 74.1567274, 31.6408954 ], [ 74.1567323, 31.6411166 ], [ 74.1569759, 31.6411182 ], [ 74.156974, 31.6410437 ], [ 74.1576903, 31.6410305 ], [ 74.1576926, 31.6411229 ], [ 74.1576986, 31.641123 ] ] ] } },
{ "type": "Feature", "properties": { "lead_id": "pakistan-potential-0080", "cell": "0098_0085", "roof_area_m2": 21247.305, "kwh_per_kwp_yr": 1648.3157051588878, "est_kwp": 3824.51, "est_gwh_yr": 6.304, "fixme": "Large roof (21247 m2), no detected PV nearby, modelled 1648 kWh/kWp/yr -- a rooftop SITING OPPORTUNITY, not a detection of existing PV; check imagery to confirm the roof is real, accessible and unshaded before treating it as a genuine lead", "imagery_note": "osm=70.73544,32.29451 | bing=https://www.bing.com/maps?cp=32.29451~70.73544&lvl=19&style=a | google=https://www.google.com/maps/@32.29451,70.73544,200m/data=!3m1!1e3" }, "geometry": { "type": "Polygon", "coordinates": [ [ [ 70.735517, 32.2927141 ], [ 70.7356277, 32.293737 ], [ 70.7356072, 32.2937386 ], [ 70.7356554, 32.2942314 ], [ 70.735666, 32.2942307 ], [ 70.7357431, 32.2950653 ], [ 70.735762, 32.2950652 ], [ 70.7357641, 32.2952916 ], [ 70.7357696, 32.2953515 ], [ 70.7357785, 32.295351 ], [ 70.7357792, 32.2953609 ], [ 70.7357979, 32.2953608 ], [ 70.7358005, 32.2956542 ], [ 70.7358115, 32.2958051 ], [ 70.73583, 32.296006 ], [ 70.7358334, 32.296006 ], [ 70.7358338, 32.2960463 ], [ 70.735852, 32.2962439 ], [ 70.7358434, 32.2962445 ], [ 70.7358706, 32.2966197 ], [ 70.7358661, 32.2966199 ], [ 70.7358672, 32.2966351 ], [ 70.7358227, 32.2966374 ], [ 70.735823, 32.2966408 ], [ 70.7353608, 32.296665 ], [ 70.735331700000017, 32.2962632 ], [ 70.7353005, 32.2962634 ], [ 70.7352961, 32.2957728 ], [ 70.73529, 32.295689 ], [ 70.735250900000011, 32.2952655 ], [ 70.7352103, 32.2952657 ], [ 70.7352059, 32.2947798 ], [ 70.735091, 32.2936033 ], [ 70.7350161, 32.292914 ], [ 70.7350094, 32.2929141 ], [ 70.7350082, 32.2928497 ], [ 70.734999, 32.2927789 ], [ 70.7350012, 32.2927787 ], [ 70.7350008, 32.2927747 ], [ 70.7350068, 32.2927742 ], [ 70.7350065, 32.29275710000001 ], [ 70.7352669, 32.2927536 ], [ 70.7353729, 32.2927441 ], [ 70.7353709, 32.29272550000001 ], [ 70.735517, 32.2927141 ] ] ] } },
{ "type": "Feature", "properties": { "lead_id": "pakistan-potential-0081", "cell": "0133_0075", "roof_area_m2": 21475.4721, "kwh_per_kwp_yr": 1630.064345401448, "est_kwp": 3865.58, "est_gwh_yr": 6.3011, "fixme": "Large roof (21475 m2), no detected PV nearby, modelled 1630 kWh/kWp/yr -- a rooftop SITING OPPORTUNITY, not a detection of existing PV; check imagery to confirm the roof is real, accessible and unshaded before treating it as a genuine lead", "imagery_note": "osm=74.14826,31.25991 | bing=https://www.bing.com/maps?cp=31.25991~74.14826&lvl=19&style=a | google=https://www.google.com/maps/@31.25991,74.14826,200m/data=!3m1!1e3" }, "geometry": { "type": "Polygon", "coordinates": [ [ [ 74.1488244, 31.2594836 ], [ 74.1488419, 31.259754 ], [ 74.148850900000014, 31.2597536 ], [ 74.1488682, 31.2599981 ], [ 74.1488843, 31.2599982 ], [ 74.1488825, 31.2602012 ], [ 74.1488896, 31.2603018 ], [ 74.1489292, 31.2607673 ], [ 74.1489224, 31.2607677 ], [ 74.1489225, 31.2607693 ], [ 74.1487819, 31.2607766 ], [ 74.1486909, 31.2607823 ], [ 74.1486908, 31.2607813 ], [ 74.1485174, 31.2607903 ], [ 74.1485236, 31.2608783 ], [ 74.1483959, 31.260885 ], [ 74.1483959, 31.2608866 ], [ 74.1483683, 31.2608864 ], [ 74.1482675, 31.2608917 ], [ 74.1482671, 31.2608857 ], [ 74.1482499, 31.2608856 ], [ 74.1482518, 31.2606696 ], [ 74.1482388, 31.2604839 ], [ 74.1482314, 31.2604843 ], [ 74.1482292, 31.2604609 ], [ 74.1479748, 31.2604592 ], [ 74.1479578, 31.2604601 ], [ 74.1479577, 31.2604641 ], [ 74.1478898, 31.2604636 ], [ 74.147709, 31.260473 ], [ 74.1477087, 31.2604681 ], [ 74.147696, 31.2604687 ], [ 74.1476956, 31.2604624 ], [ 74.1476844, 31.2604623 ], [ 74.1476844, 31.2604572 ], [ 74.1476773, 31.2604572 ], [ 74.1476795, 31.2602126 ], [ 74.1476549, 31.25983 ], [ 74.147651, 31.25983 ], [ 74.1476515, 31.2597771 ], [ 74.1476354, 31.2595279 ], [ 74.1476067, 31.2595277 ], [ 74.1476084, 31.2593431 ], [ 74.1475996, 31.259343 ], [ 74.1476021, 31.2590695 ], [ 74.1475877, 31.2590694 ], [ 74.147589, 31.2589367 ], [ 74.1475974, 31.2589368 ], [ 74.147597, 31.2589311 ], [ 74.1477222, 31.2589251 ], [ 74.1477223, 31.2589136 ], [ 74.1477964, 31.2589141 ], [ 74.1477963, 31.2589216 ], [ 74.147822, 31.2589204 ], [ 74.1478232, 31.2589383 ], [ 74.1481937, 31.2589403 ], [ 74.1481937, 31.2589363 ], [ 74.1482673, 31.2589368 ], [ 74.148618, 31.2589201 ], [ 74.1486195, 31.2589437 ], [ 74.1486251, 31.2589437 ], [ 74.1486244, 31.2590196 ], [ 74.1486291, 31.2590925 ], [ 74.148678100000012, 31.2590902 ], [ 74.1486786, 31.2590975 ], [ 74.1486846, 31.2590975 ], [ 74.1486839, 31.2591797 ], [ 74.1486937, 31.2593329 ], [ 74.1487162, 31.2593331 ], [ 74.1487161, 31.259337 ], [ 74.1488132, 31.2593311 ], [ 74.1488134, 31.2593337 ], [ 74.1488148, 31.2593336 ], [ 74.1488235, 31.2594685 ], [ 74.1488247, 31.2594685 ], [ 74.1488244, 31.2594836 ] ] ] } },
{ "type": "Feature", "properties": { "lead_id": "pakistan-potential-0082", "cell": "0079_0017", "roof_area_m2": 20020.5865, "kwh_per_kwp_yr": 1732.4531281810459, "est_kwp": 3603.71, "est_gwh_yr": 6.2433, "fixme": "Large roof (20021 m2), no detected PV nearby, modelled 1732 kWh/kWp/yr -- a rooftop SITING OPPORTUNITY, not a detection of existing PV; check imagery to confirm the roof is real, accessible and unshaded before treating it as a genuine lead", "imagery_note": "osm=68.77456,25.50599 | bing=https://www.bing.com/maps?cp=25.50599~68.77456&lvl=19&style=a | google=https://www.google.com/maps/@25.50599,68.77456,200m/data=!3m1!1e3" }, "geometry": { "type": "Polygon", "coordinates": [ [ [ 68.7759768, 25.5056867 ], [ 68.77597, 25.5063202 ], [ 68.774606700000021, 25.5063075 ], [ 68.7733729, 25.5062953 ], [ 68.7733729, 25.5062943 ], [ 68.7731423, 25.5062923 ], [ 68.7731423, 25.5062913 ], [ 68.7731399, 25.5062913 ], [ 68.7731477, 25.5056594 ], [ 68.7759768, 25.5056867 ] ] ] } },
{ "type": "Feature", "properties": { "lead_id": "pakistan-potential-0083", "cell": "0133_0075", "roof_area_m2": 21027.8257, "kwh_per_kwp_yr": 1630.8882052609465, "est_kwp": 3785.01, "est_gwh_yr": 6.1729, "fixme": "Large roof (21028 m2), no detected PV nearby, modelled 1631 kWh/kWp/yr -- a rooftop SITING OPPORTUNITY, not a detection of existing PV; check imagery to confirm the roof is real, accessible and unshaded before treating it as a genuine lead", "imagery_note": "osm=74.15843,31.25324 | bing=https://www.bing.com/maps?cp=31.25324~74.15843&lvl=19&style=a | google=https://www.google.com/maps/@31.25324,74.15843,200m/data=!3m1!1e3" }, "geometry": { "type": "Polygon", "coordinates": [ [ [ 74.1590821, 31.2526215 ], [ 74.1591879, 31.2526044 ], [ 74.1592846, 31.2525865 ], [ 74.1593327, 31.2527788 ], [ 74.1593828, 31.2527696 ], [ 74.1593839, 31.2527738 ], [ 74.1593852, 31.2527736 ], [ 74.1594424, 31.2530022 ], [ 74.1594584, 31.2530023 ], [ 74.1594579, 31.253064 ], [ 74.1594799, 31.253152 ], [ 74.1594898, 31.2531521 ], [ 74.1594894, 31.2531902 ], [ 74.1595095, 31.2532704 ], [ 74.1595145, 31.2532704 ], [ 74.1595143, 31.2532896 ], [ 74.1595262, 31.2533371 ], [ 74.1595369, 31.2533372 ], [ 74.1595365, 31.2533783 ], [ 74.159551900000011, 31.2534398 ], [ 74.1595683, 31.2534399 ], [ 74.1595677, 31.2535021 ], [ 74.1595868, 31.253579 ], [ 74.159567, 31.2535826 ], [ 74.1595666, 31.2536222 ], [ 74.1593602, 31.2536208 ], [ 74.1590088, 31.2536858 ], [ 74.1590083, 31.2537398 ], [ 74.1587936, 31.2537384 ], [ 74.1584678, 31.2537969 ], [ 74.158467700000017, 31.25380830000001 ], [ 74.1584062, 31.2538079 ], [ 74.1583079, 31.2538256 ], [ 74.1583078, 31.2538414 ], [ 74.1582231, 31.2538408 ], [ 74.158143400000014, 31.2538551 ], [ 74.1581433, 31.2538661 ], [ 74.1580847, 31.2538657 ], [ 74.1580303, 31.2538755 ], [ 74.15803, 31.2539052 ], [ 74.157871, 31.2539041 ], [ 74.1576949, 31.2539357 ], [ 74.1575987, 31.2535458 ], [ 74.1574284, 31.2535764 ], [ 74.1573414, 31.2532188 ], [ 74.1573167, 31.2531242 ], [ 74.1573183, 31.2531239 ], [ 74.1573005, 31.2530509 ], [ 74.1575159, 31.2530122 ], [ 74.1575281, 31.2530626 ], [ 74.157549, 31.2530585 ], [ 74.1575534, 31.2530751 ], [ 74.1577654, 31.253037 ], [ 74.1577362, 31.2529252 ], [ 74.1577104, 31.2529302 ], [ 74.1576998, 31.2528897 ], [ 74.1578046, 31.2528694 ], [ 74.1578143, 31.2529064 ], [ 74.1578409, 31.2529013 ], [ 74.1578409, 31.2528968 ], [ 74.1584651, 31.2527814 ], [ 74.1584771, 31.2528295 ], [ 74.158669, 31.2527925 ], [ 74.1586561, 31.2527424 ], [ 74.1588876, 31.2526978 ], [ 74.1588876, 31.2527034 ], [ 74.1589935, 31.2526838 ], [ 74.1590065, 31.2527356 ], [ 74.1590447, 31.2527285 ], [ 74.1590391, 31.2527063 ], [ 74.159001, 31.2527079 ], [ 74.1589991, 31.2526748 ], [ 74.1589896, 31.2526763 ], [ 74.1589812, 31.2526379 ], [ 74.1590443, 31.2526277 ], [ 74.1590449, 31.2526307 ], [ 74.1590826, 31.2526238 ], [ 74.1590821, 31.2526215 ] ] ] } },
{ "type": "Feature", "properties": { "lead_id": "pakistan-potential-0084", "cell": "0065_0011", "roof_area_m2": 19635.2001, "kwh_per_kwp_yr": 1732.6074868278597, "est_kwp": 3534.34, "est_gwh_yr": 6.1236, "fixme": "Large roof (19635 m2), no detected PV nearby, modelled 1733 kWh/kWp/yr -- a rooftop SITING OPPORTUNITY, not a detection of existing PV; check imagery to confirm the roof is real, accessible and unshaded before treating it as a genuine lead", "imagery_note": "osm=67.37581,24.83724 | bing=https://www.bing.com/maps?cp=24.83724~67.37581&lvl=19&style=a | google=https://www.google.com/maps/@24.83724,67.37581,200m/data=!3m1!1e3" }, "geometry": { "type": "Polygon", "coordinates": [ [ [ 67.3769587, 24.8373585 ], [ 67.3769605, 24.8373421 ], [ 67.3769853, 24.8373438 ], [ 67.3769782, 24.8374289 ], [ 67.3769535, 24.8374272 ], [ 67.3769539, 24.8374228 ], [ 67.376925, 24.8374221 ], [ 67.376911, 24.8377373 ], [ 67.3766388, 24.8377272 ], [ 67.3766428, 24.8376374 ], [ 67.376000600000012, 24.8376131 ], [ 67.3757252, 24.8376069 ], [ 67.3757253, 24.8376029 ], [ 67.375715700000015, 24.8376025 ], [ 67.3757159, 24.8375971 ], [ 67.3755478, 24.8375898 ], [ 67.3747437, 24.8375668 ], [ 67.3747441, 24.8375558 ], [ 67.3746825, 24.8375539 ], [ 67.3746832, 24.8375358 ], [ 67.37468, 24.8375357 ], [ 67.3746801, 24.8375312 ], [ 67.3746731, 24.8375309 ], [ 67.3746993, 24.8370296 ], [ 67.3747035, 24.8368254 ], [ 67.3747097, 24.8368255 ], [ 67.3747102, 24.8368212 ], [ 67.3748755, 24.8368284 ], [ 67.375087600000015, 24.836832 ], [ 67.3750875, 24.8368352 ], [ 67.3751393, 24.8368362 ], [ 67.3751394, 24.8368329 ], [ 67.3751899, 24.8368338 ], [ 67.3751895, 24.8368526 ], [ 67.375221, 24.8368531 ], [ 67.3752215, 24.8368399 ], [ 67.3752287, 24.8368401 ], [ 67.3752287, 24.8368379 ], [ 67.3753184, 24.8368397 ], [ 67.3753183, 24.8368429 ], [ 67.3753727, 24.8368446 ], [ 67.3753728, 24.8368408 ], [ 67.3754963, 24.8368432 ], [ 67.375496, 24.8368553 ], [ 67.3755179, 24.8368563 ], [ 67.3755178, 24.8368582 ], [ 67.3757481, 24.8368622 ], [ 67.375748, 24.8368663 ], [ 67.3764679, 24.8368976 ], [ 67.3766012, 24.8369005 ], [ 67.3766112, 24.8367093 ], [ 67.376615, 24.8367095 ], [ 67.3766154, 24.8367002 ], [ 67.3767057, 24.8367035 ], [ 67.3767055, 24.8367082 ], [ 67.3767543, 24.8367092 ], [ 67.3767543, 24.8367114 ], [ 67.3769514, 24.8367157 ], [ 67.3769509, 24.8367355 ], [ 67.3769555, 24.8367357 ], [ 67.3769442, 24.8369909 ], [ 67.3769403, 24.8371364 ], [ 67.3769377, 24.8371364 ], [ 67.3769279, 24.8373578 ], [ 67.3769587, 24.8373585 ] ] ] } },
{ "type": "Feature", "properties": { "lead_id": "pakistan-potential-0085", "cell": "0112_0100", "roof_area_m2": 20022.9905, "kwh_per_kwp_yr": 1686.9200010206887, "est_kwp": 3604.14, "est_gwh_yr": 6.0799, "fixme": "Large roof (20023 m2), no detected PV nearby, modelled 1687 kWh/kWp/yr -- a rooftop SITING OPPORTUNITY, not a detection of existing PV; check imagery to confirm the roof is real, accessible and unshaded before treating it as a genuine lead", "imagery_note": "osm=72.09990,33.80141 | bing=https://www.bing.com/maps?cp=33.80141~72.09990&lvl=19&style=a | google=https://www.google.com/maps/@33.80141,72.09990,200m/data=!3m1!1e3" }, "geometry": { "type": "Polygon", "coordinates": [ [ [ 72.099926, 33.7994326 ], [ 72.100240200000016, 33.7994452 ], [ 72.1001759, 33.8005602 ], [ 72.100197, 33.8010671 ], [ 72.1002031, 33.8010676 ], [ 72.1002364, 33.8018643 ], [ 72.1002419, 33.80196140000001 ], [ 72.1002406, 33.8019615 ], [ 72.1002509, 33.8022044 ], [ 72.1002624, 33.8022048 ], [ 72.1002565, 33.8023358 ], [ 72.1002588, 33.8023905 ], [ 72.100254, 33.8023907 ], [ 72.100239400000021, 33.80271290000001 ], [ 72.1002401, 33.8028631 ], [ 72.1002488, 33.8030826 ], [ 72.1002411, 33.8030832 ], [ 72.1002415, 33.8031731 ], [ 72.1002186, 33.80317320000001 ], [ 72.1002183, 33.8031811 ], [ 72.0999887, 33.8031739 ], [ 72.0996727, 33.8031749 ], [ 72.0996723, 33.8031039 ], [ 72.0996066, 33.8031018 ], [ 72.0996119, 33.8029861 ], [ 72.0996114, 33.802889 ], [ 72.0996014, 33.8026355 ], [ 72.0996102, 33.8026352 ], [ 72.0996086, 33.8022794 ], [ 72.0995989, 33.8022791 ], [ 72.0996032, 33.802184 ], [ 72.0996212, 33.8021846 ], [ 72.0995942, 33.801544 ], [ 72.0995788, 33.8012693 ], [ 72.0995827, 33.8012691 ], [ 72.0995819, 33.8012488 ], [ 72.0995843, 33.8012487 ], [ 72.099582, 33.8011924 ], [ 72.0995795, 33.8011925 ], [ 72.0995784, 33.801166 ], [ 72.099581, 33.8011659 ], [ 72.0995778, 33.8010848 ], [ 72.0996272, 33.8010831 ], [ 72.0996198, 33.8009045 ], [ 72.0998012, 33.8008992 ], [ 72.0997967, 33.8007913 ], [ 72.0998584, 33.8007895 ], [ 72.0998593, 33.8008108 ], [ 72.0999258, 33.8008089 ], [ 72.0999221, 33.8007214 ], [ 72.0999255, 33.8007213 ], [ 72.0999315, 33.800618 ], [ 72.0999667, 33.8006195 ], [ 72.0999709, 33.8005467 ], [ 72.0999933, 33.8005476 ], [ 72.099996, 33.8005004 ], [ 72.0999736, 33.8004995 ], [ 72.0999759, 33.8004591 ], [ 72.0999983, 33.80046 ], [ 72.100001500000019, 33.8004052 ], [ 72.0999439, 33.8004029 ], [ 72.0999433, 33.8004143 ], [ 72.0999125, 33.8004131 ], [ 72.0999134, 33.800397 ], [ 72.0998747, 33.8003954 ], [ 72.099878100000012, 33.8003357 ], [ 72.0998404, 33.8003342 ], [ 72.0998441, 33.8002686 ], [ 72.0998258, 33.8002679 ], [ 72.0998278, 33.8002325 ], [ 72.099884, 33.8002348 ], [ 72.0998864, 33.8001918 ], [ 72.0998487, 33.8001903 ], [ 72.0998522, 33.800129 ], [ 72.0998467, 33.8001288 ], [ 72.0998456, 33.8001476 ], [ 72.0997833, 33.8001451 ], [ 72.099791700000011, 33.7999999 ], [ 72.0998045, 33.8000004 ], [ 72.0998078, 33.7999431 ], [ 72.0997341, 33.7999402 ], [ 72.0997357, 33.7999116 ], [ 72.0997588, 33.7999125 ], [ 72.0997748, 33.7996357 ], [ 72.0997071, 33.799633 ], [ 72.0997083, 33.799612 ], [ 72.0996857, 33.7996111 ], [ 72.0996893, 33.7995486 ], [ 72.0998669, 33.7995557 ], [ 72.0998728, 33.7994529 ], [ 72.0999247, 33.799455 ], [ 72.099926, 33.7994326 ] ] ] } },
{ "type": "Feature", "properties": { "lead_id": "pakistan-potential-0086", "cell": "0133_0075", "roof_area_m2": 20594.6745, "kwh_per_kwp_yr": 1631.5982148903397, "est_kwp": 3707.04, "est_gwh_yr": 6.0484, "fixme": "Large roof (20595 m2), no detected PV nearby, modelled 1632 kWh/kWp/yr -- a rooftop SITING OPPORTUNITY, not a detection of existing PV; check imagery to confirm the roof is real, accessible and unshaded before treating it as a genuine lead", "imagery_note": "osm=74.17478,31.25369 | bing=https://www.bing.com/maps?cp=31.25369~74.17478&lvl=19&style=a | google=https://www.google.com/maps/@31.25369,74.17478,200m/data=!3m1!1e3" }, "geometry": { "type": "Polygon", "coordinates": [ [ [ 74.1741534, 31.2538902 ], [ 74.17415, 31.2538903 ], [ 74.1741458, 31.2537535 ], [ 74.174157, 31.2537533 ], [ 74.174157, 31.253751 ], [ 74.1741643, 31.2537511 ], [ 74.1741642, 31.2536291 ], [ 74.1741629, 31.2536291 ], [ 74.17416, 31.2534903 ], [ 74.1741519, 31.25322310000001 ], [ 74.1741434, 31.253223 ], [ 74.1741452, 31.2531346 ], [ 74.1741492, 31.2531347 ], [ 74.1741484, 31.2531081 ], [ 74.1741457, 31.2531081 ], [ 74.1741468, 31.2530535 ], [ 74.1741428, 31.2529222 ], [ 74.1741493, 31.25292210000001 ], [ 74.1741494, 31.2529178 ], [ 74.1742646, 31.2529195 ], [ 74.174681, 31.2529101 ], [ 74.1746824, 31.2529554 ], [ 74.174833, 31.252952 ], [ 74.1748328, 31.2529447 ], [ 74.1748372, 31.2529446 ], [ 74.1748373, 31.2529331 ], [ 74.1751834, 31.2529353 ], [ 74.1751834, 31.2529369 ], [ 74.1753563, 31.252933 ], [ 74.1753593, 31.2530324 ], [ 74.1753868, 31.2530326 ], [ 74.1753818, 31.2536053 ], [ 74.1753974, 31.2536054 ], [ 74.1753923, 31.2541517 ], [ 74.1754002, 31.2541518 ], [ 74.1753975, 31.2544461 ], [ 74.1753744, 31.254446 ], [ 74.1753743, 31.2544491 ], [ 74.1752566, 31.2544483 ], [ 74.1752554, 31.2545819 ], [ 74.1748384, 31.254579 ], [ 74.1747613, 31.2545799 ], [ 74.1747613, 31.2545785 ], [ 74.1747455, 31.2545784 ], [ 74.1747455, 31.2545764 ], [ 74.1747442, 31.2545764 ], [ 74.1747452, 31.2544657 ], [ 74.1745005, 31.254464 ], [ 74.1743832, 31.2544681 ], [ 74.1743831, 31.2544744 ], [ 74.1742646, 31.2544736 ], [ 74.1741905, 31.254477 ], [ 74.1741854, 31.2543958 ], [ 74.1741931, 31.2543954 ], [ 74.1741942, 31.2542796 ], [ 74.1741919, 31.254243 ], [ 74.1741524, 31.2542427 ], [ 74.1741554, 31.2539216 ], [ 74.1741534, 31.2538902 ] ] ] } },
{ "type": "Feature", "properties": { "lead_id": "pakistan-potential-0087", "cell": "0063_0011", "roof_area_m2": 19296.0096, "kwh_per_kwp_yr": 1737.2742718299871, "est_kwp": 3473.28, "est_gwh_yr": 6.034, "fixme": "Large roof (19296 m2), no detected PV nearby, modelled 1737 kWh/kWp/yr -- a rooftop SITING OPPORTUNITY, not a detection of existing PV; check imagery to confirm the roof is real, accessible and unshaded before treating it as a genuine lead", "imagery_note": "osm=67.15434,24.90357 | bing=https://www.bing.com/maps?cp=24.90357~67.15434&lvl=19&style=a | google=https://www.google.com/maps/@24.90357,67.15434,200m/data=!3m1!1e3" }, "geometry": { "type": "Polygon", "coordinates": [ [ [ 67.1539488, 24.9032292 ], [ 67.1539331, 24.9032252 ], [ 67.1539438, 24.9031899 ], [ 67.1561567, 24.9037465 ], [ 67.1560433, 24.9041214 ], [ 67.1551968, 24.9039085 ], [ 67.1551782, 24.9039697 ], [ 67.1552601, 24.9039903 ], [ 67.1552484, 24.9040291 ], [ 67.1550932, 24.90399 ], [ 67.1550787, 24.904038 ], [ 67.1538702, 24.9037337 ], [ 67.1538707, 24.9037321 ], [ 67.1538436, 24.9037253 ], [ 67.1538439, 24.9037242 ], [ 67.1526149, 24.9034125 ], [ 67.1527732, 24.9028933 ], [ 67.1533035, 24.9030278 ], [ 67.1532896, 24.9030733 ], [ 67.1532654, 24.9030671 ], [ 67.1532608, 24.9030821 ], [ 67.1533549, 24.903106 ], [ 67.1533446, 24.9031397 ], [ 67.1533657, 24.903145 ], [ 67.1533705, 24.9031293 ], [ 67.1534123, 24.9031399 ], [ 67.1534003, 24.9031793 ], [ 67.153489, 24.9032018 ], [ 67.153501, 24.9031624 ], [ 67.1534849, 24.9031584 ], [ 67.1534939, 24.9031289 ], [ 67.1539445, 24.9032432 ], [ 67.1539488, 24.9032292 ] ], [ [ 67.1551235, 24.90389 ], [ 67.1550805, 24.9038792 ], [ 67.1550792, 24.9038835 ], [ 67.1551222, 24.9038944 ], [ 67.1551235, 24.90389 ] ] ] } },
{ "type": "Feature", "properties": { "lead_id": "pakistan-potential-0088", "cell": "0120_0098", "roof_area_m2": 19961.5344, "kwh_per_kwp_yr": 1676.7690034962716, "est_kwp": 3593.08, "est_gwh_yr": 6.0248, "fixme": "Large roof (19962 m2), no detected PV nearby, modelled 1677 kWh/kWp/yr -- a rooftop SITING OPPORTUNITY, not a detection of existing PV; check imagery to confirm the roof is real, accessible and unshaded before treating it as a genuine lead", "imagery_note": "osm=72.84492,33.54663 | bing=https://www.bing.com/maps?cp=33.54663~72.84492&lvl=19&style=a | google=https://www.google.com/maps/@33.54663,72.84492,200m/data=!3m1!1e3" }, "geometry": { "type": "Polygon", "coordinates": [ [ [ 72.8452327, 33.5457534 ], [ 72.8452384, 33.5457791 ], [ 72.8452398, 33.5457791 ], [ 72.8452448, 33.5458077 ], [ 72.845239, 33.5458086 ], [ 72.8452388, 33.5458181 ], [ 72.8451846, 33.5458171 ], [ 72.8451762, 33.5458184 ], [ 72.8451738, 33.5459121 ], [ 72.8452678, 33.5459138 ], [ 72.8452575, 33.5463293 ], [ 72.8452913, 33.5463278 ], [ 72.8453114, 33.5466536 ], [ 72.8452491, 33.5466563 ], [ 72.8452483, 33.5466888 ], [ 72.8454316, 33.546692 ], [ 72.8454322, 33.546671 ], [ 72.8455, 33.5466722 ], [ 72.8456063, 33.5466557 ], [ 72.8456066, 33.5466433 ], [ 72.8456783, 33.5466445 ], [ 72.8457849, 33.546628 ], [ 72.845785, 33.5466219 ], [ 72.8458201, 33.5466225 ], [ 72.8464652, 33.5465224 ], [ 72.8465007, 33.5466828 ], [ 72.8463564, 33.5467052 ], [ 72.8463362, 33.5466138 ], [ 72.8458925, 33.5466827 ], [ 72.845891, 33.5467443 ], [ 72.8458598, 33.5467437 ], [ 72.8458579, 33.5468184 ], [ 72.8458251, 33.5468178 ], [ 72.8458219, 33.5469428 ], [ 72.8458877, 33.5469439 ], [ 72.8458871, 33.5469696 ], [ 72.8459188, 33.5469702 ], [ 72.845918, 33.5469989 ], [ 72.8459769, 33.547 ], [ 72.845976, 33.547035 ], [ 72.8460262, 33.5470359 ], [ 72.846025400000016, 33.5470675 ], [ 72.8460594, 33.5470681 ], [ 72.8460583, 33.5471103 ], [ 72.8461072, 33.5471112 ], [ 72.8461065, 33.5471378 ], [ 72.8460024, 33.5471359 ], [ 72.8460016, 33.5471675 ], [ 72.8458193, 33.5471643 ], [ 72.8458187, 33.5471889 ], [ 72.8457133, 33.547187 ], [ 72.8457126, 33.547213 ], [ 72.8455279, 33.5472097 ], [ 72.8455147, 33.5477335 ], [ 72.8455791, 33.5477347 ], [ 72.8455782, 33.5477682 ], [ 72.845549, 33.5477677 ], [ 72.8455482, 33.5477986 ], [ 72.8448423, 33.5477862 ], [ 72.8448439, 33.5477216 ], [ 72.8448121, 33.547721 ], [ 72.8448239, 33.5472511 ], [ 72.8448558, 33.5472516 ], [ 72.8448596, 33.5470979 ], [ 72.8448278, 33.5470974 ], [ 72.8448385, 33.5466742 ], [ 72.8445433, 33.546687 ], [ 72.8445107, 33.546159 ], [ 72.8444359, 33.54615720000001 ], [ 72.8444368, 33.5461303 ], [ 72.8444291, 33.5461306 ], [ 72.8444016, 33.5456861 ], [ 72.8442991, 33.5456905 ], [ 72.8442971, 33.5456596 ], [ 72.8441812, 33.5456646 ], [ 72.8441759, 33.5455793 ], [ 72.8442328, 33.5455768 ], [ 72.8442287, 33.5455115 ], [ 72.8444235, 33.545503 ], [ 72.8444212, 33.5454668 ], [ 72.84467, 33.545456 ], [ 72.8446723, 33.5454923 ], [ 72.8447385, 33.5454894 ], [ 72.844741, 33.5455299 ], [ 72.8448338, 33.5455259 ], [ 72.8449046, 33.5455228 ], [ 72.8449162, 33.5457089 ], [ 72.8449419, 33.5457078 ], [ 72.844946, 33.5457739 ], [ 72.8450855, 33.5457764 ], [ 72.8452327, 33.5457534 ] ] ] } },
{ "type": "Feature", "properties": { "lead_id": "pakistan-potential-0089", "cell": "0121_0076", "roof_area_m2": 20342.3686, "kwh_per_kwp_yr": 1644.5532960092437, "est_kwp": 3661.63, "est_gwh_yr": 6.0217, "fixme": "Large roof (20342 m2), no detected PV nearby, modelled 1645 kWh/kWp/yr -- a rooftop SITING OPPORTUNITY, not a detection of existing PV; check imagery to confirm the roof is real, accessible and unshaded before treating it as a genuine lead", "imagery_note": "osm=72.98764,31.35593 | bing=https://www.bing.com/maps?cp=31.35593~72.98764&lvl=19&style=a | google=https://www.google.com/maps/@31.35593,72.98764,200m/data=!3m1!1e3" }, "geometry": { "type": "Polygon", "coordinates": [ [ [ 72.9871425, 31.3557895 ], [ 72.9865267, 31.3550694 ], [ 72.9873021, 31.354581 ], [ 72.9879873, 31.355382 ], [ 72.9879511, 31.3554048 ], [ 72.987994400000019, 31.3554554 ], [ 72.987924, 31.3554997 ], [ 72.9881791, 31.3557979 ], [ 72.9880599, 31.355873 ], [ 72.9880856, 31.355903 ], [ 72.988063900000014, 31.3559167 ], [ 72.9880703, 31.3559242 ], [ 72.9880419, 31.355942 ], [ 72.9880407, 31.3559405 ], [ 72.9879975, 31.3559677 ], [ 72.9881817, 31.3561831 ], [ 72.9881137, 31.3562259 ], [ 72.9888076, 31.3570376 ], [ 72.9884185, 31.3572826 ], [ 72.9876522, 31.3563862 ], [ 72.987871, 31.3562484 ], [ 72.9876908, 31.3560376 ], [ 72.9874724, 31.3561751 ], [ 72.9873186, 31.3559953 ], [ 72.9872878, 31.3560135 ], [ 72.9871126, 31.3558083 ], [ 72.9871425, 31.3557895 ] ] ] } },
{ "type": "Feature", "properties": { "lead_id": "pakistan-potential-0090", "cell": "0131_0071", "roof_area_m2": 20232.9213, "kwh_per_kwp_yr": 1649.900432741176, "est_kwp": 3641.93, "est_gwh_yr": 6.0088, "fixme": "Large roof (20233 m2), no detected PV nearby, modelled 1650 kWh/kWp/yr -- a rooftop SITING OPPORTUNITY, not a detection of existing PV; check imagery to confirm the roof is real, accessible and unshaded before treating it as a genuine lead", "imagery_note": "osm=74.03936,30.87277 | bing=https://www.bing.com/maps?cp=30.87277~74.03936&lvl=19&style=a | google=https://www.google.com/maps/@30.87277,74.03936,200m/data=!3m1!1e3" }, "geometry": { "type": "Polygon", "coordinates": [ [ [ 74.0383577, 30.8728663 ], [ 74.0383519, 30.8726804 ], [ 74.0383631, 30.8726801 ], [ 74.0383632, 30.872668 ], [ 74.0387535, 30.8726711 ], [ 74.0389837, 30.8726658 ], [ 74.0389839, 30.8726729 ], [ 74.0392584, 30.8726751 ], [ 74.0392585, 30.8726706 ], [ 74.0397413, 30.8726751 ], [ 74.0397466, 30.8721862 ], [ 74.039745, 30.8721124 ], [ 74.03988, 30.8721102 ], [ 74.0398801, 30.8721145 ], [ 74.0403043, 30.8721179 ], [ 74.0403043, 30.8721192 ], [ 74.0403753, 30.8721199 ], [ 74.0403716, 30.8724139 ], [ 74.0403757, 30.8725995 ], [ 74.0403693, 30.8725996 ], [ 74.040366100000014, 30.8728555 ], [ 74.0403251, 30.8728551 ], [ 74.0403185, 30.8733775 ], [ 74.0403139, 30.8733775 ], [ 74.0403138, 30.8733828 ], [ 74.0402598, 30.873382 ], [ 74.0402585, 30.8734407 ], [ 74.040215800000013, 30.8734401 ], [ 74.0402156, 30.8734572 ], [ 74.0402032, 30.8734571 ], [ 74.0402034, 30.8734399 ], [ 74.0401972, 30.8734398 ], [ 74.0401974, 30.8734307 ], [ 74.0401125, 30.8734299 ], [ 74.0401124, 30.8734364 ], [ 74.0401112, 30.8734364 ], [ 74.040111, 30.8734564 ], [ 74.0400632, 30.873456 ], [ 74.0400626, 30.8735121 ], [ 74.0400607, 30.8735121 ], [ 74.0400607, 30.8735156 ], [ 74.0393184, 30.8735087 ], [ 74.0393184, 30.8735061 ], [ 74.0393143, 30.8735061 ], [ 74.0393152, 30.8734235 ], [ 74.0391345, 30.8734221 ], [ 74.0391332, 30.8735174 ], [ 74.039131, 30.8735174 ], [ 74.039131, 30.8735192 ], [ 74.0389924, 30.8735181 ], [ 74.0389924, 30.8735204 ], [ 74.0387588, 30.8735185 ], [ 74.0386024, 30.8735221 ], [ 74.0386022, 30.8735172 ], [ 74.0386004, 30.8735172 ], [ 74.0386004, 30.87351 ], [ 74.0385953, 30.87351 ], [ 74.0385961, 30.8734339 ], [ 74.0385513, 30.8734333 ], [ 74.0385528, 30.8732633 ], [ 74.03855, 30.873173 ], [ 74.0383588, 30.8731714 ], [ 74.0383589, 30.8731681 ], [ 74.0383534, 30.873168 ], [ 74.0383577, 30.8728663 ] ] ] } },
{ "type": "Feature", "properties": { "lead_id": "pakistan-potential-0091", "cell": "0132_0079", "roof_area_m2": 20731.9163, "kwh_per_kwp_yr": 1607.3455804176147, "est_kwp": 3731.74, "est_gwh_yr": 5.9982, "fixme": "Large roof (20732 m2), no detected PV nearby, modelled 1607 kWh/kWp/yr -- a rooftop SITING OPPORTUNITY, not a detection of existing PV; check imagery to confirm the roof is real, accessible and unshaded before treating it as a genuine lead", "imagery_note": "osm=74.06030,31.68747 | bing=https://www.bing.com/maps?cp=31.68747~74.06030&lvl=19&style=a | google=https://www.google.com/maps/@31.68747,74.06030,200m/data=!3m1!1e3" }, "geometry": { "type": "Polygon", "coordinates": [ [ [ 74.0605662, 31.6862653 ], [ 74.060566, 31.6862796 ], [ 74.0606264, 31.6862802 ], [ 74.060626, 31.6863104 ], [ 74.0607083, 31.6863112 ], [ 74.0607083, 31.6863121 ], [ 74.06079720000001, 31.6863126 ], [ 74.0607969, 31.6863434 ], [ 74.0608077, 31.6863435 ], [ 74.0608072, 31.686377700000012 ], [ 74.0608553, 31.686378 ], [ 74.0608552, 31.6863898 ], [ 74.0608576, 31.6863898 ], [ 74.0608527, 31.6866993 ], [ 74.0608421, 31.687991 ], [ 74.0602985, 31.6879878 ], [ 74.0602965, 31.6881591 ], [ 74.0597471, 31.6881551 ], [ 74.0597506, 31.6878044 ], [ 74.0597529, 31.6878044 ], [ 74.0597529, 31.6878009 ], [ 74.0598326, 31.6878014 ], [ 74.0598334, 31.6877506 ], [ 74.0597443, 31.6877494 ], [ 74.0597522, 31.6871827 ], [ 74.0597463, 31.6871826 ], [ 74.0597591, 31.6862571 ], [ 74.0605662, 31.6862653 ] ] ] } },
{ "type": "Feature", "properties": { "lead_id": "pakistan-potential-0092", "cell": "0052_0045", "roof_area_m2": 18455.0606, "kwh_per_kwp_yr": 1796.0546707297242, "est_kwp": 3321.91, "est_gwh_yr": 5.9663, "fixme": "Large roof (18455 m2), no detected PV nearby, modelled 1796 kWh/kWp/yr -- a rooftop SITING OPPORTUNITY, not a detection of existing PV; check imagery to confirm the roof is real, accessible and unshaded before treating it as a genuine lead", "imagery_note": "osm=66.13616,28.30061 | bing=https://www.bing.com/maps?cp=28.30061~66.13616&lvl=19&style=a | google=https://www.google.com/maps/@28.30061,66.13616,200m/data=!3m1!1e3" }, "geometry": { "type": "Polygon", "coordinates": [ [ [ 66.135722813741154, 28.30073833315323 ], [ 66.135487155806388, 28.3006884356219 ], [ 66.13542262510137, 28.300535696505257 ], [ 66.135213218619128, 28.300314003535188 ], [ 66.135249401558383, 28.300181526894146 ], [ 66.136347171906365, 28.299821975062009 ], [ 66.136469727084332, 28.299847924756104 ], [ 66.136429717606148, 28.299994411958618 ], [ 66.136522306556216, 28.299926611572673 ], [ 66.136567947704719, 28.299974934902043 ], [ 66.136525352469064, 28.300006123608338 ], [ 66.136483792357836, 28.299997323731414 ], [ 66.136473785594376, 28.300004651411093 ], [ 66.136516925012216, 28.30001378568744 ], [ 66.136490504976692, 28.300110489421282 ], [ 66.136621379207511, 28.300014653850784 ], [ 66.136770409531593, 28.300367398332895 ], [ 66.136750291257101, 28.300441057288229 ], [ 66.136705852034552, 28.300431647830951 ], [ 66.136693028313672, 28.300478585584287 ], [ 66.136788131568267, 28.300447436627458 ], [ 66.136998475024683, 28.300945302693982 ], [ 66.136906294157853, 28.301012803605481 ], [ 66.136953538715929, 28.301124627288392 ], [ 66.136860129932813, 28.301193027245645 ], [ 66.136958907269687, 28.301297608130941 ], [ 66.136940263733777, 28.301365867037166 ], [ 66.136914224566667, 28.301374395514785 ], [ 66.136920359875134, 28.301388917203635 ], [ 66.136868310620386, 28.301405964630234 ], [ 66.135920054385565, 28.301205184707904 ], [ 66.135722813741154, 28.30073833315323 ] ] ] } },
{ "type": "Feature", "properties": { "lead_id": "pakistan-potential-0093", "cell": "0060_0014", "roof_area_m2": 18974.7621, "kwh_per_kwp_yr": 1746.0646523550145, "est_kwp": 3415.46, "est_gwh_yr": 5.9636, "fixme": "Large roof (18975 m2), no detected PV nearby, modelled 1746 kWh/kWp/yr -- a rooftop SITING OPPORTUNITY, not a detection of existing PV; check imagery to confirm the roof is real, accessible and unshaded before treating it as a genuine lead", "imagery_note": "osm=66.90875,25.13996 | bing=https://www.bing.com/maps?cp=25.13996~66.90875&lvl=19&style=a | google=https://www.google.com/maps/@25.13996,66.90875,200m/data=!3m1!1e3" }, "geometry": { "type": "Polygon", "coordinates": [ [ [ 66.9095161, 25.1394911 ], [ 66.9093301, 25.1397345 ], [ 66.9091629, 25.1396286 ], [ 66.9091051, 25.1397085 ], [ 66.9090995, 25.140034 ], [ 66.9090818, 25.1400582 ], [ 66.9090874, 25.1400616 ], [ 66.9082004, 25.1412869 ], [ 66.9076676, 25.1409674 ], [ 66.9076706, 25.1409634 ], [ 66.9076645, 25.1409596 ], [ 66.9078585, 25.1406994 ], [ 66.9078584, 25.1407038 ], [ 66.9083001, 25.1400935 ], [ 66.9082988, 25.1400927 ], [ 66.9084452, 25.1398931 ], [ 66.9088698, 25.1393065 ], [ 66.9088736, 25.1393088 ], [ 66.9091175, 25.1389762 ], [ 66.909117, 25.139006 ], [ 66.9093656, 25.1386776 ], [ 66.9093662, 25.1386426 ], [ 66.909384, 25.1386533 ], [ 66.9093872, 25.1386491 ], [ 66.9093927, 25.1386525 ], [ 66.9093933, 25.1386517 ], [ 66.9096805, 25.1388331 ], [ 66.9098451, 25.1389329 ], [ 66.909845, 25.1389363 ], [ 66.9099085, 25.1389761 ], [ 66.9098429, 25.1390634 ], [ 66.9098413, 25.1391547 ], [ 66.9097738, 25.1391537 ], [ 66.9096066, 25.1393725 ], [ 66.9096102, 25.1393726 ], [ 66.9095161, 25.1394911 ] ], [ [ 66.9091147, 25.1391444 ], [ 66.9091107, 25.1393762 ], [ 66.9091835, 25.1394198 ], [ 66.9093909, 25.1391483 ], [ 66.9091147, 25.1391444 ] ] ] } },
{ "type": "Feature", "properties": { "lead_id": "pakistan-potential-0094", "cell": "0125_0078", "roof_area_m2": 20575.611, "kwh_per_kwp_yr": 1606.6161928117374, "est_kwp": 3703.61, "est_gwh_yr": 5.9503, "fixme": "Large roof (20576 m2), no detected PV nearby, modelled 1607 kWh/kWp/yr -- a rooftop SITING OPPORTUNITY, not a detection of existing PV; check imagery to confirm the roof is real, accessible and unshaded before treating it as a genuine lead", "imagery_note": "osm=73.41428,31.54327 | bing=https://www.bing.com/maps?cp=31.54327~73.41428&lvl=19&style=a | google=https://www.google.com/maps/@31.54327,73.41428,200m/data=!3m1!1e3" }, "geometry": { "type": "Polygon", "coordinates": [ [ [ 73.4132547, 31.5432008 ], [ 73.4128333, 31.5429039 ], [ 73.4128349, 31.5429023 ], [ 73.4128274, 31.5428969 ], [ 73.4129084, 31.5428143 ], [ 73.412848, 31.5427718 ], [ 73.4128712, 31.5427477 ], [ 73.4128687, 31.5427459 ], [ 73.4129369, 31.5426763 ], [ 73.4129386, 31.5426775 ], [ 73.4133299, 31.5422701 ], [ 73.4133303, 31.5422465 ], [ 73.4133523, 31.5422467 ], [ 73.4133585, 31.5422403 ], [ 73.413481, 31.542325300000012 ], [ 73.4144438, 31.5430049 ], [ 73.4153648, 31.5436557 ], [ 73.4147692, 31.5442758 ], [ 73.4147672, 31.5442764 ], [ 73.4141069, 31.5438101 ], [ 73.414173, 31.5437414 ], [ 73.4141126, 31.5436986 ], [ 73.414135, 31.5436754 ], [ 73.4138944, 31.5435055 ], [ 73.413872, 31.5435287 ], [ 73.4137157, 31.5434183 ], [ 73.4138095, 31.543321 ], [ 73.4136334, 31.5431966 ], [ 73.413633, 31.5432186 ], [ 73.4136015, 31.5432182 ], [ 73.4135325, 31.543289 ], [ 73.4134301, 31.5432167 ], [ 73.4133916, 31.5432567 ], [ 73.4133851, 31.5432522 ], [ 73.4133575, 31.5432808 ], [ 73.4132886, 31.5432321 ], [ 73.4133161, 31.5432035 ], [ 73.4132779, 31.5431766 ], [ 73.4132547, 31.5432008 ] ] ] } },
{ "type": "Feature", "properties": { "lead_id": "pakistan-potential-0095", "cell": "0129_0078", "roof_area_m2": 20648.8409, "kwh_per_kwp_yr": 1596.3016353657049, "est_kwp": 3716.79, "est_gwh_yr": 5.9331, "fixme": "Large roof (20649 m2), no detected PV nearby, modelled 1596 kWh/kWp/yr -- a rooftop SITING OPPORTUNITY, not a detection of existing PV; check imagery to confirm the roof is real, accessible and unshaded before treating it as a genuine lead", "imagery_note": "osm=73.78330,31.58919 | bing=https://www.bing.com/maps?cp=31.58919~73.78330&lvl=19&style=a | google=https://www.google.com/maps/@31.58919,73.78330,200m/data=!3m1!1e3" }, "geometry": { "type": "Polygon", "coordinates": [ [ [ 73.7837665, 31.5889112 ], [ 73.7837777, 31.5891588 ], [ 73.7838445, 31.5891563 ], [ 73.7838446, 31.5891591 ], [ 73.7838473, 31.589159 ], [ 73.7838614, 31.5894731 ], [ 73.7837938, 31.5894753 ], [ 73.783798, 31.5895558 ], [ 73.7838651, 31.5895532 ], [ 73.7838761, 31.5897658 ], [ 73.7838746, 31.5897659 ], [ 73.7838855, 31.5900068 ], [ 73.7838871, 31.5900068 ], [ 73.7838867, 31.5900338 ], [ 73.7838921, 31.590152 ], [ 73.7838852, 31.5901529 ], [ 73.7838851, 31.5901574 ], [ 73.7837776, 31.5901563 ], [ 73.7834002, 31.5901682 ], [ 73.7834001, 31.5901759 ], [ 73.78322, 31.5901742 ], [ 73.7828836, 31.5901853 ], [ 73.7828835, 31.5901912 ], [ 73.782732, 31.5901903 ], [ 73.7827193, 31.5899088 ], [ 73.7827386, 31.5899082 ], [ 73.7827387, 31.5899005 ], [ 73.7829187, 31.5899022 ], [ 73.7830502, 31.5898979 ], [ 73.7830515, 31.5897918 ], [ 73.7830439, 31.5896374 ], [ 73.7829602, 31.5896366 ], [ 73.7828622, 31.5896395 ], [ 73.7828602, 31.5895954 ], [ 73.7828203, 31.589595 ], [ 73.782765, 31.5895968 ], [ 73.7827649, 31.5895945 ], [ 73.7827427, 31.5895942 ], [ 73.7827476, 31.5892168 ], [ 73.7826963, 31.5882114 ], [ 73.7826999, 31.5882113 ], [ 73.7826993, 31.5881994 ], [ 73.7829875, 31.5881887 ], [ 73.7829879, 31.5881979 ], [ 73.7831636, 31.5881914 ], [ 73.783173600000012, 31.5883891 ], [ 73.7838086, 31.5883655 ], [ 73.7838225, 31.5886383 ], [ 73.7838212, 31.5886383 ], [ 73.783821800000013, 31.5886485 ], [ 73.7838181, 31.5886494 ], [ 73.7838184, 31.5886551 ], [ 73.7837134, 31.5886591 ], [ 73.7837241, 31.588866 ], [ 73.7837644, 31.5888647 ], [ 73.7837652, 31.5888822 ], [ 73.7837729, 31.5888818 ], [ 73.7837746, 31.5889109 ], [ 73.7837665, 31.5889112 ] ] ] } },
{ "type": "Feature", "properties": { "lead_id": "pakistan-potential-0096", "cell": "0058_0012", "roof_area_m2": 18791.7333, "kwh_per_kwp_yr": 1747.3895509674276, "est_kwp": 3382.51, "est_gwh_yr": 5.9106, "fixme": "Large roof (18792 m2), no detected PV nearby, modelled 1747 kWh/kWp/yr -- a rooftop SITING OPPORTUNITY, not a detection of existing PV; check imagery to confirm the roof is real, accessible and unshaded before treating it as a genuine lead", "imagery_note": "osm=66.70460,24.91515 | bing=https://www.bing.com/maps?cp=24.91515~66.70460&lvl=19&style=a | google=https://www.google.com/maps/@24.91515,66.70460,200m/data=!3m1!1e3" }, "geometry": { "type": "Polygon", "coordinates": [ [ [ 66.704809642508337, 24.915852266069937 ], [ 66.70477786499238, 24.915801846227211 ], [ 66.704671992652706, 24.915856730292372 ], [ 66.704613553770969, 24.915863789269629 ], [ 66.704549600125432, 24.915848712499439 ], [ 66.704563953683447, 24.915798646273036 ], [ 66.704478377308348, 24.915662866284947 ], [ 66.704453411229977, 24.915492773931401 ], [ 66.704381871638887, 24.915475908759479 ], [ 66.704398485208017, 24.915417943674353 ], [ 66.704384854505449, 24.91532512718171 ], [ 66.704370666541365, 24.915374629319807 ], [ 66.704353518951379, 24.915257864988455 ], [ 66.703890880917655, 24.915313748442429 ], [ 66.703714432044976, 24.915033784094955 ], [ 66.703646832070845, 24.914573468762221 ], [ 66.70382159223152, 24.914482872396274 ], [ 66.703826505502178, 24.914465729758387 ], [ 66.703901119615821, 24.914427049477947 ], [ 66.704279238884396, 24.914381374975992 ], [ 66.704478099694214, 24.914428256025332 ], [ 66.704503309420645, 24.914468255522131 ], [ 66.704578916110478, 24.914486079641815 ], [ 66.704730174468907, 24.914726076315503 ], [ 66.704845356382393, 24.914753230153973 ], [ 66.70488151953883, 24.914999479442955 ], [ 66.705299797421077, 24.91494895425884 ], [ 66.705542103141198, 24.915333411125669 ], [ 66.705604205549818, 24.915756288788995 ], [ 66.704809642508337, 24.915852266069937 ] ] ] } },
{ "type": "Feature", "properties": { "lead_id": "pakistan-potential-0097", "cell": "0114_0061", "roof_area_m2": 19337.4026, "kwh_per_kwp_yr": 1697.881052117742, "est_kwp": 3480.73, "est_gwh_yr": 5.9099, "fixme": "Large roof (19337 m2), no detected PV nearby, modelled 1698 kWh/kWp/yr -- a rooftop SITING OPPORTUNITY, not a detection of existing PV; check imagery to confirm the roof is real, accessible and unshaded before treating it as a genuine lead", "imagery_note": "osm=72.27149,29.85469 | bing=https://www.bing.com/maps?cp=29.85469~72.27149&lvl=19&style=a | google=https://www.google.com/maps/@29.85469,72.27149,200m/data=!3m1!1e3" }, "geometry": { "type": "Polygon", "coordinates": [ [ [ 72.271108, 29.8544445 ], [ 72.2711235, 29.8538789 ], [ 72.2724442, 29.8539064 ], [ 72.2724364, 29.8541899 ], [ 72.2724519, 29.8541903 ], [ 72.2724316, 29.8549312 ], [ 72.2724161, 29.8549308 ], [ 72.2724139, 29.8550136 ], [ 72.2713983, 29.8549924 ], [ 72.2713978, 29.8550112 ], [ 72.2707134, 29.8549969 ], [ 72.2707123, 29.8550354 ], [ 72.2705281, 29.8550316 ], [ 72.2705445, 29.8544328 ], [ 72.271108, 29.8544445 ] ] ] } },
{ "type": "Feature", "properties": { "lead_id": "pakistan-potential-0098", "cell": "0119_0098", "roof_area_m2": 19423.4135, "kwh_per_kwp_yr": 1677.2199794999426, "est_kwp": 3496.21, "est_gwh_yr": 5.8639, "fixme": "Large roof (19423 m2), no detected PV nearby, modelled 1677 kWh/kWp/yr -- a rooftop SITING OPPORTUNITY, not a detection of existing PV; check imagery to confirm the roof is real, accessible and unshaded before treating it as a genuine lead", "imagery_note": "osm=72.82635,33.55217 | bing=https://www.bing.com/maps?cp=33.55217~72.82635&lvl=19&style=a | google=https://www.google.com/maps/@33.55217,72.82635,200m/data=!3m1!1e3" }, "geometry": { "type": "Polygon", "coordinates": [ [ [ 72.8284425, 33.5515917 ], [ 72.8283434, 33.5516072 ], [ 72.8283913, 33.551822199999989 ], [ 72.8282134, 33.55185 ], [ 72.8282129, 33.5518655 ], [ 72.828127, 33.5518635 ], [ 72.8280395, 33.5518772 ], [ 72.8280392, 33.5518855 ], [ 72.8279932, 33.5518844 ], [ 72.8279166, 33.5518964 ], [ 72.8279164, 33.5519024 ], [ 72.8278835, 33.5519016 ], [ 72.8278205, 33.5519115 ], [ 72.8278201, 33.5519231 ], [ 72.8277557, 33.5519216 ], [ 72.8276706, 33.5519349 ], [ 72.8276704, 33.5519427 ], [ 72.8276272, 33.5519417 ], [ 72.8275555, 33.5519529 ], [ 72.8275551, 33.5519643 ], [ 72.827439, 33.5519616 ], [ 72.8274382, 33.5519866 ], [ 72.8272368, 33.5519818 ], [ 72.8272358, 33.5520097 ], [ 72.8271918, 33.5520086 ], [ 72.8271897, 33.5520711 ], [ 72.8268259, 33.5520625 ], [ 72.8268236, 33.5521331 ], [ 72.8267584, 33.5521316 ], [ 72.8267577, 33.5521536 ], [ 72.8266902, 33.552152 ], [ 72.826689, 33.552189 ], [ 72.8265152, 33.5521849 ], [ 72.8265134, 33.5522389 ], [ 72.8263609, 33.5522353 ], [ 72.8263414, 33.5528196 ], [ 72.8263645, 33.5528202 ], [ 72.8263567, 33.5530542 ], [ 72.826313200000016, 33.5530532 ], [ 72.8263141, 33.5530262 ], [ 72.8261895, 33.5530233 ], [ 72.8261886, 33.5530502 ], [ 72.8260991, 33.5530481 ], [ 72.8261021, 33.552959 ], [ 72.8260675, 33.5529582 ], [ 72.8260724, 33.5528133 ], [ 72.8260414, 33.5528126 ], [ 72.8260452, 33.5526991 ], [ 72.8259883, 33.5526977 ], [ 72.826014, 33.5519293 ], [ 72.8252178, 33.5519144 ], [ 72.8252226, 33.551735 ], [ 72.8252575, 33.5517357 ], [ 72.825259, 33.5516821 ], [ 72.825224, 33.5516815 ], [ 72.8252252, 33.5516386 ], [ 72.825986900000018, 33.5516527 ], [ 72.8259842, 33.5516403 ], [ 72.8260239, 33.5516341 ], [ 72.8260243, 33.5516224 ], [ 72.8260732, 33.5516235 ], [ 72.8260755, 33.5515373 ], [ 72.8265366, 33.5515459 ], [ 72.8265368, 33.5515397 ], [ 72.826616, 33.5515415 ], [ 72.826683300000013, 33.551531 ], [ 72.8266839, 33.5515118 ], [ 72.82679, 33.5515143 ], [ 72.8267905, 33.5514997 ], [ 72.8268712, 33.5515016 ], [ 72.8268873, 33.5514991 ], [ 72.826888, 33.5514803 ], [ 72.8269919, 33.5514828 ], [ 72.8270788, 33.5514692 ], [ 72.8270792, 33.5514557 ], [ 72.8271537, 33.5514575 ], [ 72.8271728, 33.5514545 ], [ 72.8271733, 33.5514382 ], [ 72.8272549, 33.5514401 ], [ 72.8272396, 33.55137040000001 ], [ 72.8273413, 33.5513545 ], [ 72.8273526, 33.5514054 ], [ 72.8274694, 33.5514081 ], [ 72.8276086, 33.5513863 ], [ 72.8276088, 33.551379 ], [ 72.8276492, 33.55138 ], [ 72.8277027, 33.5513716 ], [ 72.8277031, 33.5513608 ], [ 72.8277627, 33.5513622 ], [ 72.8281665, 33.5512991 ], [ 72.8281739, 33.5513325 ], [ 72.8281105, 33.5513424 ], [ 72.8281168, 33.5513705 ], [ 72.8280353, 33.5513833 ], [ 72.8280399, 33.5514041 ], [ 72.8282173, 33.5513763 ], [ 72.8282296, 33.5514317 ], [ 72.8283352, 33.5514152 ], [ 72.8283435, 33.5514523 ], [ 72.8283785, 33.5514469 ], [ 72.8283844, 33.5514734 ], [ 72.828415, 33.5514686 ], [ 72.8284425, 33.5515917 ] ] ] } },
{ "type": "Feature", "properties": { "lead_id": "pakistan-potential-0099", "cell": "0107_0091", "roof_area_m2": 19343.8159, "kwh_per_kwp_yr": 1683.2486975876457, "est_kwp": 3481.89, "est_gwh_yr": 5.8609, "fixme": "Large roof (19344 m2), no detected PV nearby, modelled 1683 kWh/kWp/yr -- a rooftop SITING OPPORTUNITY, not a detection of existing PV; check imagery to confirm the roof is real, accessible and unshaded before treating it as a genuine lead", "imagery_note": "osm=71.60243,32.82541 | bing=https://www.bing.com/maps?cp=32.82541~71.60243&lvl=19&style=a | google=https://www.google.com/maps/@32.82541,71.60243,200m/data=!3m1!1e3" }, "geometry": { "type": "Polygon", "coordinates": [ [ [ 71.6020543, 32.8234659 ], [ 71.6020642, 32.8234655 ], [ 71.6020642, 32.8234575 ], [ 71.6025597, 32.8234564 ], [ 71.6026674, 32.8234545 ], [ 71.6026674, 32.8234562 ], [ 71.6026749, 32.8234562 ], [ 71.6026768, 32.8240971 ], [ 71.602684900000014, 32.8247502 ], [ 71.6026894, 32.8249873 ], [ 71.602694, 32.8249873 ], [ 71.6027052, 32.8258234 ], [ 71.602726700000019, 32.8267647 ], [ 71.6027178, 32.8267648 ], [ 71.6027178, 32.8267684 ], [ 71.6024934, 32.8267706 ], [ 71.6024934, 32.8267685 ], [ 71.6022012, 32.8267733 ], [ 71.602181, 32.8258902 ], [ 71.6021697, 32.8258903 ], [ 71.6021697, 32.825889 ], [ 71.602163, 32.8258891 ], [ 71.6021485, 32.824771 ], [ 71.6021373, 32.8247711 ], [ 71.6021369, 32.8247218 ], [ 71.6020893, 32.8247219 ], [ 71.6020892, 32.8246876 ], [ 71.6021365, 32.8246874 ], [ 71.6021353, 32.8245526 ], [ 71.6020675, 32.8245528 ], [ 71.6020648, 32.8236576 ], [ 71.6020619, 32.8236577 ], [ 71.6020619, 32.8236564 ], [ 71.6020581, 32.8236565 ], [ 71.6020543, 32.8234659 ] ] ] } },
{ "type": "Feature", "properties": { "lead_id": "pakistan-potential-0100", "cell": "0135_0079", "roof_area_m2": 19871.6794, "kwh_per_kwp_yr": 1630.2185415878021, "est_kwp": 3576.9, "est_gwh_yr": 5.8311, "fixme": "Large roof (19872 m2), no detected PV nearby, modelled 1630 kWh/kWp/yr -- a rooftop SITING OPPORTUNITY, not a detection of existing PV; check imagery to confirm the roof is real, accessible and unshaded before treating it as a genuine lead", "imagery_note": "osm=74.36258,31.61022 | bing=https://www.bing.com/maps?cp=31.61022~74.36258&lvl=19&style=a | google=https://www.google.com/maps/@31.61022,74.36258,200m/data=!3m1!1e3" }, "geometry": { "type": "Polygon", "coordinates": [ [ [ 74.3627993, 31.6109832 ], [ 74.3627978, 31.61101 ], [ 74.3627252, 31.6110061 ], [ 74.3627247, 31.611008 ], [ 74.3625332, 31.6110019 ], [ 74.3625453, 31.6107246 ], [ 74.3624723, 31.6107223 ], [ 74.3624724, 31.6107205 ], [ 74.3623787, 31.6107166 ], [ 74.3623758, 31.6107668 ], [ 74.3623702, 31.6107666 ], [ 74.3623503, 31.611161 ], [ 74.3622171, 31.6111561 ], [ 74.362217, 31.6111602 ], [ 74.3621541, 31.6111591 ], [ 74.3621542, 31.6111541 ], [ 74.3621459, 31.6111539 ], [ 74.3621517, 31.6109828 ], [ 74.3621539, 31.6109828 ], [ 74.362154, 31.6109804 ], [ 74.3621565, 31.6109805 ], [ 74.3621593, 31.6109243 ], [ 74.3621629, 31.6107579 ], [ 74.3621449, 31.6107571 ], [ 74.3621478, 31.6107069 ], [ 74.3619981, 31.6107033 ], [ 74.3619981, 31.610701 ], [ 74.3619606, 31.6106991 ], [ 74.3619732, 31.6104768 ], [ 74.362003, 31.6104781 ], [ 74.3620055, 31.6103651 ], [ 74.3620109, 31.6103652 ], [ 74.3620195, 31.610067 ], [ 74.362012, 31.6100669 ], [ 74.3620121, 31.6100651 ], [ 74.3619967, 31.6100645 ], [ 74.3620111, 31.609812 ], [ 74.3620212, 31.6096354 ], [ 74.3620184, 31.6096352 ], [ 74.3620321, 31.6093829 ], [ 74.3620413, 31.6090625 ], [ 74.3622606, 31.6090671 ], [ 74.3622604, 31.6090726 ], [ 74.3623138, 31.6090747 ], [ 74.3623059, 31.6092233 ], [ 74.3624925, 31.609231 ], [ 74.3624639, 31.6097325 ], [ 74.3626394, 31.6097398 ], [ 74.3626452, 31.6096379 ], [ 74.362642, 31.6096376 ], [ 74.3626592, 31.609387 ], [ 74.362676, 31.6090245 ], [ 74.3626801, 31.6090246 ], [ 74.3626803, 31.609021 ], [ 74.3626839, 31.6090212 ], [ 74.3626841, 31.6090174 ], [ 74.3628583, 31.609026 ], [ 74.3630549, 31.6090327 ], [ 74.3630548, 31.6090357 ], [ 74.363064, 31.6090362 ], [ 74.3630343, 31.6094755 ], [ 74.3630213, 31.6097548 ], [ 74.3631657, 31.6097597 ], [ 74.3631656, 31.6097618 ], [ 74.3631732, 31.609762100000012 ], [ 74.3631313, 31.6104981 ], [ 74.363121, 31.6107202 ], [ 74.3631187, 31.6107202 ], [ 74.3631147, 31.610778 ], [ 74.3631079, 31.6109332 ], [ 74.3629684, 31.6109287 ], [ 74.3629685, 31.6109273 ], [ 74.3629444, 31.6109265 ], [ 74.362945, 31.6109123 ], [ 74.3628008, 31.6109065 ], [ 74.362804, 31.6108334 ], [ 74.362734, 31.6108308 ], [ 74.3627265, 31.6109791 ], [ 74.3627993, 31.6109832 ] ] ] } },
{ "type": "Feature", "properties": { "lead_id": "pakistan-potential-0101", "cell": "0105_0064", "roof_area_m2": 18799.5835, "kwh_per_kwp_yr": 1703.9217118194244, "est_kwp": 3383.93, "est_gwh_yr": 5.766, "fixme": "Large roof (18800 m2), no detected PV nearby, modelled 1704 kWh/kWp/yr -- a rooftop SITING OPPORTUNITY, not a detection of existing PV; check imagery to confirm the roof is real, accessible and unshaded before treating it as a genuine lead", "imagery_note": "osm=71.39677,30.13848 | bing=https://www.bing.com/maps?cp=30.13848~71.39677&lvl=19&style=a | google=https://www.google.com/maps/@30.13848,71.39677,200m/data=!3m1!1e3" }, "geometry": { "type": "Polygon", "coordinates": [ [ [ 71.3958105, 30.1385949 ], [ 71.3958105, 30.1385968 ], [ 71.3959461, 30.138597 ], [ 71.3959467, 30.1391676 ], [ 71.3964147, 30.1391682 ], [ 71.3964175, 30.1390114 ], [ 71.3964185, 30.1383565 ], [ 71.3964274, 30.1383558 ], [ 71.3964263, 30.1376548 ], [ 71.3964413, 30.1376548 ], [ 71.3964419, 30.1376229 ], [ 71.3964522, 30.137623 ], [ 71.3964522, 30.1376134 ], [ 71.3965222, 30.1376133 ], [ 71.3965222, 30.137624 ], [ 71.3967599, 30.1376271 ], [ 71.3967597, 30.1376382 ], [ 71.3970851, 30.1376378 ], [ 71.3970851, 30.1376443 ], [ 71.397142, 30.1376451 ], [ 71.397113100000013, 30.1392621 ], [ 71.3971128, 30.1393973 ], [ 71.3960736, 30.1393954 ], [ 71.3960736, 30.1393922 ], [ 71.3954618, 30.1393914 ], [ 71.3954618, 30.1393925 ], [ 71.3954497, 30.1393925 ], [ 71.3954504, 30.1389947 ], [ 71.3954537, 30.1389947 ], [ 71.3954526, 30.1387828 ], [ 71.3953884, 30.1387831 ], [ 71.3953884, 30.1387787 ], [ 71.3953829, 30.1387787 ], [ 71.3953832, 30.1385963 ], [ 71.395454, 30.1385964 ], [ 71.3958105, 30.1385949 ] ] ] } },
{ "type": "Feature", "properties": { "lead_id": "pakistan-potential-0102", "cell": "0060_0013", "roof_area_m2": 18305.3388, "kwh_per_kwp_yr": 1745.699846785905, "est_kwp": 3294.96, "est_gwh_yr": 5.752, "fixme": "Large roof (18305 m2), no detected PV nearby, modelled 1746 kWh/kWp/yr -- a rooftop SITING OPPORTUNITY, not a detection of existing PV; check imagery to confirm the roof is real, accessible and unshaded before treating it as a genuine lead", "imagery_note": "osm=66.84400,25.01999 | bing=https://www.bing.com/maps?cp=25.01999~66.84400&lvl=19&style=a | google=https://www.google.com/maps/@25.01999,66.84400,200m/data=!3m1!1e3" }, "geometry": { "type": "Polygon", "coordinates": [ [ [ 66.8434482, 25.0203562 ], [ 66.8434469, 25.0203559 ], [ 66.8434499, 25.0201948 ], [ 66.8426429, 25.0201824 ], [ 66.8426521, 25.0196855 ], [ 66.8443765, 25.0197121 ], [ 66.8453453, 25.0197261 ], [ 66.845344, 25.019803 ], [ 66.8453513, 25.0198031 ], [ 66.8453435, 25.0202223 ], [ 66.845252500000015, 25.0202209 ], [ 66.8452495, 25.0203845 ], [ 66.8434482, 25.0203562 ] ] ] } },
{ "type": "Feature", "properties": { "lead_id": "pakistan-potential-0103", "cell": "0115_0101", "roof_area_m2": 18938.0702, "kwh_per_kwp_yr": 1685.8789823214918, "est_kwp": 3408.85, "est_gwh_yr": 5.7469, "fixme": "Large roof (18938 m2), no detected PV nearby, modelled 1686 kWh/kWp/yr -- a rooftop SITING OPPORTUNITY, not a detection of existing PV; check imagery to confirm the roof is real, accessible and unshaded before treating it as a genuine lead", "imagery_note": "osm=72.42543,33.86714 | bing=https://www.bing.com/maps?cp=33.86714~72.42543&lvl=19&style=a | google=https://www.google.com/maps/@33.86714,72.42543,200m/data=!3m1!1e3" }, "geometry": { "type": "Polygon", "coordinates": [ [ [ 72.4256367, 33.8662097 ], [ 72.4263764, 33.8674561 ], [ 72.4262255, 33.8675184 ], [ 72.4262075, 33.86748810000001 ], [ 72.4255304, 33.8677677 ], [ 72.4255484, 33.867798 ], [ 72.4251591, 33.8679588 ], [ 72.4244862, 33.8668246 ], [ 72.4246206, 33.866769 ], [ 72.424554, 33.8666567 ], [ 72.4256367, 33.8662097 ] ] ] } },
{ "type": "Feature", "properties": { "lead_id": "pakistan-potential-0104", "cell": "0092_0045", "roof_area_m2": 18468.4502, "kwh_per_kwp_yr": 1726.5115747065079, "est_kwp": 3324.32, "est_gwh_yr": 5.7395, "fixme": "Large roof (18468 m2), no detected PV nearby, modelled 1727 kWh/kWp/yr -- a rooftop SITING OPPORTUNITY, not a detection of existing PV; check imagery to confirm the roof is real, accessible and unshaded before treating it as a genuine lead", "imagery_note": "osm=70.04543,28.24345 | bing=https://www.bing.com/maps?cp=28.24345~70.04543&lvl=19&style=a | google=https://www.google.com/maps/@28.24345,70.04543,200m/data=!3m1!1e3" }, "geometry": { "type": "Polygon", "coordinates": [ [ [ 70.0440466, 28.2433422 ], [ 70.0440449, 28.2433422 ], [ 70.0440461, 28.2430368 ], [ 70.0440503, 28.2430368 ], [ 70.0440504, 28.2430303 ], [ 70.0447647, 28.243039 ], [ 70.0454786, 28.2430412 ], [ 70.0454786, 28.2430477 ], [ 70.0459029, 28.2430514 ], [ 70.0459029, 28.243054 ], [ 70.0459141, 28.2430541 ], [ 70.0459109, 28.2432925 ], [ 70.0457802, 28.2432915 ], [ 70.0457797, 28.2433452 ], [ 70.0454814, 28.2433432 ], [ 70.0454809, 28.2433765 ], [ 70.0459176, 28.2433813 ], [ 70.0459179, 28.2433613 ], [ 70.046441, 28.2433665 ], [ 70.0464393, 28.2434981 ], [ 70.0466457, 28.2435002 ], [ 70.0466403, 28.243924 ], [ 70.0457322, 28.243916 ], [ 70.0457322, 28.2439149 ], [ 70.0446976, 28.2439085 ], [ 70.044697, 28.2439034 ], [ 70.0446958, 28.2439034 ], [ 70.0446989, 28.2436151 ], [ 70.0444675, 28.2436138 ], [ 70.0444675, 28.2436123 ], [ 70.0444165, 28.2436121 ], [ 70.0444199, 28.2433434 ], [ 70.0442333, 28.2433428 ], [ 70.0442326, 28.2433948 ], [ 70.0442098, 28.2433945 ], [ 70.0442101, 28.2433725 ], [ 70.0440462, 28.2433707 ], [ 70.0440466, 28.2433422 ] ] ] } },
{ "type": "Feature", "properties": { "lead_id": "pakistan-potential-0105", "cell": "0125_0078", "roof_area_m2": 19710.498, "kwh_per_kwp_yr": 1609.3749077194263, "est_kwp": 3547.89, "est_gwh_yr": 5.7099, "fixme": "Large roof (19710 m2), no detected PV nearby, modelled 1609 kWh/kWp/yr -- a rooftop SITING OPPORTUNITY, not a detection of existing PV; check imagery to confirm the roof is real, accessible and unshaded before treating it as a genuine lead", "imagery_note": "osm=73.38451,31.52438 | bing=https://www.bing.com/maps?cp=31.52438~73.38451&lvl=19&style=a | google=https://www.google.com/maps/@31.52438,73.38451,200m/data=!3m1!1e3" }, "geometry": { "type": "Polygon", "coordinates": [ [ [ 73.3846203, 31.5252397 ], [ 73.384536, 31.5251773 ], [ 73.3845421, 31.5251774 ], [ 73.3841942, 31.5249369 ], [ 73.3841932, 31.5249379 ], [ 73.3840833, 31.5248602 ], [ 73.3835362, 31.5244819 ], [ 73.383541, 31.5244768 ], [ 73.3834913, 31.5244417 ], [ 73.3836164, 31.5243117 ], [ 73.3838622, 31.5240508 ], [ 73.3838679, 31.5240509 ], [ 73.3840782, 31.5238325 ], [ 73.3840749, 31.5238325 ], [ 73.384247, 31.5236499 ], [ 73.3842499, 31.523483 ], [ 73.3844026, 31.5234849 ], [ 73.384414, 31.5234728 ], [ 73.3844205, 31.5234773 ], [ 73.3844259, 31.5234717 ], [ 73.3844453, 31.5234855 ], [ 73.3844646, 31.5234857 ], [ 73.3844644, 31.523499 ], [ 73.3845693, 31.5235731 ], [ 73.3846594, 31.5235743 ], [ 73.3846582, 31.5236417 ], [ 73.38495, 31.5238436 ], [ 73.3849191, 31.5238432 ], [ 73.3854011, 31.5241715 ], [ 73.3855442, 31.5241733 ], [ 73.3855428, 31.5242546 ], [ 73.38552270000001, 31.5242543 ], [ 73.3855623, 31.5242813 ], [ 73.3855576, 31.5242864 ], [ 73.3855594, 31.5242876 ], [ 73.3853237, 31.524538299999989 ], [ 73.385319, 31.5248067 ], [ 73.3850773, 31.5248037 ], [ 73.3849992, 31.5248878 ], [ 73.384997100000021, 31.5250111 ], [ 73.3848927, 31.5250098 ], [ 73.384893, 31.524995 ], [ 73.3847069, 31.5251924 ], [ 73.3846895, 31.5251804 ], [ 73.384633, 31.5252403 ], [ 73.3846252, 31.5252349 ], [ 73.3846203, 31.5252397 ] ], [ [ 73.384909, 31.524064 ], [ 73.3849128, 31.5238431 ], [ 73.3846548, 31.5238398 ], [ 73.384651, 31.5240608 ], [ 73.384909, 31.524064 ] ] ] } },
{ "type": "Feature", "properties": { "lead_id": "pakistan-potential-0106", "cell": "0121_0100", "roof_area_m2": 19026.342, "kwh_per_kwp_yr": 1666.7327691733014, "est_kwp": 3424.74, "est_gwh_yr": 5.7081, "fixme": "Large roof (19026 m2), no detected PV nearby, modelled 1667 kWh/kWp/yr -- a rooftop SITING OPPORTUNITY, not a detection of existing PV; check imagery to confirm the roof is real, accessible and unshaded before treating it as a genuine lead", "imagery_note": "osm=73.03891,33.72980 | bing=https://www.bing.com/maps?cp=33.72980~73.03891&lvl=19&style=a | google=https://www.google.com/maps/@33.72980,73.03891,200m/data=!3m1!1e3" }, "geometry": { "type": "Polygon", "coordinates": [ [ [ 73.0383328, 33.7301246 ], [ 73.0383357, 33.7301102 ], [ 73.0384978, 33.7301325 ], [ 73.0385046, 33.7300979 ], [ 73.0385851, 33.7301089 ], [ 73.038623, 33.7299168 ], [ 73.0386142, 33.7299158 ], [ 73.0386219, 33.7298685 ], [ 73.0386235, 33.72986860000001 ], [ 73.0386238, 33.729867 ], [ 73.0386326, 33.7298681 ], [ 73.038633, 33.7298658 ], [ 73.0387128, 33.7298767 ], [ 73.0387145, 33.729868 ], [ 73.0385813, 33.7298416 ], [ 73.0385825, 33.7298375 ], [ 73.0382561, 33.7297713 ], [ 73.0382828, 33.7296794 ], [ 73.0382592, 33.7296747 ], [ 73.0382668, 33.729648 ], [ 73.0381422, 33.729623 ], [ 73.038166, 33.7295403 ], [ 73.0380417, 33.7295154 ], [ 73.0380608, 33.7294488 ], [ 73.038023, 33.7294415 ], [ 73.0380474, 33.7293567 ], [ 73.0381089, 33.729369 ], [ 73.0381285, 33.7293007 ], [ 73.0377054, 33.729215 ], [ 73.0377355, 33.7291094 ], [ 73.0377993, 33.7291222 ], [ 73.0378137, 33.7290722 ], [ 73.0382739, 33.7291645 ], [ 73.0382596, 33.7292145 ], [ 73.0383552, 33.7292337 ], [ 73.0383565, 33.7292269 ], [ 73.0384158, 33.7292351 ], [ 73.038423, 33.72921 ], [ 73.0384194, 33.7292093 ], [ 73.0384621, 33.7290622 ], [ 73.0384746, 33.728999 ], [ 73.0384803, 33.7289998 ], [ 73.0385262, 33.7288416 ], [ 73.038962, 33.72893 ], [ 73.0388938, 33.7291646 ], [ 73.0388677, 33.7292972 ], [ 73.0387483, 33.7292808 ], [ 73.0387411, 33.729317 ], [ 73.0388627, 33.7293416 ], [ 73.0389883, 33.7293589 ], [ 73.0389867, 33.7293668 ], [ 73.038993, 33.7293681 ], [ 73.0390065, 33.7293211 ], [ 73.039228, 33.7293655 ], [ 73.0393991, 33.729389 ], [ 73.039398, 33.7293949 ], [ 73.0394233, 33.7293988 ], [ 73.0394221, 33.7294044 ], [ 73.0394539, 33.7294108 ], [ 73.0394536, 33.7294117 ], [ 73.0394973, 33.7294205 ], [ 73.0394028, 33.7297459 ], [ 73.0393437, 33.7300457 ], [ 73.039244, 33.730032 ], [ 73.039205600000017, 33.7302269 ], [ 73.0392471, 33.7302333 ], [ 73.0392371, 33.73027840000001 ], [ 73.039227, 33.7302768 ], [ 73.0391917, 33.7304355 ], [ 73.0391283, 33.7307588 ], [ 73.0391014, 33.7307552 ], [ 73.0391012, 33.7307565 ], [ 73.0390829, 33.730754 ], [ 73.0390743, 33.7307927 ], [ 73.0390426, 33.7307878 ], [ 73.0390423, 33.7307896 ], [ 73.0390649, 33.7307926 ], [ 73.0390581, 33.7308282 ], [ 73.0389715, 33.7308167 ], [ 73.0389712, 33.7308181 ], [ 73.0389057, 33.7308079 ], [ 73.038595, 33.7307666 ], [ 73.0385963, 33.7307598 ], [ 73.03858, 33.73075690000001 ], [ 73.0385891, 33.7307109 ], [ 73.0384898, 33.73069550000001 ], [ 73.038486, 33.7307156 ], [ 73.0384765, 33.73071430000001 ], [ 73.0384762, 33.7307157 ], [ 73.0382813, 33.7306889 ], [ 73.0382862, 33.7306638 ], [ 73.038019, 33.7306223 ], [ 73.0380183, 33.7306247 ], [ 73.0379675, 33.7306143 ], [ 73.0373804, 33.730523 ], [ 73.0374165, 33.7303605 ], [ 73.0374246, 33.7303618 ], [ 73.0374304, 33.7303421 ], [ 73.0378604, 33.7304295 ], [ 73.0383103, 33.7304994 ], [ 73.0383062, 33.7305177 ], [ 73.0383148, 33.730519 ], [ 73.0383243, 33.7304707 ], [ 73.0383294, 33.7303695 ], [ 73.0383057, 33.7303687 ], [ 73.038306, 33.7303622 ], [ 73.0382865, 33.7303595 ], [ 73.0383129, 33.730226 ], [ 73.0383179, 33.7301241 ], [ 73.0383328, 33.7301246 ] ] ] } },
{ "type": "Feature", "properties": { "lead_id": "pakistan-potential-0107", "cell": "0122_0100", "roof_area_m2": 19026.342, "kwh_per_kwp_yr": 1666.7327691733014, "est_kwp": 3424.74, "est_gwh_yr": 5.7081, "fixme": "Large roof (19026 m2), no detected PV nearby, modelled 1667 kWh/kWp/yr -- a rooftop SITING OPPORTUNITY, not a detection of existing PV; check imagery to confirm the roof is real, accessible and unshaded before treating it as a genuine lead", "imagery_note": "osm=73.03891,33.72980 | bing=https://www.bing.com/maps?cp=33.72980~73.03891&lvl=19&style=a | google=https://www.google.com/maps/@33.72980,73.03891,200m/data=!3m1!1e3" }, "geometry": { "type": "Polygon", "coordinates": [ [ [ 73.0383328, 33.7301246 ], [ 73.0383357, 33.7301102 ], [ 73.0384978, 33.7301325 ], [ 73.0385046, 33.7300979 ], [ 73.0385851, 33.7301089 ], [ 73.038623, 33.7299168 ], [ 73.0386142, 33.7299158 ], [ 73.0386219, 33.7298685 ], [ 73.0386235, 33.72986860000001 ], [ 73.0386238, 33.729867 ], [ 73.0386326, 33.7298681 ], [ 73.038633, 33.7298658 ], [ 73.0387128, 33.7298767 ], [ 73.0387145, 33.729868 ], [ 73.0385813, 33.7298416 ], [ 73.0385825, 33.7298375 ], [ 73.0382561, 33.7297713 ], [ 73.0382828, 33.7296794 ], [ 73.0382592, 33.7296747 ], [ 73.0382668, 33.729648 ], [ 73.0381422, 33.729623 ], [ 73.038166, 33.7295403 ], [ 73.0380417, 33.7295154 ], [ 73.0380608, 33.7294488 ], [ 73.038023, 33.7294415 ], [ 73.0380474, 33.7293567 ], [ 73.0381089, 33.729369 ], [ 73.0381285, 33.7293007 ], [ 73.0377054, 33.729215 ], [ 73.0377355, 33.7291094 ], [ 73.0377993, 33.7291222 ], [ 73.0378137, 33.7290722 ], [ 73.0382739, 33.7291645 ], [ 73.0382596, 33.7292145 ], [ 73.0383552, 33.7292337 ], [ 73.0383565, 33.7292269 ], [ 73.0384158, 33.7292351 ], [ 73.038423, 33.72921 ], [ 73.0384194, 33.7292093 ], [ 73.0384621, 33.7290622 ], [ 73.0384746, 33.728999 ], [ 73.0384803, 33.7289998 ], [ 73.0385262, 33.7288416 ], [ 73.038962, 33.72893 ], [ 73.0388938, 33.7291646 ], [ 73.0388677, 33.7292972 ], [ 73.0387483, 33.7292808 ], [ 73.0387411, 33.729317 ], [ 73.0388627, 33.7293416 ], [ 73.0389883, 33.7293589 ], [ 73.0389867, 33.7293668 ], [ 73.038993, 33.7293681 ], [ 73.0390065, 33.7293211 ], [ 73.039228, 33.7293655 ], [ 73.0393991, 33.729389 ], [ 73.039398, 33.7293949 ], [ 73.0394233, 33.7293988 ], [ 73.0394221, 33.7294044 ], [ 73.0394539, 33.7294108 ], [ 73.0394536, 33.7294117 ], [ 73.0394973, 33.7294205 ], [ 73.0394028, 33.7297459 ], [ 73.0393437, 33.7300457 ], [ 73.039244, 33.730032 ], [ 73.039205600000017, 33.7302269 ], [ 73.0392471, 33.7302333 ], [ 73.0392371, 33.73027840000001 ], [ 73.039227, 33.7302768 ], [ 73.0391917, 33.7304355 ], [ 73.0391283, 33.7307588 ], [ 73.0391014, 33.7307552 ], [ 73.0391012, 33.7307565 ], [ 73.0390829, 33.730754 ], [ 73.0390743, 33.7307927 ], [ 73.0390426, 33.7307878 ], [ 73.0390423, 33.7307896 ], [ 73.0390649, 33.7307926 ], [ 73.0390581, 33.7308282 ], [ 73.0389715, 33.7308167 ], [ 73.0389712, 33.7308181 ], [ 73.0389057, 33.7308079 ], [ 73.038595, 33.7307666 ], [ 73.0385963, 33.7307598 ], [ 73.03858, 33.73075690000001 ], [ 73.0385891, 33.7307109 ], [ 73.0384898, 33.73069550000001 ], [ 73.038486, 33.7307156 ], [ 73.0384765, 33.73071430000001 ], [ 73.0384762, 33.7307157 ], [ 73.0382813, 33.7306889 ], [ 73.0382862, 33.7306638 ], [ 73.038019, 33.7306223 ], [ 73.0380183, 33.7306247 ], [ 73.0379675, 33.7306143 ], [ 73.0373804, 33.730523 ], [ 73.0374165, 33.7303605 ], [ 73.0374246, 33.7303618 ], [ 73.0374304, 33.7303421 ], [ 73.0378604, 33.7304295 ], [ 73.0383103, 33.7304994 ], [ 73.0383062, 33.7305177 ], [ 73.0383148, 33.730519 ], [ 73.0383243, 33.7304707 ], [ 73.0383294, 33.7303695 ], [ 73.0383057, 33.7303687 ], [ 73.038306, 33.7303622 ], [ 73.0382865, 33.7303595 ], [ 73.0383129, 33.730226 ], [ 73.0383179, 33.7301241 ], [ 73.0383328, 33.7301246 ] ] ] } },
{ "type": "Feature", "properties": { "lead_id": "pakistan-potential-0108", "cell": "0115_0101", "roof_area_m2": 18483.0351, "kwh_per_kwp_yr": 1685.9118658549392, "est_kwp": 3326.95, "est_gwh_yr": 5.6089, "fixme": "Large roof (18483 m2), no detected PV nearby, modelled 1686 kWh/kWp/yr -- a rooftop SITING OPPORTUNITY, not a detection of existing PV; check imagery to confirm the roof is real, accessible and unshaded before treating it as a genuine lead", "imagery_note": "osm=72.42343,33.86779 | bing=https://www.bing.com/maps?cp=33.86779~72.42343&lvl=19&style=a | google=https://www.google.com/maps/@33.86779,72.42343,200m/data=!3m1!1e3" }, "geometry": { "type": "Polygon", "coordinates": [ [ [ 72.4235784, 33.8672488 ], [ 72.4240258, 33.8671424 ], [ 72.4240263, 33.8671246 ], [ 72.4240945, 33.867126 ], [ 72.4241472, 33.8671135 ], [ 72.4241519, 33.8671272 ], [ 72.4241752, 33.8671277 ], [ 72.4241738, 33.8671733 ], [ 72.4242109, 33.8671741 ], [ 72.4242074, 33.8672896 ], [ 72.42428, 33.8675021 ], [ 72.4242827, 33.8675015 ], [ 72.4244699, 33.8680501 ], [ 72.4237285, 33.8682255 ], [ 72.4237267, 33.8682849 ], [ 72.4234988, 33.8682801 ], [ 72.4232595, 33.868337 ], [ 72.4232593, 33.868342 ], [ 72.42324, 33.8683416 ], [ 72.4232114, 33.8683484 ], [ 72.4232132, 33.8683538 ], [ 72.4227089, 33.8684731 ], [ 72.4226962, 33.8684355 ], [ 72.4226924, 33.8684364 ], [ 72.4226604, 33.8683426 ], [ 72.4226643, 33.8683417 ], [ 72.4223899, 33.8675348 ], [ 72.4225273, 33.8675023 ], [ 72.4225262, 33.8674989 ], [ 72.4233955, 33.8672923 ], [ 72.4233969, 33.867245 ], [ 72.4235784, 33.8672488 ] ] ] } },
{ "type": "Feature", "properties": { "lead_id": "pakistan-potential-0109", "cell": "0107_0098", "roof_area_m2": 18472.3543, "kwh_per_kwp_yr": 1679.0747535216567, "est_kwp": 3325.02, "est_gwh_yr": 5.583, "fixme": "Large roof (18472 m2), no detected PV nearby, modelled 1679 kWh/kWp/yr -- a rooftop SITING OPPORTUNITY, not a detection of existing PV; check imagery to confirm the roof is real, accessible and unshaded before treating it as a genuine lead", "imagery_note": "osm=71.55151,33.54829 | bing=https://www.bing.com/maps?cp=33.54829~71.55151&lvl=19&style=a | google=https://www.google.com/maps/@33.54829,71.55151,200m/data=!3m1!1e3" }, "geometry": { "type": "Polygon", "coordinates": [ [ [ 71.551269, 33.5486617 ], [ 71.5510944, 33.5486689 ], [ 71.5510947, 33.5486821 ], [ 71.5505791, 33.5486899 ], [ 71.5500314, 33.5487123 ], [ 71.5500306, 33.5486983 ], [ 71.5500235, 33.5486984 ], [ 71.5500193, 33.5485044 ], [ 71.5499976, 33.5481323 ], [ 71.5510704, 33.5480885 ], [ 71.5510705, 33.5480902 ], [ 71.5524043, 33.5480363 ], [ 71.5524044, 33.5480382 ], [ 71.5529793, 33.5480149 ], [ 71.5529817, 33.5480555 ], [ 71.5532098, 33.5480462 ], [ 71.5532182, 33.5481909 ], [ 71.5530174, 33.548199 ], [ 71.5530277, 33.5483765 ], [ 71.553017, 33.5483769 ], [ 71.5530195, 33.5484691 ], [ 71.5530056, 33.5484694 ], [ 71.5530126, 33.5485906 ], [ 71.5529993, 33.5485911 ], [ 71.5529998, 33.5486083 ], [ 71.5524291, 33.5486191 ], [ 71.5524297, 33.5486399 ], [ 71.551269, 33.5486617 ] ] ] } },
{ "type": "Feature", "properties": { "lead_id": "pakistan-potential-0110", "cell": "0120_0071", "roof_area_m2": 18525.5275, "kwh_per_kwp_yr": 1670.2414292391697, "est_kwp": 3334.59, "est_gwh_yr": 5.5696, "fixme": "Large roof (18526 m2), no detected PV nearby, modelled 1670 kWh/kWp/yr -- a rooftop SITING OPPORTUNITY, not a detection of existing PV; check imagery to confirm the roof is real, accessible and unshaded before treating it as a genuine lead", "imagery_note": "osm=72.86751,30.81891 | bing=https://www.bing.com/maps?cp=30.81891~72.86751&lvl=19&style=a | google=https://www.google.com/maps/@30.81891,72.86751,200m/data=!3m1!1e3" }, "geometry": { "type": "Polygon", "coordinates": [ [ [ 72.8685865, 30.8187923 ], [ 72.8686405, 30.8187932 ], [ 72.8686395, 30.8188358 ], [ 72.8686494, 30.8188359 ], [ 72.8686485, 30.8188771 ], [ 72.8687831, 30.8188794 ], [ 72.8687819, 30.8189335 ], [ 72.8688688, 30.818935 ], [ 72.8688686, 30.8189428 ], [ 72.8690633, 30.818683 ], [ 72.8690535, 30.8191281 ], [ 72.8690547, 30.8191265 ], [ 72.8691049, 30.819156 ], [ 72.8690514, 30.8192239 ], [ 72.8690495, 30.8193097 ], [ 72.8690312, 30.8193094 ], [ 72.8690428, 30.8193162 ], [ 72.8690069, 30.8193618 ], [ 72.8690058, 30.8194101 ], [ 72.8689693, 30.8194095 ], [ 72.8689667, 30.8194127 ], [ 72.8689609, 30.8194093 ], [ 72.8689474, 30.8194091 ], [ 72.868947600000013, 30.8194015 ], [ 72.8689175, 30.8193839 ], [ 72.8687735, 30.8193815 ], [ 72.868774, 30.8193619 ], [ 72.8686029, 30.819359 ], [ 72.8686034, 30.8193371 ], [ 72.8685306, 30.8193358 ], [ 72.868531, 30.8193196 ], [ 72.8682984, 30.8193157 ], [ 72.8682989, 30.8192953 ], [ 72.868278, 30.8192949 ], [ 72.8682775, 30.8193148 ], [ 72.8682539, 30.8193144 ], [ 72.868254400000012, 30.8192945 ], [ 72.8681588, 30.8192929 ], [ 72.8681575, 30.8193516 ], [ 72.8681066, 30.8193507 ], [ 72.8681071, 30.8193288 ], [ 72.8680226, 30.8193274 ], [ 72.8680229, 30.819312 ], [ 72.8679282, 30.8193104 ], [ 72.8679287, 30.8192891 ], [ 72.867904, 30.8192887 ], [ 72.8679036, 30.8193086 ], [ 72.8678723, 30.8193081 ], [ 72.8678728, 30.8192867 ], [ 72.8677907, 30.8192854 ], [ 72.8677903, 30.8193067 ], [ 72.8677575, 30.8193061 ], [ 72.867758, 30.8192862 ], [ 72.8676771, 30.8192849 ], [ 72.8676774, 30.8192715 ], [ 72.8676748, 30.8192715 ], [ 72.8676748, 30.8192731 ], [ 72.8675774, 30.8192715 ], [ 72.8675779, 30.8192481 ], [ 72.8675564, 30.8192478 ], [ 72.8675559, 30.8192695 ], [ 72.8675336, 30.8192692 ], [ 72.8675336, 30.8192474 ], [ 72.8674409, 30.8192459 ], [ 72.8674405, 30.8192653 ], [ 72.8674176, 30.8192649 ], [ 72.8674188, 30.8192087 ], [ 72.8672292, 30.8192056 ], [ 72.8672284, 30.8192419 ], [ 72.867203, 30.8192415 ], [ 72.8672063, 30.8190957 ], [ 72.8667186, 30.8190876 ], [ 72.8667216, 30.8189547 ], [ 72.8662461, 30.8189468 ], [ 72.8662522, 30.8186733 ], [ 72.8662416, 30.818667 ], [ 72.8663007, 30.8185931 ], [ 72.8663022, 30.8185266 ], [ 72.8663531, 30.8185274 ], [ 72.8664784, 30.8183707 ], [ 72.8664749, 30.8185295 ], [ 72.8686265, 30.8185652 ], [ 72.8686259, 30.8185912 ], [ 72.8686652, 30.8185422 ], [ 72.8687475, 30.8185913 ], [ 72.8685865, 30.8187923 ] ], [ [ 72.8686126, 30.8186078 ], [ 72.8685469, 30.8186067 ], [ 72.868545, 30.8186922 ], [ 72.8686126, 30.8186078 ] ], [ [ 72.8685431, 30.818777 ], [ 72.8685428, 30.8187916 ], [ 72.8685683, 30.818792 ], [ 72.8685431, 30.818777 ] ], [ [ 72.8688679, 30.8189762 ], [ 72.8688668, 30.8190278 ], [ 72.868963300000019, 30.8190294 ], [ 72.8688679, 30.8189762 ] ] ] } },
{ "type": "Feature", "properties": { "lead_id": "pakistan-potential-0111", "cell": "0102_0065", "roof_area_m2": 18119.0048, "kwh_per_kwp_yr": 1703.3694297259517, "est_kwp": 3261.42, "est_gwh_yr": 5.5554, "fixme": "Large roof (18119 m2), no detected PV nearby, modelled 1703 kWh/kWp/yr -- a rooftop SITING OPPORTUNITY, not a detection of existing PV; check imagery to confirm the roof is real, accessible and unshaded before treating it as a genuine lead", "imagery_note": "osm=71.05553,30.30223 | bing=https://www.bing.com/maps?cp=30.30223~71.05553&lvl=19&style=a | google=https://www.google.com/maps/@30.30223,71.05553,200m/data=!3m1!1e3" }, "geometry": { "type": "Polygon", "coordinates": [ [ [ 71.0557389, 30.3018807 ], [ 71.0557372, 30.3019515 ], [ 71.0555962, 30.3019489 ], [ 71.0555962, 30.3019502 ], [ 71.0557798, 30.3019538 ], [ 71.055758, 30.3027783 ], [ 71.0555846, 30.3027748 ], [ 71.0555816, 30.3029911 ], [ 71.0558583, 30.3029948 ], [ 71.0558583, 30.3029056 ], [ 71.0559961, 30.3029056 ], [ 71.0559967, 30.3029967 ], [ 71.055998, 30.302996700000012 ], [ 71.0559961, 30.3031545 ], [ 71.0561226, 30.3031563 ], [ 71.0561225, 30.3031629 ], [ 71.0561241, 30.3031629 ], [ 71.0561141, 30.30363 ], [ 71.0561128, 30.3036313 ], [ 71.0561127, 30.3036342 ], [ 71.0558579, 30.3036315 ], [ 71.0558579, 30.3036295 ], [ 71.0552542, 30.3036184 ], [ 71.0545347, 30.303608 ], [ 71.0545416, 30.3031344 ], [ 71.0549716, 30.3031392 ], [ 71.0549741, 30.3030043 ], [ 71.0549767, 30.3030044 ], [ 71.0549768, 30.3029968 ], [ 71.0552388, 30.3029997 ], [ 71.0552367, 30.3031421 ], [ 71.0552725, 30.3031425 ], [ 71.0552714, 30.3031404 ], [ 71.0552863, 30.3025076 ], [ 71.0552952, 30.3018769 ], [ 71.0553021, 30.301877 ], [ 71.0553041, 30.3018317 ], [ 71.0553064, 30.3008056 ], [ 71.055574, 30.3008061 ], [ 71.0555716, 30.3018776 ], [ 71.0557389, 30.3018807 ] ] ] } },
{ "type": "Feature", "properties": { "lead_id": "pakistan-potential-0112", "cell": "0114_0061", "roof_area_m2": 18090.6531, "kwh_per_kwp_yr": 1697.9010628695155, "est_kwp": 3256.32, "est_gwh_yr": 5.5289, "fixme": "Large roof (18091 m2), no detected PV nearby, modelled 1698 kWh/kWp/yr -- a rooftop SITING OPPORTUNITY, not a detection of existing PV; check imagery to confirm the roof is real, accessible and unshaded before treating it as a genuine lead", "imagery_note": "osm=72.27185,29.85198 | bing=https://www.bing.com/maps?cp=29.85198~72.27185&lvl=19&style=a | google=https://www.google.com/maps/@29.85198,72.27185,200m/data=!3m1!1e3" }, "geometry": { "type": "Polygon", "coordinates": [ [ [ 72.2712001, 29.8517246 ], [ 72.2711664, 29.8517245 ], [ 72.2711664, 29.8517229 ], [ 72.2711558, 29.8517229 ], [ 72.2711571, 29.8512128 ], [ 72.2714179, 29.8512133 ], [ 72.2714179, 29.8512149 ], [ 72.2714215, 29.8512149 ], [ 72.2714215, 29.851225 ], [ 72.2715303, 29.8512273 ], [ 72.2715311, 29.851197 ], [ 72.2716186, 29.8511988 ], [ 72.2716178, 29.8512291 ], [ 72.2716585, 29.85123 ], [ 72.2716596, 29.8511945 ], [ 72.2717196, 29.8511958 ], [ 72.2717197, 29.851194 ], [ 72.271803, 29.8511959 ], [ 72.271804, 29.8511976 ], [ 72.2717889, 29.851727 ], [ 72.2721336, 29.8517345 ], [ 72.2721824, 29.8517344 ], [ 72.2721826, 29.8518013 ], [ 72.2722601, 29.851803 ], [ 72.2724907, 29.8518026 ], [ 72.2724907, 29.851808 ], [ 72.2725015, 29.8518082 ], [ 72.2724736, 29.8527919 ], [ 72.2717597, 29.8527765 ], [ 72.2714064, 29.852775 ], [ 72.2714061, 29.8527864 ], [ 72.2711427, 29.8527807 ], [ 72.2711461, 29.8522801 ], [ 72.2715004, 29.8522817 ], [ 72.2715009, 29.8522619 ], [ 72.2711923, 29.8522552 ], [ 72.2711991, 29.8520168 ], [ 72.2711993, 29.8519492 ], [ 72.2711657, 29.8519491 ], [ 72.2711657, 29.8519284 ], [ 72.271199400000015, 29.8519285 ], [ 72.2712001, 29.8517246 ] ] ] } },
{ "type": "Feature", "properties": { "lead_id": "pakistan-potential-0113", "cell": "0061_0012", "roof_area_m2": 17531.1329, "kwh_per_kwp_yr": 1740.8817388129851, "est_kwp": 3155.6, "est_gwh_yr": 5.4935, "fixme": "Large roof (17531 m2), no detected PV nearby, modelled 1741 kWh/kWp/yr -- a rooftop SITING OPPORTUNITY, not a detection of existing PV; check imagery to confirm the roof is real, accessible and unshaded before treating it as a genuine lead", "imagery_note": "osm=67.02594,24.96731 | bing=https://www.bing.com/maps?cp=24.96731~67.02594&lvl=19&style=a | google=https://www.google.com/maps/@24.96731,67.02594,200m/data=!3m1!1e3" }, "geometry": { "type": "Polygon", "coordinates": [ [ [ 67.0262535, 24.9671577 ], [ 67.0262313, 24.9671778 ], [ 67.026819, 24.9677189 ], [ 67.0270795, 24.9679557 ], [ 67.0267523, 24.9682548 ], [ 67.0267502, 24.9682529 ], [ 67.0267491, 24.9682539 ], [ 67.0264686, 24.9679969 ], [ 67.0263525, 24.9681016 ], [ 67.0258741, 24.9676613 ], [ 67.0256475, 24.9674552 ], [ 67.02565, 24.9674552 ], [ 67.0254153, 24.9672404 ], [ 67.0252535, 24.9673875 ], [ 67.0247144, 24.9668945 ], [ 67.0252745, 24.9663855 ], [ 67.0252725, 24.9663837 ], [ 67.0253389, 24.966323 ], [ 67.0253402, 24.9663242 ], [ 67.0253422, 24.9663224 ], [ 67.0256192, 24.9665774 ], [ 67.026251, 24.9671508 ], [ 67.0262484, 24.9671531 ], [ 67.0262535, 24.9671577 ] ] ] } },
{ "type": "Feature", "properties": { "lead_id": "pakistan-potential-0114", "cell": "0114_0061", "roof_area_m2": 17811.8865, "kwh_per_kwp_yr": 1697.8886463728763, "est_kwp": 3206.14, "est_gwh_yr": 5.4437, "fixme": "Large roof (17812 m2), no detected PV nearby, modelled 1698 kWh/kWp/yr -- a rooftop SITING OPPORTUNITY, not a detection of existing PV; check imagery to confirm the roof is real, accessible and unshaded before treating it as a genuine lead", "imagery_note": "osm=72.27179,29.85344 | bing=https://www.bing.com/maps?cp=29.85344~72.27179&lvl=19&style=a | google=https://www.google.com/maps/@29.85344,72.27179,200m/data=!3m1!1e3" }, "geometry": { "type": "Polygon", "coordinates": [ [ [ 72.2718293, 29.8538455 ], [ 72.2718363, 29.8535767 ], [ 72.2718008, 29.853576 ], [ 72.2717934, 29.8538565 ], [ 72.2711082, 29.8538428 ], [ 72.2711222, 29.8533124 ], [ 72.2704652, 29.8532993 ], [ 72.2704782, 29.8528069 ], [ 72.270844, 29.8528143 ], [ 72.2708434, 29.8528356 ], [ 72.2712405, 29.8528435 ], [ 72.2712411, 29.8528222 ], [ 72.2721393, 29.8528402 ], [ 72.2721398, 29.8528198 ], [ 72.2723803, 29.8528246 ], [ 72.2723792, 29.8528663 ], [ 72.2724276, 29.8528673 ], [ 72.2724234, 29.8530248 ], [ 72.2724662, 29.8530257 ], [ 72.2724443, 29.8538578 ], [ 72.2718293, 29.8538455 ] ] ] } },
{ "type": "Feature", "properties": { "lead_id": "pakistan-potential-0115", "cell": "0121_0079", "roof_area_m2": 18494.2716, "kwh_per_kwp_yr": 1634.979732384272, "est_kwp": 3328.97, "est_gwh_yr": 5.4428, "fixme": "Large roof (18494 m2), no detected PV nearby, modelled 1635 kWh/kWp/yr -- a rooftop SITING OPPORTUNITY, not a detection of existing PV; check imagery to confirm the roof is real, accessible and unshaded before treating it as a genuine lead", "imagery_note": "osm=73.01650,31.63522 | bing=https://www.bing.com/maps?cp=31.63522~73.01650&lvl=19&style=a | google=https://www.google.com/maps/@31.63522,73.01650,200m/data=!3m1!1e3" }, "geometry": { "type": "Polygon", "coordinates": [ [ [ 73.015632, 31.634961 ], [ 73.015385, 31.6349721 ], [ 73.0153866, 31.6349959 ], [ 73.0151134, 31.6350091 ], [ 73.0151117, 31.6349844 ], [ 73.01509470000002, 31.6349852 ], [ 73.0150929, 31.6349549 ], [ 73.015104, 31.6349544 ], [ 73.0151049, 31.634881 ], [ 73.0151032, 31.634881 ], [ 73.0150918, 31.6346943 ], [ 73.0150965, 31.6346941 ], [ 73.0150964, 31.6346927 ], [ 73.0164055, 31.6346335 ], [ 73.0164095, 31.63469370000001 ], [ 73.0169422, 31.6346679 ], [ 73.0169423, 31.6346701 ], [ 73.017189, 31.6346589 ], [ 73.0171899, 31.634674 ], [ 73.0172066, 31.6346743 ], [ 73.0172023, 31.6348739 ], [ 73.0172082, 31.6349684 ], [ 73.0172003, 31.6349688 ], [ 73.0171998, 31.6349921 ], [ 73.016963300000015, 31.6349884 ], [ 73.0169897, 31.6353884 ], [ 73.01701, 31.6353874 ], [ 73.0170135, 31.6354405 ], [ 73.0169932, 31.6354415 ], [ 73.017009, 31.6356812 ], [ 73.016704100000013, 31.635696 ], [ 73.0167044, 31.6357005 ], [ 73.0166802, 31.6357015 ], [ 73.016680400000013, 31.6357059 ], [ 73.0162491, 31.635719 ], [ 73.015640800000014, 31.6357472 ], [ 73.0156394, 31.6357437 ], [ 73.0153682, 31.6357547 ], [ 73.0153677, 31.6357457 ], [ 73.0153642, 31.6357458 ], [ 73.0153539, 31.635498 ], [ 73.0153422, 31.6352874 ], [ 73.0152527, 31.6352892 ], [ 73.0151068, 31.6352974 ], [ 73.0151066, 31.6352942 ], [ 73.0151051, 31.6352943 ], [ 73.0150989, 31.6351826 ], [ 73.0158239, 31.6351532 ], [ 73.0158295, 31.6352548 ], [ 73.0159769, 31.6352477 ], [ 73.0159775, 31.6352578 ], [ 73.0160182, 31.6352566 ], [ 73.0160045, 31.6350208 ], [ 73.0161847, 31.6350122 ], [ 73.0161823, 31.6349682 ], [ 73.0163162, 31.6349628 ], [ 73.0163157, 31.6349555 ], [ 73.0156456, 31.6349879 ], [ 73.0156443, 31.6349679 ], [ 73.0156319, 31.6349677 ], [ 73.015632, 31.634961 ] ] ] } },
{ "type": "Feature", "properties": { "lead_id": "pakistan-potential-0116", "cell": "0135_0076", "roof_area_m2": 18494.4813, "kwh_per_kwp_yr": 1634.0785037806695, "est_kwp": 3329.01, "est_gwh_yr": 5.4399, "fixme": "Large roof (18494 m2), no detected PV nearby, modelled 1634 kWh/kWp/yr -- a rooftop SITING OPPORTUNITY, not a detection of existing PV; check imagery to confirm the roof is real, accessible and unshaded before treating it as a genuine lead", "imagery_note": "osm=74.34352,31.39437 | bing=https://www.bing.com/maps?cp=31.39437~74.34352&lvl=19&style=a | google=https://www.google.com/maps/@31.39437,74.34352,200m/data=!3m1!1e3" }, "geometry": { "type": "Polygon", "coordinates": [ [ [ 74.3428249, 31.3948885 ], [ 74.3427917, 31.3948883 ], [ 74.3427927, 31.3947439 ], [ 74.3427869, 31.3947439 ], [ 74.3427884, 31.3945236 ], [ 74.3427596, 31.3945234 ], [ 74.3427654, 31.3937333 ], [ 74.3427939, 31.3937335 ], [ 74.3427942, 31.393696 ], [ 74.343091200000018, 31.3936975 ], [ 74.3430913, 31.3936883 ], [ 74.3442718, 31.3936943 ], [ 74.3442681, 31.3942186 ], [ 74.3443034, 31.3948193 ], [ 74.3441299, 31.3948268 ], [ 74.3441297, 31.3948589 ], [ 74.3434641, 31.3948555 ], [ 74.3431166, 31.3948705 ], [ 74.3431156, 31.3948537 ], [ 74.3428252, 31.3948522 ], [ 74.3428249, 31.3948885 ] ] ] } },
{ "type": "Feature", "properties": { "lead_id": "pakistan-potential-0117", "cell": "0219_0117", "roof_area_m2": 18515.9334, "kwh_per_kwp_yr": 1631.1421649165161, "est_kwp": 3332.87, "est_gwh_yr": 5.4364, "fixme": "Large roof (18516 m2), no detected PV nearby, modelled 1631 kWh/kWp/yr -- a rooftop SITING OPPORTUNITY, not a detection of existing PV; check imagery to confirm the roof is real, accessible and unshaded before treating it as a genuine lead", "imagery_note": "osm=74.36633,31.56482 | bing=https://www.bing.com/maps?cp=31.56482~74.36633&lvl=19&style=a | google=https://www.google.com/maps/@31.56482,74.36633,200m/data=!3m1!1e3" }, "geometry": { "type": "Polygon", "coordinates": [ [ [ 74.3668407, 31.5645778 ], [ 74.3668565, 31.5646679 ], [ 74.3668507, 31.5646686 ], [ 74.3668623, 31.5647361 ], [ 74.3668797, 31.5647362 ], [ 74.3668786, 31.5648309 ], [ 74.3668906, 31.5649004 ], [ 74.3668778, 31.5649023 ], [ 74.3668778, 31.5649034 ], [ 74.3669188, 31.5649037 ], [ 74.3669166, 31.5650972 ], [ 74.366940900000017, 31.5650945 ], [ 74.3669476, 31.5651388 ], [ 74.3669708, 31.5651389 ], [ 74.3669698, 31.5652877 ], [ 74.3669735, 31.5653126 ], [ 74.3669946, 31.5653128 ], [ 74.3669933, 31.565437700000011 ], [ 74.3669954, 31.565437700000011 ], [ 74.3669953, 31.565458 ], [ 74.3670023, 31.5655051 ], [ 74.366995, 31.5655059 ], [ 74.3669949, 31.5655105 ], [ 74.3669924, 31.5655105 ], [ 74.3669922, 31.5655301 ], [ 74.3669225, 31.565529500000011 ], [ 74.3669225, 31.5655313 ], [ 74.366770500000015, 31.5655305 ], [ 74.3667147, 31.5655367 ], [ 74.3667145, 31.56555 ], [ 74.3666018, 31.5655491 ], [ 74.3664756, 31.5655629 ], [ 74.3664755, 31.5655719 ], [ 74.3663994, 31.5655713 ], [ 74.3662378, 31.565589 ], [ 74.3662362, 31.5655787 ], [ 74.3661334, 31.5655926 ], [ 74.3661306, 31.5655785 ], [ 74.3660264, 31.5655899 ], [ 74.3660198, 31.5655456 ], [ 74.365923800000019, 31.5655574 ], [ 74.3659236, 31.5655562 ], [ 74.3659165, 31.5655569 ], [ 74.3659145, 31.5655434 ], [ 74.3659048, 31.5655433 ], [ 74.3659055, 31.5654832 ], [ 74.3658982, 31.5654343 ], [ 74.3658801, 31.5654342 ], [ 74.365881200000018, 31.5653344 ], [ 74.3658705, 31.5652782 ], [ 74.3658725, 31.5652779 ], [ 74.3658719, 31.5652743 ], [ 74.3658742, 31.565274 ], [ 74.3658735, 31.5652695 ], [ 74.3658711, 31.5652698 ], [ 74.365864300000013, 31.565231 ], [ 74.3658573, 31.5652307 ], [ 74.3658577, 31.5651931 ], [ 74.3658563, 31.5651853 ], [ 74.3658395, 31.5651852 ], [ 74.3658409, 31.5650071 ], [ 74.365839400000013, 31.565007 ], [ 74.3658397, 31.564978 ], [ 74.3658242, 31.56498 ], [ 74.3658198, 31.5649547 ], [ 74.3658095, 31.5649546 ], [ 74.3658095, 31.5649536 ], [ 74.3658064, 31.5649536 ], [ 74.3658067, 31.5649121 ], [ 74.3658005, 31.5649121 ], [ 74.3658009, 31.5648497 ], [ 74.3657895, 31.5648496 ], [ 74.36579, 31.5648101 ], [ 74.3657949, 31.5648101 ], [ 74.3657916, 31.564791 ], [ 74.3657818, 31.5647909 ], [ 74.365782, 31.564735 ], [ 74.3657679, 31.564735 ], [ 74.3657679, 31.564734 ], [ 74.3657638, 31.564734 ], [ 74.3657645, 31.5646737 ], [ 74.3657557, 31.5646736 ], [ 74.3657564, 31.5645869 ], [ 74.3657519, 31.5645609 ], [ 74.3657332, 31.5645609 ], [ 74.3657337, 31.5644823 ], [ 74.3657228, 31.5644822 ], [ 74.3657231, 31.5644381 ], [ 74.3657144, 31.564438 ], [ 74.3657156, 31.5643338 ], [ 74.3657348, 31.564334 ], [ 74.3657348, 31.5643229 ], [ 74.3658226, 31.5643233 ], [ 74.3658226, 31.5643208 ], [ 74.3658978, 31.5643212 ], [ 74.3658979, 31.5643167 ], [ 74.3659459, 31.5643171 ], [ 74.3659941, 31.564311 ], [ 74.3659942, 31.5643007 ], [ 74.3660135, 31.5643009 ], [ 74.3660135, 31.5642957 ], [ 74.3661112, 31.5642962 ], [ 74.36612310000001, 31.5642947 ], [ 74.3661232, 31.5642921 ], [ 74.3661251, 31.5642921 ], [ 74.3661193, 31.5642579 ], [ 74.366158, 31.564253 ], [ 74.366151, 31.5642122 ], [ 74.3661766, 31.564209 ], [ 74.366177, 31.5641785 ], [ 74.366403, 31.5641804 ], [ 74.3664605, 31.5641731 ], [ 74.3664554, 31.5641438 ], [ 74.3665529, 31.5641315 ], [ 74.366553, 31.5641257 ], [ 74.3665956, 31.5641261 ], [ 74.3666185, 31.5641232 ], [ 74.3666187, 31.5641067 ], [ 74.3667352, 31.5641077 ], [ 74.3668227, 31.5640964 ], [ 74.3668228, 31.5640841 ], [ 74.366913, 31.5640849 ], [ 74.3670284, 31.56407 ], [ 74.3670286, 31.5640513 ], [ 74.3671658, 31.5640524 ], [ 74.367248, 31.5640418 ], [ 74.36725, 31.5640531 ], [ 74.3672609, 31.5640532 ], [ 74.3672602, 31.5641114 ], [ 74.3672638, 31.5641315 ], [ 74.3673396, 31.5641322 ], [ 74.3673398, 31.5641127 ], [ 74.3673675, 31.5641129 ], [ 74.3673671, 31.5641106 ], [ 74.3673738, 31.5641097 ], [ 74.367374100000021, 31.5640886 ], [ 74.3674215, 31.564089 ], [ 74.3674212, 31.5641102 ], [ 74.3674233, 31.564122 ], [ 74.3674244, 31.5641219 ], [ 74.3674367, 31.5641889 ], [ 74.3674502, 31.564189 ], [ 74.3674494, 31.5642625 ], [ 74.3674646, 31.5643508 ], [ 74.3674484, 31.5643528 ], [ 74.3674476, 31.5644213 ], [ 74.3674566, 31.5644734 ], [ 74.367447, 31.5644746 ], [ 74.3674469, 31.5644835 ], [ 74.3673809, 31.564483 ], [ 74.3673024, 31.5644929 ], [ 74.3673022, 31.5645098 ], [ 74.3671766, 31.5645088 ], [ 74.3670871, 31.5645201 ], [ 74.367087, 31.5645319 ], [ 74.3669992, 31.5645312 ], [ 74.3669391, 31.5645388 ], [ 74.3669436, 31.5645646 ], [ 74.3668407, 31.5645778 ] ] ] } },
{ "type": "Feature", "properties": { "lead_id": "pakistan-potential-0118", "cell": "0135_0078", "roof_area_m2": 18515.9334, "kwh_per_kwp_yr": 1631.1421649165161, "est_kwp": 3332.87, "est_gwh_yr": 5.4364, "fixme": "Large roof (18516 m2), no detected PV nearby, modelled 1631 kWh/kWp/yr -- a rooftop SITING OPPORTUNITY, not a detection of existing PV; check imagery to confirm the roof is real, accessible and unshaded before treating it as a genuine lead", "imagery_note": "osm=74.36633,31.56482 | bing=https://www.bing.com/maps?cp=31.56482~74.36633&lvl=19&style=a | google=https://www.google.com/maps/@31.56482,74.36633,200m/data=!3m1!1e3" }, "geometry": { "type": "Polygon", "coordinates": [ [ [ 74.3668407, 31.5645778 ], [ 74.3668565, 31.5646679 ], [ 74.3668507, 31.5646686 ], [ 74.3668623, 31.5647361 ], [ 74.3668797, 31.5647362 ], [ 74.3668786, 31.5648309 ], [ 74.3668906, 31.5649004 ], [ 74.3668778, 31.5649023 ], [ 74.3668778, 31.5649034 ], [ 74.3669188, 31.5649037 ], [ 74.3669166, 31.5650972 ], [ 74.366940900000017, 31.5650945 ], [ 74.3669476, 31.5651388 ], [ 74.3669708, 31.5651389 ], [ 74.3669698, 31.5652877 ], [ 74.3669735, 31.5653126 ], [ 74.3669946, 31.5653128 ], [ 74.3669933, 31.565437700000011 ], [ 74.3669954, 31.565437700000011 ], [ 74.3669953, 31.565458 ], [ 74.3670023, 31.5655051 ], [ 74.366995, 31.5655059 ], [ 74.3669949, 31.5655105 ], [ 74.3669924, 31.5655105 ], [ 74.3669922, 31.5655301 ], [ 74.3669225, 31.565529500000011 ], [ 74.3669225, 31.5655313 ], [ 74.366770500000015, 31.5655305 ], [ 74.3667147, 31.5655367 ], [ 74.3667145, 31.56555 ], [ 74.3666018, 31.5655491 ], [ 74.3664756, 31.5655629 ], [ 74.3664755, 31.5655719 ], [ 74.3663994, 31.5655713 ], [ 74.3662378, 31.565589 ], [ 74.3662362, 31.5655787 ], [ 74.3661334, 31.5655926 ], [ 74.3661306, 31.5655785 ], [ 74.3660264, 31.5655899 ], [ 74.3660198, 31.5655456 ], [ 74.365923800000019, 31.5655574 ], [ 74.3659236, 31.5655562 ], [ 74.3659165, 31.5655569 ], [ 74.3659145, 31.5655434 ], [ 74.3659048, 31.5655433 ], [ 74.3659055, 31.5654832 ], [ 74.3658982, 31.5654343 ], [ 74.3658801, 31.5654342 ], [ 74.365881200000018, 31.5653344 ], [ 74.3658705, 31.5652782 ], [ 74.3658725, 31.5652779 ], [ 74.3658719, 31.5652743 ], [ 74.3658742, 31.565274 ], [ 74.3658735, 31.5652695 ], [ 74.3658711, 31.5652698 ], [ 74.365864300000013, 31.565231 ], [ 74.3658573, 31.5652307 ], [ 74.3658577, 31.5651931 ], [ 74.3658563, 31.5651853 ], [ 74.3658395, 31.5651852 ], [ 74.3658409, 31.5650071 ], [ 74.365839400000013, 31.565007 ], [ 74.3658397, 31.564978 ], [ 74.3658242, 31.56498 ], [ 74.3658198, 31.5649547 ], [ 74.3658095, 31.5649546 ], [ 74.3658095, 31.5649536 ], [ 74.3658064, 31.5649536 ], [ 74.3658067, 31.5649121 ], [ 74.3658005, 31.5649121 ], [ 74.3658009, 31.5648497 ], [ 74.3657895, 31.5648496 ], [ 74.36579, 31.5648101 ], [ 74.3657949, 31.5648101 ], [ 74.3657916, 31.564791 ], [ 74.3657818, 31.5647909 ], [ 74.365782, 31.564735 ], [ 74.3657679, 31.564735 ], [ 74.3657679, 31.564734 ], [ 74.3657638, 31.564734 ], [ 74.3657645, 31.5646737 ], [ 74.3657557, 31.5646736 ], [ 74.3657564, 31.5645869 ], [ 74.3657519, 31.5645609 ], [ 74.3657332, 31.5645609 ], [ 74.3657337, 31.5644823 ], [ 74.3657228, 31.5644822 ], [ 74.3657231, 31.5644381 ], [ 74.3657144, 31.564438 ], [ 74.3657156, 31.5643338 ], [ 74.3657348, 31.564334 ], [ 74.3657348, 31.5643229 ], [ 74.3658226, 31.5643233 ], [ 74.3658226, 31.5643208 ], [ 74.3658978, 31.5643212 ], [ 74.3658979, 31.5643167 ], [ 74.3659459, 31.5643171 ], [ 74.3659941, 31.564311 ], [ 74.3659942, 31.5643007 ], [ 74.3660135, 31.5643009 ], [ 74.3660135, 31.5642957 ], [ 74.3661112, 31.5642962 ], [ 74.36612310000001, 31.5642947 ], [ 74.3661232, 31.5642921 ], [ 74.3661251, 31.5642921 ], [ 74.3661193, 31.5642579 ], [ 74.366158, 31.564253 ], [ 74.366151, 31.5642122 ], [ 74.3661766, 31.564209 ], [ 74.366177, 31.5641785 ], [ 74.366403, 31.5641804 ], [ 74.3664605, 31.5641731 ], [ 74.3664554, 31.5641438 ], [ 74.3665529, 31.5641315 ], [ 74.366553, 31.5641257 ], [ 74.3665956, 31.5641261 ], [ 74.3666185, 31.5641232 ], [ 74.3666187, 31.5641067 ], [ 74.3667352, 31.5641077 ], [ 74.3668227, 31.5640964 ], [ 74.3668228, 31.5640841 ], [ 74.366913, 31.5640849 ], [ 74.3670284, 31.56407 ], [ 74.3670286, 31.5640513 ], [ 74.3671658, 31.5640524 ], [ 74.367248, 31.5640418 ], [ 74.36725, 31.5640531 ], [ 74.3672609, 31.5640532 ], [ 74.3672602, 31.5641114 ], [ 74.3672638, 31.5641315 ], [ 74.3673396, 31.5641322 ], [ 74.3673398, 31.5641127 ], [ 74.3673675, 31.5641129 ], [ 74.3673671, 31.5641106 ], [ 74.3673738, 31.5641097 ], [ 74.367374100000021, 31.5640886 ], [ 74.3674215, 31.564089 ], [ 74.3674212, 31.5641102 ], [ 74.3674233, 31.564122 ], [ 74.3674244, 31.5641219 ], [ 74.3674367, 31.5641889 ], [ 74.3674502, 31.564189 ], [ 74.3674494, 31.5642625 ], [ 74.3674646, 31.5643508 ], [ 74.3674484, 31.5643528 ], [ 74.3674476, 31.5644213 ], [ 74.3674566, 31.5644734 ], [ 74.367447, 31.5644746 ], [ 74.3674469, 31.5644835 ], [ 74.3673809, 31.564483 ], [ 74.3673024, 31.5644929 ], [ 74.3673022, 31.5645098 ], [ 74.3671766, 31.5645088 ], [ 74.3670871, 31.5645201 ], [ 74.367087, 31.5645319 ], [ 74.3669992, 31.5645312 ], [ 74.3669391, 31.5645388 ], [ 74.3669436, 31.5645646 ], [ 74.3668407, 31.5645778 ] ] ] } },
{ "type": "Feature", "properties": { "lead_id": "pakistan-potential-0119", "cell": "0119_0071", "roof_area_m2": 18052.7314, "kwh_per_kwp_yr": 1670.6070420973515, "est_kwp": 3249.49, "est_gwh_yr": 5.4286, "fixme": "Large roof (18053 m2), no detected PV nearby, modelled 1671 kWh/kWp/yr -- a rooftop SITING OPPORTUNITY, not a detection of existing PV; check imagery to confirm the roof is real, accessible and unshaded before treating it as a genuine lead", "imagery_note": "osm=72.82282,30.84759 | bing=https://www.bing.com/maps?cp=30.84759~72.82282&lvl=19&style=a | google=https://www.google.com/maps/@30.84759,72.82282,200m/data=!3m1!1e3" }, "geometry": { "type": "Polygon", "coordinates": [ [ [ 72.8219475, 30.846888 ], [ 72.8219633, 30.8468687 ], [ 72.8220493, 30.8469212 ], [ 72.8220093, 30.84697 ], [ 72.8220603, 30.8470011 ], [ 72.8220361, 30.8470307 ], [ 72.8220653, 30.8470485 ], [ 72.8220895, 30.8470189 ], [ 72.8221241, 30.84704 ], [ 72.8221358, 30.8470257 ], [ 72.8221545, 30.8470372 ], [ 72.8221186, 30.847081 ], [ 72.82215, 30.8471002 ], [ 72.8220987, 30.8471628 ], [ 72.8222082, 30.8472296 ], [ 72.8221281, 30.8473274 ], [ 72.8221793, 30.8473586 ], [ 72.8222058, 30.8473282 ], [ 72.8222274, 30.8473414 ], [ 72.8222197, 30.8473507 ], [ 72.8222288, 30.8473565 ], [ 72.8222465, 30.8473356 ], [ 72.822201400000012, 30.847307 ], [ 72.8222324, 30.8472706 ], [ 72.8222082, 30.84725520000001 ], [ 72.8222179, 30.8472437 ], [ 72.8222873, 30.8472877 ], [ 72.8222577, 30.8473224 ], [ 72.8222811, 30.8473372 ], [ 72.8223107, 30.8473024 ], [ 72.8223341, 30.8473173 ], [ 72.8223046, 30.8473521 ], [ 72.8223128, 30.8473573 ], [ 72.82238, 30.8472758 ], [ 72.8223994, 30.8472878 ], [ 72.8224107, 30.8472745 ], [ 72.8223846, 30.847258 ], [ 72.8224223, 30.8472137 ], [ 72.8224744, 30.8472466 ], [ 72.8225123, 30.8472021 ], [ 72.8224953, 30.8471916 ], [ 72.8225713, 30.8470995 ], [ 72.8225376, 30.8470782 ], [ 72.8225746, 30.8470346 ], [ 72.8225511, 30.8470198 ], [ 72.8225141, 30.8470633 ], [ 72.8224598, 30.8470289 ], [ 72.8224717, 30.8470149 ], [ 72.8223648, 30.8469472 ], [ 72.822389900000019, 30.8469177 ], [ 72.822359, 30.8468982 ], [ 72.822322, 30.8469417 ], [ 72.822296, 30.8469252 ], [ 72.8224136, 30.846787 ], [ 72.8225389, 30.8468664 ], [ 72.8225134, 30.8468964 ], [ 72.8225376, 30.8469117 ], [ 72.8225632, 30.8468817 ], [ 72.8232647, 30.8473259 ], [ 72.8238771, 30.8477019 ], [ 72.8238185, 30.84777290000001 ], [ 72.823818, 30.8477989 ], [ 72.8237974, 30.8477986 ], [ 72.8234013, 30.848282 ], [ 72.8232881, 30.848422 ], [ 72.8232881, 30.8484192 ], [ 72.8225966, 30.8479994 ], [ 72.8226043, 30.8479995 ], [ 72.8217568, 30.8474807 ], [ 72.8217568, 30.8474827 ], [ 72.8215027, 30.8473273 ], [ 72.8218911, 30.8468536 ], [ 72.8219475, 30.846888 ] ] ] } },
{ "type": "Feature", "properties": { "lead_id": "pakistan-potential-0120", "cell": "0078_0041", "roof_area_m2": 17272.1042, "kwh_per_kwp_yr": 1741.6609739911887, "est_kwp": 3108.98, "est_gwh_yr": 5.4148, "fixme": "Large roof (17272 m2), no detected PV nearby, modelled 1742 kWh/kWp/yr -- a rooftop SITING OPPORTUNITY, not a detection of existing PV; check imagery to confirm the roof is real, accessible and unshaded before treating it as a genuine lead", "imagery_note": "osm=68.73270,27.82369 | bing=https://www.bing.com/maps?cp=27.82369~68.73270&lvl=19&style=a | google=https://www.google.com/maps/@27.82369,68.73270,200m/data=!3m1!1e3" }, "geometry": { "type": "Polygon", "coordinates": [ [ [ 68.735603324894015, 27.821294012194173 ], [ 68.735510755214619, 27.821323252053897 ], [ 68.735512198892522, 27.82139396097881 ], [ 68.735440243301397, 27.821416689474024 ], [ 68.735441149212733, 27.821461059460841 ], [ 68.735053591188546, 27.821795013611606 ], [ 68.734909771141389, 27.821840441642795 ], [ 68.734911060609761, 27.821903597346633 ], [ 68.730510583273244, 27.825695360611387 ], [ 68.730482451110049, 27.825695809859475 ], [ 68.730471073473936, 27.825667636877576 ], [ 68.730467149435398, 27.825475451499202 ], [ 68.730497561267569, 27.825474965845654 ], [ 68.737185463770658, 27.819712544847281 ], [ 68.737294127155067, 27.819678220980716 ], [ 68.737328002261222, 27.819649032772389 ], [ 68.737529970126332, 27.819645807327838 ], [ 68.737496415088913, 27.819674719752417 ], [ 68.73744083260533, 27.819692280219815 ], [ 68.737441849824279, 27.819742102654001 ], [ 68.737389714664445, 27.819742935256375 ], [ 68.737348710848423, 27.819778265827697 ], [ 68.737349684835564, 27.819825970769365 ], [ 68.737178805951075, 27.819973217420547 ], [ 68.737152352052561, 27.819981573480195 ], [ 68.737107717318182, 27.819982286298639 ], [ 68.737048152432436, 27.820033613419778 ], [ 68.737049129492149, 27.820081468741282 ], [ 68.73701383002664, 27.820111884115864 ], [ 68.73697455849728, 27.820112511282954 ], [ 68.735603324894015, 27.821294012194173 ] ] ] } },
{ "type": "Feature", "properties": { "lead_id": "pakistan-potential-0121", "cell": "0069_0014", "roof_area_m2": 17205.9806, "kwh_per_kwp_yr": 1734.8465013148007, "est_kwp": 3097.08, "est_gwh_yr": 5.373, "fixme": "Large roof (17206 m2), no detected PV nearby, modelled 1735 kWh/kWp/yr -- a rooftop SITING OPPORTUNITY, not a detection of existing PV; check imagery to confirm the roof is real, accessible and unshaded before treating it as a genuine lead", "imagery_note": "osm=67.80611,25.16386 | bing=https://www.bing.com/maps?cp=25.16386~67.80611&lvl=19&style=a | google=https://www.google.com/maps/@25.16386,67.80611,200m/data=!3m1!1e3" }, "geometry": { "type": "Polygon", "coordinates": [ [ [ 67.8063885, 25.1635584 ], [ 67.8064385, 25.163632 ], [ 67.8063924, 25.1636587 ], [ 67.806818, 25.1642875 ], [ 67.8065508, 25.164438 ], [ 67.8066743, 25.1646212 ], [ 67.8066565, 25.1646311 ], [ 67.806693, 25.1646852 ], [ 67.8062266, 25.1649456 ], [ 67.8056946, 25.1641565 ], [ 67.8056417, 25.1640779 ], [ 67.8056957, 25.1640478 ], [ 67.8056996, 25.1636444 ], [ 67.8054019, 25.163642 ], [ 67.8053616, 25.1636644 ], [ 67.8051206, 25.1633096 ], [ 67.8051228, 25.1633084 ], [ 67.8051219, 25.163307 ], [ 67.8056735, 25.1629991 ], [ 67.8056937, 25.1630289 ], [ 67.8057059, 25.1630219 ], [ 67.8057063, 25.1629868 ], [ 67.8057673, 25.1629873 ], [ 67.805865, 25.1629327 ], [ 67.8059029, 25.1629885 ], [ 67.8059425, 25.1629889 ], [ 67.8059422, 25.1630172 ], [ 67.8059502, 25.1630127 ], [ 67.8059558, 25.1630209 ], [ 67.8061467, 25.1630226 ], [ 67.8061437, 25.1632973 ], [ 67.8063399, 25.1635857 ], [ 67.8063885, 25.1635584 ] ] ] } },
{ "type": "Feature", "properties": { "lead_id": "pakistan-potential-0122", "cell": "0129_0078", "roof_area_m2": 18654.7647, "kwh_per_kwp_yr": 1597.8985490581795, "est_kwp": 3357.86, "est_gwh_yr": 5.3655, "fixme": "Large roof (18655 m2), no detected PV nearby, modelled 1598 kWh/kWp/yr -- a rooftop SITING OPPORTUNITY, not a detection of existing PV; check imagery to confirm the roof is real, accessible and unshaded before treating it as a genuine lead", "imagery_note": "osm=73.81084,31.56697 | bing=https://www.bing.com/maps?cp=31.56697~73.81084&lvl=19&style=a | google=https://www.google.com/maps/@31.56697,73.81084,200m/data=!3m1!1e3" }, "geometry": { "type": "Polygon", "coordinates": [ [ [ 73.8115769, 31.5674834 ], [ 73.8115876, 31.5676538 ], [ 73.811594, 31.5677352 ], [ 73.811591, 31.5677353 ], [ 73.8115912, 31.5677375 ], [ 73.8114903, 31.5677428 ], [ 73.8114999, 31.5678724 ], [ 73.8115092, 31.5678717 ], [ 73.8115119, 31.5679026 ], [ 73.8115118, 31.567915 ], [ 73.8115026, 31.5679149 ], [ 73.8115028, 31.5679174 ], [ 73.811181, 31.5679344 ], [ 73.8111812, 31.567937 ], [ 73.810918900000019, 31.5679525 ], [ 73.8109186, 31.5679482 ], [ 73.8109145, 31.5679484 ], [ 73.8108935, 31.5676562 ], [ 73.8108891, 31.5676564 ], [ 73.8108616, 31.5672485 ], [ 73.8108405, 31.5669805 ], [ 73.8105816, 31.5669941 ], [ 73.8106044, 31.5673139 ], [ 73.8106293, 31.5676318 ], [ 73.8106247, 31.567633 ], [ 73.8102092, 31.5676574 ], [ 73.8102082, 31.5676549 ], [ 73.8102021, 31.5676553 ], [ 73.810202, 31.56765420000001 ], [ 73.8101999, 31.5676543 ], [ 73.8101507, 31.5669281 ], [ 73.810151, 31.5669264 ], [ 73.8102879, 31.5669185 ], [ 73.8102912, 31.5669595 ], [ 73.8105567, 31.5669442 ], [ 73.8105292, 31.5665444 ], [ 73.8105278, 31.5665444 ], [ 73.810528, 31.5665293 ], [ 73.8105239, 31.5664772 ], [ 73.81052870000002, 31.5664769 ], [ 73.8105288, 31.5664697 ], [ 73.8106365, 31.5664708 ], [ 73.810794300000012, 31.5664617 ], [ 73.8107947, 31.5664369 ], [ 73.8107878, 31.5663439 ], [ 73.8107607, 31.5663452 ], [ 73.8107606, 31.5663436 ], [ 73.810747300000017, 31.5663435 ], [ 73.8107491, 31.5662109 ], [ 73.8107368, 31.56602950000001 ], [ 73.8107515, 31.5660288 ], [ 73.8107516, 31.5660203 ], [ 73.8108863, 31.5660216 ], [ 73.8110897, 31.5660099 ], [ 73.8110899, 31.566012 ], [ 73.811451, 31.5659935 ], [ 73.811452, 31.5659953 ], [ 73.8114612, 31.5659954 ], [ 73.8114597, 31.5661094 ], [ 73.8114894, 31.566511 ], [ 73.8114983, 31.5665106 ], [ 73.8115181, 31.5668039 ], [ 73.8115241, 31.5668036 ], [ 73.811573, 31.5674836 ], [ 73.8115769, 31.5674834 ] ] ] } },
{ "type": "Feature", "properties": { "lead_id": "pakistan-potential-0123", "cell": "0098_0085", "roof_area_m2": 17992.8088, "kwh_per_kwp_yr": 1648.315573425371, "est_kwp": 3238.71, "est_gwh_yr": 5.3384, "fixme": "Large roof (17993 m2), no detected PV nearby, modelled 1648 kWh/kWp/yr -- a rooftop SITING OPPORTUNITY, not a detection of existing PV; check imagery to confirm the roof is real, accessible and unshaded before treating it as a genuine lead", "imagery_note": "osm=70.73927,32.29434 | bing=https://www.bing.com/maps?cp=32.29434~70.73927&lvl=19&style=a | google=https://www.google.com/maps/@32.29434,70.73927,200m/data=!3m1!1e3" }, "geometry": { "type": "Polygon", "coordinates": [ [ [ 70.7390924, 32.2951146 ], [ 70.7390538, 32.2951177 ], [ 70.7390398, 32.2949932 ], [ 70.7390272, 32.2949941 ], [ 70.7390267, 32.2949891 ], [ 70.7389997, 32.2949913 ], [ 70.7389746, 32.294768 ], [ 70.7390008, 32.2947659 ], [ 70.7389349, 32.2941796 ], [ 70.7389483, 32.2941785 ], [ 70.738925, 32.2939718 ], [ 70.7389116, 32.2939729 ], [ 70.7389035, 32.2939 ], [ 70.7389169, 32.293899 ], [ 70.7388956, 32.2937091 ], [ 70.7388751, 32.2937108 ], [ 70.7388194, 32.2932333 ], [ 70.7388226, 32.293233 ], [ 70.7388174, 32.293179 ], [ 70.7388224, 32.2931787 ], [ 70.7388181, 32.2931403 ], [ 70.7388118, 32.2931407 ], [ 70.738808, 32.2931012 ], [ 70.7388302, 32.2930997 ], [ 70.7388243, 32.293049 ], [ 70.7388313, 32.2930484 ], [ 70.7388308, 32.293044 ], [ 70.7394812, 32.2929929 ], [ 70.7394879, 32.293054 ], [ 70.7394926, 32.2930537 ], [ 70.7395295, 32.29343690000001 ], [ 70.7395852, 32.2939486 ], [ 70.7395789, 32.2939491 ], [ 70.7395874, 32.2940359 ], [ 70.7395607, 32.2940381 ], [ 70.7396044, 32.2944925 ], [ 70.739631, 32.2944906 ], [ 70.7396352, 32.2945345 ], [ 70.7396433, 32.2945338 ], [ 70.7396465, 32.2945615 ], [ 70.7396379, 32.2945622 ], [ 70.7396465, 32.2946509 ], [ 70.7396564, 32.2946501 ], [ 70.73967, 32.294771 ], [ 70.7397042, 32.2947709 ], [ 70.7397058, 32.2953076 ], [ 70.7397314, 32.2953073 ], [ 70.7397353, 32.2955284 ], [ 70.7397401, 32.2955284 ], [ 70.7397402, 32.2955553 ], [ 70.7397358, 32.2955553 ], [ 70.7397365, 32.2955969 ], [ 70.739671300000012, 32.2955978 ], [ 70.739671300000012, 32.2956059 ], [ 70.739624300000017, 32.295606 ], [ 70.7396246, 32.29562 ], [ 70.7392678, 32.2956242 ], [ 70.7392678, 32.2956189 ], [ 70.739091, 32.2956199 ], [ 70.7390888, 32.2953132 ], [ 70.7390929, 32.2953132 ], [ 70.7390924, 32.2951146 ] ] ] } },
{ "type": "Feature", "properties": { "lead_id": "pakistan-potential-0124", "cell": "0099_0085", "roof_area_m2": 17992.8088, "kwh_per_kwp_yr": 1648.315573425371, "est_kwp": 3238.71, "est_gwh_yr": 5.3384, "fixme": "Large roof (17993 m2), no detected PV nearby, modelled 1648 kWh/kWp/yr -- a rooftop SITING OPPORTUNITY, not a detection of existing PV; check imagery to confirm the roof is real, accessible and unshaded before treating it as a genuine lead", "imagery_note": "osm=70.73927,32.29434 | bing=https://www.bing.com/maps?cp=32.29434~70.73927&lvl=19&style=a | google=https://www.google.com/maps/@32.29434,70.73927,200m/data=!3m1!1e3" }, "geometry": { "type": "Polygon", "coordinates": [ [ [ 70.7390924, 32.2951146 ], [ 70.7390538, 32.2951177 ], [ 70.7390398, 32.2949932 ], [ 70.7390272, 32.2949941 ], [ 70.7390267, 32.2949891 ], [ 70.7389997, 32.2949913 ], [ 70.7389746, 32.294768 ], [ 70.7390008, 32.2947659 ], [ 70.7389349, 32.2941796 ], [ 70.7389483, 32.2941785 ], [ 70.738925, 32.2939718 ], [ 70.7389116, 32.2939729 ], [ 70.7389035, 32.2939 ], [ 70.7389169, 32.293899 ], [ 70.7388956, 32.2937091 ], [ 70.7388751, 32.2937108 ], [ 70.7388194, 32.2932333 ], [ 70.7388226, 32.293233 ], [ 70.7388174, 32.293179 ], [ 70.7388224, 32.2931787 ], [ 70.7388181, 32.2931403 ], [ 70.7388118, 32.2931407 ], [ 70.738808, 32.2931012 ], [ 70.7388302, 32.2930997 ], [ 70.7388243, 32.293049 ], [ 70.7388313, 32.2930484 ], [ 70.7388308, 32.293044 ], [ 70.7394812, 32.2929929 ], [ 70.7394879, 32.293054 ], [ 70.7394926, 32.2930537 ], [ 70.7395295, 32.29343690000001 ], [ 70.7395852, 32.2939486 ], [ 70.7395789, 32.2939491 ], [ 70.7395874, 32.2940359 ], [ 70.7395607, 32.2940381 ], [ 70.7396044, 32.2944925 ], [ 70.739631, 32.2944906 ], [ 70.7396352, 32.2945345 ], [ 70.7396433, 32.2945338 ], [ 70.7396465, 32.2945615 ], [ 70.7396379, 32.2945622 ], [ 70.7396465, 32.2946509 ], [ 70.7396564, 32.2946501 ], [ 70.73967, 32.294771 ], [ 70.7397042, 32.2947709 ], [ 70.7397058, 32.2953076 ], [ 70.7397314, 32.2953073 ], [ 70.7397353, 32.2955284 ], [ 70.7397401, 32.2955284 ], [ 70.7397402, 32.2955553 ], [ 70.7397358, 32.2955553 ], [ 70.7397365, 32.2955969 ], [ 70.739671300000012, 32.2955978 ], [ 70.739671300000012, 32.2956059 ], [ 70.739624300000017, 32.295606 ], [ 70.7396246, 32.29562 ], [ 70.7392678, 32.2956242 ], [ 70.7392678, 32.2956189 ], [ 70.739091, 32.2956199 ], [ 70.7390888, 32.2953132 ], [ 70.7390929, 32.2953132 ], [ 70.7390924, 32.2951146 ] ] ] } },
{ "type": "Feature", "properties": { "lead_id": "pakistan-potential-0125", "cell": "0130_0074", "roof_area_m2": 18007.9245, "kwh_per_kwp_yr": 1629.1280872342963, "est_kwp": 3241.43, "est_gwh_yr": 5.2807, "fixme": "Large roof (18008 m2), no detected PV nearby, modelled 1629 kWh/kWp/yr -- a rooftop SITING OPPORTUNITY, not a detection of existing PV; check imagery to confirm the roof is real, accessible and unshaded before treating it as a genuine lead", "imagery_note": "osm=73.91454,31.15100 | bing=https://www.bing.com/maps?cp=31.15100~73.91454&lvl=19&style=a | google=https://www.google.com/maps/@31.15100,73.91454,200m/data=!3m1!1e3" }, "geometry": { "type": "Polygon", "coordinates": [ [ [ 73.9148405, 31.1514912 ], [ 73.91483860000001, 31.1515767 ], [ 73.9148072, 31.1515763 ], [ 73.9148071, 31.1515809 ], [ 73.9147781, 31.1515806 ], [ 73.9147421, 31.1515835 ], [ 73.9147418, 31.1515802 ], [ 73.9147336, 31.1515801 ], [ 73.9147336, 31.1515812 ], [ 73.9146919, 31.1515796 ], [ 73.9144363, 31.1515767 ], [ 73.9144362, 31.1515841 ], [ 73.9143864, 31.1515844 ], [ 73.9143863, 31.1515834 ], [ 73.9143429, 31.1515829 ], [ 73.9143428, 31.1515919 ], [ 73.9142996, 31.1515914 ], [ 73.9142977, 31.1517179 ], [ 73.9142965, 31.1517179 ], [ 73.9142964, 31.1517233 ], [ 73.9141728, 31.1517216 ], [ 73.9141728, 31.1517203 ], [ 73.9141598, 31.1517199 ], [ 73.91416, 31.1517164 ], [ 73.91413780000002, 31.1517161 ], [ 73.9141377, 31.1517241 ], [ 73.914089, 31.1517235 ], [ 73.9140892, 31.1517155 ], [ 73.9140882, 31.1517144 ], [ 73.91399, 31.1517133 ], [ 73.9139904, 31.1516908 ], [ 73.9138726, 31.1516891 ], [ 73.9138726, 31.1516864 ], [ 73.913865, 31.1516863 ], [ 73.9138693, 31.1514018 ], [ 73.9138503, 31.1514017 ], [ 73.9138514, 31.1513078 ], [ 73.9138434, 31.1513077 ], [ 73.9138598, 31.15018 ], [ 73.9138516, 31.1501803 ], [ 73.9138514, 31.1501761 ], [ 73.9138478, 31.150176 ], [ 73.9138493, 31.1501343 ], [ 73.9138477, 31.1501028 ], [ 73.9138609, 31.1501023 ], [ 73.9138609, 31.1501004 ], [ 73.9139323, 31.1500996 ], [ 73.9139323, 31.1501011 ], [ 73.9139583, 31.1501014 ], [ 73.9139573, 31.1501768 ], [ 73.9140605, 31.1501778 ], [ 73.9140603, 31.1501958 ], [ 73.9141627, 31.1501968 ], [ 73.9141641, 31.1500948 ], [ 73.9141658, 31.1500948 ], [ 73.9141659, 31.1500922 ], [ 73.9143086, 31.1500958 ], [ 73.9143085, 31.1500981 ], [ 73.9143112, 31.1500981 ], [ 73.9143095, 31.1501983 ], [ 73.9144074, 31.1501993 ], [ 73.9144072, 31.1502184 ], [ 73.9144587, 31.1502189 ], [ 73.9144583, 31.1502483 ], [ 73.9144965, 31.1502487 ], [ 73.9144972, 31.1502002 ], [ 73.914716, 31.1502023 ], [ 73.914715, 31.1502778 ], [ 73.9147672, 31.1502783 ], [ 73.9147661, 31.1503587 ], [ 73.9148093, 31.1503591 ], [ 73.9148065, 31.150578 ], [ 73.9147632, 31.1505775 ], [ 73.9147624, 31.1506351 ], [ 73.9147328, 31.1506348 ], [ 73.9147313, 31.15073 ], [ 73.9152287, 31.1507355 ], [ 73.9152207, 31.1512625 ], [ 73.9151965, 31.1512623 ], [ 73.9151956, 31.151321500000012 ], [ 73.9151553, 31.151321 ], [ 73.9151521, 31.151532 ], [ 73.9151873, 31.1515333 ], [ 73.9151864, 31.1515813 ], [ 73.9151442, 31.1515807 ], [ 73.9151443, 31.1515582 ], [ 73.9149826, 31.1515561 ], [ 73.9149831, 31.1515306 ], [ 73.9149896, 31.1515306 ], [ 73.9149896, 31.1515292 ], [ 73.9149959, 31.1515293 ], [ 73.9149967, 31.1514765 ], [ 73.9149558, 31.1514761 ], [ 73.9149547, 31.1515525 ], [ 73.9149398, 31.1515523 ], [ 73.9149393, 31.151578 ], [ 73.9148902, 31.1515774 ], [ 73.9148907, 31.1515518 ], [ 73.9148864, 31.1515518 ], [ 73.9148873, 31.1514917 ], [ 73.9148405, 31.1514912 ] ] ] } },
{ "type": "Feature", "properties": { "lead_id": "pakistan-potential-0126", "cell": "0130_0074", "roof_area_m2": 17980.9594, "kwh_per_kwp_yr": 1629.1318597389024, "est_kwp": 3236.57, "est_gwh_yr": 5.2728, "fixme": "Large roof (17981 m2), no detected PV nearby, modelled 1629 kWh/kWp/yr -- a rooftop SITING OPPORTUNITY, not a detection of existing PV; check imagery to confirm the roof is real, accessible and unshaded before treating it as a genuine lead", "imagery_note": "osm=73.91712,31.15172 | bing=https://www.bing.com/maps?cp=31.15172~73.91712&lvl=19&style=a | google=https://www.google.com/maps/@31.15172,73.91712,200m/data=!3m1!1e3" }, "geometry": { "type": "Polygon", "coordinates": [ [ [ 73.9162448, 31.152185 ], [ 73.9162859, 31.1521404 ], [ 73.9162832, 31.1521385 ], [ 73.9164308, 31.1519831 ], [ 73.9162311, 31.151846 ], [ 73.9162328, 31.1518441 ], [ 73.9162274, 31.1518403 ], [ 73.9164282, 31.151629 ], [ 73.9165202, 31.1515273 ], [ 73.9165203, 31.1515336 ], [ 73.9170061, 31.1510089 ], [ 73.917328500000011, 31.1512297 ], [ 73.9174819, 31.1513294 ], [ 73.9174741, 31.1513294 ], [ 73.9177362, 31.1515089 ], [ 73.917841300000021, 31.1513953 ], [ 73.9180294, 31.1515241 ], [ 73.918001, 31.1515548 ], [ 73.918166, 31.1515562 ], [ 73.9181657, 31.1515846 ], [ 73.9180376, 31.1515836 ], [ 73.917818, 31.1518148 ], [ 73.917815, 31.1520778 ], [ 73.9178498, 31.1521022 ], [ 73.9178143, 31.1521396 ], [ 73.9178137, 31.1521947 ], [ 73.9178423, 31.1522148 ], [ 73.9178131, 31.1522456 ], [ 73.9178118, 31.1523617 ], [ 73.9177472, 31.1523612 ], [ 73.9175014, 31.1526201 ], [ 73.9173773, 31.1525329 ], [ 73.9173921, 31.1525174 ], [ 73.9171626, 31.1523563 ], [ 73.9169059, 31.1523541 ], [ 73.9169075, 31.1522172 ], [ 73.9168569, 31.1522705 ], [ 73.9168561, 31.1523346 ], [ 73.9167964, 31.1523341 ], [ 73.9167896, 31.1523413 ], [ 73.9169421, 31.1524457 ], [ 73.9168973, 31.1524941 ], [ 73.9168891, 31.1524885 ], [ 73.9168461, 31.1525339 ], [ 73.9166583, 31.152402 ], [ 73.9166208, 31.1524425 ], [ 73.9162448, 31.152185 ] ] ] } },
{ "type": "Feature", "properties": { "lead_id": "pakistan-potential-0127", "cell": "0133_0075", "roof_area_m2": 17951.0935, "kwh_per_kwp_yr": 1630.3176447703563, "est_kwp": 3231.2, "est_gwh_yr": 5.2679, "fixme": "Large roof (17951 m2), no detected PV nearby, modelled 1630 kWh/kWp/yr -- a rooftop SITING OPPORTUNITY, not a detection of existing PV; check imagery to confirm the roof is real, accessible and unshaded before treating it as a genuine lead", "imagery_note": "osm=74.14465,31.25247 | bing=https://www.bing.com/maps?cp=31.25247~74.14465&lvl=19&style=a | google=https://www.google.com/maps/@31.25247,74.14465,200m/data=!3m1!1e3" }, "geometry": { "type": "Polygon", "coordinates": [ [ [ 74.1458561, 31.2525958 ], [ 74.1458578, 31.2526023 ], [ 74.1452178, 31.2527235 ], [ 74.1452244, 31.2527492 ], [ 74.1449317, 31.2528046 ], [ 74.1449251, 31.2527789 ], [ 74.1445901, 31.2528422 ], [ 74.1445906, 31.2528441 ], [ 74.1436228, 31.2530295 ], [ 74.143594, 31.2529186 ], [ 74.1435981, 31.2529178 ], [ 74.1435496, 31.2527295 ], [ 74.1435544, 31.2527286 ], [ 74.1435281, 31.2526258 ], [ 74.1435214, 31.2526271 ], [ 74.1434388, 31.2523168 ], [ 74.1434837, 31.252308 ], [ 74.1434813, 31.2522986 ], [ 74.1447044, 31.252067 ], [ 74.145666, 31.2518764 ], [ 74.1456682, 31.251884600000011 ], [ 74.1456734, 31.2518836 ], [ 74.1457896, 31.2523365 ], [ 74.1458591, 31.2525952 ], [ 74.1458561, 31.2525958 ] ] ] } },
{ "type": "Feature", "properties": { "lead_id": "pakistan-potential-0128", "cell": "0120_0098", "roof_area_m2": 17409.3084, "kwh_per_kwp_yr": 1676.8101255963602, "est_kwp": 3133.68, "est_gwh_yr": 5.2546, "fixme": "Large roof (17409 m2), no detected PV nearby, modelled 1677 kWh/kWp/yr -- a rooftop SITING OPPORTUNITY, not a detection of existing PV; check imagery to confirm the roof is real, accessible and unshaded before treating it as a genuine lead", "imagery_note": "osm=72.84370,33.54577 | bing=https://www.bing.com/maps?cp=33.54577~72.84370&lvl=19&style=a | google=https://www.google.com/maps/@33.54577,72.84370,200m/data=!3m1!1e3" }, "geometry": { "type": "Polygon", "coordinates": [ [ [ 72.8436635, 33.5466467 ], [ 72.8434634, 33.5466424 ], [ 72.8434746, 33.5462752 ], [ 72.8433374, 33.5462723 ], [ 72.8433522, 33.5457903 ], [ 72.8432155, 33.5457874 ], [ 72.8432167, 33.5457476 ], [ 72.8431801, 33.5457468 ], [ 72.8431809, 33.5457194 ], [ 72.8432175, 33.5457202 ], [ 72.8432194, 33.5456598 ], [ 72.8431828, 33.545659 ], [ 72.8431845, 33.5456034 ], [ 72.8432321, 33.5456044 ], [ 72.8432335, 33.5455605 ], [ 72.8433244, 33.5455625 ], [ 72.8433254, 33.5455289 ], [ 72.8433911, 33.5455303 ], [ 72.8433913, 33.5455231 ], [ 72.8432693, 33.5455207 ], [ 72.8432715, 33.5454407 ], [ 72.8434089, 33.5454434 ], [ 72.8434094, 33.5454271 ], [ 72.8434327, 33.5454276 ], [ 72.8434339, 33.5453823 ], [ 72.8434816, 33.5453833 ], [ 72.8434838, 33.5453013 ], [ 72.8435288, 33.5453022 ], [ 72.8435303, 33.5452502 ], [ 72.8434882, 33.5450581 ], [ 72.844357, 33.5449245 ], [ 72.8443576, 33.5449041 ], [ 72.8444749, 33.5449063 ], [ 72.8447391, 33.5448657 ], [ 72.8448554, 33.545396 ], [ 72.8446046, 33.5454346 ], [ 72.8446037, 33.5454667 ], [ 72.844419200000019, 33.5454631 ], [ 72.8442408, 33.5454905 ], [ 72.8442394, 33.5455396 ], [ 72.8441567, 33.545538 ], [ 72.8441554, 33.5455804 ], [ 72.8441826, 33.545581 ], [ 72.8441658, 33.5461926 ], [ 72.8442246, 33.5461939 ], [ 72.8442244, 33.546201600000011 ], [ 72.844246400000017, 33.5462021 ], [ 72.8442398, 33.5464184 ], [ 72.8442723, 33.5464191 ], [ 72.8442718, 33.546433 ], [ 72.8442394, 33.5464323 ], [ 72.8442383, 33.5464669 ], [ 72.8443427, 33.5464691 ], [ 72.8443368, 33.54666120000001 ], [ 72.843795, 33.5466495 ], [ 72.843664, 33.5466555 ], [ 72.8436635, 33.5466467 ] ] ] } },
{ "type": "Feature", "properties": { "lead_id": "pakistan-potential-0129", "cell": "0128_0072", "roof_area_m2": 17748.442, "kwh_per_kwp_yr": 1643.5471866936005, "est_kwp": 3194.72, "est_gwh_yr": 5.2507, "fixme": "Large roof (17748 m2), no detected PV nearby, modelled 1644 kWh/kWp/yr -- a rooftop SITING OPPORTUNITY, not a detection of existing PV; check imagery to confirm the roof is real, accessible and unshaded before treating it as a genuine lead", "imagery_note": "osm=73.71945,30.93776 | bing=https://www.bing.com/maps?cp=30.93776~73.71945&lvl=19&style=a | google=https://www.google.com/maps/@30.93776,73.71945,200m/data=!3m1!1e3" }, "geometry": { "type": "Polygon", "coordinates": [ [ [ 73.7189817, 30.9368973 ], [ 73.7189818, 30.9368919 ], [ 73.7199073, 30.9369037 ], [ 73.7199063, 30.9369651 ], [ 73.7199314, 30.9369654 ], [ 73.7199292, 30.9370953 ], [ 73.7196773, 30.9370921 ], [ 73.7196769, 30.93711290000001 ], [ 73.7199288, 30.9371161 ], [ 73.7199281, 30.9371578 ], [ 73.7199541, 30.9371581 ], [ 73.7199524, 30.9372565 ], [ 73.720014, 30.937257299999988 ], [ 73.7200119, 30.9373813 ], [ 73.7199243, 30.9373802 ], [ 73.7199234, 30.9374319 ], [ 73.7199928, 30.9374328 ], [ 73.7199916, 30.9375038 ], [ 73.7198904, 30.9375025 ], [ 73.7198889, 30.9375864 ], [ 73.719920800000011, 30.9375868 ], [ 73.7199185, 30.9377181 ], [ 73.7199444, 30.9377186 ], [ 73.7199425, 30.9377954 ], [ 73.7199181, 30.9377949 ], [ 73.7199153, 30.9379094 ], [ 73.7199396, 30.9379098 ], [ 73.7199414, 30.9378405 ], [ 73.7200119, 30.9378418 ], [ 73.7200005, 30.938298 ], [ 73.7200102, 30.9382981 ], [ 73.7200099, 30.9383198 ], [ 73.7200216, 30.93832 ], [ 73.7200193, 30.9384143 ], [ 73.7200299, 30.9384145 ], [ 73.7200294, 30.9384425 ], [ 73.7200186, 30.9384423 ], [ 73.7200153, 30.938575 ], [ 73.7200065, 30.9385748 ], [ 73.7200062, 30.9385941 ], [ 73.7198832, 30.9385928 ], [ 73.7198835, 30.9385726 ], [ 73.719697, 30.9385692 ], [ 73.7195384, 30.9385672 ], [ 73.7195391, 30.9385253 ], [ 73.7195054, 30.938525 ], [ 73.719503700000018, 30.9385957 ], [ 73.7190424, 30.9385872 ], [ 73.7190439, 30.9385247 ], [ 73.7189888, 30.9385237 ], [ 73.7189888, 30.9385198 ], [ 73.7189863, 30.9385198 ], [ 73.7189863, 30.9385183 ], [ 73.7189703, 30.938518 ], [ 73.7189768, 30.938064700000012 ], [ 73.7189617, 30.93806450000001 ], [ 73.7189796, 30.9368973 ], [ 73.7189817, 30.9368973 ] ] ] } },
{ "type": "Feature", "properties": { "lead_id": "pakistan-potential-0130", "cell": "0133_0075", "roof_area_m2": 17736.4785, "kwh_per_kwp_yr": 1632.0309684964102, "est_kwp": 3192.57, "est_gwh_yr": 5.2104, "fixme": "Large roof (17736 m2), no detected PV nearby, modelled 1632 kWh/kWp/yr -- a rooftop SITING OPPORTUNITY, not a detection of existing PV; check imagery to confirm the roof is real, accessible and unshaded before treating it as a genuine lead", "imagery_note": "osm=74.18498,31.25420 | bing=https://www.bing.com/maps?cp=31.25420~74.18498&lvl=19&style=a | google=https://www.google.com/maps/@31.25420,74.18498,200m/data=!3m1!1e3" }, "geometry": { "type": "Polygon", "coordinates": [ [ [ 74.1852796, 31.2535834 ], [ 74.1854538, 31.253586 ], [ 74.1854446, 31.2540325 ], [ 74.1852485, 31.2540294 ], [ 74.1852479, 31.2540595 ], [ 74.1855574, 31.2540642 ], [ 74.185558, 31.2540342 ], [ 74.1856123, 31.254035 ], [ 74.1855996, 31.2546488 ], [ 74.185309, 31.2546444 ], [ 74.1853055, 31.2548114 ], [ 74.1852541, 31.2548106 ], [ 74.1852498, 31.2550158 ], [ 74.1843286, 31.2550017 ], [ 74.1843354, 31.2546764 ], [ 74.1844259, 31.2546778 ], [ 74.1844307, 31.2544436 ], [ 74.1844295, 31.2544436 ], [ 74.1844315, 31.2543471 ], [ 74.1843423, 31.2543458 ], [ 74.1843607, 31.2534599 ], [ 74.185281900000021, 31.253474 ], [ 74.1852796, 31.2535834 ] ] ] } },
{ "type": "Feature", "properties": { "lead_id": "pakistan-potential-0131", "cell": "0058_0017", "roof_area_m2": 16490.3633, "kwh_per_kwp_yr": 1753.0558541795767, "est_kwp": 2968.27, "est_gwh_yr": 5.2035, "fixme": "Large roof (16490 m2), no detected PV nearby, modelled 1753 kWh/kWp/yr -- a rooftop SITING OPPORTUNITY, not a detection of existing PV; check imagery to confirm the roof is real, accessible and unshaded before treating it as a genuine lead", "imagery_note": "osm=66.73735,25.41709 | bing=https://www.bing.com/maps?cp=25.41709~66.73735&lvl=19&style=a | google=https://www.google.com/maps/@25.41709,66.73735,200m/data=!3m1!1e3" }, "geometry": { "type": "Polygon", "coordinates": [ [ [ 66.736871775388224, 25.416791075931449 ], [ 66.737160159732355, 25.416646766470432 ], [ 66.736840950923408, 25.41659573461153 ], [ 66.73710498326939, 25.416463610846417 ], [ 66.737001269470852, 25.416294530860938 ], [ 66.737018343159235, 25.416207406334816 ], [ 66.737299221915237, 25.416252310520292 ], [ 66.737329264472365, 25.41609900766451 ], [ 66.737304983149087, 25.416059422806434 ], [ 66.737411582848878, 25.416076464960838 ], [ 66.737431538830307, 25.41606648006173 ], [ 66.737598721373118, 25.416339065146808 ], [ 66.737639251971274, 25.416132243426176 ], [ 66.738240020421699, 25.416228288529133 ], [ 66.738205955747063, 25.41640211547212 ], [ 66.738317787103639, 25.416419993963572 ], [ 66.738345407110074, 25.416279053239091 ], [ 66.738470242112768, 25.416299010645091 ], [ 66.738449745879819, 25.416403599826911 ], [ 66.738414059838576, 25.416421457406802 ], [ 66.738389777683935, 25.416545365439585 ], [ 66.738288349244243, 25.41652915008061 ], [ 66.738281723441773, 25.416562960495504 ], [ 66.738256109491772, 25.416521203270346 ], [ 66.738314259696025, 25.416492108142631 ], [ 66.738154338871922, 25.416466541597128 ], [ 66.738171692222807, 25.41649483554243 ], [ 66.738111844560621, 25.416800228375312 ], [ 66.737958403379622, 25.416775688093548 ], [ 66.737805820960233, 25.417554287885576 ], [ 66.736755126354325, 25.417386314697492 ], [ 66.736871775388224, 25.416791075931449 ] ] ] } },
{ "type": "Feature", "properties": { "lead_id": "pakistan-potential-0132", "cell": "0121_0066", "roof_area_m2": 17154.5701, "kwh_per_kwp_yr": 1681.6129394696602, "est_kwp": 3087.82, "est_gwh_yr": 5.1925, "fixme": "Large roof (17155 m2), no detected PV nearby, modelled 1682 kWh/kWp/yr -- a rooftop SITING OPPORTUNITY, not a detection of existing PV; check imagery to confirm the roof is real, accessible and unshaded before treating it as a genuine lead", "imagery_note": "osm=72.99176,30.35929 | bing=https://www.bing.com/maps?cp=30.35929~72.99176&lvl=19&style=a | google=https://www.google.com/maps/@30.35929,72.99176,200m/data=!3m1!1e3" }, "geometry": { "type": "Polygon", "coordinates": [ [ [ 72.9926537, 30.3591175 ], [ 72.9926116, 30.3591167 ], [ 72.9926114, 30.3591253 ], [ 72.9924251, 30.3591223 ], [ 72.992417, 30.3594525 ], [ 72.99241360000002, 30.3594524 ], [ 72.9924102, 30.3596093 ], [ 72.9923455, 30.3596083 ], [ 72.9923437, 30.3596903 ], [ 72.9922895, 30.3596894 ], [ 72.9922884, 30.3597408 ], [ 72.9916779, 30.3597309 ], [ 72.9916776, 30.3597414 ], [ 72.9916154, 30.3597403 ], [ 72.9916157, 30.3597299 ], [ 72.991554, 30.3597289 ], [ 72.9915579, 30.359550899999988 ], [ 72.9915165, 30.3595502 ], [ 72.9915125, 30.3597372 ], [ 72.991441, 30.3597363 ], [ 72.991443, 30.3596575 ], [ 72.9914481, 30.3596576 ], [ 72.9914513, 30.3595075 ], [ 72.9913149, 30.3595053 ], [ 72.9913149, 30.3595062 ], [ 72.9910977, 30.3595032 ], [ 72.9911157, 30.3585341 ], [ 72.9915906, 30.358541 ], [ 72.9915907, 30.358539 ], [ 72.9926236, 30.3585577 ], [ 72.9926697, 30.3585592 ], [ 72.9926634, 30.3588124 ], [ 72.9927057, 30.3588132 ], [ 72.9927037, 30.3588939 ], [ 72.9926614, 30.3588931 ], [ 72.9926558, 30.3591162 ], [ 72.9926537, 30.3591162 ], [ 72.9926537, 30.3591175 ] ] ] } },
{ "type": "Feature", "properties": { "lead_id": "pakistan-potential-0133", "cell": "0132_0079", "roof_area_m2": 17895.7082, "kwh_per_kwp_yr": 1607.2804995073855, "est_kwp": 3221.23, "est_gwh_yr": 5.1774, "fixme": "Large roof (17896 m2), no detected PV nearby, modelled 1607 kWh/kWp/yr -- a rooftop SITING OPPORTUNITY, not a detection of existing PV; check imagery to confirm the roof is real, accessible and unshaded before treating it as a genuine lead", "imagery_note": "osm=74.04187,31.62413 | bing=https://www.bing.com/maps?cp=31.62413~74.04187&lvl=19&style=a | google=https://www.google.com/maps/@31.62413,74.04187,200m/data=!3m1!1e3" }, "geometry": { "type": "Polygon", "coordinates": [ [ [ 74.0421732, 31.6235277 ], [ 74.0425887, 31.6235314 ], [ 74.0425827, 31.6240339 ], [ 74.0425964, 31.6240341 ], [ 74.0425861, 31.6246495 ], [ 74.0426045, 31.6246499 ], [ 74.0426032, 31.6247751 ], [ 74.0418125, 31.6247692 ], [ 74.0418124, 31.6247719 ], [ 74.0413063, 31.6247681 ], [ 74.0410729, 31.6247711 ], [ 74.0410728, 31.6247786 ], [ 74.0408719, 31.6247761 ], [ 74.0408754, 31.6245691 ], [ 74.0408726, 31.6244129 ], [ 74.040878, 31.6244128 ], [ 74.0408781, 31.6244072 ], [ 74.0411059, 31.62441 ], [ 74.041104, 31.6245228 ], [ 74.0411486, 31.6245223 ], [ 74.0411538, 31.6242118 ], [ 74.0411511, 31.6240523 ], [ 74.0412114, 31.6240515 ], [ 74.041211, 31.6240272 ], [ 74.0415206, 31.6240232 ], [ 74.0415254, 31.6237718 ], [ 74.0415213, 31.6235414 ], [ 74.0415293, 31.6235413 ], [ 74.0415296, 31.6235213 ], [ 74.042085, 31.6235281 ], [ 74.042085, 31.6235269 ], [ 74.0421732, 31.6235277 ] ] ] } },
{ "type": "Feature", "properties": { "lead_id": "pakistan-potential-0134", "cell": "0116_0062", "roof_area_m2": 16926.9841, "kwh_per_kwp_yr": 1694.1697162863234, "est_kwp": 3046.86, "est_gwh_yr": 5.1619, "fixme": "Large roof (16927 m2), no detected PV nearby, modelled 1694 kWh/kWp/yr -- a rooftop SITING OPPORTUNITY, not a detection of existing PV; check imagery to confirm the roof is real, accessible and unshaded before treating it as a genuine lead", "imagery_note": "osm=72.50972,29.94669 | bing=https://www.bing.com/maps?cp=29.94669~72.50972&lvl=19&style=a | google=https://www.google.com/maps/@29.94669,72.50972,200m/data=!3m1!1e3" }, "geometry": { "type": "Polygon", "coordinates": [ [ [ 72.5093472, 29.9461259 ], [ 72.5094582, 29.946128 ], [ 72.5094584, 29.9461215 ], [ 72.5099528, 29.9461342 ], [ 72.5099528, 29.9461311 ], [ 72.5099545, 29.9461311 ], [ 72.5099546, 29.9461281 ], [ 72.5099568, 29.9461281 ], [ 72.509957200000017, 29.9461202 ], [ 72.5102297, 29.9461302 ], [ 72.5102231, 29.9462671 ], [ 72.5102205, 29.946267 ], [ 72.5102038, 29.9469244 ], [ 72.5101899, 29.9477319 ], [ 72.5099196, 29.9477284 ], [ 72.5099196, 29.947726 ], [ 72.5097816, 29.9477243 ], [ 72.5097816, 29.9477266 ], [ 72.50920330000001, 29.947719 ], [ 72.5092095, 29.9473557 ], [ 72.5092065, 29.9473556 ], [ 72.5092159, 29.9469875 ], [ 72.509225, 29.9464606 ], [ 72.5092293, 29.9464607 ], [ 72.5092352, 29.9462307 ], [ 72.5092339, 29.9462307 ], [ 72.5092379, 29.9461238 ], [ 72.5092391, 29.9461238 ], [ 72.509239500000021, 29.9461163 ], [ 72.5093453, 29.9461202 ], [ 72.5093475, 29.9461203 ], [ 72.5093472, 29.9461259 ] ] ] } },
{ "type": "Feature", "properties": { "lead_id": "pakistan-potential-0135", "cell": "0096_0066", "roof_area_m2": 16772.6563, "kwh_per_kwp_yr": 1708.6471953185767, "est_kwp": 3019.08, "est_gwh_yr": 5.1585, "fixme": "Large roof (16773 m2), no detected PV nearby, modelled 1709 kWh/kWp/yr -- a rooftop SITING OPPORTUNITY, not a detection of existing PV; check imagery to confirm the roof is real, accessible and unshaded before treating it as a genuine lead", "imagery_note": "osm=70.53704,30.32728 | bing=https://www.bing.com/maps?cp=30.32728~70.53704&lvl=19&style=a | google=https://www.google.com/maps/@30.32728,70.53704,200m/data=!3m1!1e3" }, "geometry": { "type": "Polygon", "coordinates": [ [ [ 70.5372593, 30.3268018 ], [ 70.5372824, 30.3267993 ], [ 70.5372845, 30.3268134 ], [ 70.5372942, 30.3268126 ], [ 70.5373165, 30.3270171 ], [ 70.537337, 30.3271754 ], [ 70.5373691, 30.3273967 ], [ 70.5373657, 30.3273971 ], [ 70.5373698, 30.3274285 ], [ 70.5373614, 30.3274293 ], [ 70.537366600000013, 30.3274774 ], [ 70.5373575, 30.3274781 ], [ 70.5373681, 30.3275516 ], [ 70.5373606, 30.3275524 ], [ 70.5373626, 30.327568 ], [ 70.5373875, 30.3275656 ], [ 70.5373914, 30.3275952 ], [ 70.5373415, 30.3276 ], [ 70.537367, 30.3277964 ], [ 70.5373541, 30.3277977 ], [ 70.5373693, 30.3279189 ], [ 70.5372919, 30.3279263 ], [ 70.5373014, 30.3279997 ], [ 70.5373035, 30.3279996 ], [ 70.5373082, 30.3280523 ], [ 70.5373407, 30.328303 ], [ 70.5373923, 30.3282995 ], [ 70.5373957, 30.3283377 ], [ 70.5374039, 30.3283369 ], [ 70.5374069, 30.3283593 ], [ 70.5373978, 30.3283602 ], [ 70.537407, 30.3284624 ], [ 70.5374259, 30.3284605 ], [ 70.537427300000019, 30.3284712 ], [ 70.5374287, 30.3284711 ], [ 70.5374318, 30.3284947 ], [ 70.5374415, 30.3284938 ], [ 70.5374463, 30.3285322 ], [ 70.5374646, 30.3285304 ], [ 70.5374776, 30.3286277 ], [ 70.5374835, 30.3286273 ], [ 70.53749, 30.3286988 ], [ 70.5374871, 30.328699 ], [ 70.5374876, 30.3287029 ], [ 70.5375094, 30.3287008 ], [ 70.537515, 30.328744 ], [ 70.5374166, 30.3287536 ], [ 70.5374183, 30.328766 ], [ 70.5374112, 30.3287667 ], [ 70.5374121, 30.32877370000001 ], [ 70.5369863, 30.3288152 ], [ 70.5369515, 30.3285465 ], [ 70.5368901, 30.3285507 ], [ 70.5368783, 30.3284192 ], [ 70.5367545, 30.3274337 ], [ 70.5367474, 30.3274343 ], [ 70.5367428, 30.3273925 ], [ 70.5367493, 30.3273919 ], [ 70.5366907, 30.3269256 ], [ 70.5367333, 30.3269216 ], [ 70.5366978, 30.3266772 ], [ 70.5366861, 30.3266764 ], [ 70.5366861, 30.3265965 ], [ 70.5366568, 30.3263945 ], [ 70.5366522, 30.3263945 ], [ 70.536652100000012, 30.3263617 ], [ 70.5366503, 30.3263496 ], [ 70.5366336, 30.3263496 ], [ 70.5366336, 30.3262346 ], [ 70.5365985, 30.325993 ], [ 70.5366299, 30.3259896 ], [ 70.5366298, 30.3259689 ], [ 70.5366337, 30.3259689 ], [ 70.5366337, 30.3259676 ], [ 70.5368302, 30.3259677 ], [ 70.5369827, 30.325951 ], [ 70.5369827, 30.3259482 ], [ 70.5369926, 30.3259482 ], [ 70.5369926, 30.3259444 ], [ 70.5370453, 30.3259442 ], [ 70.5370436, 30.3259326 ], [ 70.5370911, 30.3259274 ], [ 70.5370906, 30.3259232 ], [ 70.5371505, 30.3259183 ], [ 70.5371513, 30.3259258 ], [ 70.5371688, 30.3259258 ], [ 70.5371688, 30.325944 ], [ 70.5371712, 30.325944 ], [ 70.5371718, 30.3261134 ], [ 70.5371978, 30.3263523 ], [ 70.5372057, 30.3263523 ], [ 70.5372057, 30.3263748 ], [ 70.5372092, 30.3263748 ], [ 70.5372095, 30.326458700000011 ], [ 70.5372593, 30.3268018 ] ] ] } },
{ "type": "Feature", "properties": { "lead_id": "pakistan-potential-0136", "cell": "0124_0078", "roof_area_m2": 17678.5781, "kwh_per_kwp_yr": 1619.8100085907602, "est_kwp": 3182.14, "est_gwh_yr": 5.1545, "fixme": "Large roof (17679 m2), no detected PV nearby, modelled 1620 kWh/kWp/yr -- a rooftop SITING OPPORTUNITY, not a detection of existing PV; check imagery to confirm the roof is real, accessible and unshaded before treating it as a genuine lead", "imagery_note": "osm=73.24647,31.51076 | bing=https://www.bing.com/maps?cp=31.51076~73.24647&lvl=19&style=a | google=https://www.google.com/maps/@31.51076,73.24647,200m/data=!3m1!1e3" }, "geometry": { "type": "Polygon", "coordinates": [ [ [ 73.2463468, 31.5111789 ], [ 73.2461896, 31.5108159 ], [ 73.2454511, 31.5110492 ], [ 73.2454332, 31.5110079 ], [ 73.2454765, 31.5109941 ], [ 73.2454013, 31.5108205 ], [ 73.245366, 31.5108314 ], [ 73.2453209, 31.5107244 ], [ 73.2454076, 31.5106977 ], [ 73.2453596, 31.5105851 ], [ 73.2461781, 31.5103259 ], [ 73.2461619, 31.5102884 ], [ 73.2464109, 31.5102099 ], [ 73.2464083, 31.5102038 ], [ 73.2464924, 31.5101775 ], [ 73.2464923, 31.5101842 ], [ 73.2468412, 31.5100742 ], [ 73.2469054, 31.5102235 ], [ 73.2469296, 31.5102157 ], [ 73.2470365, 31.5104625 ], [ 73.2470114, 31.5104705 ], [ 73.247076, 31.5106209 ], [ 73.2475389, 31.5104741 ], [ 73.2476492, 31.5107289 ], [ 73.2476049, 31.510743 ], [ 73.2476187, 31.5107751 ], [ 73.2476166, 31.5107758 ], [ 73.247705, 31.51098 ], [ 73.2477516, 31.5109652 ], [ 73.2477666, 31.5109999 ], [ 73.2475442, 31.5110706 ], [ 73.2475416, 31.5112068 ], [ 73.2471335, 31.5112012 ], [ 73.2464505, 31.5114183 ], [ 73.2464485, 31.5114137 ], [ 73.2464448, 31.5114148 ], [ 73.2463924, 31.5112843 ], [ 73.2463632, 31.5112169 ], [ 73.2463461, 31.5112167 ], [ 73.2463468, 31.5111789 ] ] ] } },
{ "type": "Feature", "properties": { "lead_id": "pakistan-potential-0137", "cell": "0079_0017", "roof_area_m2": 16528.3295, "kwh_per_kwp_yr": 1732.4598510661961, "est_kwp": 2975.1, "est_gwh_yr": 5.1542, "fixme": "Large roof (16528 m2), no detected PV nearby, modelled 1732 kWh/kWp/yr -- a rooftop SITING OPPORTUNITY, not a detection of existing PV; check imagery to confirm the roof is real, accessible and unshaded before treating it as a genuine lead", "imagery_note": "osm=68.77432,25.50685 | bing=https://www.bing.com/maps?cp=25.50685~68.77432&lvl=19&style=a | google=https://www.google.com/maps/@25.50685,68.77432,200m/data=!3m1!1e3" }, "geometry": { "type": "Polygon", "coordinates": [ [ [ 68.7731484, 25.5066865 ], [ 68.7731509, 25.5064641 ], [ 68.7731465, 25.506464 ], [ 68.7731472, 25.5063807 ], [ 68.7731518, 25.5063808 ], [ 68.7731518, 25.5063797 ], [ 68.7743662, 25.506389 ], [ 68.7743662, 25.5063908 ], [ 68.7755151, 25.5063975 ], [ 68.7755149, 25.5064281 ], [ 68.7755146, 25.506475 ], [ 68.7755014, 25.5064749 ], [ 68.775498, 25.5070247 ], [ 68.7754916, 25.5070246 ], [ 68.7754916, 25.5070265 ], [ 68.7743619, 25.5070181 ], [ 68.7743619, 25.5070194 ], [ 68.7739752, 25.5070159 ], [ 68.7733741, 25.5070132 ], [ 68.7733741, 25.5070108 ], [ 68.7731451, 25.5070096 ], [ 68.7731471, 25.5066865 ], [ 68.7731484, 25.5066865 ] ] ] } },
{ "type": "Feature", "properties": { "lead_id": "pakistan-potential-0138", "cell": "0118_0104", "roof_area_m2": 17031.6935, "kwh_per_kwp_yr": 1681.1599897832286, "est_kwp": 3065.7, "est_gwh_yr": 5.1539, "fixme": "Large roof (17032 m2), no detected PV nearby, modelled 1681 kWh/kWp/yr -- a rooftop SITING OPPORTUNITY, not a detection of existing PV; check imagery to confirm the roof is real, accessible and unshaded before treating it as a genuine lead", "imagery_note": "osm=72.64689,34.12187 | bing=https://www.bing.com/maps?cp=34.12187~72.64689&lvl=19&style=a | google=https://www.google.com/maps/@34.12187,72.64689,200m/data=!3m1!1e3" }, "geometry": { "type": "Polygon", "coordinates": [ [ [ 72.646938, 34.1224702 ], [ 72.6466605, 34.123078 ], [ 72.6459802, 34.1228639 ], [ 72.6460224, 34.1227711 ], [ 72.6460435, 34.1227778 ], [ 72.6461567, 34.1225292 ], [ 72.6461527, 34.1225279 ], [ 72.6463185, 34.122169 ], [ 72.6463164, 34.1221683 ], [ 72.6463247, 34.1221503 ], [ 72.6463267, 34.1221069 ], [ 72.6463447, 34.1221074 ], [ 72.6463506, 34.1220947 ], [ 72.6463524, 34.1220953 ], [ 72.6464073, 34.1219765 ], [ 72.6464987, 34.1220049 ], [ 72.6467466, 34.1214736 ], [ 72.6467625, 34.1214387 ], [ 72.6467583, 34.1214374 ], [ 72.646761, 34.1214312 ], [ 72.6467331, 34.1214223 ], [ 72.6467873, 34.1213049 ], [ 72.6467924, 34.1213065 ], [ 72.6467936, 34.1213038 ], [ 72.6468014, 34.1213063 ], [ 72.6468161, 34.1212745 ], [ 72.6468068, 34.1212715 ], [ 72.6468312, 34.1212189 ], [ 72.6468405, 34.1212219 ], [ 72.6468521, 34.1211967 ], [ 72.6468752, 34.121204 ], [ 72.6469847, 34.1209683 ], [ 72.6469853, 34.1209469 ], [ 72.6469817, 34.1209468 ], [ 72.6469327, 34.1210525 ], [ 72.646862, 34.1210298 ], [ 72.6469528, 34.1208343 ], [ 72.6469555, 34.1207373 ], [ 72.6469974, 34.1207381 ], [ 72.6470377, 34.1206514 ], [ 72.6470727, 34.1206627 ], [ 72.6470764, 34.1206628 ], [ 72.6470966, 34.1206203 ], [ 72.6471075, 34.1206239 ], [ 72.6471128, 34.1206125 ], [ 72.647216, 34.1206457 ], [ 72.6472935, 34.1206472 ], [ 72.6472925, 34.1206848 ], [ 72.6477191, 34.1208254 ], [ 72.6475668, 34.1211483 ], [ 72.647537, 34.1211386 ], [ 72.6474907, 34.1212368 ], [ 72.6475741, 34.121264 ], [ 72.6473476, 34.1217518 ], [ 72.6473445, 34.1217508 ], [ 72.6473429, 34.1217542 ], [ 72.647285, 34.1217353 ], [ 72.647033, 34.1222696 ], [ 72.6470309, 34.1222689 ], [ 72.646946, 34.1224528 ], [ 72.646948, 34.1224534 ], [ 72.64694, 34.1224709 ], [ 72.646938, 34.1224702 ] ] ] } },
{ "type": "Feature", "properties": { "lead_id": "pakistan-potential-0139", "cell": "0059_0012", "roof_area_m2": 16372.3536, "kwh_per_kwp_yr": 1746.842634659256, "est_kwp": 2947.02, "est_gwh_yr": 5.148, "fixme": "Large roof (16372 m2), no detected PV nearby, modelled 1747 kWh/kWp/yr -- a rooftop SITING OPPORTUNITY, not a detection of existing PV; check imagery to confirm the roof is real, accessible and unshaded before treating it as a genuine lead", "imagery_note": "osm=66.75139,24.95372 | bing=https://www.bing.com/maps?cp=24.95372~66.75139&lvl=19&style=a | google=https://www.google.com/maps/@24.95372,66.75139,200m/data=!3m1!1e3" }, "geometry": { "type": "Polygon", "coordinates": [ [ [ 66.7509015, 24.9546151 ], [ 66.7509287, 24.9531148 ], [ 66.7516663, 24.9531241 ], [ 66.7516728, 24.9531239 ], [ 66.751672900000017, 24.9531206 ], [ 66.7517325, 24.9531216 ], [ 66.7518431, 24.9531174 ], [ 66.7518434, 24.9531051 ], [ 66.7518731, 24.9531056 ], [ 66.75187, 24.9532522 ], [ 66.7518709, 24.9532716 ], [ 66.7518696, 24.9532716 ], [ 66.7518649, 24.9534985 ], [ 66.7518668, 24.9534985 ], [ 66.7518566, 24.9539483 ], [ 66.7518442, 24.9546716 ], [ 66.7518404, 24.9546715 ], [ 66.7518402, 24.9546806 ], [ 66.7516404, 24.9546769 ], [ 66.7516405, 24.9546687 ], [ 66.7509012, 24.9546581 ], [ 66.7509015, 24.9546151 ] ] ] } },
{ "type": "Feature", "properties": { "lead_id": "pakistan-potential-0140", "cell": "0064_0011", "roof_area_m2": 16464.2607, "kwh_per_kwp_yr": 1733.5033588570882, "est_kwp": 2963.57, "est_gwh_yr": 5.1374, "fixme": "Large roof (16464 m2), no detected PV nearby, modelled 1734 kWh/kWp/yr -- a rooftop SITING OPPORTUNITY, not a detection of existing PV; check imagery to confirm the roof is real, accessible and unshaded before treating it as a genuine lead", "imagery_note": "osm=67.32032,24.84599 | bing=https://www.bing.com/maps?cp=24.84599~67.32032&lvl=19&style=a | google=https://www.google.com/maps/@24.84599,67.32032,200m/data=!3m1!1e3" }, "geometry": { "type": "Polygon", "coordinates": [ [ [ 67.320900450774303, 24.845774806335303 ], [ 67.320920611056295, 24.845784047529598 ], [ 67.320685690620294, 24.846210757114502 ], [ 67.320665530290796, 24.846201515886101 ], [ 67.320363767878106, 24.846749631929402 ], [ 67.319613873708818, 24.846405886950198 ], [ 67.320467790738604, 24.844854847982702 ], [ 67.321217678463, 24.8451985883767 ], [ 67.320900450774303, 24.845774806335303 ] ] ] } },
{ "type": "Feature", "properties": { "lead_id": "pakistan-potential-0141", "cell": "0061_0064", "roof_area_m2": 15828.6791, "kwh_per_kwp_yr": 1798.5330099423472, "est_kwp": 2849.16, "est_gwh_yr": 5.1243, "fixme": "Large roof (15829 m2), no detected PV nearby, modelled 1799 kWh/kWp/yr -- a rooftop SITING OPPORTUNITY, not a detection of existing PV; check imagery to confirm the roof is real, accessible and unshaded before treating it as a genuine lead", "imagery_note": "osm=66.99575,30.18279 | bing=https://www.bing.com/maps?cp=30.18279~66.99575&lvl=19&style=a | google=https://www.google.com/maps/@30.18279,66.99575,200m/data=!3m1!1e3" }, "geometry": { "type": "Polygon", "coordinates": [ [ [ 66.996193, 30.1829993 ], [ 66.9961926, 30.1830643 ], [ 66.9961527, 30.1830642 ], [ 66.9961547, 30.1830715 ], [ 66.9961922, 30.1830721 ], [ 66.9961908, 30.183141 ], [ 66.9963568, 30.1831062 ], [ 66.9963702, 30.1831522 ], [ 66.9964791, 30.1831283 ], [ 66.9964834, 30.1831433 ], [ 66.9972015, 30.1829947 ], [ 66.9972019, 30.1829962 ], [ 66.997437, 30.1829451 ], [ 66.9974379, 30.1829483 ], [ 66.9976213, 30.1829095 ], [ 66.9976346, 30.1829571 ], [ 66.9977866, 30.1829249 ], [ 66.9977899, 30.1829365 ], [ 66.9978538, 30.1829103 ], [ 66.9978669, 30.1829344 ], [ 66.9979994, 30.1829063 ], [ 66.9980029, 30.1829185 ], [ 66.9980561, 30.182896700000011 ], [ 66.9980817, 30.1829437 ], [ 66.9983241, 30.1828933 ], [ 66.9983282, 30.1829081 ], [ 66.9983422, 30.1829023 ], [ 66.9984165, 30.1830391 ], [ 66.9984235, 30.1830418 ], [ 66.9985775, 30.1830097 ], [ 66.9986133, 30.183139 ], [ 66.9986894, 30.1831673 ], [ 66.9986886, 30.183169 ], [ 66.9987034, 30.1831629 ], [ 66.9987423, 30.1832345 ], [ 66.9988021, 30.1832851 ], [ 66.9987857, 30.1832999 ], [ 66.9988387, 30.1832781 ], [ 66.9989982, 30.1835716 ], [ 66.9990082, 30.1835679 ], [ 66.9991278, 30.1838102 ], [ 66.999179, 30.1839044 ], [ 66.9991751, 30.183906 ], [ 66.9991758, 30.1839074 ], [ 66.9990934, 30.1839395 ], [ 66.9990928, 30.1839383 ], [ 66.9990909, 30.183939 ], [ 66.9990783, 30.1839135 ], [ 66.9990449, 30.183926 ], [ 66.9990395, 30.183915 ], [ 66.9989833, 30.1839381 ], [ 66.9987902, 30.1835829 ], [ 66.9987645, 30.1835934 ], [ 66.9987253, 30.1835213 ], [ 66.9986908, 30.1834859 ], [ 66.9987016, 30.1834777 ], [ 66.9986914, 30.1834589 ], [ 66.9986532, 30.1834745 ], [ 66.9985716, 30.1833245 ], [ 66.9984933, 30.1833566 ], [ 66.9984794, 30.1833309 ], [ 66.9984187, 30.1833436 ], [ 66.9984174, 30.1833389 ], [ 66.998409, 30.1833407 ], [ 66.9984001, 30.1833091 ], [ 66.998389, 30.1833137 ], [ 66.9983822, 30.1833011 ], [ 66.9983576, 30.1832989 ], [ 66.998361300000013, 30.183267900000011 ], [ 66.998277, 30.1832855 ], [ 66.9982733, 30.1832719 ], [ 66.9982258, 30.1832819 ], [ 66.9982186, 30.1832562 ], [ 66.9981719, 30.1832753 ], [ 66.9981555, 30.1832451 ], [ 66.9981311, 30.1832502 ], [ 66.9981279, 30.1832387 ], [ 66.9981145, 30.1832415 ], [ 66.9981116, 30.1832313 ], [ 66.9980482, 30.183225600000011 ], [ 66.99796, 30.1832618 ], [ 66.9979393, 30.1832235 ], [ 66.9979358, 30.1832242 ], [ 66.9979315, 30.1832607 ], [ 66.9978217, 30.1832509 ], [ 66.997816, 30.1832532 ], [ 66.9978144, 30.1832502 ], [ 66.997492, 30.1833167 ], [ 66.9974925, 30.1833184 ], [ 66.9971319, 30.1833922 ], [ 66.996509, 30.183529 ], [ 66.9965076, 30.1835243 ], [ 66.9964453, 30.1835375 ], [ 66.9964298, 30.1834822 ], [ 66.9968829, 30.1833847 ], [ 66.9968782, 30.1833675 ], [ 66.9965012, 30.1834493 ], [ 66.9964999, 30.1834447 ], [ 66.9964039, 30.1834643 ], [ 66.9963967, 30.1834375 ], [ 66.9962985, 30.183459 ], [ 66.996296, 30.1834503 ], [ 66.9962908, 30.1834514 ], [ 66.9962768, 30.1833994 ], [ 66.9961287, 30.1834291 ], [ 66.9961186, 30.1833944 ], [ 66.9960697, 30.183376200000012 ], [ 66.9960046, 30.1833896 ], [ 66.9959888, 30.1833311 ], [ 66.995774, 30.1832082 ], [ 66.9957922, 30.1831842 ], [ 66.995786, 30.1831771 ], [ 66.9957477, 30.1831856 ], [ 66.9957329, 30.183134700000011 ], [ 66.9956859, 30.1831078 ], [ 66.9957039, 30.1830841 ], [ 66.9956866, 30.1830645 ], [ 66.9956639, 30.1830695 ], [ 66.9956506, 30.1830237 ], [ 66.9956481, 30.1830209 ], [ 66.9956111, 30.1829997 ], [ 66.9956346, 30.1829687 ], [ 66.9954726, 30.1824124 ], [ 66.9953085, 30.1818731 ], [ 66.9953111, 30.1818725 ], [ 66.99525, 30.1816697 ], [ 66.995344, 30.1816484 ], [ 66.9953786, 30.1817633 ], [ 66.9953799, 30.181763 ], [ 66.9954024, 30.1818388 ], [ 66.9954045, 30.1818383 ], [ 66.995408, 30.1818503 ], [ 66.995503, 30.1818285 ], [ 66.9955067, 30.1818408 ], [ 66.995509, 30.1818403 ], [ 66.9955627, 30.1820248 ], [ 66.9956445, 30.1822936 ], [ 66.9956482, 30.1822928 ], [ 66.9957658, 30.1826923 ], [ 66.9957802, 30.1826891 ], [ 66.9958097, 30.1826752 ], [ 66.9958139, 30.182681800000012 ], [ 66.9958602, 30.1826716 ], [ 66.9958749, 30.182722 ], [ 66.9959211, 30.1827957 ], [ 66.9959387, 30.1827919 ], [ 66.9959562, 30.1828517 ], [ 66.9959592, 30.1828566 ], [ 66.9959823, 30.1828515 ], [ 66.996005, 30.1829296 ], [ 66.9960216, 30.1829562 ], [ 66.9960464, 30.1829511 ], [ 66.9960608, 30.1830044 ], [ 66.9961122, 30.1829931 ], [ 66.9961157, 30.1830053 ], [ 66.9961158, 30.182999 ], [ 66.996193, 30.1829993 ] ], [ [ 66.9988442, 30.1834808 ], [ 66.9988406, 30.1834743 ], [ 66.9987997, 30.1834911 ], [ 66.9988032, 30.1834976 ], [ 66.9988442, 30.1834808 ] ], [ [ 66.9958863, 30.1829788 ], [ 66.9958533, 30.1829861 ], [ 66.9958565, 30.18299 ], [ 66.9958891, 30.1829833 ], [ 66.9958863, 30.1829788 ] ], [ [ 66.9958837, 30.183155700000011 ], [ 66.9959138, 30.1831729 ], [ 66.9959077, 30.1831504 ], [ 66.9958837, 30.183155700000011 ] ], [ [ 66.9986479, 30.183294 ], [ 66.9986484, 30.1832957 ], [ 66.9986356, 30.1832984 ], [ 66.9986385, 30.1833037 ], [ 66.9986526, 30.1832979 ], [ 66.9986479, 30.183294 ] ] ] } },
{ "type": "Feature", "properties": { "lead_id": "pakistan-potential-0142", "cell": "0132_0079", "roof_area_m2": 17669.1099, "kwh_per_kwp_yr": 1608.993036552127, "est_kwp": 3180.44, "est_gwh_yr": 5.1173, "fixme": "Large roof (17669 m2), no detected PV nearby, modelled 1609 kWh/kWp/yr -- a rooftop SITING OPPORTUNITY, not a detection of existing PV; check imagery to confirm the roof is real, accessible and unshaded before treating it as a genuine lead", "imagery_note": "osm=74.08436,31.69384 | bing=https://www.bing.com/maps?cp=31.69384~74.08436&lvl=19&style=a | google=https://www.google.com/maps/@31.69384,74.08436,200m/data=!3m1!1e3" }, "geometry": { "type": "Polygon", "coordinates": [ [ [ 74.0846085, 31.6930548 ], [ 74.0846075, 31.6931096 ], [ 74.084719, 31.6931111 ], [ 74.0847189, 31.6931154 ], [ 74.0847485, 31.6931132 ], [ 74.0847507, 31.6931352 ], [ 74.0848219, 31.6931301 ], [ 74.0848239, 31.6931506 ], [ 74.0848539, 31.6931484 ], [ 74.0848722, 31.6933328 ], [ 74.0849052, 31.6933333 ], [ 74.0849001, 31.6936141 ], [ 74.0849469, 31.6940849 ], [ 74.0846105, 31.6941093 ], [ 74.0846091, 31.6942149 ], [ 74.0846611, 31.6947393 ], [ 74.0842708, 31.6947673 ], [ 74.0842705, 31.6947831 ], [ 74.0840707, 31.6947816 ], [ 74.0840241, 31.6947849 ], [ 74.084024, 31.6947913 ], [ 74.0839437, 31.6947907 ], [ 74.0838868, 31.6947948 ], [ 74.0838864, 31.6947903 ], [ 74.0838044, 31.6947897 ], [ 74.0838121, 31.6940065 ], [ 74.0837807, 31.6936689 ], [ 74.0837262, 31.6931205 ], [ 74.0837298, 31.6931202 ], [ 74.0837296, 31.6931185 ], [ 74.0844971, 31.6930646 ], [ 74.0845074, 31.6931683 ], [ 74.0845094, 31.6931682 ], [ 74.0845212, 31.6932925 ], [ 74.0845462, 31.6932907 ], [ 74.0845505, 31.693054 ], [ 74.0846085, 31.6930548 ] ] ] } },
{ "type": "Feature", "properties": { "lead_id": "pakistan-potential-0143", "cell": "0120_0086", "roof_area_m2": 17147.1571, "kwh_per_kwp_yr": 1655.9605638873193, "est_kwp": 3086.49, "est_gwh_yr": 5.1111, "fixme": "Large roof (17147 m2), no detected PV nearby, modelled 1656 kWh/kWp/yr -- a rooftop SITING OPPORTUNITY, not a detection of existing PV; check imagery to confirm the roof is real, accessible and unshaded before treating it as a genuine lead", "imagery_note": "osm=72.87988,32.30953 | bing=https://www.bing.com/maps?cp=32.30953~72.87988&lvl=19&style=a | google=https://www.google.com/maps/@32.30953,72.87988,200m/data=!3m1!1e3" }, "geometry": { "type": "Polygon", "coordinates": [ [ [ 72.8811401, 32.3091274 ], [ 72.8802245, 32.3097327 ], [ 72.880209, 32.3097158 ], [ 72.8801492, 32.3097553 ], [ 72.8801647, 32.3097722 ], [ 72.8797789, 32.3100273 ], [ 72.8797634, 32.3100104 ], [ 72.8790461, 32.3104846 ], [ 72.8789617, 32.3103925 ], [ 72.8788192, 32.3104867 ], [ 72.8784216, 32.3100529 ], [ 72.8797708, 32.309161 ], [ 72.8799338, 32.3093389 ], [ 72.8808056, 32.3087625 ], [ 72.8811401, 32.3091274 ] ] ] } },
{ "type": "Feature", "properties": { "lead_id": "pakistan-potential-0144", "cell": "0120_0085", "roof_area_m2": 17147.1571, "kwh_per_kwp_yr": 1655.9605638873193, "est_kwp": 3086.49, "est_gwh_yr": 5.1111, "fixme": "Large roof (17147 m2), no detected PV nearby, modelled 1656 kWh/kWp/yr -- a rooftop SITING OPPORTUNITY, not a detection of existing PV; check imagery to confirm the roof is real, accessible and unshaded before treating it as a genuine lead", "imagery_note": "osm=72.87988,32.30953 | bing=https://www.bing.com/maps?cp=32.30953~72.87988&lvl=19&style=a | google=https://www.google.com/maps/@32.30953,72.87988,200m/data=!3m1!1e3" }, "geometry": { "type": "Polygon", "coordinates": [ [ [ 72.8811401, 32.3091274 ], [ 72.8802245, 32.3097327 ], [ 72.880209, 32.3097158 ], [ 72.8801492, 32.3097553 ], [ 72.8801647, 32.3097722 ], [ 72.8797789, 32.3100273 ], [ 72.8797634, 32.3100104 ], [ 72.8790461, 32.3104846 ], [ 72.8789617, 32.3103925 ], [ 72.8788192, 32.3104867 ], [ 72.8784216, 32.3100529 ], [ 72.8797708, 32.309161 ], [ 72.8799338, 32.3093389 ], [ 72.8808056, 32.3087625 ], [ 72.8811401, 32.3091274 ] ] ] } },
{ "type": "Feature", "properties": { "lead_id": "pakistan-potential-0145", "cell": "0107_0092", "roof_area_m2": 16842.1459, "kwh_per_kwp_yr": 1684.1765901460474, "est_kwp": 3031.59, "est_gwh_yr": 5.1057, "fixme": "Large roof (16842 m2), no detected PV nearby, modelled 1684 kWh/kWp/yr -- a rooftop SITING OPPORTUNITY, not a detection of existing PV; check imagery to confirm the roof is real, accessible and unshaded before treating it as a genuine lead", "imagery_note": "osm=71.62988,32.92048 | bing=https://www.bing.com/maps?cp=32.92048~71.62988&lvl=19&style=a | google=https://www.google.com/maps/@32.92048,71.62988,200m/data=!3m1!1e3" }, "geometry": { "type": "Polygon", "coordinates": [ [ [ 71.6297456, 32.9202438 ], [ 71.629729, 32.9193399 ], [ 71.6307785, 32.9193263 ], [ 71.630797, 32.9203329 ], [ 71.6301474, 32.9203414 ], [ 71.6301475, 32.9203542 ], [ 71.6301224, 32.9203542 ], [ 71.6301226, 32.9204052 ], [ 71.6300186, 32.9204056 ], [ 71.6300193, 32.9205561 ], [ 71.6302709, 32.9205557 ], [ 71.6302715, 32.9207961 ], [ 71.6302753, 32.9215095 ], [ 71.6302731, 32.9215095 ], [ 71.6302731, 32.921513 ], [ 71.6299597, 32.9215135 ], [ 71.6299597, 32.9215107 ], [ 71.629751, 32.9215115 ], [ 71.6297459, 32.9205621 ], [ 71.6297472, 32.9205621 ], [ 71.6297456, 32.9202438 ] ] ] } },
{ "type": "Feature", "properties": { "lead_id": "pakistan-potential-0146", "cell": "0069_0014", "roof_area_m2": 16331.0498, "kwh_per_kwp_yr": 1734.8179889641278, "est_kwp": 2939.59, "est_gwh_yr": 5.0997, "fixme": "Large roof (16331 m2), no detected PV nearby, modelled 1735 kWh/kWp/yr -- a rooftop SITING OPPORTUNITY, not a detection of existing PV; check imagery to confirm the roof is real, accessible and unshaded before treating it as a genuine lead", "imagery_note": "osm=67.79736,25.15727 | bing=https://www.bing.com/maps?cp=25.15727~67.79736&lvl=19&style=a | google=https://www.google.com/maps/@25.15727,67.79736,200m/data=!3m1!1e3" }, "geometry": { "type": "Polygon", "coordinates": [ [ [ 67.7974039, 25.1567595 ], [ 67.7973974, 25.1567783 ], [ 67.797413, 25.1567828 ], [ 67.7974273, 25.1567413 ], [ 67.7975408, 25.1567736 ], [ 67.7975505, 25.1567453 ], [ 67.7975976, 25.1567587 ], [ 67.7975879, 25.156787 ], [ 67.7977401, 25.1568304 ], [ 67.797731, 25.1568568 ], [ 67.7977561, 25.1568639 ], [ 67.7977652, 25.1568376 ], [ 67.798264, 25.1569798 ], [ 67.7980097, 25.1577188 ], [ 67.7981219, 25.1577508 ], [ 67.7980535, 25.1579495 ], [ 67.7971436, 25.1576902 ], [ 67.7971547, 25.157658 ], [ 67.796758600000018, 25.1575451 ], [ 67.7967445, 25.1575861 ], [ 67.7964812, 25.157511 ], [ 67.7966534, 25.1570107 ], [ 67.7967377, 25.1570347 ], [ 67.7968835, 25.1566111 ], [ 67.7974039, 25.1567595 ] ] ] } },
{ "type": "Feature", "properties": { "lead_id": "pakistan-potential-0147", "cell": "0125_0087", "roof_area_m2": 17271.7434, "kwh_per_kwp_yr": 1639.2815048644118, "est_kwp": 3108.91, "est_gwh_yr": 5.0964, "fixme": "Large roof (17272 m2), no detected PV nearby, modelled 1639 kWh/kWp/yr -- a rooftop SITING OPPORTUNITY, not a detection of existing PV; check imagery to confirm the roof is real, accessible and unshaded before treating it as a genuine lead", "imagery_note": "osm=73.41245,32.44032 | bing=https://www.bing.com/maps?cp=32.44032~73.41245&lvl=19&style=a | google=https://www.google.com/maps/@32.44032,73.41245,200m/data=!3m1!1e3" }, "geometry": { "type": "Polygon", "coordinates": [ [ [ 73.412961, 32.4400499 ], [ 73.4129567, 32.4404815 ], [ 73.4129599, 32.4404816 ], [ 73.4129611, 32.4404829 ], [ 73.4129585, 32.4406088 ], [ 73.4128476, 32.4406082 ], [ 73.4128475, 32.4406221 ], [ 73.412907, 32.4406225 ], [ 73.4129067, 32.4406514 ], [ 73.4129551, 32.4406518 ], [ 73.41295, 32.4411615 ], [ 73.412947, 32.4411615 ], [ 73.4129469, 32.441165 ], [ 73.4124633, 32.441158 ], [ 73.4124628, 32.4412137 ], [ 73.412041, 32.4412107 ], [ 73.412044, 32.4409092 ], [ 73.4120215, 32.440909 ], [ 73.4120201, 32.4409395 ], [ 73.4119318, 32.4409366 ], [ 73.4119393, 32.4407722 ], [ 73.4120167, 32.4407741 ], [ 73.4120173, 32.4407217 ], [ 73.4120041, 32.4407215 ], [ 73.4120054, 32.4406572 ], [ 73.4120179, 32.4406574 ], [ 73.4120195, 32.4404965 ], [ 73.4119392, 32.440496 ], [ 73.4119392, 32.440492 ], [ 73.4119372, 32.440492 ], [ 73.4119403, 32.4403837 ], [ 73.4119417, 32.4402476 ], [ 73.4119316, 32.4402465 ], [ 73.4119504, 32.4393649 ], [ 73.4123289, 32.4393676 ], [ 73.4123289, 32.4393706 ], [ 73.4123335, 32.4393707 ], [ 73.4123296, 32.4395568 ], [ 73.4124872, 32.4395592 ], [ 73.4129098, 32.4395622 ], [ 73.4129084, 32.4397033 ], [ 73.4128616, 32.4397029 ], [ 73.4128587, 32.4398394 ], [ 73.4128635, 32.4398395 ], [ 73.4128626, 32.4398754 ], [ 73.4129598, 32.4398769 ], [ 73.4129598, 32.4398784 ], [ 73.4129627, 32.4398784 ], [ 73.4129627, 32.4398807 ], [ 73.4129661, 32.4398808 ], [ 73.412961, 32.4400499 ] ] ] } },
{ "type": "Feature", "properties": { "lead_id": "pakistan-potential-0148", "cell": "0110_0101", "roof_area_m2": 16808.6687, "kwh_per_kwp_yr": 1684.2666811292445, "est_kwp": 3025.56, "est_gwh_yr": 5.0958, "fixme": "Large roof (16809 m2), no detected PV nearby, modelled 1684 kWh/kWp/yr -- a rooftop SITING OPPORTUNITY, not a detection of existing PV; check imagery to confirm the roof is real, accessible and unshaded before treating it as a genuine lead", "imagery_note": "osm=71.91478,33.90612 | bing=https://www.bing.com/maps?cp=33.90612~71.91478&lvl=19&style=a | google=https://www.google.com/maps/@33.90612,71.91478,200m/data=!3m1!1e3" }, "geometry": { "type": "Polygon", "coordinates": [ [ [ 71.9151094, 33.9057972 ], [ 71.9151113, 33.9058611 ], [ 71.9151066, 33.9058612 ], [ 71.9151081, 33.9058983 ], [ 71.9151124, 33.90589820000001 ], [ 71.915126, 33.9063445 ], [ 71.9151652, 33.9073221 ], [ 71.9151537, 33.9073224 ], [ 71.9151537, 33.9073236 ], [ 71.9144893, 33.9073409 ], [ 71.9144, 33.905106 ], [ 71.914347, 33.9051066 ], [ 71.9143452, 33.9050448 ], [ 71.9142717, 33.9050462 ], [ 71.9142698, 33.9049784 ], [ 71.9144576, 33.9049748 ], [ 71.9144565, 33.9049487 ], [ 71.9145285, 33.9049466 ], [ 71.9145285, 33.9049455 ], [ 71.9148402, 33.9049377 ], [ 71.9148374, 33.9048569 ], [ 71.9149575, 33.9048534 ], [ 71.9149577, 33.9048578 ], [ 71.9149596, 33.9048578 ], [ 71.914961700000021, 33.9049343 ], [ 71.9150675, 33.9049312 ], [ 71.9150676, 33.9049332 ], [ 71.915070600000021, 33.9049331 ], [ 71.9150831, 33.9053093 ], [ 71.9151041, 33.9057973 ], [ 71.9151094, 33.9057972 ] ] ] } },
{ "type": "Feature", "properties": { "lead_id": "pakistan-potential-0149", "cell": "0092_0048", "roof_area_m2": 16406.798, "kwh_per_kwp_yr": 1722.8114062876789, "est_kwp": 2953.22, "est_gwh_yr": 5.0878, "fixme": "Large roof (16407 m2), no detected PV nearby, modelled 1723 kWh/kWp/yr -- a rooftop SITING OPPORTUNITY, not a detection of existing PV; check imagery to confirm the roof is real, accessible and unshaded before treating it as a genuine lead", "imagery_note": "osm=70.07239,28.52713 | bing=https://www.bing.com/maps?cp=28.52713~70.07239&lvl=19&style=a | google=https://www.google.com/maps/@28.52713,70.07239,200m/data=!3m1!1e3" }, "geometry": { "type": "Polygon", "coordinates": [ [ [ 70.0717403, 28.526714 ], [ 70.0717421, 28.5266358 ], [ 70.0732398, 28.526663 ], [ 70.0732187, 28.5275702 ], [ 70.071539, 28.5275398 ], [ 70.0715583, 28.5267107 ], [ 70.0717403, 28.526714 ] ] ] } },
{ "type": "Feature", "properties": { "lead_id": "pakistan-potential-0150", "cell": "0066_0010", "roof_area_m2": 16301.1215, "kwh_per_kwp_yr": 1728.980965156421, "est_kwp": 2934.2, "est_gwh_yr": 5.0732, "fixme": "Large roof (16301 m2), no detected PV nearby, modelled 1729 kWh/kWp/yr -- a rooftop SITING OPPORTUNITY, not a detection of existing PV; check imagery to confirm the roof is real, accessible and unshaded before treating it as a genuine lead", "imagery_note": "osm=67.50923,24.73376 | bing=https://www.bing.com/maps?cp=24.73376~67.50923&lvl=19&style=a | google=https://www.google.com/maps/@24.73376,67.50923,200m/data=!3m1!1e3" }, "geometry": { "type": "Polygon", "coordinates": [ [ [ 67.5110393, 24.7340137 ], [ 67.5110401, 24.7340149 ], [ 67.5110275, 24.7340829 ], [ 67.5110227, 24.7340821 ], [ 67.511022, 24.7340857 ], [ 67.5110205, 24.7340854 ], [ 67.51102, 24.7340877 ], [ 67.5108141, 24.7340498 ], [ 67.5106925, 24.7340301 ], [ 67.5106925, 24.7340274 ], [ 67.5103583, 24.7339658 ], [ 67.5103525, 24.7339927 ], [ 67.5102975, 24.7339828 ], [ 67.5102919, 24.7340086 ], [ 67.5104656, 24.7340357 ], [ 67.5104642, 24.7340432 ], [ 67.5106002, 24.7340682 ], [ 67.5105915, 24.7341076 ], [ 67.5106879, 24.7341254 ], [ 67.5106805, 24.7341588 ], [ 67.5104007, 24.7341073 ], [ 67.5103708, 24.7342666 ], [ 67.5103598, 24.7342649 ], [ 67.5103577, 24.7342733 ], [ 67.5100436, 24.7342155 ], [ 67.5096899, 24.7341602 ], [ 67.5096917, 24.7341507 ], [ 67.5094443, 24.7341051 ], [ 67.5094454, 24.7341001 ], [ 67.5091212, 24.7340495 ], [ 67.5091228, 24.7340408 ], [ 67.5081873, 24.7338726 ], [ 67.5081922, 24.73385 ], [ 67.5079761, 24.7338063 ], [ 67.5080336, 24.7335647 ], [ 67.5082446, 24.7336069 ], [ 67.5082512, 24.7335764 ], [ 67.5082409, 24.7335748 ], [ 67.5082432, 24.7335625 ], [ 67.5080317, 24.7335394 ], [ 67.5080447, 24.7334401 ], [ 67.5080558, 24.7334413 ], [ 67.5081007, 24.7332552 ], [ 67.508701, 24.733376 ], [ 67.508913800000016, 24.7334188 ], [ 67.5099037, 24.7335968 ], [ 67.5099004, 24.7336118 ], [ 67.5103789, 24.7336999 ], [ 67.5104741, 24.7337148 ], [ 67.5104736, 24.7337174 ], [ 67.5104802, 24.7337186 ], [ 67.5104799, 24.7337199 ], [ 67.5104872, 24.7337212 ], [ 67.5104456, 24.7339139 ], [ 67.5107049, 24.7339615 ], [ 67.5110393, 24.7340137 ] ] ] } },
{ "type": "Feature", "properties": { "lead_id": "pakistan-potential-0151", "cell": "0132_0079", "roof_area_m2": 17505.5525, "kwh_per_kwp_yr": 1607.3579403915592, "est_kwp": 3151.0, "est_gwh_yr": 5.0648, "fixme": "Large roof (17506 m2), no detected PV nearby, modelled 1607 kWh/kWp/yr -- a rooftop SITING OPPORTUNITY, not a detection of existing PV; check imagery to confirm the roof is real, accessible and unshaded before treating it as a genuine lead", "imagery_note": "osm=74.06134,31.69251 | bing=https://www.bing.com/maps?cp=31.69251~74.06134&lvl=19&style=a | google=https://www.google.com/maps/@31.69251,74.06134,200m/data=!3m1!1e3" }, "geometry": { "type": "Polygon", "coordinates": [ [ [ 74.0614727, 31.6928095 ], [ 74.0612458, 31.6928078 ], [ 74.0612462, 31.6927747 ], [ 74.061204, 31.692775 ], [ 74.0612029, 31.6928074 ], [ 74.0612061, 31.6930977 ], [ 74.0612587, 31.6930972 ], [ 74.0612588, 31.6931024 ], [ 74.0613267, 31.6931018 ], [ 74.061334500000015, 31.6936901 ], [ 74.061333300000015, 31.6936901 ], [ 74.0613368, 31.6939257 ], [ 74.0610798, 31.693928 ], [ 74.0610834, 31.6941462 ], [ 74.0610903, 31.6941463 ], [ 74.0610883, 31.6943049 ], [ 74.0610888, 31.6944758 ], [ 74.0609993, 31.6944769 ], [ 74.0609993, 31.6944754 ], [ 74.0609841, 31.6944755 ], [ 74.0609841, 31.694473 ], [ 74.0609012, 31.6944722 ], [ 74.0609053, 31.6941446 ], [ 74.0609938, 31.6941454 ], [ 74.0609902, 31.6939276 ], [ 74.0608965, 31.6939284 ], [ 74.060894, 31.6936979 ], [ 74.0609865, 31.6936971 ], [ 74.0609864, 31.6936932 ], [ 74.060948, 31.6936935 ], [ 74.0609408, 31.6931 ], [ 74.0610042, 31.6930995 ], [ 74.0610009, 31.6928058 ], [ 74.0609878, 31.6928056 ], [ 74.0609945, 31.6922324 ], [ 74.0609909, 31.6919136 ], [ 74.0609982, 31.6919135 ], [ 74.0610003, 31.6917328 ], [ 74.0608998, 31.6917319 ], [ 74.0609003, 31.6916881 ], [ 74.0608982, 31.691688 ], [ 74.0609077, 31.6910612 ], [ 74.0610159, 31.6910621 ], [ 74.0610159, 31.69106 ], [ 74.0613302, 31.6910624 ], [ 74.0613302, 31.6910648 ], [ 74.0613353, 31.6910648 ], [ 74.0613348, 31.6911054 ], [ 74.061418900000021, 31.6911061 ], [ 74.0614188, 31.6911161 ], [ 74.0614495, 31.6911165 ], [ 74.0614492, 31.6911311 ], [ 74.0614599, 31.6911312 ], [ 74.0614597, 31.6911537 ], [ 74.0615022, 31.691154 ], [ 74.061502, 31.6911679 ], [ 74.0615697, 31.69116880000001 ], [ 74.0615662, 31.6914444 ], [ 74.0616904, 31.6914465 ], [ 74.0616873, 31.6917115 ], [ 74.0616054, 31.6917108 ], [ 74.0616045, 31.6917826 ], [ 74.0616854, 31.6917832 ], [ 74.0616854, 31.6917865 ], [ 74.0616865, 31.6917865 ], [ 74.061681, 31.6922585 ], [ 74.0616867, 31.6927711 ], [ 74.061675, 31.6927712 ], [ 74.061675, 31.6927726 ], [ 74.0614731, 31.6927728 ], [ 74.0614727, 31.6928095 ] ] ] } },
{ "type": "Feature", "properties": { "lead_id": "pakistan-potential-0152", "cell": "0118_0104", "roof_area_m2": 16525.4348, "kwh_per_kwp_yr": 1681.2507992653241, "est_kwp": 2974.58, "est_gwh_yr": 5.001, "fixme": "Large roof (16525 m2), no detected PV nearby, modelled 1681 kWh/kWp/yr -- a rooftop SITING OPPORTUNITY, not a detection of existing PV; check imagery to confirm the roof is real, accessible and unshaded before treating it as a genuine lead", "imagery_note": "osm=72.64411,34.11889 | bing=https://www.bing.com/maps?cp=34.11889~72.64411&lvl=19&style=a | google=https://www.google.com/maps/@34.11889,72.64411,200m/data=!3m1!1e3" }, "geometry": { "type": "Polygon", "coordinates": [ [ [ 72.6437607, 34.1177717 ], [ 72.6447015, 34.118076 ], [ 72.6447149, 34.1180474 ], [ 72.6449124, 34.1181114 ], [ 72.6444136, 34.1191783 ], [ 72.644373300000012, 34.1191653 ], [ 72.6443848, 34.1191406 ], [ 72.6443614, 34.119133 ], [ 72.6443499, 34.1191577 ], [ 72.6443171, 34.1191471 ], [ 72.6442308, 34.1193316 ], [ 72.644263600000016, 34.1193422 ], [ 72.6440934, 34.1197063 ], [ 72.6441168, 34.1197139 ], [ 72.6440815, 34.1197893 ], [ 72.6439892, 34.1197595 ], [ 72.6439972, 34.1197425 ], [ 72.6439645, 34.119732 ], [ 72.6439566, 34.119749 ], [ 72.6438193, 34.1197046 ], [ 72.6438273, 34.1196876 ], [ 72.6437945, 34.119677 ], [ 72.6437866, 34.119694 ], [ 72.6433597, 34.1195559 ], [ 72.643789, 34.1186378 ], [ 72.6435881, 34.1185728 ], [ 72.6438573, 34.117997 ], [ 72.6438621, 34.1179985 ], [ 72.6438715, 34.1179785 ], [ 72.6436913, 34.1179202 ], [ 72.6437607, 34.1177717 ] ] ] } },
{ "type": "Feature", "properties": { "lead_id": "pakistan-potential-0153", "cell": "0219_0116", "roof_area_m2": 16995.518, "kwh_per_kwp_yr": 1631.6529999618601, "est_kwp": 3059.19, "est_gwh_yr": 4.9915, "fixme": "Large roof (16996 m2), no detected PV nearby, modelled 1632 kWh/kWp/yr -- a rooftop SITING OPPORTUNITY, not a detection of existing PV; check imagery to confirm the roof is real, accessible and unshaded before treating it as a genuine lead", "imagery_note": "osm=74.33030,31.44863 | bing=https://www.bing.com/maps?cp=31.44863~74.33030&lvl=19&style=a | google=https://www.google.com/maps/@31.44863,74.33030,200m/data=!3m1!1e3" }, "geometry": { "type": "Polygon", "coordinates": [ [ [ 74.330462706182402, 31.448053991247896 ], [ 74.330415815811904, 31.448073711587998 ], [ 74.330472497298203, 31.448172765990808 ], [ 74.330519387707298, 31.448153045629301 ], [ 74.330699638443704, 31.4484680431231 ], [ 74.330563978556498, 31.448525096585598 ], [ 74.330838454338803, 31.449004753958395 ], [ 74.330365836827497, 31.449203517674402 ], [ 74.330417685634103, 31.4492941257216 ], [ 74.329971055404101, 31.4494819578814 ], [ 74.329898990818918, 31.4493560207748 ], [ 74.329257461746195, 31.449625814294805 ], [ 74.329157670783502, 31.449451421006092 ], [ 74.329171279315403, 31.449445698022103 ], [ 74.329009218467206, 31.449162481300203 ], [ 74.330044550003507, 31.448727072935 ], [ 74.329586560828005, 31.4479266986407 ], [ 74.330234046722694, 31.447654392715702 ], [ 74.330462706182402, 31.448053991247896 ] ] ] } },
{ "type": "Feature", "properties": { "lead_id": "pakistan-potential-0154", "cell": "0134_0077", "roof_area_m2": 16995.518, "kwh_per_kwp_yr": 1631.6529999618601, "est_kwp": 3059.19, "est_gwh_yr": 4.9915, "fixme": "Large roof (16996 m2), no detected PV nearby, modelled 1632 kWh/kWp/yr -- a rooftop SITING OPPORTUNITY, not a detection of existing PV; check imagery to confirm the roof is real, accessible and unshaded before treating it as a genuine lead", "imagery_note": "osm=74.33030,31.44863 | bing=https://www.bing.com/maps?cp=31.44863~74.33030&lvl=19&style=a | google=https://www.google.com/maps/@31.44863,74.33030,200m/data=!3m1!1e3" }, "geometry": { "type": "Polygon", "coordinates": [ [ [ 74.330462706182402, 31.448053991247896 ], [ 74.330415815811904, 31.448073711587998 ], [ 74.330472497298203, 31.448172765990808 ], [ 74.330519387707298, 31.448153045629301 ], [ 74.330699638443704, 31.4484680431231 ], [ 74.330563978556498, 31.448525096585598 ], [ 74.330838454338803, 31.449004753958395 ], [ 74.330365836827497, 31.449203517674402 ], [ 74.330417685634103, 31.4492941257216 ], [ 74.329971055404101, 31.4494819578814 ], [ 74.329898990818918, 31.4493560207748 ], [ 74.329257461746195, 31.449625814294805 ], [ 74.329157670783502, 31.449451421006092 ], [ 74.329171279315403, 31.449445698022103 ], [ 74.329009218467206, 31.449162481300203 ], [ 74.330044550003507, 31.448727072935 ], [ 74.329586560828005, 31.4479266986407 ], [ 74.330234046722694, 31.447654392715702 ], [ 74.330462706182402, 31.448053991247896 ] ] ] } },
{ "type": "Feature", "properties": { "lead_id": "pakistan-potential-0155", "cell": "0106_0061", "roof_area_m2": 16222.5892, "kwh_per_kwp_yr": 1705.8084675272239, "est_kwp": 2920.07, "est_gwh_yr": 4.9811, "fixme": "Large roof (16223 m2), no detected PV nearby, modelled 1706 kWh/kWp/yr -- a rooftop SITING OPPORTUNITY, not a detection of existing PV; check imagery to confirm the roof is real, accessible and unshaded before treating it as a genuine lead", "imagery_note": "osm=71.52344,29.90583 | bing=https://www.bing.com/maps?cp=29.90583~71.52344&lvl=19&style=a | google=https://www.google.com/maps/@29.90583,71.52344,200m/data=!3m1!1e3" }, "geometry": { "type": "Polygon", "coordinates": [ [ [ 71.5244135, 29.9060352 ], [ 71.5244149, 29.9062388 ], [ 71.5237337, 29.9062425 ], [ 71.5237337, 29.9062434 ], [ 71.5235993, 29.9062437 ], [ 71.5235995, 29.9062733 ], [ 71.5233979, 29.9062739 ], [ 71.5233977, 29.9062222 ], [ 71.5227059, 29.9062259 ], [ 71.5224792, 29.9062284 ], [ 71.5224791, 29.9062224 ], [ 71.5224758, 29.9062224 ], [ 71.5224749, 29.9059303 ], [ 71.5224699, 29.9055836 ], [ 71.5224738, 29.9055836 ], [ 71.5224735, 29.9054755 ], [ 71.522939, 29.9054745 ], [ 71.5229394, 29.9055784 ], [ 71.5229803, 29.905578 ], [ 71.5229803, 29.905571 ], [ 71.523151, 29.9055702 ], [ 71.5231501, 29.9054465 ], [ 71.5231525, 29.9054465 ], [ 71.5231525, 29.9054379 ], [ 71.5234998, 29.9054371 ], [ 71.5234998, 29.9054447 ], [ 71.5235105, 29.9054446 ], [ 71.5235109, 29.905503 ], [ 71.5236292, 29.9055027 ], [ 71.5236288, 29.9054454 ], [ 71.5240631, 29.9054431 ], [ 71.5240634, 29.9054881 ], [ 71.5245846, 29.9054854 ], [ 71.5245858, 29.905661 ], [ 71.5245206, 29.9056614 ], [ 71.5245211, 29.9057227 ], [ 71.5244162, 29.9057232 ], [ 71.5244135, 29.9060352 ] ] ] } },
{ "type": "Feature", "properties": { "lead_id": "pakistan-potential-0156", "cell": "0058_0016", "roof_area_m2": 15698.1994, "kwh_per_kwp_yr": 1754.560873935488, "est_kwp": 2825.68, "est_gwh_yr": 4.9578, "fixme": "Large roof (15698 m2), no detected PV nearby, modelled 1755 kWh/kWp/yr -- a rooftop SITING OPPORTUNITY, not a detection of existing PV; check imagery to confirm the roof is real, accessible and unshaded before treating it as a genuine lead", "imagery_note": "osm=66.66946,25.38144 | bing=https://www.bing.com/maps?cp=25.38144~66.66946&lvl=19&style=a | google=https://www.google.com/maps/@25.38144,66.66946,200m/data=!3m1!1e3" }, "geometry": { "type": "Polygon", "coordinates": [ [ [ 66.6688371, 25.3820063 ], [ 66.6688643, 25.3820067 ], [ 66.6688923, 25.3817742 ], [ 66.6688547, 25.3817688 ], [ 66.6688871, 25.381585 ], [ 66.6689147, 25.381589 ], [ 66.6690025, 25.3808613 ], [ 66.6690346, 25.3808645 ], [ 66.6690637, 25.3806445 ], [ 66.6691117, 25.3806497 ], [ 66.6691127, 25.3806438 ], [ 66.6692772, 25.3806678 ], [ 66.6696047, 25.3807034 ], [ 66.6696034, 25.3807127 ], [ 66.6697085, 25.3807242 ], [ 66.6697077, 25.3807304 ], [ 66.6699162, 25.3807607 ], [ 66.6699121, 25.380784 ], [ 66.6701239, 25.3808149 ], [ 66.6700748, 25.3810934 ], [ 66.6700494, 25.3810897 ], [ 66.6700126, 25.3812983 ], [ 66.669959700000021, 25.3817271 ], [ 66.6699175, 25.3817228 ], [ 66.6698953, 25.3818484 ], [ 66.6698925, 25.381848 ], [ 66.6698796, 25.3819528 ], [ 66.669856, 25.3819504 ], [ 66.6698691, 25.3818446 ], [ 66.6695995, 25.3818054 ], [ 66.6695729, 25.3820256 ], [ 66.669844, 25.3820546 ], [ 66.6698288, 25.3821714 ], [ 66.6695588, 25.3821425 ], [ 66.6695578, 25.3821505 ], [ 66.669461, 25.3821408 ], [ 66.669462, 25.3821321 ], [ 66.6691771, 25.3821016 ], [ 66.6691774, 25.3820996 ], [ 66.6691759, 25.3820995 ], [ 66.6691774, 25.3820857 ], [ 66.669136300000019, 25.3820818 ], [ 66.669137500000019, 25.3820707 ], [ 66.6691365, 25.3820706 ], [ 66.6691482, 25.3819801 ], [ 66.6691567, 25.381981 ], [ 66.6691867, 25.3817325 ], [ 66.6691464, 25.3817285 ], [ 66.6691322, 25.3818092 ], [ 66.6691262, 25.3818083 ], [ 66.669093700000019, 25.3820774 ], [ 66.6689554, 25.3820636 ], [ 66.6689588, 25.382036 ], [ 66.6688361, 25.3820328 ], [ 66.6688371, 25.3820063 ] ] ] } },
{ "type": "Feature", "properties": { "lead_id": "pakistan-potential-0157", "cell": "0118_0098", "roof_area_m2": 16273.3816, "kwh_per_kwp_yr": 1681.6203059615964, "est_kwp": 2929.21, "est_gwh_yr": 4.9258, "fixme": "Large roof (16273 m2), no detected PV nearby, modelled 1682 kWh/kWp/yr -- a rooftop SITING OPPORTUNITY, not a detection of existing PV; check imagery to confirm the roof is real, accessible and unshaded before treating it as a genuine lead", "imagery_note": "osm=72.64503,33.53171 | bing=https://www.bing.com/maps?cp=33.53171~72.64503&lvl=19&style=a | google=https://www.google.com/maps/@33.53171,72.64503,200m/data=!3m1!1e3" }, "geometry": { "type": "Polygon", "coordinates": [ [ [ 72.6452966, 33.5315615 ], [ 72.6452958, 33.5315891 ], [ 72.6453205, 33.5315945 ], [ 72.6453168, 33.5316062 ], [ 72.6454949, 33.5316462 ], [ 72.6456633, 33.5316494 ], [ 72.6456624, 33.5316838 ], [ 72.6460658, 33.5317743 ], [ 72.6460645, 33.5317783 ], [ 72.6463885, 33.5317846 ], [ 72.6463864, 33.5318606 ], [ 72.6473859, 33.5320861 ], [ 72.6472965, 33.532364 ], [ 72.6459726, 33.5320653 ], [ 72.6459697, 33.5320745 ], [ 72.6449608, 33.531848 ], [ 72.6449599, 33.5318507 ], [ 72.6443983, 33.53172690000001 ], [ 72.6429764, 33.5314339 ], [ 72.6429712, 33.5314512 ], [ 72.6428496, 33.5314259 ], [ 72.642849, 33.5314279 ], [ 72.6427175, 33.5314008 ], [ 72.6427636, 33.531244 ], [ 72.6427386, 33.5312388 ], [ 72.6427395, 33.5312356 ], [ 72.6426996, 33.5312274 ], [ 72.6427109, 33.5311891 ], [ 72.6427084, 33.5311886 ], [ 72.6427609, 33.5310117 ], [ 72.6442111, 33.531311 ], [ 72.6442059, 33.5313286 ], [ 72.6442979, 33.5313489 ], [ 72.6442958, 33.5313553 ], [ 72.6446006, 33.5314236 ], [ 72.6447374, 33.5314527 ], [ 72.6447369, 33.5314542 ], [ 72.6447418, 33.5314553 ], [ 72.6447383, 33.53146610000001 ], [ 72.6451586, 33.5315588 ], [ 72.6452966, 33.5315615 ] ] ] } },
{ "type": "Feature", "properties": { "lead_id": "pakistan-potential-0158", "cell": "0119_0098", "roof_area_m2": 16308.284, "kwh_per_kwp_yr": 1677.7361943145756, "est_kwp": 2935.49, "est_gwh_yr": 4.925, "fixme": "Large roof (16308 m2), no detected PV nearby, modelled 1678 kWh/kWp/yr -- a rooftop SITING OPPORTUNITY, not a detection of existing PV; check imagery to confirm the roof is real, accessible and unshaded before treating it as a genuine lead", "imagery_note": "osm=72.80726,33.55102 | bing=https://www.bing.com/maps?cp=33.55102~72.80726&lvl=19&style=a | google=https://www.google.com/maps/@33.55102,72.80726,200m/data=!3m1!1e3" }, "geometry": { "type": "Polygon", "coordinates": [ [ [ 72.80849, 33.5511728 ], [ 72.8083213, 33.5511991 ], [ 72.8083263, 33.55122140000001 ], [ 72.808073, 33.5512609 ], [ 72.8080681, 33.5512385 ], [ 72.8078277, 33.551276 ], [ 72.8078192, 33.5512377 ], [ 72.807616, 33.5512694 ], [ 72.8076093, 33.5512392 ], [ 72.8069088, 33.5513483 ], [ 72.806929, 33.5514391 ], [ 72.8068102, 33.5514577 ], [ 72.8068307, 33.5515502 ], [ 72.80641, 33.5516157 ], [ 72.8063692, 33.5514324 ], [ 72.8064421, 33.5514211 ], [ 72.8064397, 33.5514102 ], [ 72.806166, 33.5514529 ], [ 72.8060346, 33.5508621 ], [ 72.8083411, 33.5505027 ], [ 72.80849, 33.5511728 ] ] ] } },
{ "type": "Feature", "properties": { "lead_id": "pakistan-potential-0159", "cell": "0122_0100", "roof_area_m2": 16430.7618, "kwh_per_kwp_yr": 1664.1588123219508, "est_kwp": 2957.54, "est_gwh_yr": 4.9218, "fixme": "Large roof (16431 m2), no detected PV nearby, modelled 1664 kWh/kWp/yr -- a rooftop SITING OPPORTUNITY, not a detection of existing PV; check imagery to confirm the roof is real, accessible and unshaded before treating it as a genuine lead", "imagery_note": "osm=73.09564,33.73181 | bing=https://www.bing.com/maps?cp=33.73181~73.09564&lvl=19&style=a | google=https://www.google.com/maps/@33.73181,73.09564,200m/data=!3m1!1e3" }, "geometry": { "type": "Polygon", "coordinates": [ [ [ 73.095595746599201, 33.731087025329302 ], [ 73.095636149615402, 33.73103293530761 ], [ 73.096163053223506, 33.731307692184103 ], [ 73.096120250659695, 33.731364995075801 ], [ 73.096578592913204, 33.731603997122598 ], [ 73.096511199906104, 33.731694221445494 ], [ 73.096251146865114, 33.73155861738271 ], [ 73.096220641836297, 33.731599456631201 ], [ 73.096500377858504, 33.731745324333005 ], [ 73.096076228058493, 33.732313161137803 ], [ 73.096106743003602, 33.732329073067497 ], [ 73.096062683827796, 33.732388057430498 ], [ 73.096032949539406, 33.732372552567298 ], [ 73.095891654937205, 33.7325617104065 ], [ 73.094741237413103, 33.731961818103102 ], [ 73.094794297817401, 33.731890784942799 ], [ 73.094774992164602, 33.731880717735102 ], [ 73.095102599355499, 33.731442139490206 ], [ 73.095046220654794, 33.731412740053102 ], [ 73.095375361683807, 33.730972103164206 ], [ 73.095595746599201, 33.731087025329302 ] ] ] } },
{ "type": "Feature", "properties": { "lead_id": "pakistan-potential-0160", "cell": "0082_0035", "roof_area_m2": 15694.3333, "kwh_per_kwp_yr": 1738.1874342790943, "est_kwp": 2824.98, "est_gwh_yr": 4.9103, "fixme": "Large roof (15694 m2), no detected PV nearby, modelled 1738 kWh/kWp/yr -- a rooftop SITING OPPORTUNITY, not a detection of existing PV; check imagery to confirm the roof is real, accessible and unshaded before treating it as a genuine lead", "imagery_note": "osm=69.05831,27.22059 | bing=https://www.bing.com/maps?cp=27.22059~69.05831&lvl=19&style=a | google=https://www.google.com/maps/@27.22059,69.05831,200m/data=!3m1!1e3" }, "geometry": { "type": "Polygon", "coordinates": [ [ [ 69.0583707, 27.2199109 ], [ 69.0583735, 27.2199111 ], [ 69.0583622, 27.2203439 ], [ 69.058366, 27.220344 ], [ 69.0583587, 27.2208089 ], [ 69.05835, 27.2208087 ], [ 69.0583444, 27.2210305 ], [ 69.0583506, 27.2210307 ], [ 69.0583307, 27.2217122 ], [ 69.0582248, 27.2217098 ], [ 69.0582249, 27.2217054 ], [ 69.0582229, 27.2217054 ], [ 69.0582317, 27.2213504 ], [ 69.057777, 27.2213414 ], [ 69.0577767, 27.2213443 ], [ 69.0572356, 27.2213307 ], [ 69.0567603, 27.2213213 ], [ 69.056760400000016, 27.2213188 ], [ 69.0565348, 27.221313 ], [ 69.0565432, 27.2210384 ], [ 69.0571488, 27.2210532 ], [ 69.0580323, 27.2210706 ], [ 69.0580324, 27.2210687 ], [ 69.0582386, 27.2210735 ], [ 69.0582452, 27.2208072 ], [ 69.0582432, 27.2208071 ], [ 69.058253, 27.2203721 ], [ 69.0580256, 27.2203693 ], [ 69.0580257, 27.2203581 ], [ 69.0567723, 27.2203338 ], [ 69.0567723, 27.2203318 ], [ 69.0565743, 27.2203275 ], [ 69.0565816, 27.2200502 ], [ 69.0577842, 27.2200754 ], [ 69.0577842, 27.2200765 ], [ 69.0582575, 27.2200859 ], [ 69.0582683, 27.2194605 ], [ 69.058272, 27.2194605 ], [ 69.058272, 27.2194589 ], [ 69.0582747, 27.219459 ], [ 69.0582747, 27.2194549 ], [ 69.0583377, 27.2194557 ], [ 69.0583412, 27.2193047 ], [ 69.0586533, 27.2193099 ], [ 69.0596224, 27.2193219 ], [ 69.0596223, 27.219326 ], [ 69.0598643, 27.2193301 ], [ 69.0598611, 27.2194824 ], [ 69.0590466, 27.2194689 ], [ 69.0590464, 27.2194751 ], [ 69.0583915, 27.2194624 ], [ 69.0583877, 27.2196448 ], [ 69.0583819, 27.2196447 ], [ 69.058381, 27.2196853 ], [ 69.0583762, 27.2196852 ], [ 69.0583707, 27.2199109 ] ] ] } },
{ "type": "Feature", "properties": { "lead_id": "pakistan-potential-0161", "cell": "0134_0073", "roof_area_m2": 16549.0469, "kwh_per_kwp_yr": 1644.1675531252722, "est_kwp": 2978.83, "est_gwh_yr": 4.8977, "fixme": "Large roof (16549 m2), no detected PV nearby, modelled 1644 kWh/kWp/yr -- a rooftop SITING OPPORTUNITY, not a detection of existing PV; check imagery to confirm the roof is real, accessible and unshaded before treating it as a genuine lead", "imagery_note": "osm=74.27739,31.08023 | bing=https://www.bing.com/maps?cp=31.08023~74.27739&lvl=19&style=a | google=https://www.google.com/maps/@31.08023,74.27739,200m/data=!3m1!1e3" }, "geometry": { "type": "Polygon", "coordinates": [ [ [ 74.2782465, 31.0796246 ], [ 74.2782429, 31.0799825 ], [ 74.2782481, 31.0799825 ], [ 74.278243, 31.0804846 ], [ 74.2765315, 31.0804719 ], [ 74.2765406, 31.0795626 ], [ 74.2774659, 31.0795695 ], [ 74.277466, 31.0795586 ], [ 74.2782471, 31.0795644 ], [ 74.2782465, 31.0796246 ] ] ] } },
{ "type": "Feature", "properties": { "lead_id": "pakistan-potential-0162", "cell": "0135_0078", "roof_area_m2": 16633.7442, "kwh_per_kwp_yr": 1634.566677311655, "est_kwp": 2994.07, "est_gwh_yr": 4.894, "fixme": "Large roof (16634 m2), no detected PV nearby, modelled 1635 kWh/kWp/yr -- a rooftop SITING OPPORTUNITY, not a detection of existing PV; check imagery to confirm the roof is real, accessible and unshaded before treating it as a genuine lead", "imagery_note": "osm=74.41126,31.52696 | bing=https://www.bing.com/maps?cp=31.52696~74.41126&lvl=19&style=a | google=https://www.google.com/maps/@31.52696,74.41126,200m/data=!3m1!1e3" }, "geometry": { "type": "Polygon", "coordinates": [ [ [ 74.4119749, 31.5264397 ], [ 74.411975, 31.5264416 ], [ 74.4119807, 31.5264415 ], [ 74.411983, 31.5265642 ], [ 74.4120391, 31.5265635 ], [ 74.4120457, 31.5269107 ], [ 74.4120102, 31.5269113 ], [ 74.412014, 31.5270132 ], [ 74.4120092, 31.5270133 ], [ 74.4120106, 31.5270891 ], [ 74.4117006, 31.527094 ], [ 74.4116986, 31.5273152 ], [ 74.4118182, 31.5273163 ], [ 74.4118168, 31.5274922 ], [ 74.411717, 31.5274916 ], [ 74.411716, 31.5276213 ], [ 74.4111211, 31.5276178 ], [ 74.4111208, 31.5276317 ], [ 74.4109838, 31.5276311 ], [ 74.4109846, 31.5274965 ], [ 74.4108374, 31.5274958 ], [ 74.4108365, 31.5276304 ], [ 74.4105191, 31.5276289 ], [ 74.4105226, 31.5270884 ], [ 74.4105149, 31.5270884 ], [ 74.4105169, 31.5267756 ], [ 74.4105036, 31.5264172 ], [ 74.4105191, 31.5264168 ], [ 74.4105192, 31.5264053 ], [ 74.410527, 31.5264054 ], [ 74.410527, 31.526403 ], [ 74.4109515, 31.526405 ], [ 74.4113903, 31.5263931 ], [ 74.4113902, 31.5263866 ], [ 74.411452, 31.5263857 ], [ 74.4114523, 31.5263989 ], [ 74.4114551, 31.5263989 ], [ 74.4114549, 31.5265064 ], [ 74.411609900000016, 31.5265075 ], [ 74.4116091, 31.5264688 ], [ 74.411638, 31.5264684 ], [ 74.4116384, 31.526493 ], [ 74.4116443, 31.5264929 ], [ 74.4116443, 31.5264886 ], [ 74.4116999, 31.526489 ], [ 74.4116991, 31.5264454 ], [ 74.4118327, 31.5264436 ], [ 74.4119749, 31.5264397 ] ], [ [ 74.4113822, 31.52708 ], [ 74.4111243, 31.527087 ], [ 74.4111229, 31.5273121 ], [ 74.4113801, 31.5273137 ], [ 74.4113822, 31.52708 ] ] ] } },
{ "type": "Feature", "properties": { "lead_id": "pakistan-potential-0163", "cell": "0123_0079", "roof_area_m2": 16747.421, "kwh_per_kwp_yr": 1621.7155354133033, "est_kwp": 3014.54, "est_gwh_yr": 4.8887, "fixme": "Large roof (16747 m2), no detected PV nearby, modelled 1622 kWh/kWp/yr -- a rooftop SITING OPPORTUNITY, not a detection of existing PV; check imagery to confirm the roof is real, accessible and unshaded before treating it as a genuine lead", "imagery_note": "osm=73.18013,31.61980 | bing=https://www.bing.com/maps?cp=31.61980~73.18013&lvl=19&style=a | google=https://www.google.com/maps/@31.61980,73.18013,200m/data=!3m1!1e3" }, "geometry": { "type": "Polygon", "coordinates": [ [ [ 73.180316600000012, 31.6191575 ], [ 73.180436, 31.6186027 ], [ 73.1804394, 31.6186032 ], [ 73.1804553, 31.6185272 ], [ 73.1807376, 31.6185704 ], [ 73.1808245, 31.6185779 ], [ 73.180821, 31.6186074 ], [ 73.1808194, 31.6186073 ], [ 73.1807369, 31.6190023 ], [ 73.1806983, 31.6193283 ], [ 73.1806694, 31.6193257 ], [ 73.1806212, 31.6195563 ], [ 73.1806116, 31.6195549 ], [ 73.1803711, 31.6206731 ], [ 73.1803622, 31.6206716 ], [ 73.1802673, 31.6211431 ], [ 73.1798992, 31.6210888 ], [ 73.1798997, 31.6210865 ], [ 73.1798969, 31.6210861 ], [ 73.1799225, 31.6209477 ], [ 73.1797254, 31.6209186 ], [ 73.1795088, 31.6208893 ], [ 73.179509300000021, 31.6208867 ], [ 73.1795008, 31.6208855 ], [ 73.179557500000016, 31.6206038 ], [ 73.1795538, 31.6206032 ], [ 73.1796085, 31.6203493 ], [ 73.1796934, 31.6198895 ], [ 73.1797374, 31.6195987 ], [ 73.1797692, 31.6196022 ], [ 73.1797712, 31.6195927 ], [ 73.1799794, 31.6196255 ], [ 73.1801601, 31.6196455 ], [ 73.1801588, 31.6196538 ], [ 73.1801879, 31.6196584 ], [ 73.1802484, 31.6192586 ], [ 73.1802885, 31.619263 ], [ 73.1803004, 31.6191562 ], [ 73.180316600000012, 31.6191575 ] ], [ [ 73.1801825, 31.6196939 ], [ 73.1801773, 31.6197181 ], [ 73.1801788, 31.6197183 ], [ 73.1801825, 31.6196939 ] ] ] } },
{ "type": "Feature", "properties": { "lead_id": "pakistan-potential-0164", "cell": "0060_0011", "roof_area_m2": 15532.3977, "kwh_per_kwp_yr": 1742.6091296052446, "est_kwp": 2795.83, "est_gwh_yr": 4.872, "fixme": "Large roof (15532 m2), no detected PV nearby, modelled 1743 kWh/kWp/yr -- a rooftop SITING OPPORTUNITY, not a detection of existing PV; check imagery to confirm the roof is real, accessible and unshaded before treating it as a genuine lead", "imagery_note": "osm=66.87089,24.87730 | bing=https://www.bing.com/maps?cp=24.87730~66.87089&lvl=19&style=a | google=https://www.google.com/maps/@24.87730,66.87089,200m/data=!3m1!1e3" }, "geometry": { "type": "Polygon", "coordinates": [ [ [ 66.871812460436004, 24.877112228052997 ], [ 66.871526981432595, 24.877878511394297 ], [ 66.870983015201702, 24.877709863916703 ], [ 66.870954499009102, 24.877786405649402 ], [ 66.869976237886505, 24.877483106347103 ], [ 66.870290241437303, 24.876640284916903 ], [ 66.871812460436004, 24.877112228052997 ] ] ] } },
{ "type": "Feature", "properties": { "lead_id": "pakistan-potential-0165", "cell": "0131_0075", "roof_area_m2": 16645.7167, "kwh_per_kwp_yr": 1624.1429401964263, "est_kwp": 2996.23, "est_gwh_yr": 4.8663, "fixme": "Large roof (16646 m2), no detected PV nearby, modelled 1624 kWh/kWp/yr -- a rooftop SITING OPPORTUNITY, not a detection of existing PV; check imagery to confirm the roof is real, accessible and unshaded before treating it as a genuine lead", "imagery_note": "osm=73.97860,31.24419 | bing=https://www.bing.com/maps?cp=31.24419~73.97860&lvl=19&style=a | google=https://www.google.com/maps/@31.24419,73.97860,200m/data=!3m1!1e3" }, "geometry": { "type": "Polygon", "coordinates": [ [ [ 73.9782865, 31.2433447 ], [ 73.9782853, 31.2434572 ], [ 73.9784947, 31.2434589 ], [ 73.9784916, 31.2437452 ], [ 73.9785317, 31.2437455 ], [ 73.9785912, 31.2437061 ], [ 73.9786272, 31.2437462 ], [ 73.9787157, 31.2437469 ], [ 73.9787147, 31.2438438 ], [ 73.9788094, 31.2439495 ], [ 73.9788593, 31.2439499 ], [ 73.9788587, 31.2440044 ], [ 73.9789357, 31.2440903 ], [ 73.979042600000014, 31.2440912 ], [ 73.9790413, 31.244208 ], [ 73.9791554, 31.2443353 ], [ 73.9792263, 31.2443359 ], [ 73.9792255, 31.2444134 ], [ 73.9793938, 31.2446011 ], [ 73.9794065, 31.244601200000012 ], [ 73.9794063, 31.2446151 ], [ 73.9794699, 31.244686 ], [ 73.9793841, 31.2447428 ], [ 73.979539300000013, 31.244916 ], [ 73.9795119, 31.2449341 ], [ 73.9795218, 31.244945 ], [ 73.9796059, 31.2448886 ], [ 73.979678, 31.2449679 ], [ 73.9795172, 31.2450757 ], [ 73.9794349, 31.2449851 ], [ 73.9793553, 31.2450378 ], [ 73.9793297, 31.2450091 ], [ 73.9792583, 31.2450564 ], [ 73.9792582, 31.2450607 ], [ 73.9791216, 31.2449166 ], [ 73.9787505, 31.2451622 ], [ 73.9787079, 31.2451147 ], [ 73.9787741, 31.2450709 ], [ 73.9787572, 31.2450521 ], [ 73.9786911, 31.2450959 ], [ 73.9783215, 31.2446837 ], [ 73.9782721, 31.2446834 ], [ 73.9782727, 31.2446293 ], [ 73.9782455, 31.244599 ], [ 73.9782732, 31.2445807 ], [ 73.9782734, 31.2445654 ], [ 73.9782187, 31.244565 ], [ 73.978222, 31.2442612 ], [ 73.9780764, 31.2440989 ], [ 73.9779656, 31.2441717 ], [ 73.9779653, 31.2441994 ], [ 73.9779753, 31.2442107 ], [ 73.9779651, 31.2442174 ], [ 73.9779649, 31.2442343 ], [ 73.9779397, 31.2442341 ], [ 73.9779272, 31.2442423 ], [ 73.9779198, 31.244234 ], [ 73.9778666, 31.2442335 ], [ 73.97786720000002, 31.2441748 ], [ 73.9777675, 31.2440627 ], [ 73.9776975, 31.2440621 ], [ 73.9776984, 31.2439849 ], [ 73.9775474, 31.2438166 ], [ 73.9775483, 31.243816 ], [ 73.977148, 31.2433658 ], [ 73.9773788, 31.2432143 ], [ 73.9778452, 31.2437389 ], [ 73.9778247, 31.2437523 ], [ 73.9778652, 31.2437978 ], [ 73.9778653, 31.2437824 ], [ 73.9779697, 31.2437832 ], [ 73.9779683, 31.2439138 ], [ 73.9780588, 31.2440156 ], [ 73.9782031, 31.2439201 ], [ 73.978244, 31.2439657 ], [ 73.9782777, 31.2439434 ], [ 73.9782692, 31.2439339 ], [ 73.9782497, 31.2439338 ], [ 73.9782499, 31.2439124 ], [ 73.9782179, 31.2438766 ], [ 73.9782262, 31.2438711 ], [ 73.9782319, 31.2433443 ], [ 73.9782865, 31.2433447 ] ] ] } },
{ "type": "Feature", "properties": { "lead_id": "pakistan-potential-0166", "cell": "0120_0098", "roof_area_m2": 15962.6003, "kwh_per_kwp_yr": 1676.8188213660035, "est_kwp": 2873.27, "est_gwh_yr": 4.818, "fixme": "Large roof (15963 m2), no detected PV nearby, modelled 1677 kWh/kWp/yr -- a rooftop SITING OPPORTUNITY, not a detection of existing PV; check imagery to confirm the roof is real, accessible and unshaded before treating it as a genuine lead", "imagery_note": "osm=72.84211,33.54947 | bing=https://www.bing.com/maps?cp=33.54947~72.84211&lvl=19&style=a | google=https://www.google.com/maps/@33.54947,72.84211,200m/data=!3m1!1e3" }, "geometry": { "type": "Polygon", "coordinates": [ [ [ 72.8432248, 33.5491178 ], [ 72.8432298, 33.549117 ], [ 72.8432364, 33.5491467 ], [ 72.8438005, 33.5490586 ], [ 72.8438173, 33.5491336 ], [ 72.8437615, 33.5491424 ], [ 72.8437879, 33.5492607 ], [ 72.843596, 33.5492907 ], [ 72.8436004, 33.5493104 ], [ 72.8434974, 33.5493265 ], [ 72.8435143, 33.5494022 ], [ 72.8436856, 33.54937540000001 ], [ 72.8436931, 33.549409 ], [ 72.8437276, 33.5494036 ], [ 72.8437335, 33.5494304 ], [ 72.8432361, 33.5495081 ], [ 72.8432367, 33.549511 ], [ 72.8411675, 33.5498331 ], [ 72.841174, 33.5498625 ], [ 72.8408698, 33.5499099 ], [ 72.8408739, 33.5499287 ], [ 72.8408125, 33.5499383 ], [ 72.8407915, 33.5498436 ], [ 72.840819, 33.5498393 ], [ 72.8407051, 33.5493261 ], [ 72.8410386, 33.5492741 ], [ 72.8410433, 33.54929520000001 ], [ 72.8431171, 33.5489724 ], [ 72.8431445, 33.5490957 ], [ 72.8432253, 33.5490971 ], [ 72.8432248, 33.5491178 ] ], [ [ 72.8431499, 33.5491204 ], [ 72.8431519, 33.5491292 ], [ 72.8432022, 33.5491213 ], [ 72.8431499, 33.5491204 ] ] ] } },
{ "type": "Feature", "properties": { "lead_id": "pakistan-potential-0167", "cell": "0119_0098", "roof_area_m2": 15962.6003, "kwh_per_kwp_yr": 1676.8188213660035, "est_kwp": 2873.27, "est_gwh_yr": 4.818, "fixme": "Large roof (15963 m2), no detected PV nearby, modelled 1677 kWh/kWp/yr -- a rooftop SITING OPPORTUNITY, not a detection of existing PV; check imagery to confirm the roof is real, accessible and unshaded before treating it as a genuine lead", "imagery_note": "osm=72.84211,33.54947 | bing=https://www.bing.com/maps?cp=33.54947~72.84211&lvl=19&style=a | google=https://www.google.com/maps/@33.54947,72.84211,200m/data=!3m1!1e3" }, "geometry": { "type": "Polygon", "coordinates": [ [ [ 72.8432248, 33.5491178 ], [ 72.8432298, 33.549117 ], [ 72.8432364, 33.5491467 ], [ 72.8438005, 33.5490586 ], [ 72.8438173, 33.5491336 ], [ 72.8437615, 33.5491424 ], [ 72.8437879, 33.5492607 ], [ 72.843596, 33.5492907 ], [ 72.8436004, 33.5493104 ], [ 72.8434974, 33.5493265 ], [ 72.8435143, 33.5494022 ], [ 72.8436856, 33.54937540000001 ], [ 72.8436931, 33.549409 ], [ 72.8437276, 33.5494036 ], [ 72.8437335, 33.5494304 ], [ 72.8432361, 33.5495081 ], [ 72.8432367, 33.549511 ], [ 72.8411675, 33.5498331 ], [ 72.841174, 33.5498625 ], [ 72.8408698, 33.5499099 ], [ 72.8408739, 33.5499287 ], [ 72.8408125, 33.5499383 ], [ 72.8407915, 33.5498436 ], [ 72.840819, 33.5498393 ], [ 72.8407051, 33.5493261 ], [ 72.8410386, 33.5492741 ], [ 72.8410433, 33.54929520000001 ], [ 72.8431171, 33.5489724 ], [ 72.8431445, 33.5490957 ], [ 72.8432253, 33.5490971 ], [ 72.8432248, 33.5491178 ] ], [ [ 72.8431499, 33.5491204 ], [ 72.8431519, 33.5491292 ], [ 72.8432022, 33.5491213 ], [ 72.8431499, 33.5491204 ] ] ] } },
{ "type": "Feature", "properties": { "lead_id": "pakistan-potential-0168", "cell": "0133_0076", "roof_area_m2": 16382.9249, "kwh_per_kwp_yr": 1628.4343164822644, "est_kwp": 2948.93, "est_gwh_yr": 4.8021, "fixme": "Large roof (16383 m2), no detected PV nearby, modelled 1628 kWh/kWp/yr -- a rooftop SITING OPPORTUNITY, not a detection of existing PV; check imagery to confirm the roof is real, accessible and unshaded before treating it as a genuine lead", "imagery_note": "osm=74.23587,31.38513 | bing=https://www.bing.com/maps?cp=31.38513~74.23587&lvl=19&style=a | google=https://www.google.com/maps/@31.38513,74.23587,200m/data=!3m1!1e3" }, "geometry": { "type": "Polygon", "coordinates": [ [ [ 74.2366118, 31.385689 ], [ 74.2366117, 31.3856929 ], [ 74.2364527, 31.3856875 ], [ 74.2364506, 31.3857347 ], [ 74.2364431, 31.3857352 ], [ 74.2364431, 31.3857371 ], [ 74.2362013, 31.3857336 ], [ 74.2362014, 31.3857268 ], [ 74.2359087, 31.3857175 ], [ 74.2359103, 31.3856801 ], [ 74.2357765, 31.3856771 ], [ 74.2357769, 31.3856642 ], [ 74.2353247, 31.38565 ], [ 74.2352398, 31.3856474 ], [ 74.2352398, 31.3856456 ], [ 74.2352344, 31.3856454 ], [ 74.2352397, 31.3855224 ], [ 74.2352158, 31.3855217 ], [ 74.235218, 31.3854711 ], [ 74.2352419, 31.3854718 ], [ 74.2352444, 31.3854118 ], [ 74.2352467, 31.3854119 ], [ 74.2352571, 31.3850713 ], [ 74.2353106, 31.3850725 ], [ 74.2353114, 31.3850453 ], [ 74.2354084, 31.3850475 ], [ 74.2354104, 31.3849826 ], [ 74.2354417, 31.3849833 ], [ 74.2354411, 31.3850017 ], [ 74.2357424, 31.3850085 ], [ 74.2357429, 31.3849901 ], [ 74.2358208, 31.3849918 ], [ 74.2358214, 31.3849724 ], [ 74.235442, 31.3849604 ], [ 74.2350915, 31.3849525 ], [ 74.2350953, 31.38483 ], [ 74.2351086, 31.3848303 ], [ 74.2351144, 31.3846957 ], [ 74.2351206, 31.3846959 ], [ 74.235122, 31.3846489 ], [ 74.2351388, 31.3846492 ], [ 74.235145, 31.3844469 ], [ 74.2351479, 31.384447 ], [ 74.235148, 31.3844455 ], [ 74.2353077, 31.3844506 ], [ 74.2359748, 31.3844656 ], [ 74.2359746, 31.3844734 ], [ 74.2364708, 31.3844899 ], [ 74.2364651, 31.3846168 ], [ 74.236463, 31.384721 ], [ 74.2365013, 31.3847223 ], [ 74.2364886, 31.3850241 ], [ 74.2364842, 31.3852492 ], [ 74.236606, 31.3852509 ], [ 74.2366058, 31.385264 ], [ 74.2366281, 31.3852644 ], [ 74.23661970000002, 31.3856891 ], [ 74.2366118, 31.385689 ] ], [ [ 74.2362117, 31.3852048 ], [ 74.2359524, 31.3851962 ], [ 74.2359456, 31.3854173 ], [ 74.2362073, 31.3854256 ], [ 74.2362117, 31.3852048 ] ] ] } },
{ "type": "Feature", "properties": { "lead_id": "pakistan-potential-0169", "cell": "0131_0075", "roof_area_m2": 16404.9489, "kwh_per_kwp_yr": 1624.4795149546128, "est_kwp": 2952.89, "est_gwh_yr": 4.7969, "fixme": "Large roof (16405 m2), no detected PV nearby, modelled 1624 kWh/kWp/yr -- a rooftop SITING OPPORTUNITY, not a detection of existing PV; check imagery to confirm the roof is real, accessible and unshaded before treating it as a genuine lead", "imagery_note": "osm=73.99722,31.24887 | bing=https://www.bing.com/maps?cp=31.24887~73.99722&lvl=19&style=a | google=https://www.google.com/maps/@31.24887,73.99722,200m/data=!3m1!1e3" }, "geometry": { "type": "Polygon", "coordinates": [ [ [ 73.997477300000014, 31.2483508 ], [ 73.9974189, 31.2483884 ], [ 73.9974547, 31.2484287 ], [ 73.9974723, 31.2484171 ], [ 73.9974885, 31.248435300000011 ], [ 73.9975559, 31.2483911 ], [ 73.998321600000011, 31.249253 ], [ 73.9983174, 31.2492558 ], [ 73.9983201, 31.2492589 ], [ 73.9983183, 31.2492601 ], [ 73.998319600000016, 31.2492616 ], [ 73.9977869, 31.2496055 ], [ 73.9977858, 31.2496043 ], [ 73.9973656, 31.2498798 ], [ 73.9970869, 31.249566 ], [ 73.9974365, 31.2493367 ], [ 73.9974094, 31.249307 ], [ 73.9974068, 31.2493086 ], [ 73.9970856, 31.2489406 ], [ 73.9967339, 31.2491687 ], [ 73.9964057, 31.2487992 ], [ 73.996756, 31.2485695 ], [ 73.9967337, 31.2485444 ], [ 73.9968526, 31.2484661 ], [ 73.9967277, 31.2483229 ], [ 73.9968854, 31.2482215 ], [ 73.9968532, 31.2481845 ], [ 73.9970133, 31.2480816 ], [ 73.9970388, 31.2481109 ], [ 73.9972108, 31.2480002 ], [ 73.9974526, 31.2482776 ], [ 73.9974275, 31.2482937 ], [ 73.997477300000014, 31.2483508 ] ] ] } },
{ "type": "Feature", "properties": { "lead_id": "pakistan-potential-0170", "cell": "0059_0011", "roof_area_m2": 15247.508, "kwh_per_kwp_yr": 1744.5107214170534, "est_kwp": 2744.55, "est_gwh_yr": 4.7879, "fixme": "Large roof (15248 m2), no detected PV nearby, modelled 1745 kWh/kWp/yr -- a rooftop SITING OPPORTUNITY, not a detection of existing PV; check imagery to confirm the roof is real, accessible and unshaded before treating it as a genuine lead", "imagery_note": "osm=66.77404,24.85153 | bing=https://www.bing.com/maps?cp=24.85153~66.77404&lvl=19&style=a | google=https://www.google.com/maps/@24.85153,66.77404,200m/data=!3m1!1e3" }, "geometry": { "type": "Polygon", "coordinates": [ [ [ 66.77384, 24.8508875 ], [ 66.7739813, 24.850901 ], [ 66.7739767, 24.8509413 ], [ 66.773986, 24.8509415 ], [ 66.7739849, 24.8509813 ], [ 66.7740011, 24.8509829 ], [ 66.7739993, 24.8509982 ], [ 66.7740176, 24.8509986 ], [ 66.7740167, 24.8510318 ], [ 66.7739956, 24.8510313 ], [ 66.7739924, 24.8510588 ], [ 66.7740274, 24.8510622 ], [ 66.7740248, 24.8510853 ], [ 66.7740315, 24.8510855 ], [ 66.774036, 24.8508826 ], [ 66.7740374, 24.8508826 ], [ 66.7740379, 24.8508661 ], [ 66.774181, 24.8508693 ], [ 66.7741778, 24.8509845 ], [ 66.7742116, 24.8509853 ], [ 66.7742127, 24.8509467 ], [ 66.774219400000021, 24.8509469 ], [ 66.7742195, 24.8509442 ], [ 66.7745192, 24.8509518 ], [ 66.774882, 24.8509582 ], [ 66.7748819, 24.850961 ], [ 66.7748906, 24.8509612 ], [ 66.7748882, 24.8510416 ], [ 66.7748802, 24.8510414 ], [ 66.7748794, 24.8510795 ], [ 66.7748653, 24.8510792 ], [ 66.7748555, 24.8514009 ], [ 66.774424, 24.8513905 ], [ 66.7744214, 24.8514756 ], [ 66.774454, 24.8514765 ], [ 66.7744542, 24.8514683 ], [ 66.7744977, 24.8514693 ], [ 66.7744904, 24.8517363 ], [ 66.7745234, 24.8517371 ], [ 66.7745243, 24.8517017 ], [ 66.7749287, 24.8517109 ], [ 66.7749212, 24.8519862 ], [ 66.7749349, 24.8519865 ], [ 66.7749327, 24.8520685 ], [ 66.7749133, 24.8520681 ], [ 66.774914, 24.8520455 ], [ 66.7747973, 24.8520428 ], [ 66.7747971, 24.8520404 ], [ 66.7746647, 24.8520373 ], [ 66.7746634, 24.852083 ], [ 66.7746577, 24.8520829 ], [ 66.7746573, 24.852102 ], [ 66.7745701, 24.8521003 ], [ 66.7745699, 24.8521069 ], [ 66.7744271, 24.8521037 ], [ 66.7744273, 24.8520975 ], [ 66.7744237, 24.8520974 ], [ 66.774425, 24.8520441 ], [ 66.7744039, 24.8520436 ], [ 66.7744017, 24.8521031 ], [ 66.7739917, 24.8520937 ], [ 66.7739904, 24.8521128 ], [ 66.773835600000012, 24.8521098 ], [ 66.7738381, 24.8519696 ], [ 66.7739578, 24.851972 ], [ 66.7739579, 24.8519677 ], [ 66.7737926, 24.8519639 ], [ 66.7737926, 24.8519624 ], [ 66.7737635, 24.8519618 ], [ 66.7737639, 24.8519409 ], [ 66.7736472, 24.8519382 ], [ 66.7736486, 24.8518867 ], [ 66.7736161, 24.8518861 ], [ 66.7736174, 24.8518293 ], [ 66.7736146, 24.8518292 ], [ 66.7736153, 24.8518015 ], [ 66.7735893, 24.8518011 ], [ 66.7735898, 24.8517797 ], [ 66.7735848, 24.8517796 ], [ 66.7735856, 24.8517527 ], [ 66.7735461, 24.8517518 ], [ 66.7735459, 24.851739 ], [ 66.7735428, 24.851739 ], [ 66.7735469, 24.8516037 ], [ 66.7735494, 24.8516037 ], [ 66.7735496, 24.851598 ], [ 66.7735511, 24.851598 ], [ 66.7735513, 24.8515889 ], [ 66.7735887, 24.8515896 ], [ 66.7735928, 24.8514546 ], [ 66.7735515, 24.8514535 ], [ 66.7735601, 24.8511731 ], [ 66.7735618, 24.8511731 ], [ 66.7735631, 24.8511299 ], [ 66.7735578, 24.8511298 ], [ 66.7735632, 24.8509319 ], [ 66.7736747, 24.8509344 ], [ 66.7736757, 24.8508981 ], [ 66.7738301, 24.8509017 ], [ 66.7738291, 24.8509379 ], [ 66.7738342, 24.850938 ], [ 66.77384, 24.8508875 ] ] ] } },
{ "type": "Feature", "properties": { "lead_id": "pakistan-potential-0171", "cell": "0098_0085", "roof_area_m2": 16115.2839, "kwh_per_kwp_yr": 1648.3192488774607, "est_kwp": 2900.75, "est_gwh_yr": 4.7814, "fixme": "Large roof (16115 m2), no detected PV nearby, modelled 1648 kWh/kWp/yr -- a rooftop SITING OPPORTUNITY, not a detection of existing PV; check imagery to confirm the roof is real, accessible and unshaded before treating it as a genuine lead", "imagery_note": "osm=70.73737,32.29446 | bing=https://www.bing.com/maps?cp=32.29446~70.73737&lvl=19&style=a | google=https://www.google.com/maps/@32.29446,70.73737,200m/data=!3m1!1e3" }, "geometry": { "type": "Polygon", "coordinates": [ [ [ 70.7370121, 32.2937808 ], [ 70.7369691, 32.293356 ], [ 70.7369539, 32.293356 ], [ 70.7369538, 32.293205 ], [ 70.7369457, 32.2931248 ], [ 70.7369473, 32.2931247 ], [ 70.7369302, 32.2929567 ], [ 70.7369537, 32.292955 ], [ 70.7369537, 32.2929498 ], [ 70.7370244, 32.2929498 ], [ 70.7374458, 32.2929188 ], [ 70.7374455, 32.2929048 ], [ 70.7374983, 32.2929041 ], [ 70.737502100000015, 32.2931009 ], [ 70.7375133, 32.2931007 ], [ 70.73751780000002, 32.293339 ], [ 70.7375336, 32.2934936 ], [ 70.7375519, 32.2934934 ], [ 70.7375554, 32.2936765 ], [ 70.7376091, 32.2936757 ], [ 70.7376199, 32.2942455 ], [ 70.7376466, 32.2942451 ], [ 70.737655, 32.2946824 ], [ 70.7377027, 32.2951555 ], [ 70.737722, 32.2951552 ], [ 70.7377265, 32.2953921 ], [ 70.7377496, 32.2956211 ], [ 70.7377444, 32.2956215 ], [ 70.7377456, 32.2956354 ], [ 70.7376256, 32.2956436 ], [ 70.7376258, 32.2956505 ], [ 70.7375071, 32.2956522 ], [ 70.737202, 32.2956743 ], [ 70.737201500000012, 32.2956697 ], [ 70.737198, 32.2956699 ], [ 70.7371969, 32.295657 ], [ 70.7371842, 32.2956571 ], [ 70.7371815, 32.2954814 ], [ 70.7370575, 32.2942413 ], [ 70.7370586, 32.2942412 ], [ 70.7370347, 32.2940047 ], [ 70.7370161, 32.2940049 ], [ 70.7370121, 32.2937808 ] ] ] } },
{ "type": "Feature", "properties": { "lead_id": "pakistan-potential-0172", "cell": "0063_0012", "roof_area_m2": 15242.2576, "kwh_per_kwp_yr": 1737.6496078696107, "est_kwp": 2743.61, "est_gwh_yr": 4.7674, "fixme": "Large roof (15242 m2), no detected PV nearby, modelled 1738 kWh/kWp/yr -- a rooftop SITING OPPORTUNITY, not a detection of existing PV; check imagery to confirm the roof is real, accessible and unshaded before treating it as a genuine lead", "imagery_note": "osm=67.22772,24.98534 | bing=https://www.bing.com/maps?cp=24.98534~67.22772&lvl=19&style=a | google=https://www.google.com/maps/@24.98534,67.22772,200m/data=!3m1!1e3" }, "geometry": { "type": "Polygon", "coordinates": [ [ [ 67.2271637, 24.9860909 ], [ 67.2267956, 24.9857985 ], [ 67.2274949, 24.9850692 ], [ 67.2276728, 24.9852109 ], [ 67.2278588, 24.9850178 ], [ 67.2277886, 24.9849619 ], [ 67.2279213, 24.9848235 ], [ 67.2279917, 24.9848796 ], [ 67.2281169, 24.984749 ], [ 67.2282265, 24.9848363 ], [ 67.2284166, 24.9846384 ], [ 67.2286475, 24.9848223 ], [ 67.2285741, 24.9848989 ], [ 67.2286051, 24.9849238 ], [ 67.2285167, 24.9850157 ], [ 67.228606200000016, 24.9850218 ], [ 67.22863, 24.9849971 ], [ 67.228628, 24.9850233 ], [ 67.228913600000013, 24.9850426 ], [ 67.2288776, 24.9854838 ], [ 67.2285951, 24.9854647 ], [ 67.2285864, 24.9855815 ], [ 67.2280947, 24.985551 ], [ 67.2281854, 24.9854559 ], [ 67.2281866, 24.9854559 ], [ 67.2284016, 24.9852328 ], [ 67.2284103, 24.9851267 ], [ 67.2278868, 24.9856735 ], [ 67.2274737, 24.9861068 ], [ 67.2272884, 24.98596 ], [ 67.2271637, 24.9860909 ] ] ] } },
{ "type": "Feature", "properties": { "lead_id": "pakistan-potential-0173", "cell": "0130_0079", "roof_area_m2": 16559.7097, "kwh_per_kwp_yr": 1599.318568103469, "est_kwp": 2980.75, "est_gwh_yr": 4.7672, "fixme": "Large roof (16560 m2), no detected PV nearby, modelled 1599 kWh/kWp/yr -- a rooftop SITING OPPORTUNITY, not a detection of existing PV; check imagery to confirm the roof is real, accessible and unshaded before treating it as a genuine lead", "imagery_note": "osm=73.89741,31.61211 | bing=https://www.bing.com/maps?cp=31.61211~73.89741&lvl=19&style=a | google=https://www.google.com/maps/@31.61211,73.89741,200m/data=!3m1!1e3" }, "geometry": { "type": "Polygon", "coordinates": [ [ [ 73.8966704, 31.6122855 ], [ 73.897607500000021, 31.6111104 ], [ 73.8977309, 31.6111823 ], [ 73.8977315, 31.6111815 ], [ 73.8984217, 31.6115841 ], [ 73.8981468, 31.6119293 ], [ 73.8981511, 31.6119318 ], [ 73.89785, 31.6123103 ], [ 73.8978455, 31.6123077 ], [ 73.8977632, 31.6124109 ], [ 73.89781, 31.6124382 ], [ 73.8977503, 31.6125131 ], [ 73.8977035, 31.612485800000012 ], [ 73.8973775, 31.6128928 ], [ 73.8967008, 31.6124964 ], [ 73.8965727, 31.6124953 ], [ 73.896573500000017, 31.6124219 ], [ 73.8965652, 31.612417 ], [ 73.8966235, 31.6123441 ], [ 73.8966242, 31.6122851 ], [ 73.8966704, 31.6122855 ] ] ] } },
{ "type": "Feature", "properties": { "lead_id": "pakistan-potential-0174", "cell": "0128_0076", "roof_area_m2": 16360.5928, "kwh_per_kwp_yr": 1613.1188711360819, "est_kwp": 2944.91, "est_gwh_yr": 4.7505, "fixme": "Large roof (16361 m2), no detected PV nearby, modelled 1613 kWh/kWp/yr -- a rooftop SITING OPPORTUNITY, not a detection of existing PV; check imagery to confirm the roof is real, accessible and unshaded before treating it as a genuine lead", "imagery_note": "osm=73.72093,31.31690 | bing=https://www.bing.com/maps?cp=31.31690~73.72093&lvl=19&style=a | google=https://www.google.com/maps/@31.31690,73.72093,200m/data=!3m1!1e3" }, "geometry": { "type": "Polygon", "coordinates": [ [ [ 73.7211778, 31.3175553 ], [ 73.7211779, 31.3176856 ], [ 73.7211664, 31.3176856 ], [ 73.7211664, 31.3176891 ], [ 73.7208629, 31.3176861 ], [ 73.7208675, 31.3173414 ], [ 73.720698, 31.3173398 ], [ 73.7206975, 31.3173772 ], [ 73.720633300000017, 31.3173766 ], [ 73.7206327, 31.3174278 ], [ 73.7205109, 31.3174266 ], [ 73.7205121, 31.3173379 ], [ 73.7204659, 31.3173375 ], [ 73.7204659, 31.3173418 ], [ 73.7199844, 31.3173382 ], [ 73.7199845, 31.3173328 ], [ 73.719978, 31.3173327 ], [ 73.7199881, 31.3165731 ], [ 73.7207318, 31.3165804 ], [ 73.7207323, 31.3165738 ], [ 73.721873, 31.3165846 ], [ 73.7218649, 31.3172164 ], [ 73.7217695, 31.3172155 ], [ 73.7217677, 31.3173418 ], [ 73.7217362, 31.3173415 ], [ 73.7217361, 31.3173499 ], [ 73.7211739, 31.3173444 ], [ 73.7211711, 31.3175553 ], [ 73.7211778, 31.3175553 ] ] ] } },
{ "type": "Feature", "properties": { "lead_id": "pakistan-potential-0175", "cell": "0135_0075", "roof_area_m2": 16037.1266, "kwh_per_kwp_yr": 1640.8864828575979, "est_kwp": 2886.68, "est_gwh_yr": 4.7367, "fixme": "Large roof (16037 m2), no detected PV nearby, modelled 1641 kWh/kWp/yr -- a rooftop SITING OPPORTUNITY, not a detection of existing PV; check imagery to confirm the roof is real, accessible and unshaded before treating it as a genuine lead", "imagery_note": "osm=74.41369,31.28923 | bing=https://www.bing.com/maps?cp=31.28923~74.41369&lvl=19&style=a | google=https://www.google.com/maps/@31.28923,74.41369,200m/data=!3m1!1e3" }, "geometry": { "type": "Polygon", "coordinates": [ [ [ 74.414353436521296, 31.288433155381998 ], [ 74.414262620751998, 31.289757317309604 ], [ 74.413056508212307, 31.289696307951807 ], [ 74.413121459573404, 31.288749448365412 ], [ 74.413339598586802, 31.288760483412201 ], [ 74.413360087338901, 31.288461784343603 ], [ 74.413388366160106, 31.288463214861707 ], [ 74.413393757699495, 31.288384612582995 ], [ 74.414353436521296, 31.288433155381998 ] ] ] } },
{ "type": "Feature", "properties": { "lead_id": "pakistan-potential-0176", "cell": "0062_0069", "roof_area_m2": 14240.8291, "kwh_per_kwp_yr": 1840.7636741090184, "est_kwp": 2563.35, "est_gwh_yr": 4.7185, "fixme": "Large roof (14241 m2), no detected PV nearby, modelled 1841 kWh/kWp/yr -- a rooftop SITING OPPORTUNITY, not a detection of existing PV; check imagery to confirm the roof is real, accessible and unshaded before treating it as a genuine lead", "imagery_note": "osm=67.13248,30.67613 | bing=https://www.bing.com/maps?cp=30.67613~67.13248&lvl=19&style=a | google=https://www.google.com/maps/@30.67613,67.13248,200m/data=!3m1!1e3" }, "geometry": { "type": "Polygon", "coordinates": [ [ [ 67.1334558, 30.6760275 ], [ 67.1323553, 30.6766149 ], [ 67.1323705, 30.6766362 ], [ 67.1321669, 30.6767449 ], [ 67.1320348, 30.6765601 ], [ 67.1319824, 30.6765881 ], [ 67.1318524, 30.6764062 ], [ 67.1318236, 30.6764216 ], [ 67.1317005, 30.6762492 ], [ 67.1317482, 30.6762238 ], [ 67.1316004, 30.6760169 ], [ 67.1324387, 30.6755695 ], [ 67.132453500000011, 30.6755902 ], [ 67.1329529, 30.6753236 ], [ 67.1334558, 30.6760275 ] ] ] } },
{ "type": "Feature", "properties": { "lead_id": "pakistan-potential-0177", "cell": "0111_0070", "roof_area_m2": 15524.3559, "kwh_per_kwp_yr": 1688.5293044413097, "est_kwp": 2794.38, "est_gwh_yr": 4.7184, "fixme": "Large roof (15524 m2), no detected PV nearby, modelled 1689 kWh/kWp/yr -- a rooftop SITING OPPORTUNITY, not a detection of existing PV; check imagery to confirm the roof is real, accessible and unshaded before treating it as a genuine lead", "imagery_note": "osm=71.99409,30.74936 | bing=https://www.bing.com/maps?cp=30.74936~71.99409&lvl=19&style=a | google=https://www.google.com/maps/@30.74936,71.99409,200m/data=!3m1!1e3" }, "geometry": { "type": "Polygon", "coordinates": [ [ [ 71.994784137278572, 30.749735456117055 ], [ 71.993453963439578, 30.749749537631953 ], [ 71.993453831301522, 30.749740318575874 ], [ 71.993408240665886, 30.749740801208478 ], [ 71.993407179738512, 30.749666782013193 ], [ 71.993389153421063, 30.749719048705391 ], [ 71.993388642188336, 30.749683380819455 ], [ 71.993382657645625, 30.74968344417319 ], [ 71.993394131393416, 30.749650176424012 ], [ 71.993412372747372, 30.749654823065864 ], [ 71.993403599841528, 30.749042749296681 ], [ 71.99339334585467, 30.749072473559067 ], [ 71.993359587782649, 30.749072830931969 ], [ 71.993279218001135, 30.749052353282071 ], [ 71.993278761282795, 30.74902066858526 ], [ 71.993258417774243, 30.749020883947761 ], [ 71.993162848192185, 30.748996539231371 ], [ 71.993197600767488, 30.748996171330077 ], [ 71.993099881012682, 30.748971278887488 ], [ 71.993112377543696, 30.748935045344012 ], [ 71.993111845976372, 30.748897958445241 ], [ 71.993058209934489, 30.748898526253239 ], [ 71.993057843715476, 30.748872975525337 ], [ 71.992980397171891, 30.748853247313185 ], [ 71.993084654897757, 30.748852143607628 ], [ 71.992995882516382, 30.748829530322446 ], [ 71.993021242513407, 30.748755999189257 ], [ 71.994769833333024, 30.748737488028134 ], [ 71.994784137278572, 30.749735456117055 ] ] ] } },
{ "type": "Feature", "properties": { "lead_id": "pakistan-potential-0178", "cell": "0066_0010", "roof_area_m2": 15139.6355, "kwh_per_kwp_yr": 1728.9532402039888, "est_kwp": 2725.13, "est_gwh_yr": 4.7116, "fixme": "Large roof (15140 m2), no detected PV nearby, modelled 1729 kWh/kWp/yr -- a rooftop SITING OPPORTUNITY, not a detection of existing PV; check imagery to confirm the roof is real, accessible and unshaded before treating it as a genuine lead", "imagery_note": "osm=67.51309,24.73387 | bing=https://www.bing.com/maps?cp=24.73387~67.51309&lvl=19&style=a | google=https://www.google.com/maps/@24.73387,67.51309,200m/data=!3m1!1e3" }, "geometry": { "type": "Polygon", "coordinates": [ [ [ 67.5141033, 24.7343274 ], [ 67.5141009, 24.7343377 ], [ 67.513605, 24.7342415 ], [ 67.5134388, 24.7342128 ], [ 67.51309950000001, 24.7341575 ], [ 67.5131021, 24.734144 ], [ 67.512919, 24.7341085 ], [ 67.5118967, 24.7339375 ], [ 67.5118998, 24.7339217 ], [ 67.5118279, 24.7339104 ], [ 67.5118611, 24.7337337 ], [ 67.5118247, 24.733728 ], [ 67.5118282, 24.7337094 ], [ 67.5118471, 24.7337124 ], [ 67.5118579, 24.733655 ], [ 67.5119214, 24.733665 ], [ 67.5119361, 24.7336016 ], [ 67.5119207, 24.733599 ], [ 67.5119379, 24.7335131 ], [ 67.5119559, 24.7335161 ], [ 67.5119912, 24.7333644 ], [ 67.513556, 24.7336679 ], [ 67.5141909, 24.7337741 ], [ 67.5141884, 24.7337868 ], [ 67.514353700000015, 24.7338138 ], [ 67.5143529, 24.7338213 ], [ 67.514316, 24.7340065 ], [ 67.5143147, 24.7340063 ], [ 67.5143139, 24.73401 ], [ 67.5142544, 24.7339998 ], [ 67.5142438, 24.7340536 ], [ 67.5142427, 24.7340534 ], [ 67.5142394, 24.7340697 ], [ 67.5142285, 24.7340678 ], [ 67.5141793, 24.734306 ], [ 67.5141901, 24.7343078 ], [ 67.5141833, 24.7343412 ], [ 67.5141033, 24.7343274 ] ] ] } },
{ "type": "Feature", "properties": { "lead_id": "pakistan-potential-0179", "cell": "0129_0078", "roof_area_m2": 16364.6246, "kwh_per_kwp_yr": 1598.5177935996703, "est_kwp": 2945.63, "est_gwh_yr": 4.7086, "fixme": "Large roof (16365 m2), no detected PV nearby, modelled 1599 kWh/kWp/yr -- a rooftop SITING OPPORTUNITY, not a detection of existing PV; check imagery to confirm the roof is real, accessible and unshaded before treating it as a genuine lead", "imagery_note": "osm=73.81851,31.55798 | bing=https://www.bing.com/maps?cp=31.55798~73.81851&lvl=19&style=a | google=https://www.google.com/maps/@31.55798,73.81851,200m/data=!3m1!1e3" }, "geometry": { "type": "Polygon", "coordinates": [ [ [ 73.8193799, 31.5581201 ], [ 73.8191849, 31.5583602 ], [ 73.8192308, 31.5583875 ], [ 73.8190827, 31.5585698 ], [ 73.8191189, 31.5585909 ], [ 73.8190482, 31.5586797 ], [ 73.8190771, 31.5586965 ], [ 73.8189866, 31.558810300000012 ], [ 73.8189208, 31.5587719 ], [ 73.8189219, 31.5587705 ], [ 73.8189196, 31.5587705 ], [ 73.8188961, 31.5587995 ], [ 73.818786800000012, 31.5587344 ], [ 73.8186961, 31.5587336 ], [ 73.8186968, 31.5586808 ], [ 73.8184303, 31.5585221 ], [ 73.8181841, 31.5585198 ], [ 73.8181859, 31.5583765 ], [ 73.8180396, 31.55828940000001 ], [ 73.8180407, 31.558201 ], [ 73.8175301, 31.5581963 ], [ 73.8175326, 31.5580011 ], [ 73.817518, 31.5580009 ], [ 73.8175195, 31.5578811 ], [ 73.8180447, 31.5578859 ], [ 73.8180537, 31.5571732 ], [ 73.8181741, 31.5572449 ], [ 73.8183416, 31.5572465 ], [ 73.8183403, 31.5573439 ], [ 73.8183538, 31.557352 ], [ 73.8183628, 31.5573521 ], [ 73.8183628, 31.5573573 ], [ 73.8186407, 31.5575229 ], [ 73.818913400000014, 31.5575254 ], [ 73.8189116, 31.5576729 ], [ 73.8188922, 31.5576727 ], [ 73.81897410000002, 31.5577215 ], [ 73.8190262, 31.5576573 ], [ 73.819518, 31.5579502 ], [ 73.8195153, 31.5579535 ], [ 73.8195181, 31.5579553 ], [ 73.8193799, 31.5581201 ] ] ] } },
{ "type": "Feature", "properties": { "lead_id": "pakistan-potential-0180", "cell": "0098_0085", "roof_area_m2": 15854.0666, "kwh_per_kwp_yr": 1648.3123237870823, "est_kwp": 2853.73, "est_gwh_yr": 4.7038, "fixme": "Large roof (15854 m2), no detected PV nearby, modelled 1648 kWh/kWp/yr -- a rooftop SITING OPPORTUNITY, not a detection of existing PV; check imagery to confirm the roof is real, accessible and unshaded before treating it as a genuine lead", "imagery_note": "osm=70.73828,32.29434 | bing=https://www.bing.com/maps?cp=32.29434~70.73828&lvl=19&style=a | google=https://www.google.com/maps/@32.29434,70.73828,200m/data=!3m1!1e3" }, "geometry": { "type": "Polygon", "coordinates": [ [ [ 70.738661, 32.2953232 ], [ 70.7386618, 32.2953897 ], [ 70.7386791, 32.2955625 ], [ 70.7386639, 32.2955636 ], [ 70.7386639, 32.2955651 ], [ 70.7386395, 32.2955654 ], [ 70.7385529, 32.2955716 ], [ 70.7385522, 32.295587 ], [ 70.7384756, 32.2955877 ], [ 70.7384756, 32.2955904 ], [ 70.7382494, 32.2955935 ], [ 70.738135, 32.2956018 ], [ 70.7381343, 32.2955951 ], [ 70.7380793, 32.2955959 ], [ 70.7380666, 32.2949308 ], [ 70.73795, 32.2937585 ], [ 70.7378606, 32.2928833 ], [ 70.7384062, 32.2928431 ], [ 70.7384306, 32.2930719 ], [ 70.7384321, 32.2930722 ], [ 70.7386552, 32.2953233 ], [ 70.738661, 32.2953232 ] ] ] } },
{ "type": "Feature", "properties": { "lead_id": "pakistan-potential-0181", "cell": "0066_0010", "roof_area_m2": 15102.5357, "kwh_per_kwp_yr": 1728.9443227680817, "est_kwp": 2718.46, "est_gwh_yr": 4.7001, "fixme": "Large roof (15103 m2), no detected PV nearby, modelled 1729 kWh/kWp/yr -- a rooftop SITING OPPORTUNITY, not a detection of existing PV; check imagery to confirm the roof is real, accessible and unshaded before treating it as a genuine lead", "imagery_note": "osm=67.51554,24.73431 | bing=https://www.bing.com/maps?cp=24.73431~67.51554&lvl=19&style=a | google=https://www.google.com/maps/@24.73431,67.51554,200m/data=!3m1!1e3" }, "geometry": { "type": "Polygon", "coordinates": [ [ [ 67.5153809, 24.7340375 ], [ 67.5153788, 24.7340473 ], [ 67.5157392, 24.7341184 ], [ 67.5163155, 24.7341802 ], [ 67.516309, 24.7342308 ], [ 67.5163768, 24.7342431 ], [ 67.5163767, 24.7342441 ], [ 67.516624, 24.7342929 ], [ 67.5166237, 24.734294 ], [ 67.5170575, 24.734376 ], [ 67.5171551, 24.734386 ], [ 67.5171541, 24.7343933 ], [ 67.5171704, 24.7343973 ], [ 67.5171128, 24.7346515 ], [ 67.5170979, 24.7347571 ], [ 67.5170891, 24.7347561 ], [ 67.5170877, 24.7347623 ], [ 67.516998, 24.7347454 ], [ 67.5167943, 24.7347214 ], [ 67.5167963, 24.7347073 ], [ 67.5165376, 24.7346584 ], [ 67.5165368, 24.7346618 ], [ 67.5160965, 24.734575 ], [ 67.5158169, 24.7345222 ], [ 67.5157755, 24.7346945 ], [ 67.5155748, 24.7346565 ], [ 67.5155761, 24.734651 ], [ 67.5153171, 24.7345999 ], [ 67.5152779, 24.7345964 ], [ 67.5152783, 24.7345923 ], [ 67.514352500000015, 24.7344097 ], [ 67.514372600000016, 24.734325 ], [ 67.5143817, 24.7342539 ], [ 67.5143593, 24.7342515 ], [ 67.5143616, 24.7342337 ], [ 67.5142706, 24.7342175 ], [ 67.5142837, 24.7341556 ], [ 67.5143655, 24.7341701 ], [ 67.5143749, 24.7341303 ], [ 67.5143789, 24.7340997 ], [ 67.5143264, 24.7340904 ], [ 67.5143383, 24.7340342 ], [ 67.5143406, 24.7340346 ], [ 67.5143426, 24.7340264 ], [ 67.514397, 24.7340371 ], [ 67.5143977, 24.7340341 ], [ 67.5143573, 24.7340265 ], [ 67.514395, 24.7338596 ], [ 67.5143964, 24.7338599 ], [ 67.5143978, 24.7338539 ], [ 67.5151261, 24.7339975 ], [ 67.5151272, 24.7339925 ], [ 67.5153809, 24.7340375 ] ] ] } },
{ "type": "Feature", "properties": { "lead_id": "pakistan-potential-0182", "cell": "0091_0045", "roof_area_m2": 15091.8113, "kwh_per_kwp_yr": 1726.5319001388548, "est_kwp": 2716.53, "est_gwh_yr": 4.6902, "fixme": "Large roof (15092 m2), no detected PV nearby, modelled 1727 kWh/kWp/yr -- a rooftop SITING OPPORTUNITY, not a detection of existing PV; check imagery to confirm the roof is real, accessible and unshaded before treating it as a genuine lead", "imagery_note": "osm=70.03172,28.25881 | bing=https://www.bing.com/maps?cp=28.25881~70.03172&lvl=19&style=a | google=https://www.google.com/maps/@28.25881,70.03172,200m/data=!3m1!1e3" }, "geometry": { "type": "Polygon", "coordinates": [ [ [ 70.0307878, 28.259025 ], [ 70.0307878, 28.2590207 ], [ 70.0307131, 28.2590208 ], [ 70.0307126, 28.2589303 ], [ 70.0307979, 28.2589299 ], [ 70.0307996, 28.2588597 ], [ 70.0307885, 28.2588596 ], [ 70.0307884, 28.2585574 ], [ 70.030806, 28.2585573 ], [ 70.0308075, 28.2584079 ], [ 70.0308101, 28.2584079 ], [ 70.0308103, 28.2584023 ], [ 70.0313429, 28.2584121 ], [ 70.0320359, 28.2584154 ], [ 70.0324124, 28.258414 ], [ 70.0324129, 28.2585201 ], [ 70.0324077, 28.2585201 ], [ 70.0324074, 28.2585997 ], [ 70.0323966, 28.2585997 ], [ 70.0323958, 28.2586895 ], [ 70.0325088, 28.2586909 ], [ 70.0326257, 28.2586904 ], [ 70.0326288, 28.2586918 ], [ 70.032646, 28.2586919 ], [ 70.0326454, 28.2587576 ], [ 70.0326527, 28.2587576 ], [ 70.0326511, 28.2591309 ], [ 70.0326388, 28.2591308 ], [ 70.0326378, 28.2591949 ], [ 70.0321401, 28.2591887 ], [ 70.0317165, 28.2591873 ], [ 70.0317164, 28.2591929 ], [ 70.0313411, 28.259186 ], [ 70.0307474, 28.259184 ], [ 70.0307475, 28.2591597 ], [ 70.0307872, 28.2591598 ], [ 70.0307874, 28.2591211 ], [ 70.0307408, 28.259117 ], [ 70.0307515, 28.2590218 ], [ 70.0307878, 28.259025 ] ] ] } },
{ "type": "Feature", "properties": { "lead_id": "pakistan-potential-0183", "cell": "0119_0098", "roof_area_m2": 15537.2948, "kwh_per_kwp_yr": 1676.9715620754714, "est_kwp": 2796.71, "est_gwh_yr": 4.69, "fixme": "Large roof (15537 m2), no detected PV nearby, modelled 1677 kWh/kWp/yr -- a rooftop SITING OPPORTUNITY, not a detection of existing PV; check imagery to confirm the roof is real, accessible and unshaded before treating it as a genuine lead", "imagery_note": "osm=72.83551,33.55232 | bing=https://www.bing.com/maps?cp=33.55232~72.83551&lvl=19&style=a | google=https://www.google.com/maps/@33.55232,72.83551,200m/data=!3m1!1e3" }, "geometry": { "type": "Polygon", "coordinates": [ [ [ 72.8381721, 33.5529903 ], [ 72.8381752, 33.5530029 ], [ 72.838187, 33.5530031 ], [ 72.8381859, 33.5530467 ], [ 72.8382028, 33.5531155 ], [ 72.8382216, 33.5531158 ], [ 72.8382199, 33.5531854 ], [ 72.8382341, 33.5532434 ], [ 72.8382184, 33.5532461 ], [ 72.838218, 33.5532614 ], [ 72.8381374, 33.55326 ], [ 72.838048, 33.5532753 ], [ 72.8380439, 33.55325830000001 ], [ 72.8374057, 33.5532471 ], [ 72.8374121, 33.553276 ], [ 72.8372326, 33.5533039 ], [ 72.8372208, 33.5532503 ], [ 72.8371046, 33.5532684 ], [ 72.8370987, 33.5532418 ], [ 72.836663, 33.5532341 ], [ 72.8366677, 33.5530468 ], [ 72.8368362, 33.5530497 ], [ 72.8368375, 33.5530005 ], [ 72.8367692, 33.552999 ], [ 72.8367691, 33.553002 ], [ 72.8366688, 33.5530003 ], [ 72.8366689, 33.5529968 ], [ 72.8366609, 33.5529966 ], [ 72.8366602, 33.55301990000001 ], [ 72.8366082, 33.5530188 ], [ 72.8366069, 33.5530598 ], [ 72.8364591, 33.5530566 ], [ 72.8364598, 33.5530335 ], [ 72.8363659, 33.5530314 ], [ 72.8363652, 33.5530545 ], [ 72.8362736, 33.5530525 ], [ 72.836273, 33.5530724 ], [ 72.836121700000021, 33.5530691 ], [ 72.8361223, 33.5530492 ], [ 72.8360234, 33.5530471 ], [ 72.8360228, 33.5530669 ], [ 72.83599150000002, 33.553066200000011 ], [ 72.8359921, 33.5530464 ], [ 72.8359443, 33.5530453 ], [ 72.8359436, 33.5530652 ], [ 72.8358182, 33.5530624 ], [ 72.8358226, 33.5529207 ], [ 72.8358601, 33.5529215 ], [ 72.8358621, 33.55286 ], [ 72.8358245, 33.5528591 ], [ 72.8358261, 33.5528057 ], [ 72.8357507, 33.5528041 ], [ 72.83575, 33.5528244 ], [ 72.8356623, 33.5528225 ], [ 72.8356619, 33.5528344 ], [ 72.8355066, 33.552831 ], [ 72.8355074, 33.5528029 ], [ 72.835474, 33.5528022 ], [ 72.8354756, 33.5527495 ], [ 72.8354521, 33.552749 ], [ 72.8354534, 33.5527077 ], [ 72.8354109, 33.5527068 ], [ 72.8354124, 33.5526568 ], [ 72.8353838, 33.5526562 ], [ 72.835388, 33.5525212 ], [ 72.835341, 33.5525201 ], [ 72.8353822, 33.5511963 ], [ 72.8354578, 33.551198 ], [ 72.8354433, 33.551664 ], [ 72.8354859, 33.5516649 ], [ 72.8354839, 33.551728 ], [ 72.8355074, 33.5517285 ], [ 72.8355037, 33.5518491 ], [ 72.8355573, 33.5518502 ], [ 72.8355489, 33.5521183 ], [ 72.8356071, 33.5521195 ], [ 72.8356063, 33.5521447 ], [ 72.8356833, 33.5521464 ], [ 72.8356726, 33.5524929 ], [ 72.8357646, 33.5524949 ], [ 72.8357635, 33.5525282 ], [ 72.8358133, 33.5525293 ], [ 72.8358066, 33.5527455 ], [ 72.8365135, 33.5527609 ], [ 72.8365135, 33.552759 ], [ 72.8366673, 33.5527624 ], [ 72.8366748, 33.5527612 ], [ 72.8366753, 33.5527414 ], [ 72.8367286, 33.5527423 ], [ 72.8367293, 33.55271960000001 ], [ 72.8368278, 33.5527218 ], [ 72.8368292, 33.5526622 ], [ 72.8372637, 33.5526698 ], [ 72.8380785, 33.5525433 ], [ 72.8381733, 33.5529714 ], [ 72.8380821, 33.5529856 ], [ 72.8380552, 33.5528642 ], [ 72.8380215, 33.5528695 ], [ 72.8380412, 33.5529583 ], [ 72.8379704, 33.5529693 ], [ 72.8379679, 33.5530696 ], [ 72.8379897, 33.55307 ], [ 72.8379886, 33.5531118 ], [ 72.8380779, 33.553113 ], [ 72.8380729, 33.5530924 ], [ 72.8381238, 33.5530837 ], [ 72.8381038, 33.553002 ], [ 72.8381721, 33.5529903 ] ] ] } },
{ "type": "Feature", "properties": { "lead_id": "pakistan-potential-0184", "cell": "0113_0105", "roof_area_m2": 15375.8804, "kwh_per_kwp_yr": 1690.3178282762281, "est_kwp": 2767.66, "est_gwh_yr": 4.6782, "fixme": "Large roof (15376 m2), no detected PV nearby, modelled 1690 kWh/kWp/yr -- a rooftop SITING OPPORTUNITY, not a detection of existing PV; check imagery to confirm the roof is real, accessible and unshaded before treating it as a genuine lead", "imagery_note": "osm=72.21531,34.22920 | bing=https://www.bing.com/maps?cp=34.22920~72.21531&lvl=19&style=a | google=https://www.google.com/maps/@34.22920,72.21531,200m/data=!3m1!1e3" }, "geometry": { "type": "Polygon", "coordinates": [ [ [ 72.2160621, 34.229224 ], [ 72.2162876, 34.2292322 ], [ 72.216283, 34.2293192 ], [ 72.216334, 34.229321 ], [ 72.2163275, 34.2294443 ], [ 72.2162764, 34.2294425 ], [ 72.2162664, 34.2296313 ], [ 72.216041, 34.2296231 ], [ 72.2160506, 34.2294407 ], [ 72.2146548, 34.2293897 ], [ 72.214684100000014, 34.2288226 ], [ 72.215416, 34.2288476 ], [ 72.2154202, 34.2287689 ], [ 72.2163061, 34.2287997 ], [ 72.216306, 34.2288013 ], [ 72.216310400000012, 34.2288015 ], [ 72.2163103, 34.2288029 ], [ 72.2163239, 34.2288034 ], [ 72.2163233, 34.2288147 ], [ 72.2164504, 34.2288198 ], [ 72.216451, 34.228808 ], [ 72.2171574, 34.2288334 ], [ 72.2171572, 34.2288369 ], [ 72.2171625, 34.2288371 ], [ 72.2171578, 34.2289186 ], [ 72.2175153, 34.2289314 ], [ 72.2174964, 34.2292739 ], [ 72.2171217, 34.2292591 ], [ 72.2171259, 34.2291822 ], [ 72.2168093, 34.2291693 ], [ 72.2168025, 34.2292884 ], [ 72.2168544, 34.2292904 ], [ 72.2168542, 34.2292936 ], [ 72.2168605, 34.2292939 ], [ 72.2168577, 34.2293406 ], [ 72.2163283, 34.2293181 ], [ 72.216338, 34.2291483 ], [ 72.2159502, 34.2291343 ], [ 72.2159419, 34.2293028 ], [ 72.2160568, 34.2293073 ], [ 72.2160621, 34.229224 ] ] ] } },
{ "type": "Feature", "properties": { "lead_id": "pakistan-potential-0185", "cell": "0119_0098", "roof_area_m2": 15485.4329, "kwh_per_kwp_yr": 1676.8132294992902, "est_kwp": 2787.38, "est_gwh_yr": 4.6739, "fixme": "Large roof (15485 m2), no detected PV nearby, modelled 1677 kWh/kWp/yr -- a rooftop SITING OPPORTUNITY, not a detection of existing PV; check imagery to confirm the roof is real, accessible and unshaded before treating it as a genuine lead", "imagery_note": "osm=72.84205,33.55024 | bing=https://www.bing.com/maps?cp=33.55024~72.84205&lvl=19&style=a | google=https://www.google.com/maps/@33.55024,72.84205,200m/data=!3m1!1e3" }, "geometry": { "type": "Polygon", "coordinates": [ [ [ 72.8438778, 33.5498317 ], [ 72.8444959, 33.5498424 ], [ 72.8444916, 33.5500164 ], [ 72.8442315, 33.5500119 ], [ 72.8441963, 33.5500175 ], [ 72.8442008, 33.550037 ], [ 72.8442684, 33.5500262 ], [ 72.8442773, 33.550065 ], [ 72.8440662, 33.5500988 ], [ 72.8440744, 33.5501348 ], [ 72.8431967, 33.5502753 ], [ 72.8431976, 33.5502795 ], [ 72.8425114, 33.550385 ], [ 72.8421229, 33.5504472 ], [ 72.8421224, 33.5504448 ], [ 72.8407892, 33.5506498 ], [ 72.8406923, 33.5502082 ], [ 72.8409042, 33.5501756 ], [ 72.8409094, 33.5501995 ], [ 72.8411299, 33.5501656 ], [ 72.8411365, 33.5501958 ], [ 72.8425484, 33.5499787 ], [ 72.8425527, 33.5498086 ], [ 72.8435123, 33.5498253 ], [ 72.8438635, 33.5497691 ], [ 72.8438778, 33.5498317 ] ], [ [ 72.8437181, 33.5500029 ], [ 72.8436839, 33.5500024 ], [ 72.8436861, 33.5500121 ], [ 72.843719, 33.5500068 ], [ 72.8437181, 33.5500029 ] ] ] } },
{ "type": "Feature", "properties": { "lead_id": "pakistan-potential-0186", "cell": "0120_0098", "roof_area_m2": 15485.4329, "kwh_per_kwp_yr": 1676.8132294992902, "est_kwp": 2787.38, "est_gwh_yr": 4.6739, "fixme": "Large roof (15485 m2), no detected PV nearby, modelled 1677 kWh/kWp/yr -- a rooftop SITING OPPORTUNITY, not a detection of existing PV; check imagery to confirm the roof is real, accessible and unshaded before treating it as a genuine lead", "imagery_note": "osm=72.84205,33.55024 | bing=https://www.bing.com/maps?cp=33.55024~72.84205&lvl=19&style=a | google=https://www.google.com/maps/@33.55024,72.84205,200m/data=!3m1!1e3" }, "geometry": { "type": "Polygon", "coordinates": [ [ [ 72.8438778, 33.5498317 ], [ 72.8444959, 33.5498424 ], [ 72.8444916, 33.5500164 ], [ 72.8442315, 33.5500119 ], [ 72.8441963, 33.5500175 ], [ 72.8442008, 33.550037 ], [ 72.8442684, 33.5500262 ], [ 72.8442773, 33.550065 ], [ 72.8440662, 33.5500988 ], [ 72.8440744, 33.5501348 ], [ 72.8431967, 33.5502753 ], [ 72.8431976, 33.5502795 ], [ 72.8425114, 33.550385 ], [ 72.8421229, 33.5504472 ], [ 72.8421224, 33.5504448 ], [ 72.8407892, 33.5506498 ], [ 72.8406923, 33.5502082 ], [ 72.8409042, 33.5501756 ], [ 72.8409094, 33.5501995 ], [ 72.8411299, 33.5501656 ], [ 72.8411365, 33.5501958 ], [ 72.8425484, 33.5499787 ], [ 72.8425527, 33.5498086 ], [ 72.8435123, 33.5498253 ], [ 72.8438635, 33.5497691 ], [ 72.8438778, 33.5498317 ] ], [ [ 72.8437181, 33.5500029 ], [ 72.8436839, 33.5500024 ], [ 72.8436861, 33.5500121 ], [ 72.843719, 33.5500068 ], [ 72.8437181, 33.5500029 ] ] ] } },
{ "type": "Feature", "properties": { "lead_id": "pakistan-potential-0187", "cell": "0014_0013", "roof_area_m2": 14191.6538, "kwh_per_kwp_yr": 1826.2833122729933, "est_kwp": 2554.5, "est_gwh_yr": 4.6652, "fixme": "Large roof (14192 m2), no detected PV nearby, modelled 1826 kWh/kWp/yr -- a rooftop SITING OPPORTUNITY, not a detection of existing PV; check imagery to confirm the roof is real, accessible and unshaded before treating it as a genuine lead", "imagery_note": "osm=62.33481,25.10876 | bing=https://www.bing.com/maps?cp=25.10876~62.33481&lvl=19&style=a | google=https://www.google.com/maps/@25.10876,62.33481,200m/data=!3m1!1e3" }, "geometry": { "type": "Polygon", "coordinates": [ [ [ 62.3343526, 25.1087443 ], [ 62.3343555, 25.1083114 ], [ 62.3356369, 25.1083185 ], [ 62.3356311, 25.10919 ], [ 62.3340078, 25.109181 ], [ 62.3340105, 25.1087742 ], [ 62.333985, 25.1087741 ], [ 62.3339853, 25.1087422 ], [ 62.3343526, 25.1087443 ] ] ] } },
{ "type": "Feature", "properties": { "lead_id": "pakistan-potential-0188", "cell": "0014_0014", "roof_area_m2": 14191.6538, "kwh_per_kwp_yr": 1826.2833122729933, "est_kwp": 2554.5, "est_gwh_yr": 4.6652, "fixme": "Large roof (14192 m2), no detected PV nearby, modelled 1826 kWh/kWp/yr -- a rooftop SITING OPPORTUNITY, not a detection of existing PV; check imagery to confirm the roof is real, accessible and unshaded before treating it as a genuine lead", "imagery_note": "osm=62.33481,25.10876 | bing=https://www.bing.com/maps?cp=25.10876~62.33481&lvl=19&style=a | google=https://www.google.com/maps/@25.10876,62.33481,200m/data=!3m1!1e3" }, "geometry": { "type": "Polygon", "coordinates": [ [ [ 62.3343526, 25.1087443 ], [ 62.3343555, 25.1083114 ], [ 62.3356369, 25.1083185 ], [ 62.3356311, 25.10919 ], [ 62.3340078, 25.109181 ], [ 62.3340105, 25.1087742 ], [ 62.333985, 25.1087741 ], [ 62.3339853, 25.1087422 ], [ 62.3343526, 25.1087443 ] ] ] } },
{ "type": "Feature", "properties": { "lead_id": "pakistan-potential-0189", "cell": "0219_0117", "roof_area_m2": 15769.038, "kwh_per_kwp_yr": 1631.0216772683684, "est_kwp": 2838.43, "est_gwh_yr": 4.6295, "fixme": "Large roof (15769 m2), no detected PV nearby, modelled 1631 kWh/kWp/yr -- a rooftop SITING OPPORTUNITY, not a detection of existing PV; check imagery to confirm the roof is real, accessible and unshaded before treating it as a genuine lead", "imagery_note": "osm=74.36386,31.56265 | bing=https://www.bing.com/maps?cp=31.56265~74.36386&lvl=19&style=a | google=https://www.google.com/maps/@31.56265,74.36386,200m/data=!3m1!1e3" }, "geometry": { "type": "Polygon", "coordinates": [ [ [ 74.3641948, 31.5622647 ], [ 74.3642364, 31.5622641 ], [ 74.3642366, 31.5622467 ], [ 74.364296300000021, 31.562247 ], [ 74.364343300000016, 31.56223360000001 ], [ 74.3643486, 31.5622473 ], [ 74.3643554, 31.5622473 ], [ 74.3643553, 31.562259 ], [ 74.3643935, 31.5622592 ], [ 74.3643928, 31.5623608 ], [ 74.3644398, 31.5624817 ], [ 74.3644233, 31.5624864 ], [ 74.3644229, 31.5625428 ], [ 74.3644487, 31.5626091 ], [ 74.3644367, 31.5626125 ], [ 74.3644365, 31.5626349 ], [ 74.3644394, 31.5626422 ], [ 74.3644365, 31.562643 ], [ 74.3644363, 31.562668 ], [ 74.3643505, 31.5626676 ], [ 74.3642679, 31.5626911 ], [ 74.3642586, 31.5626671 ], [ 74.3642446, 31.562667 ], [ 74.3642442, 31.5627146 ], [ 74.3642713, 31.5627147 ], [ 74.3642702, 31.5628402 ], [ 74.3642979, 31.5628404 ], [ 74.3642972, 31.5629225 ], [ 74.3643071, 31.5629226 ], [ 74.3643065, 31.5629976 ], [ 74.3643217, 31.5629977 ], [ 74.3643207, 31.5631383 ], [ 74.3643466, 31.5631385 ], [ 74.364346500000011, 31.5631467 ], [ 74.3643484, 31.5631467 ], [ 74.3643472, 31.5632876 ], [ 74.3643704, 31.5632878 ], [ 74.3643698, 31.5633709 ], [ 74.3638588, 31.5633682 ], [ 74.3638582, 31.5634547 ], [ 74.3636308, 31.5634536 ], [ 74.3636307, 31.5634707 ], [ 74.3634217, 31.5634697 ], [ 74.3634218, 31.5634445 ], [ 74.3634279, 31.5634446 ], [ 74.363428, 31.5634276 ], [ 74.3634223, 31.5634276 ], [ 74.3634226, 31.5633287 ], [ 74.3634021, 31.5633286 ], [ 74.3634025, 31.5632726 ], [ 74.3633993, 31.5632726 ], [ 74.3633994, 31.5632641 ], [ 74.3633911, 31.563264 ], [ 74.363392, 31.563132 ], [ 74.3633762, 31.5631319 ], [ 74.3633763, 31.563123900000011 ], [ 74.3633748, 31.5631239 ], [ 74.3633754, 31.5630307 ], [ 74.363356, 31.5630306 ], [ 74.3633563, 31.5629917 ], [ 74.363352, 31.5629917 ], [ 74.3633529, 31.5628728 ], [ 74.3633259, 31.5628727 ], [ 74.3633269, 31.5627283 ], [ 74.3633023, 31.5627282 ], [ 74.3633028, 31.5626622 ], [ 74.3632827, 31.562662 ], [ 74.3632833, 31.562583400000012 ], [ 74.3632779, 31.562583400000012 ], [ 74.3632789, 31.5624433 ], [ 74.3632456, 31.5624431 ], [ 74.3632466, 31.5623003 ], [ 74.3632095, 31.5623001 ], [ 74.3632099, 31.5622414 ], [ 74.3632136, 31.5622414 ], [ 74.3632138, 31.562205 ], [ 74.3632101, 31.562205 ], [ 74.3632106, 31.5621366 ], [ 74.3631918, 31.5621364 ], [ 74.363192, 31.5621031 ], [ 74.3631894, 31.5621031 ], [ 74.3631896, 31.5620725 ], [ 74.3631843, 31.5620725 ], [ 74.363185, 31.5619595 ], [ 74.3631905, 31.5619595 ], [ 74.3631905, 31.5619575 ], [ 74.3632733, 31.5619579 ], [ 74.3632735, 31.5619331 ], [ 74.363325, 31.561933400000012 ], [ 74.3633251, 31.5619154 ], [ 74.3633467, 31.5619155 ], [ 74.363347, 31.5618739 ], [ 74.3633971, 31.5618742 ], [ 74.3633972, 31.5618577 ], [ 74.3637302, 31.5618594 ], [ 74.3637303, 31.5618484 ], [ 74.3638693, 31.5618491 ], [ 74.3638692, 31.5618602 ], [ 74.364126700000014, 31.5618615 ], [ 74.3641256, 31.5620159 ], [ 74.364152, 31.5620161 ], [ 74.3641512, 31.5621291 ], [ 74.3641887, 31.5621293 ], [ 74.3641878, 31.5622452 ], [ 74.3641952, 31.5622453 ], [ 74.3641948, 31.5622647 ] ], [ [ 74.3641222, 31.5626664 ], [ 74.3638635, 31.562665 ], [ 74.363862, 31.562886 ], [ 74.3641203, 31.5628874 ], [ 74.3641222, 31.5626664 ] ] ] } },
{ "type": "Feature", "properties": { "lead_id": "pakistan-potential-0190", "cell": "0135_0078", "roof_area_m2": 15769.038, "kwh_per_kwp_yr": 1631.0216772683684, "est_kwp": 2838.43, "est_gwh_yr": 4.6295, "fixme": "Large roof (15769 m2), no detected PV nearby, modelled 1631 kWh/kWp/yr -- a rooftop SITING OPPORTUNITY, not a detection of existing PV; check imagery to confirm the roof is real, accessible and unshaded before treating it as a genuine lead", "imagery_note": "osm=74.36386,31.56265 | bing=https://www.bing.com/maps?cp=31.56265~74.36386&lvl=19&style=a | google=https://www.google.com/maps/@31.56265,74.36386,200m/data=!3m1!1e3" }, "geometry": { "type": "Polygon", "coordinates": [ [ [ 74.3641948, 31.5622647 ], [ 74.3642364, 31.5622641 ], [ 74.3642366, 31.5622467 ], [ 74.364296300000021, 31.562247 ], [ 74.364343300000016, 31.56223360000001 ], [ 74.3643486, 31.5622473 ], [ 74.3643554, 31.5622473 ], [ 74.3643553, 31.562259 ], [ 74.3643935, 31.5622592 ], [ 74.3643928, 31.5623608 ], [ 74.3644398, 31.5624817 ], [ 74.3644233, 31.5624864 ], [ 74.3644229, 31.5625428 ], [ 74.3644487, 31.5626091 ], [ 74.3644367, 31.5626125 ], [ 74.3644365, 31.5626349 ], [ 74.3644394, 31.5626422 ], [ 74.3644365, 31.562643 ], [ 74.3644363, 31.562668 ], [ 74.3643505, 31.5626676 ], [ 74.3642679, 31.5626911 ], [ 74.3642586, 31.5626671 ], [ 74.3642446, 31.562667 ], [ 74.3642442, 31.5627146 ], [ 74.3642713, 31.5627147 ], [ 74.3642702, 31.5628402 ], [ 74.3642979, 31.5628404 ], [ 74.3642972, 31.5629225 ], [ 74.3643071, 31.5629226 ], [ 74.3643065, 31.5629976 ], [ 74.3643217, 31.5629977 ], [ 74.3643207, 31.5631383 ], [ 74.3643466, 31.5631385 ], [ 74.364346500000011, 31.5631467 ], [ 74.3643484, 31.5631467 ], [ 74.3643472, 31.5632876 ], [ 74.3643704, 31.5632878 ], [ 74.3643698, 31.5633709 ], [ 74.3638588, 31.5633682 ], [ 74.3638582, 31.5634547 ], [ 74.3636308, 31.5634536 ], [ 74.3636307, 31.5634707 ], [ 74.3634217, 31.5634697 ], [ 74.3634218, 31.5634445 ], [ 74.3634279, 31.5634446 ], [ 74.363428, 31.5634276 ], [ 74.3634223, 31.5634276 ], [ 74.3634226, 31.5633287 ], [ 74.3634021, 31.5633286 ], [ 74.3634025, 31.5632726 ], [ 74.3633993, 31.5632726 ], [ 74.3633994, 31.5632641 ], [ 74.3633911, 31.563264 ], [ 74.363392, 31.563132 ], [ 74.3633762, 31.5631319 ], [ 74.3633763, 31.563123900000011 ], [ 74.3633748, 31.5631239 ], [ 74.3633754, 31.5630307 ], [ 74.363356, 31.5630306 ], [ 74.3633563, 31.5629917 ], [ 74.363352, 31.5629917 ], [ 74.3633529, 31.5628728 ], [ 74.3633259, 31.5628727 ], [ 74.3633269, 31.5627283 ], [ 74.3633023, 31.5627282 ], [ 74.3633028, 31.5626622 ], [ 74.3632827, 31.562662 ], [ 74.3632833, 31.562583400000012 ], [ 74.3632779, 31.562583400000012 ], [ 74.3632789, 31.5624433 ], [ 74.3632456, 31.5624431 ], [ 74.3632466, 31.5623003 ], [ 74.3632095, 31.5623001 ], [ 74.3632099, 31.5622414 ], [ 74.3632136, 31.5622414 ], [ 74.3632138, 31.562205 ], [ 74.3632101, 31.562205 ], [ 74.3632106, 31.5621366 ], [ 74.3631918, 31.5621364 ], [ 74.363192, 31.5621031 ], [ 74.3631894, 31.5621031 ], [ 74.3631896, 31.5620725 ], [ 74.3631843, 31.5620725 ], [ 74.363185, 31.5619595 ], [ 74.3631905, 31.5619595 ], [ 74.3631905, 31.5619575 ], [ 74.3632733, 31.5619579 ], [ 74.3632735, 31.5619331 ], [ 74.363325, 31.561933400000012 ], [ 74.3633251, 31.5619154 ], [ 74.3633467, 31.5619155 ], [ 74.363347, 31.5618739 ], [ 74.3633971, 31.5618742 ], [ 74.3633972, 31.5618577 ], [ 74.3637302, 31.5618594 ], [ 74.3637303, 31.5618484 ], [ 74.3638693, 31.5618491 ], [ 74.3638692, 31.5618602 ], [ 74.364126700000014, 31.5618615 ], [ 74.3641256, 31.5620159 ], [ 74.364152, 31.5620161 ], [ 74.3641512, 31.5621291 ], [ 74.3641887, 31.5621293 ], [ 74.3641878, 31.5622452 ], [ 74.3641952, 31.5622453 ], [ 74.3641948, 31.5622647 ] ], [ [ 74.3641222, 31.5626664 ], [ 74.3638635, 31.562665 ], [ 74.363862, 31.562886 ], [ 74.3641203, 31.5628874 ], [ 74.3641222, 31.5626664 ] ] ] } },
{ "type": "Feature", "properties": { "lead_id": "pakistan-potential-0191", "cell": "0123_0078", "roof_area_m2": 15844.4999, "kwh_per_kwp_yr": 1621.9516139190468, "est_kwp": 2852.01, "est_gwh_yr": 4.6258, "fixme": "Large roof (15844 m2), no detected PV nearby, modelled 1622 kWh/kWp/yr -- a rooftop SITING OPPORTUNITY, not a detection of existing PV; check imagery to confirm the roof is real, accessible and unshaded before treating it as a genuine lead", "imagery_note": "osm=73.18417,31.59557 | bing=https://www.bing.com/maps?cp=31.59557~73.18417&lvl=19&style=a | google=https://www.google.com/maps/@31.59557,73.18417,200m/data=!3m1!1e3" }, "geometry": { "type": "Polygon", "coordinates": [ [ [ 73.1851302, 31.595421 ], [ 73.1843201, 31.5960404 ], [ 73.1839859, 31.5957193 ], [ 73.1830333, 31.5964455 ], [ 73.1826918, 31.5961173 ], [ 73.1844555, 31.5947727 ], [ 73.1851302, 31.595421 ] ] ] } },
{ "type": "Feature", "properties": { "lead_id": "pakistan-potential-0192", "cell": "0109_0066", "roof_area_m2": 15117.308, "kwh_per_kwp_yr": 1697.6107650300521, "est_kwp": 2721.12, "est_gwh_yr": 4.6194, "fixme": "Large roof (15117 m2), no detected PV nearby, modelled 1698 kWh/kWp/yr -- a rooftop SITING OPPORTUNITY, not a detection of existing PV; check imagery to confirm the roof is real, accessible and unshaded before treating it as a genuine lead", "imagery_note": "osm=71.76880,30.33224 | bing=https://www.bing.com/maps?cp=30.33224~71.76880&lvl=19&style=a | google=https://www.google.com/maps/@30.33224,71.76880,200m/data=!3m1!1e3" }, "geometry": { "type": "Polygon", "coordinates": [ [ [ 71.769206, 30.3316073 ], [ 71.7692145, 30.3321127 ], [ 71.7692092, 30.3321128 ], [ 71.7692147, 30.333103 ], [ 71.7692108, 30.333103 ], [ 71.7692108, 30.3331071 ], [ 71.7690069, 30.3331081 ], [ 71.7690071, 30.3331398 ], [ 71.7689554, 30.33314 ], [ 71.7689554, 30.3331443 ], [ 71.7687073, 30.3331454 ], [ 71.7687071, 30.3331904 ], [ 71.7687029, 30.3331904 ], [ 71.7687029, 30.3331938 ], [ 71.7683877, 30.3331951 ], [ 71.7683854, 30.3327827 ], [ 71.7684249, 30.3327826 ], [ 71.7684242, 30.3326481 ], [ 71.7685389, 30.3326477 ], [ 71.7685376, 30.3324378 ], [ 71.7684231, 30.3324383 ], [ 71.7684226, 30.3323512 ], [ 71.7683895, 30.3323513 ], [ 71.7683882, 30.3321238 ], [ 71.7683841, 30.3321239 ], [ 71.768381, 30.3319592 ], [ 71.7683873, 30.3319591 ], [ 71.7683873, 30.3319536 ], [ 71.7686032, 30.3319527 ], [ 71.7686023, 30.3318058 ], [ 71.7683865, 30.3318066 ], [ 71.7683843, 30.3313999 ], [ 71.7686646, 30.3313982 ], [ 71.7686633, 30.3313241 ], [ 71.7691984, 30.3313166 ], [ 71.7691984, 30.3313177 ], [ 71.7692011, 30.3313177 ], [ 71.7692011, 30.3313203 ], [ 71.7692049, 30.3313203 ], [ 71.7692056, 30.3315825 ], [ 71.7691717, 30.3315829 ], [ 71.7691717, 30.3315871 ], [ 71.7691364, 30.3315872 ], [ 71.769136500000016, 30.3316082 ], [ 71.769206, 30.3316073 ] ] ] } },
{ "type": "Feature", "properties": { "lead_id": "pakistan-potential-0193", "cell": "0219_0117", "roof_area_m2": 15720.6155, "kwh_per_kwp_yr": 1631.0974042230773, "est_kwp": 2829.71, "est_gwh_yr": 4.6155, "fixme": "Large roof (15721 m2), no detected PV nearby, modelled 1631 kWh/kWp/yr -- a rooftop SITING OPPORTUNITY, not a detection of existing PV; check imagery to confirm the roof is real, accessible and unshaded before treating it as a genuine lead", "imagery_note": "osm=74.36501,31.56250 | bing=https://www.bing.com/maps?cp=31.56250~74.36501&lvl=19&style=a | google=https://www.google.com/maps/@31.56250,74.36501,200m/data=!3m1!1e3" }, "geometry": { "type": "Polygon", "coordinates": [ [ [ 74.3651686, 31.5633027 ], [ 74.3646602, 31.5633656 ], [ 74.3646547, 31.5633329 ], [ 74.364987, 31.5632919 ], [ 74.3649203, 31.5632915 ], [ 74.3646772, 31.5633223 ], [ 74.3646618, 31.5632821 ], [ 74.3646682, 31.5632803 ], [ 74.3646686, 31.5632217 ], [ 74.3646511, 31.5631761 ], [ 74.3646409, 31.563176 ], [ 74.3646412, 31.5631502 ], [ 74.3646363, 31.5631376 ], [ 74.3646409, 31.5631354 ], [ 74.3646414, 31.5630704 ], [ 74.3646284, 31.5630366 ], [ 74.3646193, 31.5630366 ], [ 74.3646195, 31.5630132 ], [ 74.3646104, 31.5629896 ], [ 74.3646196, 31.562987 ], [ 74.36462, 31.562933 ], [ 74.3645974, 31.562874 ], [ 74.3645924, 31.562874 ], [ 74.3645925, 31.5628613 ], [ 74.3645846, 31.5628407 ], [ 74.3645927, 31.5628384 ], [ 74.3645931, 31.562779 ], [ 74.3645708, 31.5627208 ], [ 74.3645647, 31.5627208 ], [ 74.3645648, 31.5627052 ], [ 74.364558, 31.5626875 ], [ 74.3645649, 31.5626855 ], [ 74.364565, 31.5626684 ], [ 74.3645577, 31.5626684 ], [ 74.3645581, 31.5626096 ], [ 74.3645395, 31.562558 ], [ 74.3645381, 31.562558 ], [ 74.364534, 31.5625428 ], [ 74.3645329, 31.5625401 ], [ 74.3645382, 31.5625386 ], [ 74.3645382, 31.5625352 ], [ 74.364534, 31.56253520000001 ], [ 74.3645345, 31.5624655 ], [ 74.3645139, 31.5624092 ], [ 74.3645114, 31.5624092 ], [ 74.3645114, 31.5624029 ], [ 74.3645063, 31.5623894 ], [ 74.364503, 31.5623894 ], [ 74.3645036, 31.562301 ], [ 74.3644819, 31.5622444 ], [ 74.364504, 31.5622381 ], [ 74.3645041, 31.5622258 ], [ 74.3644906, 31.5622256 ], [ 74.3644909, 31.5621834 ], [ 74.3644729, 31.5621336 ], [ 74.3644616, 31.5621335 ], [ 74.3644618, 31.5621043 ], [ 74.364455400000011, 31.5620876 ], [ 74.364462, 31.5620857 ], [ 74.3644625, 31.5620091 ], [ 74.3644501, 31.5619767 ], [ 74.3644273, 31.5619766 ], [ 74.3644274, 31.5619583 ], [ 74.3644224, 31.5619583 ], [ 74.3644228, 31.5619056 ], [ 74.3643887, 31.5618168 ], [ 74.36437140000001, 31.5618167 ], [ 74.3643699, 31.5617913 ], [ 74.3643716, 31.5617911 ], [ 74.3643707, 31.5617698 ], [ 74.3643718, 31.5617698 ], [ 74.364372, 31.5617414 ], [ 74.3645829, 31.5617425 ], [ 74.3647246, 31.561705 ], [ 74.3647384, 31.5617433 ], [ 74.3647602, 31.5617434 ], [ 74.3647601, 31.5617598 ], [ 74.3647812, 31.5617599 ], [ 74.3647813, 31.5617438 ], [ 74.364815, 31.561744 ], [ 74.3648105, 31.5617207 ], [ 74.3651646, 31.5616705 ], [ 74.3651718, 31.561708 ], [ 74.3649149, 31.5617444 ], [ 74.3649293, 31.5617445 ], [ 74.3653144, 31.5616918 ], [ 74.3654105, 31.5619566 ], [ 74.3653678, 31.5619686 ], [ 74.3654187, 31.5621096 ], [ 74.3654176, 31.5621099 ], [ 74.3654271, 31.5621346 ], [ 74.3654017, 31.5621417 ], [ 74.3654431, 31.5622564 ], [ 74.3654412, 31.5622569 ], [ 74.3654483, 31.5622755 ], [ 74.3654246, 31.5622821 ], [ 74.3654395, 31.5623233 ], [ 74.3654663, 31.5623235 ], [ 74.3654657, 31.5623962 ], [ 74.3654775, 31.562429 ], [ 74.3654653, 31.5624322 ], [ 74.365465, 31.5624717 ], [ 74.365498, 31.5625631 ], [ 74.36549620000001, 31.5625636 ], [ 74.3655082, 31.5625947 ], [ 74.3654912, 31.5625995 ], [ 74.365491, 31.5626227 ], [ 74.3655092, 31.5626732 ], [ 74.3655011, 31.5626732 ], [ 74.3655314, 31.5627521 ], [ 74.3655093, 31.5627583 ], [ 74.365514, 31.5627862 ], [ 74.3655339, 31.562838 ], [ 74.3655233, 31.562841 ], [ 74.3655264, 31.5628588 ], [ 74.3655121, 31.5628606 ], [ 74.3655252, 31.5628948 ], [ 74.3655365, 31.5628949 ], [ 74.3655365, 31.5628989 ], [ 74.365538, 31.5628989 ], [ 74.3655384, 31.5629293 ], [ 74.3655638, 31.5629955 ], [ 74.3655661, 31.5629955 ], [ 74.3655661, 31.5630013 ], [ 74.3655752, 31.5630252 ], [ 74.3655658, 31.5630278 ], [ 74.3655653, 31.563092 ], [ 74.3655923, 31.5631625 ], [ 74.3655646, 31.5631703 ], [ 74.3655646, 31.5631777 ], [ 74.3655764, 31.5632085 ], [ 74.3655643, 31.56321 ], [ 74.3655638, 31.5632666 ], [ 74.3651661, 31.5632642 ], [ 74.3651659, 31.563287 ], [ 74.3651686, 31.5633027 ] ] ] } },
{ "type": "Feature", "properties": { "lead_id": "pakistan-potential-0194", "cell": "0135_0078", "roof_area_m2": 15720.6155, "kwh_per_kwp_yr": 1631.0974042230773, "est_kwp": 2829.71, "est_gwh_yr": 4.6155, "fixme": "Large roof (15721 m2), no detected PV nearby, modelled 1631 kWh/kWp/yr -- a rooftop SITING OPPORTUNITY, not a detection of existing PV; check imagery to confirm the roof is real, accessible and unshaded before treating it as a genuine lead", "imagery_note": "osm=74.36501,31.56250 | bing=https://www.bing.com/maps?cp=31.56250~74.36501&lvl=19&style=a | google=https://www.google.com/maps/@31.56250,74.36501,200m/data=!3m1!1e3" }, "geometry": { "type": "Polygon", "coordinates": [ [ [ 74.3651686, 31.5633027 ], [ 74.3646602, 31.5633656 ], [ 74.3646547, 31.5633329 ], [ 74.364987, 31.5632919 ], [ 74.3649203, 31.5632915 ], [ 74.3646772, 31.5633223 ], [ 74.3646618, 31.5632821 ], [ 74.3646682, 31.5632803 ], [ 74.3646686, 31.5632217 ], [ 74.3646511, 31.5631761 ], [ 74.3646409, 31.563176 ], [ 74.3646412, 31.5631502 ], [ 74.3646363, 31.5631376 ], [ 74.3646409, 31.5631354 ], [ 74.3646414, 31.5630704 ], [ 74.3646284, 31.5630366 ], [ 74.3646193, 31.5630366 ], [ 74.3646195, 31.5630132 ], [ 74.3646104, 31.5629896 ], [ 74.3646196, 31.562987 ], [ 74.36462, 31.562933 ], [ 74.3645974, 31.562874 ], [ 74.3645924, 31.562874 ], [ 74.3645925, 31.5628613 ], [ 74.3645846, 31.5628407 ], [ 74.3645927, 31.5628384 ], [ 74.3645931, 31.562779 ], [ 74.3645708, 31.5627208 ], [ 74.3645647, 31.5627208 ], [ 74.3645648, 31.5627052 ], [ 74.364558, 31.5626875 ], [ 74.3645649, 31.5626855 ], [ 74.364565, 31.5626684 ], [ 74.3645577, 31.5626684 ], [ 74.3645581, 31.5626096 ], [ 74.3645395, 31.562558 ], [ 74.3645381, 31.562558 ], [ 74.364534, 31.5625428 ], [ 74.3645329, 31.5625401 ], [ 74.3645382, 31.5625386 ], [ 74.3645382, 31.5625352 ], [ 74.364534, 31.56253520000001 ], [ 74.3645345, 31.5624655 ], [ 74.3645139, 31.5624092 ], [ 74.3645114, 31.5624092 ], [ 74.3645114, 31.5624029 ], [ 74.3645063, 31.5623894 ], [ 74.364503, 31.5623894 ], [ 74.3645036, 31.562301 ], [ 74.3644819, 31.5622444 ], [ 74.364504, 31.5622381 ], [ 74.3645041, 31.5622258 ], [ 74.3644906, 31.5622256 ], [ 74.3644909, 31.5621834 ], [ 74.3644729, 31.5621336 ], [ 74.3644616, 31.5621335 ], [ 74.3644618, 31.5621043 ], [ 74.364455400000011, 31.5620876 ], [ 74.364462, 31.5620857 ], [ 74.3644625, 31.5620091 ], [ 74.3644501, 31.5619767 ], [ 74.3644273, 31.5619766 ], [ 74.3644274, 31.5619583 ], [ 74.3644224, 31.5619583 ], [ 74.3644228, 31.5619056 ], [ 74.3643887, 31.5618168 ], [ 74.36437140000001, 31.5618167 ], [ 74.3643699, 31.5617913 ], [ 74.3643716, 31.5617911 ], [ 74.3643707, 31.5617698 ], [ 74.3643718, 31.5617698 ], [ 74.364372, 31.5617414 ], [ 74.3645829, 31.5617425 ], [ 74.3647246, 31.561705 ], [ 74.3647384, 31.5617433 ], [ 74.3647602, 31.5617434 ], [ 74.3647601, 31.5617598 ], [ 74.3647812, 31.5617599 ], [ 74.3647813, 31.5617438 ], [ 74.364815, 31.561744 ], [ 74.3648105, 31.5617207 ], [ 74.3651646, 31.5616705 ], [ 74.3651718, 31.561708 ], [ 74.3649149, 31.5617444 ], [ 74.3649293, 31.5617445 ], [ 74.3653144, 31.5616918 ], [ 74.3654105, 31.5619566 ], [ 74.3653678, 31.5619686 ], [ 74.3654187, 31.5621096 ], [ 74.3654176, 31.5621099 ], [ 74.3654271, 31.5621346 ], [ 74.3654017, 31.5621417 ], [ 74.3654431, 31.5622564 ], [ 74.3654412, 31.5622569 ], [ 74.3654483, 31.5622755 ], [ 74.3654246, 31.5622821 ], [ 74.3654395, 31.5623233 ], [ 74.3654663, 31.5623235 ], [ 74.3654657, 31.5623962 ], [ 74.3654775, 31.562429 ], [ 74.3654653, 31.5624322 ], [ 74.365465, 31.5624717 ], [ 74.365498, 31.5625631 ], [ 74.36549620000001, 31.5625636 ], [ 74.3655082, 31.5625947 ], [ 74.3654912, 31.5625995 ], [ 74.365491, 31.5626227 ], [ 74.3655092, 31.5626732 ], [ 74.3655011, 31.5626732 ], [ 74.3655314, 31.5627521 ], [ 74.3655093, 31.5627583 ], [ 74.365514, 31.5627862 ], [ 74.3655339, 31.562838 ], [ 74.3655233, 31.562841 ], [ 74.3655264, 31.5628588 ], [ 74.3655121, 31.5628606 ], [ 74.3655252, 31.5628948 ], [ 74.3655365, 31.5628949 ], [ 74.3655365, 31.5628989 ], [ 74.365538, 31.5628989 ], [ 74.3655384, 31.5629293 ], [ 74.3655638, 31.5629955 ], [ 74.3655661, 31.5629955 ], [ 74.3655661, 31.5630013 ], [ 74.3655752, 31.5630252 ], [ 74.3655658, 31.5630278 ], [ 74.3655653, 31.563092 ], [ 74.3655923, 31.5631625 ], [ 74.3655646, 31.5631703 ], [ 74.3655646, 31.5631777 ], [ 74.3655764, 31.5632085 ], [ 74.3655643, 31.56321 ], [ 74.3655638, 31.5632666 ], [ 74.3651661, 31.5632642 ], [ 74.3651659, 31.563287 ], [ 74.3651686, 31.5633027 ] ] ] } },
{ "type": "Feature", "properties": { "lead_id": "pakistan-potential-0195", "cell": "0131_0075", "roof_area_m2": 15747.8187, "kwh_per_kwp_yr": 1622.7944680619898, "est_kwp": 2834.61, "est_gwh_yr": 4.6, "fixme": "Large roof (15748 m2), no detected PV nearby, modelled 1623 kWh/kWp/yr -- a rooftop SITING OPPORTUNITY, not a detection of existing PV; check imagery to confirm the roof is real, accessible and unshaded before treating it as a genuine lead", "imagery_note": "osm=73.98693,31.26783 | bing=https://www.bing.com/maps?cp=31.26783~73.98693&lvl=19&style=a | google=https://www.google.com/maps/@31.26783,73.98693,200m/data=!3m1!1e3" }, "geometry": { "type": "Polygon", "coordinates": [ [ [ 73.9880985, 31.2682168 ], [ 73.9880959, 31.2682168 ], [ 73.988096, 31.2682205 ], [ 73.98578, 31.2682575 ], [ 73.9857797, 31.2682433 ], [ 73.9857776, 31.2682434 ], [ 73.9857731, 31.2679505 ], [ 73.9857751, 31.2679505 ], [ 73.9857751, 31.2679438 ], [ 73.9859933, 31.2679425 ], [ 73.9868663, 31.2679287 ], [ 73.986862300000013, 31.2677412 ], [ 73.9868345, 31.2677416 ], [ 73.9868346, 31.2677428 ], [ 73.9857643, 31.2677614 ], [ 73.9857569, 31.2674451 ], [ 73.9857739, 31.2674448 ], [ 73.9857738, 31.2674411 ], [ 73.9873702, 31.2674159 ], [ 73.9880806, 31.2674012 ], [ 73.9880901, 31.2677167 ], [ 73.9880852, 31.2677172 ], [ 73.9880853, 31.2677219 ], [ 73.9870925, 31.2677386 ], [ 73.9870925, 31.2677376 ], [ 73.9869888, 31.2677392 ], [ 73.9869928, 31.2679267 ], [ 73.9870788, 31.2679253 ], [ 73.9870788, 31.2679243 ], [ 73.988091, 31.2679057 ], [ 73.9880985, 31.2682168 ] ] ] } },
{ "type": "Feature", "properties": { "lead_id": "pakistan-potential-0196", "cell": "0082_0021", "roof_area_m2": 14741.7329, "kwh_per_kwp_yr": 1732.3269341854407, "est_kwp": 2653.51, "est_gwh_yr": 4.5967, "fixme": "Large roof (14742 m2), no detected PV nearby, modelled 1732 kWh/kWp/yr -- a rooftop SITING OPPORTUNITY, not a detection of existing PV; check imagery to confirm the roof is real, accessible and unshaded before treating it as a genuine lead", "imagery_note": "osm=69.13516,25.81663 | bing=https://www.bing.com/maps?cp=25.81663~69.13516&lvl=19&style=a | google=https://www.google.com/maps/@25.81663,69.13516,200m/data=!3m1!1e3" }, "geometry": { "type": "Polygon", "coordinates": [ [ [ 69.1357885, 25.8161014 ], [ 69.1357897, 25.8171487 ], [ 69.134525, 25.8171498 ], [ 69.1345239, 25.8161025 ], [ 69.1357885, 25.8161014 ] ] ] } },
{ "type": "Feature", "properties": { "lead_id": "pakistan-potential-0197", "cell": "0059_0011", "roof_area_m2": 14635.6605, "kwh_per_kwp_yr": 1744.4561205539478, "est_kwp": 2634.42, "est_gwh_yr": 4.5956, "fixme": "Large roof (14636 m2), no detected PV nearby, modelled 1744 kWh/kWp/yr -- a rooftop SITING OPPORTUNITY, not a detection of existing PV; check imagery to confirm the roof is real, accessible and unshaded before treating it as a genuine lead", "imagery_note": "osm=66.77621,24.85155 | bing=https://www.bing.com/maps?cp=24.85155~66.77621&lvl=19&style=a | google=https://www.google.com/maps/@24.85155,66.77621,200m/data=!3m1!1e3" }, "geometry": { "type": "Polygon", "coordinates": [ [ [ 66.776835, 24.8521096 ], [ 66.7768349, 24.8521145 ], [ 66.7765877, 24.852109 ], [ 66.776587, 24.8521362 ], [ 66.776161, 24.8521268 ], [ 66.7761644, 24.8519991 ], [ 66.7761264, 24.8519982 ], [ 66.7761263, 24.8520029 ], [ 66.7759091, 24.8519981 ], [ 66.7759098, 24.8519704 ], [ 66.7758081, 24.8519682 ], [ 66.7758083, 24.8519622 ], [ 66.7757994, 24.851962 ], [ 66.775802, 24.8518612 ], [ 66.7757707, 24.8518605 ], [ 66.775771, 24.8518491 ], [ 66.7757489, 24.8518486 ], [ 66.7757513, 24.8517575 ], [ 66.7757223, 24.8517569 ], [ 66.7757225, 24.8517496 ], [ 66.7757184, 24.8517495 ], [ 66.7757205, 24.8516717 ], [ 66.7757245, 24.8516718 ], [ 66.7757263, 24.8516032 ], [ 66.7757554, 24.8516038 ], [ 66.7757583, 24.8514932 ], [ 66.7757252, 24.8514924 ], [ 66.7757393, 24.8509635 ], [ 66.776146, 24.8509722 ], [ 66.7761423, 24.8511168 ], [ 66.7762019, 24.8511181 ], [ 66.7762079, 24.8508856 ], [ 66.776386200000019, 24.8508895 ], [ 66.7763837, 24.8509859 ], [ 66.7770398, 24.8510004 ], [ 66.7770283, 24.8514324 ], [ 66.7766122, 24.8514232 ], [ 66.7766107, 24.8514786 ], [ 66.7766733, 24.85148 ], [ 66.7766663, 24.8517442 ], [ 66.7767121, 24.8517452 ], [ 66.7767114, 24.8517714 ], [ 66.7771062, 24.8517801 ], [ 66.7770984, 24.8520737 ], [ 66.7768397, 24.852068 ], [ 66.7768386, 24.8521097 ], [ 66.776835, 24.8521096 ] ], [ [ 66.7758217, 24.8514585 ], [ 66.7758207, 24.8514945 ], [ 66.7758314, 24.8514947 ], [ 66.7758324, 24.8514587 ], [ 66.7758217, 24.8514585 ] ], [ [ 66.775911, 24.8514604 ], [ 66.7759371, 24.851461 ], [ 66.7759382, 24.8514148 ], [ 66.7759122, 24.8514142 ], [ 66.775911, 24.8514604 ] ] ] } },
{ "type": "Feature", "properties": { "lead_id": "pakistan-potential-0198", "cell": "0124_0078", "roof_area_m2": 15748.8001, "kwh_per_kwp_yr": 1619.5492300281514, "est_kwp": 2834.78, "est_gwh_yr": 4.5911, "fixme": "Large roof (15749 m2), no detected PV nearby, modelled 1620 kWh/kWp/yr -- a rooftop SITING OPPORTUNITY, not a detection of existing PV; check imagery to confirm the roof is real, accessible and unshaded before treating it as a genuine lead", "imagery_note": "osm=73.24734,31.51556 | bing=https://www.bing.com/maps?cp=31.51556~73.24734&lvl=19&style=a | google=https://www.google.com/maps/@31.51556,73.24734,200m/data=!3m1!1e3" }, "geometry": { "type": "Polygon", "coordinates": [ [ [ 73.247780465528393, 31.515377732507201 ], [ 73.247890056083605, 31.515343091483505 ], [ 73.248114724544621, 31.515864711497098 ], [ 73.247702641441421, 31.515994968259498 ], [ 73.247774774351001, 31.516162442056004 ], [ 73.247669903827799, 31.516195590665802 ], [ 73.247682677020606, 31.5162252467033 ], [ 73.247377629860196, 31.516321668669303 ], [ 73.247364856756818, 31.5162920126131 ], [ 73.247012726516402, 31.516403315851399 ], [ 73.246655546491198, 31.515574015231305 ], [ 73.246738255147605, 31.515547872341401 ], [ 73.246571499302803, 31.515160694329897 ], [ 73.246840917098112, 31.5150755351676 ], [ 73.2469167740297, 31.515251660943804 ], [ 73.247110753681199, 31.515190346262905 ], [ 73.246976134934314, 31.514877787475299 ], [ 73.247494556742296, 31.514713918563203 ], [ 73.247780465528393, 31.515377732507201 ] ] ] } },
{ "type": "Feature", "properties": { "lead_id": "pakistan-potential-0199", "cell": "0106_0061", "roof_area_m2": 14946.2392, "kwh_per_kwp_yr": 1705.9812012161985, "est_kwp": 2690.32, "est_gwh_yr": 4.5896, "fixme": "Large roof (14946 m2), no detected PV nearby, modelled 1706 kWh/kWp/yr -- a rooftop SITING OPPORTUNITY, not a detection of existing PV; check imagery to confirm the roof is real, accessible and unshaded before treating it as a genuine lead", "imagery_note": "osm=71.51992,29.89245 | bing=https://www.bing.com/maps?cp=29.89245~71.51992&lvl=19&style=a | google=https://www.google.com/maps/@29.89245,71.51992,200m/data=!3m1!1e3" }, "geometry": { "type": "Polygon", "coordinates": [ [ [ 71.519467091936207, 29.891681887174304 ], [ 71.519467256488895, 29.891626769349202 ], [ 71.520313591873204, 29.891628685097295 ], [ 71.520313242430404, 29.891746066626201 ], [ 71.520609387430298, 29.891746735671205 ], [ 71.520608243779293, 29.892131305016399 ], [ 71.520460814113605, 29.892130972063097 ], [ 71.520458797041115, 29.892807390570599 ], [ 71.520071017570103, 29.892806514173305 ], [ 71.520070665171303, 29.892924826430203 ], [ 71.519366406559001, 29.892923231916896 ], [ 71.519366726952597, 29.8928159184135 ], [ 71.519463706137799, 29.892816138214002 ], [ 71.519463739389195, 29.892804997433505 ], [ 71.519548944766399, 29.892805190491799 ], [ 71.519549025225601, 29.8927782252734 ], [ 71.519370256397707, 29.8927778201558 ], [ 71.519373529489101, 29.891681675057296 ], [ 71.519467091936207, 29.891681887174304 ] ] ] } },
{ "type": "Feature", "properties": { "lead_id": "pakistan-potential-0200", "cell": "0064_0011", "roof_area_m2": 14685.4623, "kwh_per_kwp_yr": 1735.296395869791, "est_kwp": 2643.38, "est_gwh_yr": 4.587, "fixme": "Large roof (14685 m2), no detected PV nearby, modelled 1735 kWh/kWp/yr -- a rooftop SITING OPPORTUNITY, not a detection of existing PV; check imagery to confirm the roof is real, accessible and unshaded before treating it as a genuine lead", "imagery_note": "osm=67.28109,24.90544 | bing=https://www.bing.com/maps?cp=24.90544~67.28109&lvl=19&style=a | google=https://www.google.com/maps/@24.90544,67.28109,200m/data=!3m1!1e3" }, "geometry": { "type": "Polygon", "coordinates": [ [ [ 67.2817868, 24.905877 ], [ 67.2815343, 24.9059077 ], [ 67.2815366, 24.9059237 ], [ 67.2810406, 24.905984 ], [ 67.2805428, 24.9060446 ], [ 67.2803913, 24.9050091 ], [ 67.2816377, 24.9048574 ], [ 67.2817868, 24.905877 ] ] ] } },
{ "type": "Feature", "properties": { "lead_id": "pakistan-potential-0201", "cell": "0133_0083", "roof_area_m2": 15665.2764, "kwh_per_kwp_yr": 1624.6663347813749, "est_kwp": 2819.75, "est_gwh_yr": 4.5812, "fixme": "Large roof (15665 m2), no detected PV nearby, modelled 1625 kWh/kWp/yr -- a rooftop SITING OPPORTUNITY, not a detection of existing PV; check imagery to confirm the roof is real, accessible and unshaded before treating it as a genuine lead", "imagery_note": "osm=74.21774,32.01990 | bing=https://www.bing.com/maps?cp=32.01990~74.21774&lvl=19&style=a | google=https://www.google.com/maps/@32.01990,74.21774,200m/data=!3m1!1e3" }, "geometry": { "type": "Polygon", "coordinates": [ [ [ 74.2179299, 32.0208731 ], [ 74.2178637, 32.0208668 ], [ 74.217838, 32.0210497 ], [ 74.2171876, 32.0209834 ], [ 74.2172054, 32.0208569 ], [ 74.2172217, 32.0207214 ], [ 74.2172244, 32.0207217 ], [ 74.2172268, 32.0207046 ], [ 74.2172901, 32.0207111 ], [ 74.2173172, 32.0204821 ], [ 74.2172956, 32.0204795 ], [ 74.217319, 32.0203391 ], [ 74.2173339, 32.0203409 ], [ 74.2174205, 32.019609 ], [ 74.2174744, 32.0196136 ], [ 74.2175314, 32.0191459 ], [ 74.2176032, 32.0191523 ], [ 74.2176205, 32.0190487 ], [ 74.2179445, 32.0190879 ], [ 74.217941, 32.0191089 ], [ 74.2180491, 32.019122 ], [ 74.2183346, 32.0191438 ], [ 74.2183333, 32.0191564 ], [ 74.2183948, 32.0191638 ], [ 74.2183943, 32.0191669 ], [ 74.2186454, 32.0191899 ], [ 74.218642700000018, 32.0192111 ], [ 74.2187164, 32.0192167 ], [ 74.2187155, 32.0192256 ], [ 74.2187859, 32.0192341 ], [ 74.2187493, 32.0194536 ], [ 74.2187359, 32.019581100000011 ], [ 74.2185454, 32.0195665 ], [ 74.2185465, 32.019556 ], [ 74.2183045, 32.0195267 ], [ 74.2183052, 32.01952270000001 ], [ 74.2181856, 32.0195136 ], [ 74.2181657, 32.0196326 ], [ 74.218143600000019, 32.0196299 ], [ 74.2180532, 32.0201728 ], [ 74.2180157, 32.0205288 ], [ 74.2179755, 32.0205257 ], [ 74.2179299, 32.0208731 ] ], [ [ 74.2178241, 32.0205435 ], [ 74.2175786, 32.0205138 ], [ 74.2175521, 32.0207378 ], [ 74.2177953, 32.0207626 ], [ 74.2178241, 32.0205435 ] ] ] } },
{ "type": "Feature", "properties": { "lead_id": "pakistan-potential-0202", "cell": "0078_0018", "roof_area_m2": 14609.2179, "kwh_per_kwp_yr": 1733.2375243740905, "est_kwp": 2629.66, "est_gwh_yr": 4.5578, "fixme": "Large roof (14609 m2), no detected PV nearby, modelled 1733 kWh/kWp/yr -- a rooftop SITING OPPORTUNITY, not a detection of existing PV; check imagery to confirm the roof is real, accessible and unshaded before treating it as a genuine lead", "imagery_note": "osm=68.64305,25.50998 | bing=https://www.bing.com/maps?cp=25.50998~68.64305&lvl=19&style=a | google=https://www.google.com/maps/@25.50998,68.64305,200m/data=!3m1!1e3" }, "geometry": { "type": "Polygon", "coordinates": [ [ [ 68.6436004, 25.5094864 ], [ 68.6439757, 25.5094865 ], [ 68.6439757, 25.5094881 ], [ 68.6439873, 25.5094882 ], [ 68.6439856, 25.5097912 ], [ 68.6439916, 25.5097912 ], [ 68.6439904, 25.5101838 ], [ 68.6439835, 25.5101839 ], [ 68.6439835, 25.5101866 ], [ 68.6435579, 25.5101847 ], [ 68.6435579, 25.5101857 ], [ 68.6425686, 25.5101803 ], [ 68.6425686, 25.5101793 ], [ 68.6421786, 25.5101767 ], [ 68.6421112, 25.5101764 ], [ 68.6421133, 25.5097851 ], [ 68.6421178, 25.5097851 ], [ 68.6421185, 25.5095655 ], [ 68.6421135, 25.5095655 ], [ 68.6421137, 25.5094835 ], [ 68.6421205, 25.5094835 ], [ 68.6421205, 25.509479 ], [ 68.6436004, 25.5094864 ] ] ] } },
{ "type": "Feature", "properties": { "lead_id": "pakistan-potential-0203", "cell": "0133_0076", "roof_area_m2": 15500.8628, "kwh_per_kwp_yr": 1631.226705873044, "est_kwp": 2790.16, "est_gwh_yr": 4.5514, "fixme": "Large roof (15501 m2), no detected PV nearby, modelled 1631 kWh/kWp/yr -- a rooftop SITING OPPORTUNITY, not a detection of existing PV; check imagery to confirm the roof is real, accessible and unshaded before treating it as a genuine lead", "imagery_note": "osm=74.23356,31.31828 | bing=https://www.bing.com/maps?cp=31.31828~74.23356&lvl=19&style=a | google=https://www.google.com/maps/@31.31828,74.23356,200m/data=!3m1!1e3" }, "geometry": { "type": "Polygon", "coordinates": [ [ [ 74.2342623, 31.3185808 ], [ 74.2333673, 31.318936 ], [ 74.2328558, 31.3179859 ], [ 74.2329735, 31.3179392 ], [ 74.2327249, 31.3174775 ], [ 74.2335022, 31.317169100000012 ], [ 74.2342623, 31.3185808 ] ] ] } },
{ "type": "Feature", "properties": { "lead_id": "pakistan-potential-0204", "cell": "0092_0047", "roof_area_m2": 14660.0309, "kwh_per_kwp_yr": 1723.7706797943856, "est_kwp": 2638.81, "est_gwh_yr": 4.5487, "fixme": "Large roof (14660 m2), no detected PV nearby, modelled 1724 kWh/kWp/yr -- a rooftop SITING OPPORTUNITY, not a detection of existing PV; check imagery to confirm the roof is real, accessible and unshaded before treating it as a genuine lead", "imagery_note": "osm=70.05246,28.47566 | bing=https://www.bing.com/maps?cp=28.47566~70.05246&lvl=19&style=a | google=https://www.google.com/maps/@28.47566,70.05246,200m/data=!3m1!1e3" }, "geometry": { "type": "Polygon", "coordinates": [ [ [ 70.0530798, 28.4761111 ], [ 70.0529879, 28.4761127 ], [ 70.0529903, 28.4762187 ], [ 70.0528293, 28.4762215 ], [ 70.0528327, 28.4763763 ], [ 70.0517948, 28.4763939 ], [ 70.051788, 28.4760857 ], [ 70.0517778, 28.4760857 ], [ 70.0517776, 28.4760289 ], [ 70.0519178, 28.4760284 ], [ 70.0519179, 28.4760516 ], [ 70.0519523, 28.4760514 ], [ 70.0519522, 28.4760282 ], [ 70.0519783, 28.4760281 ], [ 70.0519784, 28.4760513 ], [ 70.0520339, 28.4760511 ], [ 70.0520337, 28.4759997 ], [ 70.0517774, 28.4760001 ], [ 70.0517742, 28.4753256 ], [ 70.0517797, 28.4753256 ], [ 70.0517797, 28.4753239 ], [ 70.0531344, 28.4753174 ], [ 70.0531387, 28.4759943 ], [ 70.0528269, 28.4759958 ], [ 70.0528271, 28.476046 ], [ 70.0530782, 28.4760416 ], [ 70.0530798, 28.4761111 ] ] ] } },
{ "type": "Feature", "properties": { "lead_id": "pakistan-potential-0205", "cell": "0103_0064", "roof_area_m2": 14781.4541, "kwh_per_kwp_yr": 1705.7632511803845, "est_kwp": 2660.66, "est_gwh_yr": 4.5385, "fixme": "Large roof (14781 m2), no detected PV nearby, modelled 1706 kWh/kWp/yr -- a rooftop SITING OPPORTUNITY, not a detection of existing PV; check imagery to confirm the roof is real, accessible and unshaded before treating it as a genuine lead", "imagery_note": "osm=71.22049,30.11521 | bing=https://www.bing.com/maps?cp=30.11521~71.22049&lvl=19&style=a | google=https://www.google.com/maps/@30.11521,71.22049,200m/data=!3m1!1e3" }, "geometry": { "type": "Polygon", "coordinates": [ [ [ 71.2205542, 30.1158544 ], [ 71.2206595, 30.1158541 ], [ 71.2206601, 30.1160553 ], [ 71.2199603, 30.1160571 ], [ 71.2199603, 30.1160511 ], [ 71.2199517, 30.116051 ], [ 71.2199528, 30.1160004 ], [ 71.2199601, 30.1160006 ], [ 71.2199598, 30.1159005 ], [ 71.2199108, 30.1159006 ], [ 71.21991, 30.1156463 ], [ 71.219959, 30.1156462 ], [ 71.2199586, 30.1155131 ], [ 71.2199541, 30.1155132 ], [ 71.2199517, 30.1153439 ], [ 71.2199259, 30.1153441 ], [ 71.2199258, 30.1153282 ], [ 71.2199187, 30.1153283 ], [ 71.2199181, 30.1152905 ], [ 71.2198933, 30.11529070000001 ], [ 71.2198926, 30.1151757 ], [ 71.2198938, 30.1151757 ], [ 71.2198937, 30.1151708 ], [ 71.2199165, 30.1151706 ], [ 71.2199146, 30.1150347 ], [ 71.2199236, 30.1150346 ], [ 71.2199236, 30.1150313 ], [ 71.2199253, 30.1150313 ], [ 71.2199253, 30.1150261 ], [ 71.2199569, 30.1150261 ], [ 71.2199567, 30.1149358 ], [ 71.219925, 30.1149359 ], [ 71.219925, 30.1149326 ], [ 71.2199228, 30.1149326 ], [ 71.2199218, 30.1147994 ], [ 71.2199245, 30.1147994 ], [ 71.2199245, 30.1147967 ], [ 71.2199562, 30.1147966 ], [ 71.219956100000019, 30.1147765 ], [ 71.2199216, 30.1147767 ], [ 71.2199198, 30.1145425 ], [ 71.2199406, 30.1145424 ], [ 71.2199406, 30.114538 ], [ 71.219955, 30.1145379 ], [ 71.2199534, 30.1143289 ], [ 71.2204237, 30.1143261 ], [ 71.2204249, 30.1144831 ], [ 71.2207621, 30.1144812 ], [ 71.2207643, 30.1147683 ], [ 71.2210766, 30.1147675 ], [ 71.2210802, 30.1152395 ], [ 71.2205504, 30.1152425 ], [ 71.2205542, 30.1158544 ] ] ] } },
{ "type": "Feature", "properties": { "lead_id": "pakistan-potential-0206", "cell": "0132_0075", "roof_area_m2": 15491.8099, "kwh_per_kwp_yr": 1626.3106684184897, "est_kwp": 2788.53, "est_gwh_yr": 4.535, "fixme": "Large roof (15492 m2), no detected PV nearby, modelled 1626 kWh/kWp/yr -- a rooftop SITING OPPORTUNITY, not a detection of existing PV; check imagery to confirm the roof is real, accessible and unshaded before treating it as a genuine lead", "imagery_note": "osm=74.08688,31.27709 | bing=https://www.bing.com/maps?cp=31.27709~74.08688&lvl=19&style=a | google=https://www.google.com/maps/@31.27709,74.08688,200m/data=!3m1!1e3" }, "geometry": { "type": "Polygon", "coordinates": [ [ [ 74.087999600000018, 31.2767801 ], [ 74.0884009, 31.2767494 ], [ 74.0884065, 31.2768018 ], [ 74.088405, 31.276802 ], [ 74.0884154, 31.2769049 ], [ 74.0885941, 31.2768916 ], [ 74.0886091, 31.2770398 ], [ 74.0884304, 31.2770531 ], [ 74.0884309, 31.2770583 ], [ 74.0884386, 31.2770583 ], [ 74.0884379, 31.2771282 ], [ 74.088444, 31.2771888 ], [ 74.0884373, 31.2771893 ], [ 74.0884371, 31.2772109 ], [ 74.0883296, 31.2772102 ], [ 74.0883293, 31.2772377 ], [ 74.0878824, 31.2772346 ], [ 74.0878822, 31.2772543 ], [ 74.0876037, 31.2772523 ], [ 74.0873883, 31.2772687 ], [ 74.0873898, 31.2772832 ], [ 74.0873939, 31.2772832 ], [ 74.0873936, 31.2773199 ], [ 74.0873961, 31.2773444 ], [ 74.0873934, 31.2773446 ], [ 74.0873933, 31.2773504 ], [ 74.0873541, 31.2773501 ], [ 74.0872872, 31.2773551 ], [ 74.0872865, 31.2773527 ], [ 74.0869503, 31.2773783 ], [ 74.0869503, 31.2773825 ], [ 74.0869, 31.2773822 ], [ 74.0868613, 31.2773851 ], [ 74.086861, 31.2773819 ], [ 74.0868047, 31.2773815 ], [ 74.0868048, 31.2773749 ], [ 74.0868035, 31.277375 ], [ 74.0868019, 31.2773599 ], [ 74.0861907, 31.2773556 ], [ 74.0857226, 31.2773915 ], [ 74.0857225, 31.2774061 ], [ 74.0855483, 31.2774048 ], [ 74.0853633, 31.277419 ], [ 74.085361, 31.2774035 ], [ 74.08534010000001, 31.2774033 ], [ 74.0853417, 31.2772361 ], [ 74.0853338, 31.277236 ], [ 74.0853347, 31.2771434 ], [ 74.0853183, 31.2769856 ], [ 74.0853214, 31.2769851 ], [ 74.0859601, 31.2769365 ], [ 74.08596, 31.2769353 ], [ 74.0876883, 31.2768037 ], [ 74.0876886, 31.2767776 ], [ 74.087999600000018, 31.2767801 ] ] ] } },
{ "type": "Feature", "properties": { "lead_id": "pakistan-potential-0207", "cell": "0103_0068", "roof_area_m2": 14793.0676, "kwh_per_kwp_yr": 1694.2304471167745, "est_kwp": 2662.75, "est_gwh_yr": 4.5113, "fixme": "Large roof (14793 m2), no detected PV nearby, modelled 1694 kWh/kWp/yr -- a rooftop SITING OPPORTUNITY, not a detection of existing PV; check imagery to confirm the roof is real, accessible and unshaded before treating it as a genuine lead", "imagery_note": "osm=71.16230,30.58148 | bing=https://www.bing.com/maps?cp=30.58148~71.16230&lvl=19&style=a | google=https://www.google.com/maps/@30.58148,71.16230,200m/data=!3m1!1e3" }, "geometry": { "type": "Polygon", "coordinates": [ [ [ 71.1626682, 30.5806281 ], [ 71.1626681, 30.5807018 ], [ 71.1626024, 30.5807017 ], [ 71.1626024, 30.5807052 ], [ 71.1627016, 30.5807052 ], [ 71.1627016, 30.5807573 ], [ 71.1625554, 30.5807574 ], [ 71.1625553, 30.5808671 ], [ 71.1627411, 30.5808673 ], [ 71.1627407, 30.5812824 ], [ 71.1627651, 30.5812824 ], [ 71.162765, 30.5813329 ], [ 71.1627407, 30.5813329 ], [ 71.1627399, 30.5818178 ], [ 71.1627331, 30.5818178 ], [ 71.1627272, 30.5824053 ], [ 71.1621479, 30.582401 ], [ 71.1619417, 30.5824029 ], [ 71.1619417, 30.5823994 ], [ 71.1619372, 30.5823994 ], [ 71.1619392, 30.582199 ], [ 71.1619359, 30.5819344 ], [ 71.1618674, 30.581935 ], [ 71.1618636, 30.5816246 ], [ 71.1618531, 30.5816245 ], [ 71.1618569, 30.5811894 ], [ 71.1618552, 30.5810393 ], [ 71.1618564, 30.5810393 ], [ 71.1618563, 30.5810309 ], [ 71.1620567, 30.5810291 ], [ 71.1620564, 30.5809234 ], [ 71.1620578, 30.5809234 ], [ 71.1620579, 30.580916 ], [ 71.1620633, 30.580916 ], [ 71.1620629, 30.5808563 ], [ 71.162167700000012, 30.5808554 ], [ 71.162168, 30.5806276 ], [ 71.1626682, 30.5806281 ] ] ] } },
{ "type": "Feature", "properties": { "lead_id": "pakistan-potential-0208", "cell": "0129_0078", "roof_area_m2": 15699.3915, "kwh_per_kwp_yr": 1596.3600477153475, "est_kwp": 2825.89, "est_gwh_yr": 4.5111, "fixme": "Large roof (15699 m2), no detected PV nearby, modelled 1596 kWh/kWp/yr -- a rooftop SITING OPPORTUNITY, not a detection of existing PV; check imagery to confirm the roof is real, accessible and unshaded before treating it as a genuine lead", "imagery_note": "osm=73.78747,31.58999 | bing=https://www.bing.com/maps?cp=31.58999~73.78747&lvl=19&style=a | google=https://www.google.com/maps/@31.58999,73.78747,200m/data=!3m1!1e3" }, "geometry": { "type": "Polygon", "coordinates": [ [ [ 73.7880355, 31.5898002 ], [ 73.7880971, 31.5898016 ], [ 73.788089, 31.5900731 ], [ 73.7878797, 31.5900686 ], [ 73.7878774, 31.5901487 ], [ 73.7881188, 31.5901539 ], [ 73.7881079, 31.5905208 ], [ 73.7881389, 31.5905215 ], [ 73.7881324, 31.5907426 ], [ 73.7879953, 31.59073960000001 ], [ 73.7879946, 31.5907619 ], [ 73.7875785, 31.5907529 ], [ 73.7875834, 31.5905871 ], [ 73.7875612, 31.5905866 ], [ 73.7875621, 31.5905564 ], [ 73.7874924, 31.5905549 ], [ 73.787493, 31.5905335 ], [ 73.7873898, 31.5905312 ], [ 73.7873892, 31.5905527 ], [ 73.7870258, 31.5905448 ], [ 73.7870278, 31.5904789 ], [ 73.7870081, 31.5904785 ], [ 73.7870172, 31.5901704 ], [ 73.7869533, 31.590169 ], [ 73.7869539, 31.5901497 ], [ 73.7868925, 31.5901484 ], [ 73.7868919, 31.5901677 ], [ 73.7868531, 31.5901668 ], [ 73.7868536, 31.5901475 ], [ 73.7868129, 31.5901466 ], [ 73.7868142, 31.5901011 ], [ 73.7868505, 31.5901019 ], [ 73.7868561, 31.5899132 ], [ 73.7868914, 31.589914 ], [ 73.786898, 31.5896911 ], [ 73.7868671, 31.5896905 ], [ 73.7868687, 31.5896369 ], [ 73.7869241, 31.5896381 ], [ 73.7869249, 31.5896138 ], [ 73.7870162, 31.5896158 ], [ 73.7870192, 31.5895139 ], [ 73.7870563, 31.5895147 ], [ 73.7870573, 31.5894813 ], [ 73.7870407, 31.5894809 ], [ 73.7870415, 31.5894549 ], [ 73.7871424, 31.5894571 ], [ 73.7871431, 31.5894358 ], [ 73.7872276, 31.5894376 ], [ 73.7872262, 31.5894849 ], [ 73.7873058, 31.5894867 ], [ 73.7873086, 31.5893925 ], [ 73.7873764, 31.589394 ], [ 73.7873797, 31.5892826 ], [ 73.7875015, 31.5892852 ], [ 73.7874988, 31.5893759 ], [ 73.7875273, 31.5893766 ], [ 73.7875258, 31.5894268 ], [ 73.7875597, 31.5894276 ], [ 73.7875634, 31.5892997 ], [ 73.7877037, 31.5893027 ], [ 73.7877082, 31.5891517 ], [ 73.7880544, 31.5891592 ], [ 73.7880355, 31.5898002 ] ], [ [ 73.7875586, 31.5894628 ], [ 73.7875247, 31.5894621 ], [ 73.7875217, 31.5895649 ], [ 73.7875556, 31.5895656 ], [ 73.7875586, 31.5894628 ] ] ] } },
{ "type": "Feature", "properties": { "lead_id": "pakistan-potential-0209", "cell": "0069_0026", "roof_area_m2": 14443.2812, "kwh_per_kwp_yr": 1728.1021737721114, "est_kwp": 2599.79, "est_gwh_yr": 4.4927, "fixme": "Large roof (14443 m2), no detected PV nearby, modelled 1728 kWh/kWp/yr -- a rooftop SITING OPPORTUNITY, not a detection of existing PV; check imagery to confirm the roof is real, accessible and unshaded before treating it as a genuine lead", "imagery_note": "osm=67.76805,26.34170 | bing=https://www.bing.com/maps?cp=26.34170~67.76805&lvl=19&style=a | google=https://www.google.com/maps/@26.34170,67.76805,200m/data=!3m1!1e3" }, "geometry": { "type": "Polygon", "coordinates": [ [ [ 67.768483, 26.3412316 ], [ 67.768486, 26.3412308 ], [ 67.7687525, 26.3419721 ], [ 67.7687483, 26.3419733 ], [ 67.7687513, 26.3419819 ], [ 67.7687198, 26.341991 ], [ 67.7687981, 26.3422088 ], [ 67.7687965, 26.3422093 ], [ 67.768797, 26.3422109 ], [ 67.7686574, 26.3422514 ], [ 67.7686569, 26.34225 ], [ 67.7677408, 26.3425174 ], [ 67.7676588, 26.3422892 ], [ 67.767656, 26.34229 ], [ 67.7673495, 26.3414332 ], [ 67.7673509, 26.3414328 ], [ 67.7673492, 26.341428 ], [ 67.7675938, 26.3413566 ], [ 67.7675956, 26.3413618 ], [ 67.7684416, 26.3411161 ], [ 67.768483, 26.3412316 ] ] ] } },
{ "type": "Feature", "properties": { "lead_id": "pakistan-potential-0210", "cell": "0060_0011", "roof_area_m2": 14301.7589, "kwh_per_kwp_yr": 1741.9294622289076, "est_kwp": 2574.32, "est_gwh_yr": 4.4843, "fixme": "Large roof (14302 m2), no detected PV nearby, modelled 1742 kWh/kWp/yr -- a rooftop SITING OPPORTUNITY, not a detection of existing PV; check imagery to confirm the roof is real, accessible and unshaded before treating it as a genuine lead", "imagery_note": "osm=66.89816,24.87483 | bing=https://www.bing.com/maps?cp=24.87483~66.89816&lvl=19&style=a | google=https://www.google.com/maps/@24.87483,66.89816,200m/data=!3m1!1e3" }, "geometry": { "type": "Polygon", "coordinates": [ [ [ 66.898499, 24.8744531 ], [ 66.8988528, 24.8752011 ], [ 66.8988301, 24.8752101 ], [ 66.8988836, 24.8753235 ], [ 66.8985672, 24.8754478 ], [ 66.8985867, 24.8754892 ], [ 66.8984046, 24.8755608 ], [ 66.898385, 24.8755194 ], [ 66.8982107, 24.8755879 ], [ 66.8981384, 24.8754349 ], [ 66.8979652, 24.8755029 ], [ 66.8974539, 24.8744202 ], [ 66.897887, 24.87425 ], [ 66.8978885, 24.8741649 ], [ 66.898096, 24.8741678 ], [ 66.898322300000018, 24.8740789 ], [ 66.898366100000018, 24.8741716 ], [ 66.8985038, 24.8741736 ], [ 66.898499, 24.8744531 ] ] ] } },
{ "type": "Feature", "properties": { "lead_id": "pakistan-potential-0211", "cell": "0120_0068", "roof_area_m2": 14833.9694, "kwh_per_kwp_yr": 1678.3855524213361, "est_kwp": 2670.11, "est_gwh_yr": 4.4815, "fixme": "Large roof (14834 m2), no detected PV nearby, modelled 1678 kWh/kWp/yr -- a rooftop SITING OPPORTUNITY, not a detection of existing PV; check imagery to confirm the roof is real, accessible and unshaded before treating it as a genuine lead", "imagery_note": "osm=72.86162,30.55857 | bing=https://www.bing.com/maps?cp=30.55857~72.86162&lvl=19&style=a | google=https://www.google.com/maps/@30.55857,72.86162,200m/data=!3m1!1e3" }, "geometry": { "type": "Polygon", "coordinates": [ [ [ 72.8607925, 30.5594001 ], [ 72.8607945, 30.5593039 ], [ 72.8605813, 30.5593028 ], [ 72.8605831, 30.5590461 ], [ 72.8607997, 30.5590475 ], [ 72.8607997, 30.5590447 ], [ 72.8611953, 30.5590498 ], [ 72.8611954, 30.5589439 ], [ 72.8612023, 30.5589439 ], [ 72.8612035, 30.5588841 ], [ 72.8616969, 30.5588916 ], [ 72.8616974, 30.5588683 ], [ 72.8611888, 30.5588599 ], [ 72.8612004, 30.5582899 ], [ 72.8612017, 30.5581205 ], [ 72.8612039, 30.5581206 ], [ 72.861204, 30.5581161 ], [ 72.861667, 30.5581232 ], [ 72.8620477, 30.5581253 ], [ 72.8620476, 30.558129 ], [ 72.8620548, 30.5581291 ], [ 72.8620382, 30.5589444 ], [ 72.8620506, 30.5589444 ], [ 72.8620505, 30.5590466 ], [ 72.86243, 30.5590512 ], [ 72.8625531, 30.55905 ], [ 72.862553300000016, 30.5590513 ], [ 72.8625567, 30.5590513 ], [ 72.8625567, 30.5590543 ], [ 72.8625585, 30.5590543 ], [ 72.8625566, 30.5591472 ], [ 72.8625564, 30.5593145 ], [ 72.8625532, 30.5593145 ], [ 72.862553, 30.5593218 ], [ 72.8622366, 30.559317 ], [ 72.8620897, 30.5593184 ], [ 72.8620893, 30.5593148 ], [ 72.8618327, 30.559314 ], [ 72.8618326, 30.5593258 ], [ 72.8617978, 30.5593256 ], [ 72.8617969, 30.5594018 ], [ 72.8615628, 30.5594003 ], [ 72.8615628, 30.5594183 ], [ 72.8615552, 30.5594183 ], [ 72.8615552, 30.5594198 ], [ 72.8612036, 30.5594176 ], [ 72.8612037, 30.5594063 ], [ 72.8607925, 30.5594001 ] ], [ [ 72.8617275, 30.5588688 ], [ 72.861727, 30.5588921 ], [ 72.8618341, 30.5588933 ], [ 72.8618346, 30.5588698 ], [ 72.8617275, 30.5588688 ] ] ] } },
{ "type": "Feature", "properties": { "lead_id": "pakistan-potential-0212", "cell": "0129_0072", "roof_area_m2": 15119.0678, "kwh_per_kwp_yr": 1642.3032143863193, "est_kwp": 2721.43, "est_gwh_yr": 4.4694, "fixme": "Large roof (15119 m2), no detected PV nearby, modelled 1642 kWh/kWp/yr -- a rooftop SITING OPPORTUNITY, not a detection of existing PV; check imagery to confirm the roof is real, accessible and unshaded before treating it as a genuine lead", "imagery_note": "osm=73.76842,30.95433 | bing=https://www.bing.com/maps?cp=30.95433~73.76842&lvl=19&style=a | google=https://www.google.com/maps/@30.95433,73.76842,200m/data=!3m1!1e3" }, "geometry": { "type": "Polygon", "coordinates": [ [ [ 73.7689057, 30.9551243 ], [ 73.7680429, 30.9551658 ], [ 73.7679373, 30.9535389 ], [ 73.7682833, 30.9535223 ], [ 73.768584, 30.9535078 ], [ 73.7685787, 30.9534261 ], [ 73.7687949, 30.9534156 ], [ 73.7689057, 30.9551243 ] ] ] } },
{ "type": "Feature", "properties": { "lead_id": "pakistan-potential-0213", "cell": "0113_0102", "roof_area_m2": 14701.2848, "kwh_per_kwp_yr": 1687.9907805344985, "est_kwp": 2646.23, "est_gwh_yr": 4.4668, "fixme": "Large roof (14701 m2), no detected PV nearby, modelled 1688 kWh/kWp/yr -- a rooftop SITING OPPORTUNITY, not a detection of existing PV; check imagery to confirm the roof is real, accessible and unshaded before treating it as a genuine lead", "imagery_note": "osm=72.23185,33.97212 | bing=https://www.bing.com/maps?cp=33.97212~72.23185&lvl=19&style=a | google=https://www.google.com/maps/@33.97212,72.23185,200m/data=!3m1!1e3" }, "geometry": { "type": "Polygon", "coordinates": [ [ [ 72.2323459, 33.9713274 ], [ 72.2322815, 33.9724687 ], [ 72.2322598, 33.97291580000001 ], [ 72.2322586, 33.9729182 ], [ 72.2316548, 33.9728969 ], [ 72.2316549, 33.9728956 ], [ 72.2313625, 33.9728859 ], [ 72.2314157, 33.9717754 ], [ 72.2314231, 33.9717756 ], [ 72.2314496, 33.97129120000001 ], [ 72.2323441, 33.9713252 ], [ 72.232344, 33.9713273 ], [ 72.2323459, 33.9713274 ] ] ] } },
{ "type": "Feature", "properties": { "lead_id": "pakistan-potential-0214", "cell": "0061_0011", "roof_area_m2": 14249.8339, "kwh_per_kwp_yr": 1739.5442802503094, "est_kwp": 2564.97, "est_gwh_yr": 4.4619, "fixme": "Large roof (14250 m2), no detected PV nearby, modelled 1740 kWh/kWp/yr -- a rooftop SITING OPPORTUNITY, not a detection of existing PV; check imagery to confirm the roof is real, accessible and unshaded before treating it as a genuine lead", "imagery_note": "osm=66.97130,24.83573 | bing=https://www.bing.com/maps?cp=24.83573~66.97130&lvl=19&style=a | google=https://www.google.com/maps/@24.83573,66.97130,200m/data=!3m1!1e3" }, "geometry": { "type": "Polygon", "coordinates": [ [ [ 66.9709053, 24.836143 ], [ 66.9703867, 24.8353022 ], [ 66.9706685, 24.8351575 ], [ 66.970720500000013, 24.8352418 ], [ 66.9707431, 24.8352302 ], [ 66.9708132, 24.8353438 ], [ 66.9707906, 24.8353554 ], [ 66.9708955, 24.8355256 ], [ 66.9709156, 24.8355153 ], [ 66.970917, 24.8354279 ], [ 66.9708359, 24.8352964 ], [ 66.9709346, 24.8352458 ], [ 66.9709789, 24.8353175 ], [ 66.9710091, 24.835302 ], [ 66.9710243, 24.8353266 ], [ 66.9710571, 24.8353103 ], [ 66.971116, 24.8354092 ], [ 66.9711644, 24.8353851 ], [ 66.9711069, 24.8352886 ], [ 66.9711327, 24.8352758 ], [ 66.9711456, 24.8352975 ], [ 66.9711817, 24.8352796 ], [ 66.9711673, 24.8352556 ], [ 66.971333, 24.8351734 ], [ 66.9713474, 24.8351974 ], [ 66.9713868, 24.8351779 ], [ 66.9714147, 24.8352247 ], [ 66.9714748, 24.8351949 ], [ 66.9715155, 24.8352632 ], [ 66.9715353, 24.8352531 ], [ 66.971545100000014, 24.8352689 ], [ 66.9715641, 24.8352594 ], [ 66.9715748, 24.8352773 ], [ 66.9715944, 24.8352675 ], [ 66.9716215, 24.8353131 ], [ 66.9716716, 24.8352882 ], [ 66.9720616, 24.8359426 ], [ 66.9720115, 24.8359675 ], [ 66.9719974, 24.8359438 ], [ 66.9719168, 24.8359838 ], [ 66.971930900000018, 24.8360075 ], [ 66.9719155, 24.8360151 ], [ 66.9720484, 24.8362305 ], [ 66.971897, 24.8363082 ], [ 66.9718636, 24.8362541 ], [ 66.971694, 24.8363413 ], [ 66.9716956, 24.8363439 ], [ 66.971536, 24.8364259 ], [ 66.9715184, 24.8363974 ], [ 66.9715162, 24.8363985 ], [ 66.9715049, 24.8363797 ], [ 66.9714236, 24.8364201 ], [ 66.9713952, 24.8363725 ], [ 66.971389200000019, 24.8363756 ], [ 66.9713885, 24.8363745 ], [ 66.9713677, 24.8363849 ], [ 66.971347800000018, 24.8363514 ], [ 66.9713231, 24.8363637 ], [ 66.9712771, 24.8362865 ], [ 66.9713018, 24.8362742 ], [ 66.9712647, 24.836212 ], [ 66.9713525, 24.8361684 ], [ 66.9713298, 24.8361303 ], [ 66.9711697, 24.8362097 ], [ 66.9711692, 24.8362407 ], [ 66.9711104, 24.8362399 ], [ 66.971, 24.8362966 ], [ 66.9709893, 24.8362792 ], [ 66.9709575, 24.8362787 ], [ 66.970958400000015, 24.8362291 ], [ 66.9709109, 24.8361521 ], [ 66.9709051, 24.836152 ], [ 66.9709053, 24.836143 ] ] ] } },
{ "type": "Feature", "properties": { "lead_id": "pakistan-potential-0215", "cell": "0060_0013", "roof_area_m2": 14067.3399, "kwh_per_kwp_yr": 1745.5864311932432, "est_kwp": 2532.12, "est_gwh_yr": 4.42, "fixme": "Large roof (14067 m2), no detected PV nearby, modelled 1746 kWh/kWp/yr -- a rooftop SITING OPPORTUNITY, not a detection of existing PV; check imagery to confirm the roof is real, accessible and unshaded before treating it as a genuine lead", "imagery_note": "osm=66.87535,25.05785 | bing=https://www.bing.com/maps?cp=25.05785~66.87535&lvl=19&style=a | google=https://www.google.com/maps/@25.05785,66.87535,200m/data=!3m1!1e3" }, "geometry": { "type": "Polygon", "coordinates": [ [ [ 66.8749258, 25.0573283 ], [ 66.87598, 25.0573525 ], [ 66.8759517, 25.0583739 ], [ 66.8747228, 25.0583456 ], [ 66.8747511, 25.0573243 ], [ 66.8749258, 25.0573283 ] ] ] } },
{ "type": "Feature", "properties": { "lead_id": "pakistan-potential-0216", "cell": "0131_0075", "roof_area_m2": 15109.92, "kwh_per_kwp_yr": 1625.0111268281321, "est_kwp": 2719.79, "est_gwh_yr": 4.4197, "fixme": "Large roof (15110 m2), no detected PV nearby, modelled 1625 kWh/kWp/yr -- a rooftop SITING OPPORTUNITY, not a detection of existing PV; check imagery to confirm the roof is real, accessible and unshaded before treating it as a genuine lead", "imagery_note": "osm=74.01497,31.25078 | bing=https://www.bing.com/maps?cp=31.25078~74.01497&lvl=19&style=a | google=https://www.google.com/maps/@31.25078,74.01497,200m/data=!3m1!1e3" }, "geometry": { "type": "Polygon", "coordinates": [ [ [ 74.0143378, 31.2514522 ], [ 74.0139104, 31.2509688 ], [ 74.0143577, 31.250677 ], [ 74.01472, 31.2504407 ], [ 74.0147508, 31.2504753 ], [ 74.0147863, 31.2504522 ], [ 74.0147876, 31.2504536 ], [ 74.0147903, 31.2504518 ], [ 74.0147606, 31.2504181 ], [ 74.0152998, 31.2500683 ], [ 74.0153322, 31.250105 ], [ 74.0153791, 31.2500748 ], [ 74.0153467, 31.2500369 ], [ 74.0153979, 31.2500036 ], [ 74.0156797, 31.2503234 ], [ 74.015753700000019, 31.2502753 ], [ 74.01589, 31.25043 ], [ 74.0157648, 31.2505114 ], [ 74.0158867, 31.2506498 ], [ 74.0157709, 31.2507251 ], [ 74.0157902, 31.250747 ], [ 74.0156645, 31.2508291 ], [ 74.0156457, 31.2508079 ], [ 74.0145258, 31.2515384 ], [ 74.0144072, 31.2514041 ], [ 74.0143792, 31.2514224 ], [ 74.014381, 31.2514244 ], [ 74.0143378, 31.2514522 ] ] ] } },
{ "type": "Feature", "properties": { "lead_id": "pakistan-potential-0217", "cell": "0113_0060", "roof_area_m2": 14397.5926, "kwh_per_kwp_yr": 1700.0537427605057, "est_kwp": 2591.57, "est_gwh_yr": 4.4058, "fixme": "Large roof (14398 m2), no detected PV nearby, modelled 1700 kWh/kWp/yr -- a rooftop SITING OPPORTUNITY, not a detection of existing PV; check imagery to confirm the roof is real, accessible and unshaded before treating it as a genuine lead", "imagery_note": "osm=72.18941,29.71244 | bing=https://www.bing.com/maps?cp=29.71244~72.18941&lvl=19&style=a | google=https://www.google.com/maps/@29.71244,72.18941,200m/data=!3m1!1e3" }, "geometry": { "type": "Polygon", "coordinates": [ [ [ 72.1893707, 29.7118217 ], [ 72.1893705, 29.7118285 ], [ 72.1900488, 29.7118455 ], [ 72.1900398, 29.7121201 ], [ 72.1900196, 29.7129012 ], [ 72.1900178, 29.7129012 ], [ 72.1900176, 29.7129077 ], [ 72.1893378, 29.7128935 ], [ 72.1893375, 29.7129038 ], [ 72.1887732, 29.7128913 ], [ 72.188777300000012, 29.7127519 ], [ 72.1887742, 29.7127519 ], [ 72.1888033, 29.7118561 ], [ 72.1888044, 29.7118561 ], [ 72.1888064, 29.7117943 ], [ 72.1889164, 29.7117971 ], [ 72.1891401, 29.711803 ], [ 72.1891396, 29.7118157 ], [ 72.1893707, 29.7118217 ] ] ] } },
{ "type": "Feature", "properties": { "lead_id": "pakistan-potential-0218", "cell": "0063_0011", "roof_area_m2": 14087.7652, "kwh_per_kwp_yr": 1736.5380861128181, "est_kwp": 2535.8, "est_gwh_yr": 4.4035, "fixme": "Large roof (14088 m2), no detected PV nearby, modelled 1737 kWh/kWp/yr -- a rooftop SITING OPPORTUNITY, not a detection of existing PV; check imagery to confirm the roof is real, accessible and unshaded before treating it as a genuine lead", "imagery_note": "osm=67.17825,24.88738 | bing=https://www.bing.com/maps?cp=24.88738~67.17825&lvl=19&style=a | google=https://www.google.com/maps/@24.88738,67.17825,200m/data=!3m1!1e3" }, "geometry": { "type": "Polygon", "coordinates": [ [ [ 67.1783889, 24.8869768 ], [ 67.1784544, 24.8869779 ], [ 67.1784556, 24.8869259 ], [ 67.1785679, 24.886928 ], [ 67.1785684, 24.8869041 ], [ 67.1788957, 24.8869099 ], [ 67.1788925, 24.8870731 ], [ 67.1789286, 24.8870738 ], [ 67.178929, 24.8870803 ], [ 67.178931, 24.8870803 ], [ 67.1789241, 24.8874671 ], [ 67.1789198, 24.887467 ], [ 67.178914800000015, 24.8876873 ], [ 67.1789169, 24.8876874 ], [ 67.1789098, 24.88791 ], [ 67.1774653, 24.8878829 ], [ 67.1774653, 24.8878809 ], [ 67.1773451, 24.8878787 ], [ 67.1773496, 24.8876642 ], [ 67.1774069, 24.8876652 ], [ 67.1774079, 24.8876244 ], [ 67.1774502, 24.8876252 ], [ 67.1774547, 24.8874309 ], [ 67.1774755, 24.8874313 ], [ 67.1774755, 24.8874297 ], [ 67.1775754, 24.8874316 ], [ 67.1775776, 24.8873343 ], [ 67.1775391, 24.8873336 ], [ 67.1775392, 24.8873306 ], [ 67.1775379, 24.8873306 ], [ 67.1775397, 24.887254 ], [ 67.1776547, 24.8872562 ], [ 67.1776593, 24.88705 ], [ 67.1781463, 24.8870591 ], [ 67.1781462, 24.8870641 ], [ 67.1781484, 24.8870647 ], [ 67.1781466, 24.8871458 ], [ 67.178269, 24.8871478 ], [ 67.1782703, 24.8870795 ], [ 67.1782723, 24.8870795 ], [ 67.1782727, 24.8870615 ], [ 67.1783867, 24.8870637 ], [ 67.1783889, 24.8869768 ] ] ] } },
{ "type": "Feature", "properties": { "lead_id": "pakistan-potential-0219", "cell": "0119_0090", "roof_area_m2": 14620.1139, "kwh_per_kwp_yr": 1671.0636123304394, "est_kwp": 2631.62, "est_gwh_yr": 4.3976, "fixme": "Large roof (14620 m2), no detected PV nearby, modelled 1671 kWh/kWp/yr -- a rooftop SITING OPPORTUNITY, not a detection of existing PV; check imagery to confirm the roof is real, accessible and unshaded before treating it as a genuine lead", "imagery_note": "osm=72.80985,32.72974 | bing=https://www.bing.com/maps?cp=32.72974~72.80985&lvl=19&style=a | google=https://www.google.com/maps/@32.72974,72.80985,200m/data=!3m1!1e3" }, "geometry": { "type": "Polygon", "coordinates": [ [ [ 72.8100917, 32.7289633 ], [ 72.810611, 32.7302028 ], [ 72.8106093, 32.7302036 ], [ 72.8106117, 32.7302096 ], [ 72.810512, 32.7302383 ], [ 72.81051, 32.7302333 ], [ 72.8095984, 32.7305081 ], [ 72.8093848, 32.730002 ], [ 72.809387, 32.730002 ], [ 72.809169, 32.7294817 ], [ 72.8091704, 32.7294813 ], [ 72.8091672, 32.7294735 ], [ 72.8092071, 32.7294615 ], [ 72.8091203, 32.729254 ], [ 72.8100917, 32.7289633 ] ] ] } },
{ "type": "Feature", "properties": { "lead_id": "pakistan-potential-0220", "cell": "0069_0010", "roof_area_m2": 14127.6074, "kwh_per_kwp_yr": 1729.1267662283067, "est_kwp": 2542.97, "est_gwh_yr": 4.3971, "fixme": "Large roof (14128 m2), no detected PV nearby, modelled 1729 kWh/kWp/yr -- a rooftop SITING OPPORTUNITY, not a detection of existing PV; check imagery to confirm the roof is real, accessible and unshaded before treating it as a genuine lead", "imagery_note": "osm=67.80664,24.80033 | bing=https://www.bing.com/maps?cp=24.80033~67.80664&lvl=19&style=a | google=https://www.google.com/maps/@24.80033,67.80664,200m/data=!3m1!1e3" }, "geometry": { "type": "Polygon", "coordinates": [ [ [ 67.807351449780597, 24.799903097008901 ], [ 67.807050767238096, 24.800948086193795 ], [ 67.806386680614693, 24.800788868089001 ], [ 67.806367534168402, 24.800855407579601 ], [ 67.805932545309204, 24.800751115002399 ], [ 67.806252382884594, 24.799639588882499 ], [ 67.807351449780597, 24.799903097008901 ] ] ] } },
{ "type": "Feature", "properties": { "lead_id": "pakistan-potential-0221", "cell": "0126_0081", "roof_area_m2": 15252.0775, "kwh_per_kwp_yr": 1599.7452136179381, "est_kwp": 2745.37, "est_gwh_yr": 4.3919, "fixme": "Large roof (15252 m2), no detected PV nearby, modelled 1600 kWh/kWp/yr -- a rooftop SITING OPPORTUNITY, not a detection of existing PV; check imagery to confirm the roof is real, accessible and unshaded before treating it as a genuine lead", "imagery_note": "osm=73.48597,31.90194 | bing=https://www.bing.com/maps?cp=31.90194~73.48597&lvl=19&style=a | google=https://www.google.com/maps/@31.90194,73.48597,200m/data=!3m1!1e3" }, "geometry": { "type": "Polygon", "coordinates": [ [ [ 73.4848346, 31.902274 ], [ 73.4845774, 31.9023043 ], [ 73.484577, 31.902302 ], [ 73.4840701, 31.902357 ], [ 73.4840155, 31.9019905 ], [ 73.4840219, 31.9019898 ], [ 73.4840222, 31.9019753 ], [ 73.4841406, 31.9019769 ], [ 73.4847103, 31.9019151 ], [ 73.4858313, 31.901782 ], [ 73.4858308, 31.9017788 ], [ 73.4861283, 31.9017439 ], [ 73.4873785, 31.901592 ], [ 73.4873694, 31.9015375 ], [ 73.4875688, 31.9015133 ], [ 73.4875779, 31.9015678 ], [ 73.4878114, 31.9015394 ], [ 73.4878125, 31.9015462 ], [ 73.4878146, 31.901546 ], [ 73.4878686, 31.901881 ], [ 73.4878827, 31.9018793 ], [ 73.487886, 31.9018995 ], [ 73.4872545, 31.9019736 ], [ 73.4869433, 31.9020114 ], [ 73.4869452, 31.9020232 ], [ 73.4862846, 31.9021016 ], [ 73.4862961, 31.9021731 ], [ 73.4862949, 31.9021745 ], [ 73.4860347, 31.9022054 ], [ 73.4860228, 31.9021327 ], [ 73.4856267, 31.9021797 ], [ 73.4856279, 31.9021879 ], [ 73.4849468, 31.9022619 ], [ 73.4849466, 31.9022754 ], [ 73.4848346, 31.902274 ] ] ] } },
{ "type": "Feature", "properties": { "lead_id": "pakistan-potential-0222", "cell": "0063_0011", "roof_area_m2": 14018.3969, "kwh_per_kwp_yr": 1737.3670657647049, "est_kwp": 2523.31, "est_gwh_yr": 4.3839, "fixme": "Large roof (14018 m2), no detected PV nearby, modelled 1737 kWh/kWp/yr -- a rooftop SITING OPPORTUNITY, not a detection of existing PV; check imagery to confirm the roof is real, accessible and unshaded before treating it as a genuine lead", "imagery_note": "osm=67.15141,24.90567 | bing=https://www.bing.com/maps?cp=24.90567~67.15141&lvl=19&style=a | google=https://www.google.com/maps/@24.90567,67.15141,200m/data=!3m1!1e3" }, "geometry": { "type": "Polygon", "coordinates": [ [ [ 67.1501783, 24.9055949 ], [ 67.1501648, 24.9055914 ], [ 67.150247, 24.9053259 ], [ 67.1502134, 24.9053173 ], [ 67.1502177, 24.9053033 ], [ 67.1501866, 24.9052953 ], [ 67.1502327, 24.9051467 ], [ 67.1503179, 24.9051687 ], [ 67.150331, 24.9051264 ], [ 67.1523886, 24.9056565 ], [ 67.15234, 24.9058136 ], [ 67.1524568, 24.9058437 ], [ 67.1523491, 24.9061916 ], [ 67.152117500000017, 24.9061319 ], [ 67.1521073, 24.9061648 ], [ 67.1507608, 24.9058179 ], [ 67.1507501, 24.9058527 ], [ 67.150616, 24.9058181 ], [ 67.1506002, 24.905869 ], [ 67.1505222, 24.9058489 ], [ 67.1505379, 24.905798 ], [ 67.1504884, 24.9057853 ], [ 67.1504992, 24.9057505 ], [ 67.1504485, 24.9057374 ], [ 67.150468, 24.9056748 ], [ 67.150177, 24.9055991 ], [ 67.1501783, 24.9055949 ] ] ] } },
{ "type": "Feature", "properties": { "lead_id": "pakistan-potential-0223", "cell": "0066_0010", "roof_area_m2": 14066.5506, "kwh_per_kwp_yr": 1729.0044923968085, "est_kwp": 2531.98, "est_gwh_yr": 4.3778, "fixme": "Large roof (14067 m2), no detected PV nearby, modelled 1729 kWh/kWp/yr -- a rooftop SITING OPPORTUNITY, not a detection of existing PV; check imagery to confirm the roof is real, accessible and unshaded before treating it as a genuine lead", "imagery_note": "osm=67.51545,24.73698 | bing=https://www.bing.com/maps?cp=24.73698~67.51545&lvl=19&style=a | google=https://www.google.com/maps/@24.73698,67.51545,200m/data=!3m1!1e3" }, "geometry": { "type": "Polygon", "coordinates": [ [ [ 67.516610317932106, 24.736900197365703 ], [ 67.516490974536694, 24.737465755397999 ], [ 67.515940087682793, 24.737368793217399 ], [ 67.515945635681007, 24.737342502409099 ], [ 67.514283756385495, 24.737049980222004 ], [ 67.514397560892206, 24.736510715108704 ], [ 67.516610317932106, 24.736900197365703 ] ] ] } },
{ "type": "Feature", "properties": { "lead_id": "pakistan-potential-0224", "cell": "0075_0016", "roof_area_m2": 13996.3561, "kwh_per_kwp_yr": 1733.9997895694028, "est_kwp": 2519.34, "est_gwh_yr": 4.3685, "fixme": "Large roof (13996 m2), no detected PV nearby, modelled 1734 kWh/kWp/yr -- a rooftop SITING OPPORTUNITY, not a detection of existing PV; check imagery to confirm the roof is real, accessible and unshaded before treating it as a genuine lead", "imagery_note": "osm=68.34195,25.37249 | bing=https://www.bing.com/maps?cp=25.37249~68.34195&lvl=19&style=a | google=https://www.google.com/maps/@25.37249,68.34195,200m/data=!3m1!1e3" }, "geometry": { "type": "Polygon", "coordinates": [ [ [ 68.3412055, 25.3726815 ], [ 68.3412057, 25.372666 ], [ 68.3414087, 25.3726689 ], [ 68.3414088, 25.3726637 ], [ 68.3414112, 25.3726637 ], [ 68.3414112, 25.3726625 ], [ 68.3414096, 25.3726625 ], [ 68.3414098, 25.3726524 ], [ 68.3413903, 25.3726522 ], [ 68.3413913, 25.372563 ], [ 68.341412, 25.3725631 ], [ 68.3414162, 25.3723724 ], [ 68.3410535, 25.3723675 ], [ 68.3410494, 25.3723669 ], [ 68.3410494, 25.3723642 ], [ 68.3410479, 25.3723642 ], [ 68.3410507, 25.372244 ], [ 68.3414156, 25.372251 ], [ 68.3414199, 25.3719856 ], [ 68.3422429, 25.3719967 ], [ 68.3422431, 25.3719778 ], [ 68.3422841, 25.3719782 ], [ 68.3422838, 25.3719972 ], [ 68.3423096, 25.3719975 ], [ 68.3423098, 25.3719785 ], [ 68.3424219, 25.3719796 ], [ 68.3424221, 25.3719672 ], [ 68.3425023, 25.3719683 ], [ 68.3424964, 25.3723296 ], [ 68.3423927, 25.3723282 ], [ 68.342392, 25.3723855 ], [ 68.342495500000012, 25.3723869 ], [ 68.3424951, 25.3724136 ], [ 68.3424962, 25.3724136 ], [ 68.3424944, 25.3725627 ], [ 68.342535, 25.3725631 ], [ 68.3425303, 25.3729724 ], [ 68.3419859, 25.3729672 ], [ 68.3419859, 25.37297 ], [ 68.3414967, 25.3729632 ], [ 68.3414959, 25.3730087 ], [ 68.3414975, 25.3730087 ], [ 68.3414964, 25.3731019 ], [ 68.3413852, 25.3731009 ], [ 68.3413858, 25.3730454 ], [ 68.3414047, 25.3730455 ], [ 68.3414048, 25.3730421 ], [ 68.3414139, 25.3730423 ], [ 68.341414, 25.3730339 ], [ 68.3414095, 25.3730338 ], [ 68.3414109, 25.3729758 ], [ 68.3413407, 25.3729744 ], [ 68.3413408, 25.3729284 ], [ 68.3412034, 25.3729257 ], [ 68.3412027, 25.3729675 ], [ 68.341001800000015, 25.3729648 ], [ 68.341001800000015, 25.3729631 ], [ 68.3409078, 25.3729618 ], [ 68.3409112, 25.3727659 ], [ 68.3410045, 25.3727672 ], [ 68.3410046, 25.3727607 ], [ 68.3411302, 25.3727619 ], [ 68.3411319, 25.3726809 ], [ 68.3412055, 25.3726815 ] ] ] } },
{ "type": "Feature", "properties": { "lead_id": "pakistan-potential-0225", "cell": "0098_0062", "roof_area_m2": 14168.8432, "kwh_per_kwp_yr": 1712.0265056939531, "est_kwp": 2550.39, "est_gwh_yr": 4.3663, "fixme": "Large roof (14169 m2), no detected PV nearby, modelled 1712 kWh/kWp/yr -- a rooftop SITING OPPORTUNITY, not a detection of existing PV; check imagery to confirm the roof is real, accessible and unshaded before treating it as a genuine lead", "imagery_note": "osm=70.66750,29.98654 | bing=https://www.bing.com/maps?cp=29.98654~70.66750&lvl=19&style=a | google=https://www.google.com/maps/@29.98654,70.66750,200m/data=!3m1!1e3" }, "geometry": { "type": "Polygon", "coordinates": [ [ [ 70.6668439, 29.9861887 ], [ 70.6671995, 29.9861855 ], [ 70.6671985, 29.9861001 ], [ 70.667345, 29.9860987 ], [ 70.6673453, 29.9861269 ], [ 70.6673811, 29.9861265 ], [ 70.6673808, 29.9860984 ], [ 70.6677799, 29.9860948 ], [ 70.6677802, 29.9861229 ], [ 70.6678365, 29.9861224 ], [ 70.6678362, 29.9860943 ], [ 70.6680527, 29.9860923 ], [ 70.668053, 29.9861205 ], [ 70.6680924, 29.9861201 ], [ 70.668092, 29.986092 ], [ 70.668435, 29.9860889 ], [ 70.6684372, 29.9862729 ], [ 70.668454, 29.9862728 ], [ 70.6684604, 29.9868138 ], [ 70.6665491, 29.9868311 ], [ 70.6665414, 29.9861914 ], [ 70.6668439, 29.9861887 ] ] ] } },
{ "type": "Feature", "properties": { "lead_id": "pakistan-potential-0226", "cell": "0124_0078", "roof_area_m2": 14976.3471, "kwh_per_kwp_yr": 1619.6032612153797, "est_kwp": 2695.74, "est_gwh_yr": 4.366, "fixme": "Large roof (14976 m2), no detected PV nearby, modelled 1620 kWh/kWp/yr -- a rooftop SITING OPPORTUNITY, not a detection of existing PV; check imagery to confirm the roof is real, accessible and unshaded before treating it as a genuine lead", "imagery_note": "osm=73.24812,31.51277 | bing=https://www.bing.com/maps?cp=31.51277~73.24812&lvl=19&style=a | google=https://www.google.com/maps/@31.51277,73.24812,200m/data=!3m1!1e3" }, "geometry": { "type": "Polygon", "coordinates": [ [ [ 73.248543261088599, 31.511998777676208 ], [ 73.2488637187205, 31.512732813573205 ], [ 73.248637070516011, 31.512805435023601 ], [ 73.248788724771003, 31.513152810102397 ], [ 73.247789965350194, 31.513472821222596 ], [ 73.247317865311004, 31.512391406467803 ], [ 73.248543261088599, 31.511998777676208 ] ] ] } },
{ "type": "Feature", "properties": { "lead_id": "pakistan-potential-0227", "cell": "0093_0055", "roof_area_m2": 14117.1825, "kwh_per_kwp_yr": 1714.6621042954987, "est_kwp": 2541.09, "est_gwh_yr": 4.3571, "fixme": "Large roof (14117 m2), no detected PV nearby, modelled 1715 kWh/kWp/yr -- a rooftop SITING OPPORTUNITY, not a detection of existing PV; check imagery to confirm the roof is real, accessible and unshaded before treating it as a genuine lead", "imagery_note": "osm=70.18355,29.25350 | bing=https://www.bing.com/maps?cp=29.25350~70.18355&lvl=19&style=a | google=https://www.google.com/maps/@29.25350,70.18355,200m/data=!3m1!1e3" }, "geometry": { "type": "Polygon", "coordinates": [ [ [ 70.1844881, 29.2555882 ], [ 70.183818, 29.2543429 ], [ 70.1837119, 29.2541549 ], [ 70.1837159, 29.2541532 ], [ 70.1837164, 29.2541516 ], [ 70.1831802, 29.2531523 ], [ 70.1831851, 29.2531502 ], [ 70.18263, 29.2521023 ], [ 70.1826977, 29.2520747 ], [ 70.1826223, 29.2519324 ], [ 70.1827782, 29.2518689 ], [ 70.1828536, 29.2520112 ], [ 70.1829282, 29.2519808 ], [ 70.1839152, 29.253844 ], [ 70.1839133, 29.2538448 ], [ 70.1844872, 29.2549143 ], [ 70.1844851, 29.2549152 ], [ 70.1847819, 29.2554666 ], [ 70.1847159, 29.2554939 ], [ 70.1847566, 29.2555695 ], [ 70.184568, 29.2556476 ], [ 70.1845273, 29.255572 ], [ 70.1844881, 29.2555882 ] ] ] } },
{ "type": "Feature", "properties": { "lead_id": "pakistan-potential-0228", "cell": "0059_0017", "roof_area_m2": 13798.0102, "kwh_per_kwp_yr": 1752.4218301809015, "est_kwp": 2483.64, "est_gwh_yr": 4.3524, "fixme": "Large roof (13798 m2), no detected PV nearby, modelled 1752 kWh/kWp/yr -- a rooftop SITING OPPORTUNITY, not a detection of existing PV; check imagery to confirm the roof is real, accessible and unshaded before treating it as a genuine lead", "imagery_note": "osm=66.76114,25.41436 | bing=https://www.bing.com/maps?cp=25.41436~66.76114&lvl=19&style=a | google=https://www.google.com/maps/@25.41436,66.76114,200m/data=!3m1!1e3" }, "geometry": { "type": "Polygon", "coordinates": [ [ [ 66.761771798501499, 25.41434009325479 ], [ 66.761708134016658, 25.414315720251537 ], [ 66.761676331055241, 25.414383492274961 ], [ 66.761766452522807, 25.414417993920637 ], [ 66.76174878989768, 25.414737239560704 ], [ 66.761685187935825, 25.414775499947257 ], [ 66.761632530831392, 25.41470408816177 ], [ 66.761330497730825, 25.415051085095183 ], [ 66.761421933801373, 25.415175087220074 ], [ 66.760535860687256, 25.415135093597566 ], [ 66.760886331208738, 25.41473244852552 ], [ 66.760709536602334, 25.414492685402273 ], [ 66.760702104467398, 25.41449715628595 ], [ 66.760558746837788, 25.414302738965656 ], [ 66.761055702307999, 25.414325169606865 ], [ 66.760851903590094, 25.414247148264927 ], [ 66.760856044870295, 25.414244657026483 ], [ 66.760870014869056, 25.413992153327627 ], [ 66.761695631055787, 25.414029418531733 ], [ 66.761634650727729, 25.413946718556154 ], [ 66.761698489544557, 25.413949600001313 ], [ 66.76170077341186, 25.413908319693856 ], [ 66.761571217436313, 25.413858720928374 ], [ 66.761597818834829, 25.413802033177181 ], [ 66.761648245755595, 25.413837841665629 ], [ 66.761539579610101, 25.413690471119221 ], [ 66.761801796252271, 25.413702306621389 ], [ 66.761612366686876, 25.413629785925266 ], [ 66.761655943004271, 25.41360357191461 ], [ 66.761661286077455, 25.413506996956336 ], [ 66.762152338256413, 25.413529161292185 ], [ 66.761771798501499, 25.41434009325479 ] ] ] } },
{ "type": "Feature", "properties": { "lead_id": "pakistan-potential-0229", "cell": "0118_0064", "roof_area_m2": 14311.263, "kwh_per_kwp_yr": 1689.4028289356424, "est_kwp": 2576.03, "est_gwh_yr": 4.352, "fixme": "Large roof (14311 m2), no detected PV nearby, modelled 1689 kWh/kWp/yr -- a rooftop SITING OPPORTUNITY, not a detection of existing PV; check imagery to confirm the roof is real, accessible and unshaded before treating it as a genuine lead", "imagery_note": "osm=72.69183,30.15512 | bing=https://www.bing.com/maps?cp=30.15512~72.69183&lvl=19&style=a | google=https://www.google.com/maps/@30.15512,72.69183,200m/data=!3m1!1e3" }, "geometry": { "type": "Polygon", "coordinates": [ [ [ 72.6920158, 30.1547767 ], [ 72.6920311, 30.154848 ], [ 72.6921935, 30.1548237 ], [ 72.6921938, 30.1548133 ], [ 72.6922044, 30.1548135 ], [ 72.6922015, 30.1548002 ], [ 72.6922463, 30.154793 ], [ 72.6922509, 30.1548143 ], [ 72.6923429, 30.154800699999988 ], [ 72.6923463, 30.154816 ], [ 72.692352, 30.1548161 ], [ 72.6923514, 30.1548399 ], [ 72.6923543, 30.1548534 ], [ 72.692373700000019, 30.1548537 ], [ 72.6923718, 30.1549359 ], [ 72.6923843, 30.1549947 ], [ 72.6924003, 30.154995 ], [ 72.6923987, 30.155063 ], [ 72.6924063, 30.1550988 ], [ 72.6924281, 30.1550992 ], [ 72.6924264, 30.1551736 ], [ 72.692707, 30.1551785 ], [ 72.6929372, 30.1551417 ], [ 72.6929459, 30.1551827 ], [ 72.6929716, 30.1551832 ], [ 72.6929691, 30.1552921 ], [ 72.6930053, 30.1554629 ], [ 72.6916306, 30.1556831 ], [ 72.6913002, 30.1557412 ], [ 72.69126780000002, 30.155602200000011 ], [ 72.69134050000001, 30.1555894 ], [ 72.691295, 30.1553747 ], [ 72.6912812, 30.1553745 ], [ 72.6912826, 30.155316 ], [ 72.6912668, 30.1552418 ], [ 72.6912588, 30.1552416 ], [ 72.6912596, 30.1552078 ], [ 72.6912447, 30.1551374 ], [ 72.6912238, 30.155137 ], [ 72.6912259, 30.1550487 ], [ 72.6912156, 30.1550003 ], [ 72.6912036, 30.1550001 ], [ 72.6912048, 30.1549493 ], [ 72.6911966, 30.1549107 ], [ 72.6911873, 30.1549105 ], [ 72.6911883, 30.1548714 ], [ 72.6911801, 30.1548331 ], [ 72.6911576, 30.1548327 ], [ 72.6911598, 30.1547373 ], [ 72.6911364, 30.154627 ], [ 72.6911259, 30.1546268 ], [ 72.6911275, 30.1545585 ], [ 72.691463, 30.1545644 ], [ 72.6918169, 30.1545077 ], [ 72.6918397, 30.1546153 ], [ 72.6918583, 30.1546156 ], [ 72.691856500000014, 30.1546942 ], [ 72.6918735, 30.1547745 ], [ 72.6918777, 30.1547746 ], [ 72.6918773, 30.1547925 ], [ 72.6918885, 30.1548455 ], [ 72.6919506, 30.15484660000001 ], [ 72.6919392, 30.1547886 ], [ 72.6920158, 30.1547767 ] ] ] } },
{ "type": "Feature", "properties": { "lead_id": "pakistan-potential-0230", "cell": "0075_0016", "roof_area_m2": 13944.1569, "kwh_per_kwp_yr": 1733.765727634544, "est_kwp": 2509.95, "est_gwh_yr": 4.3517, "fixme": "Large roof (13944 m2), no detected PV nearby, modelled 1734 kWh/kWp/yr -- a rooftop SITING OPPORTUNITY, not a detection of existing PV; check imagery to confirm the roof is real, accessible and unshaded before treating it as a genuine lead", "imagery_note": "osm=68.38458,25.36732 | bing=https://www.bing.com/maps?cp=25.36732~68.38458&lvl=19&style=a | google=https://www.google.com/maps/@25.36732,68.38458,200m/data=!3m1!1e3" }, "geometry": { "type": "Polygon", "coordinates": [ [ [ 68.3841667, 25.3678994 ], [ 68.3841263, 25.3678584 ], [ 68.3841228, 25.3678606 ], [ 68.3838758, 25.3676037 ], [ 68.38376, 25.367486 ], [ 68.3837615, 25.3674848 ], [ 68.3837266, 25.3674486 ], [ 68.3840288, 25.3672085 ], [ 68.3840269, 25.3672065 ], [ 68.384158, 25.3671036 ], [ 68.3846262, 25.3667234 ], [ 68.3846775, 25.3667755 ], [ 68.3847103, 25.3667494 ], [ 68.3847113, 25.3667504 ], [ 68.3847201, 25.3667433 ], [ 68.3847255, 25.3667487 ], [ 68.3847297, 25.3667454 ], [ 68.3847398, 25.366756 ], [ 68.3847776, 25.366726 ], [ 68.3847815, 25.36673 ], [ 68.3847838, 25.3667282 ], [ 68.3848065, 25.3667519 ], [ 68.3848672, 25.3667039 ], [ 68.3850217, 25.3668651 ], [ 68.3849913, 25.3668898 ], [ 68.3851522, 25.367055 ], [ 68.385151, 25.3670561 ], [ 68.385173, 25.367079 ], [ 68.3852039, 25.3670545 ], [ 68.3854168, 25.3672762 ], [ 68.3853143, 25.3673575 ], [ 68.3851529, 25.3671894 ], [ 68.3853256, 25.3673716 ], [ 68.3851884, 25.3674794 ], [ 68.385191, 25.3674821 ], [ 68.3851024, 25.367554 ], [ 68.3851691, 25.3676246 ], [ 68.3851257, 25.3676244 ], [ 68.385112, 25.3676355 ], [ 68.3851911, 25.3677159 ], [ 68.3849457, 25.3679151 ], [ 68.3848967, 25.3678653 ], [ 68.384783, 25.3679577 ], [ 68.3846804, 25.3678534 ], [ 68.3846325, 25.367892 ], [ 68.3846302, 25.3678926 ], [ 68.384525, 25.3677856 ], [ 68.3842636, 25.3679979 ], [ 68.3841693, 25.3679021 ], [ 68.3841667, 25.3679042 ], [ 68.3841667, 25.3678994 ] ] ] } },
{ "type": "Feature", "properties": { "lead_id": "pakistan-potential-0231", "cell": "0063_0011", "roof_area_m2": 13892.3513, "kwh_per_kwp_yr": 1737.2398561201985, "est_kwp": 2500.62, "est_gwh_yr": 4.3442, "fixme": "Large roof (13892 m2), no detected PV nearby, modelled 1737 kWh/kWp/yr -- a rooftop SITING OPPORTUNITY, not a detection of existing PV; check imagery to confirm the roof is real, accessible and unshaded before treating it as a genuine lead", "imagery_note": "osm=67.15713,24.90428 | bing=https://www.bing.com/maps?cp=24.90428~67.15713&lvl=19&style=a | google=https://www.google.com/maps/@24.90428,67.15713,200m/data=!3m1!1e3" }, "geometry": { "type": "Polygon", "coordinates": [ [ [ 67.1578668, 24.9046799 ], [ 67.1578655, 24.9047081 ], [ 67.1577357, 24.9047031 ], [ 67.1577343, 24.904735 ], [ 67.1576392, 24.9047313 ], [ 67.1576386, 24.9047462 ], [ 67.1575908, 24.9047444 ], [ 67.1575896, 24.9047714 ], [ 67.1575189, 24.9047688 ], [ 67.1575175, 24.9047987 ], [ 67.1575038, 24.9047982 ], [ 67.1575027, 24.904822 ], [ 67.1575233, 24.9048228 ], [ 67.1575223, 24.9048445 ], [ 67.1574668, 24.9048424 ], [ 67.1574606, 24.9049762 ], [ 67.1573578, 24.9049723 ], [ 67.1573575, 24.904979 ], [ 67.1571445, 24.9049709 ], [ 67.1571433, 24.9049962 ], [ 67.1570734, 24.9049936 ], [ 67.1570745, 24.9049695 ], [ 67.1570592, 24.9049689 ], [ 67.1570617, 24.9049152 ], [ 67.1570274, 24.9049138 ], [ 67.1570353, 24.904741 ], [ 67.1569894, 24.9047392 ], [ 67.156993, 24.904661 ], [ 67.1569363, 24.9046588 ], [ 67.1569422, 24.9045309 ], [ 67.156754100000015, 24.9045237 ], [ 67.15675730000001, 24.9044529 ], [ 67.1566013, 24.904447 ], [ 67.1566028, 24.9044136 ], [ 67.1564821, 24.904409 ], [ 67.1564835, 24.9043782 ], [ 67.1564138, 24.9043756 ], [ 67.1564167, 24.904311 ], [ 67.1563537, 24.9043086 ], [ 67.1563685, 24.9039847 ], [ 67.1563977, 24.9039858 ], [ 67.1564025, 24.9038806 ], [ 67.1565061, 24.9038845 ], [ 67.156507, 24.9038663 ], [ 67.1566059, 24.9038701 ], [ 67.156605, 24.9038883 ], [ 67.1567929, 24.9038954 ], [ 67.1567915, 24.9039258 ], [ 67.1569696, 24.9039326 ], [ 67.1569666, 24.903999 ], [ 67.15701, 24.9040007 ], [ 67.1570086, 24.9040316 ], [ 67.157102, 24.9040352 ], [ 67.1571022, 24.9040314 ], [ 67.157143500000018, 24.904033 ], [ 67.1571469, 24.9039593 ], [ 67.1571678, 24.9039601 ], [ 67.1571662, 24.9039936 ], [ 67.157237, 24.9039963 ], [ 67.1572394, 24.9039429 ], [ 67.1572368, 24.9039428 ], [ 67.157239, 24.9038942 ], [ 67.1573425, 24.9038982 ], [ 67.1573445, 24.9038532 ], [ 67.1573793, 24.9038546 ], [ 67.1573812, 24.9038112 ], [ 67.1573931, 24.9038117 ], [ 67.1573923, 24.90383 ], [ 67.157437, 24.9038317 ], [ 67.1574392, 24.9037838 ], [ 67.157512, 24.9037865 ], [ 67.1575175, 24.9036661 ], [ 67.1575557, 24.9036676 ], [ 67.1575592, 24.9035896 ], [ 67.1575798, 24.9035904 ], [ 67.1575809, 24.9035652 ], [ 67.1578059, 24.9035738 ], [ 67.1578034, 24.9036268 ], [ 67.1577769, 24.9036258 ], [ 67.1577707, 24.9037604 ], [ 67.157797300000013, 24.9037614 ], [ 67.1577956, 24.9037974 ], [ 67.157769, 24.9037963 ], [ 67.1577655, 24.9038735 ], [ 67.1576568, 24.9038693 ], [ 67.1576546, 24.9039174 ], [ 67.1576765, 24.9039183 ], [ 67.1576703, 24.9040531 ], [ 67.1576958, 24.9040541 ], [ 67.1576932, 24.9041104 ], [ 67.1576025, 24.9041069 ], [ 67.1576023, 24.9041108 ], [ 67.1575761, 24.9041098 ], [ 67.1575738, 24.9041601 ], [ 67.1576, 24.9041611 ], [ 67.1575996, 24.9041703 ], [ 67.1577516, 24.9041761 ], [ 67.1577496, 24.9042191 ], [ 67.1578474, 24.9042205 ], [ 67.157847, 24.9042463 ], [ 67.1579036, 24.9042471 ], [ 67.1579025, 24.9043151 ], [ 67.1579712, 24.9043161 ], [ 67.1579699, 24.9043945 ], [ 67.1579398, 24.9043941 ], [ 67.1579391, 24.9044338 ], [ 67.1580035, 24.9044362 ], [ 67.1580025, 24.9044586 ], [ 67.1580176, 24.9044588 ], [ 67.1580173, 24.904478 ], [ 67.1580016, 24.9044778 ], [ 67.1580003, 24.9045068 ], [ 67.1580442, 24.9045084 ], [ 67.1580428, 24.9045398 ], [ 67.1580219, 24.904539 ], [ 67.1580179, 24.9046261 ], [ 67.157994, 24.9046252 ], [ 67.1579939, 24.9046323 ], [ 67.1579699, 24.904632 ], [ 67.1579693, 24.9046454 ], [ 67.1579312, 24.9046439 ], [ 67.1579301, 24.9046678 ], [ 67.1578883, 24.9046662 ], [ 67.157888, 24.9046802 ], [ 67.1578668, 24.9046799 ] ] ] } },
{ "type": "Feature", "properties": { "lead_id": "pakistan-potential-0232", "cell": "0121_0069", "roof_area_m2": 14407.0657, "kwh_per_kwp_yr": 1674.4230608640751, "est_kwp": 2593.27, "est_gwh_yr": 4.3422, "fixme": "Large roof (14407 m2), no detected PV nearby, modelled 1674 kWh/kWp/yr -- a rooftop SITING OPPORTUNITY, not a detection of existing PV; check imagery to confirm the roof is real, accessible and unshaded before treating it as a genuine lead", "imagery_note": "osm=72.97414,30.61545 | bing=https://www.bing.com/maps?cp=30.61545~72.97414&lvl=19&style=a | google=https://www.google.com/maps/@30.61545,72.97414,200m/data=!3m1!1e3" }, "geometry": { "type": "Polygon", "coordinates": [ [ [ 72.9725812, 30.615292 ], [ 72.9730815, 30.6152931 ], [ 72.9733687, 30.6152914 ], [ 72.9733687, 30.6152898 ], [ 72.9733746, 30.6152898 ], [ 72.9733748, 30.6152791 ], [ 72.9735593, 30.6152821 ], [ 72.9735593, 30.6152797 ], [ 72.9738475, 30.6152846 ], [ 72.9740198, 30.6152876 ], [ 72.9741901, 30.6152866 ], [ 72.9742211, 30.6152826 ], [ 72.9742218, 30.6152864 ], [ 72.9744055, 30.6152853 ], [ 72.9744055, 30.6152871 ], [ 72.9748209, 30.615286 ], [ 72.9748212, 30.6152752 ], [ 72.9752843, 30.6152842 ], [ 72.9753449, 30.6152837 ], [ 72.9753902, 30.6152806 ], [ 72.9753915, 30.6152833 ], [ 72.9756832, 30.615281 ], [ 72.9756833, 30.6152837 ], [ 72.9756848, 30.6152837 ], [ 72.9756864, 30.61558 ], [ 72.9756887, 30.6155801 ], [ 72.9756877, 30.6157062 ], [ 72.9756863, 30.6157062 ], [ 72.9756859, 30.615719 ], [ 72.9756807, 30.6157189 ], [ 72.9756805, 30.6157308 ], [ 72.9745176, 30.6157127 ], [ 72.9744029, 30.615713 ], [ 72.9744025, 30.6157326 ], [ 72.9734504, 30.6157177 ], [ 72.9731137, 30.6157197 ], [ 72.9731137, 30.6157228 ], [ 72.9731093, 30.6157228 ], [ 72.9731093, 30.6157269 ], [ 72.9728365, 30.6157227 ], [ 72.9725865, 30.6157226 ], [ 72.9725852, 30.6153101 ], [ 72.9725808, 30.6153101 ], [ 72.9725812, 30.615292 ] ] ] } },
{ "type": "Feature", "properties": { "lead_id": "pakistan-potential-0233", "cell": "0114_0085", "roof_area_m2": 14370.5838, "kwh_per_kwp_yr": 1676.5109107267422, "est_kwp": 2586.71, "est_gwh_yr": 4.3366, "fixme": "Large roof (14371 m2), no detected PV nearby, modelled 1677 kWh/kWp/yr -- a rooftop SITING OPPORTUNITY, not a detection of existing PV; check imagery to confirm the roof is real, accessible and unshaded before treating it as a genuine lead", "imagery_note": "osm=72.25276,32.29701 | bing=https://www.bing.com/maps?cp=32.29701~72.25276&lvl=19&style=a | google=https://www.google.com/maps/@32.29701,72.25276,200m/data=!3m1!1e3" }, "geometry": { "type": "Polygon", "coordinates": [ [ [ 72.2522966, 32.2976063 ], [ 72.252288100000015, 32.2967063 ], [ 72.2524013, 32.2967054 ], [ 72.2524013, 32.2967039 ], [ 72.2522894, 32.296705 ], [ 72.2522882, 32.2966113 ], [ 72.2522871, 32.2966113 ], [ 72.2522852, 32.2963799 ], [ 72.2522278, 32.2963805 ], [ 72.2522251, 32.2961773 ], [ 72.2522228, 32.2961773 ], [ 72.2522224, 32.2960848 ], [ 72.25224, 32.2960847 ], [ 72.2522405, 32.2960696 ], [ 72.2526334, 32.2960791 ], [ 72.2526339, 32.2961284 ], [ 72.2526352, 32.2961284 ], [ 72.2526356, 32.2961993 ], [ 72.253217, 32.2961966 ], [ 72.2532209, 32.2967146 ], [ 72.2532286, 32.2973009 ], [ 72.2532261, 32.2973009 ], [ 72.2532294, 32.2976008 ], [ 72.2532255, 32.2976008 ], [ 72.2532255, 32.2976028 ], [ 72.2531739, 32.297603 ], [ 72.2531736, 32.2976109 ], [ 72.2528871, 32.2976041 ], [ 72.2527395, 32.2976046 ], [ 72.252298, 32.2976081 ], [ 72.252298, 32.2976063 ], [ 72.2522966, 32.2976063 ] ] ] } },
{ "type": "Feature", "properties": { "lead_id": "pakistan-potential-0234", "cell": "0060_0065", "roof_area_m2": 13311.8674, "kwh_per_kwp_yr": 1806.7110625762971, "est_kwp": 2396.14, "est_gwh_yr": 4.3291, "fixme": "Large roof (13312 m2), no detected PV nearby, modelled 1807 kWh/kWp/yr -- a rooftop SITING OPPORTUNITY, not a detection of existing PV; check imagery to confirm the roof is real, accessible and unshaded before treating it as a genuine lead", "imagery_note": "osm=66.93022,30.26795 | bing=https://www.bing.com/maps?cp=30.26795~66.93022&lvl=19&style=a | google=https://www.google.com/maps/@30.26795,66.93022,200m/data=!3m1!1e3" }, "geometry": { "type": "Polygon", "coordinates": [ [ [ 66.9308178, 30.2673851 ], [ 66.9308303, 30.2673809 ], [ 66.9308444, 30.2674118 ], [ 66.9308995, 30.267393 ], [ 66.9309273, 30.267454 ], [ 66.9309005, 30.2674632 ], [ 66.9310155, 30.2677163 ], [ 66.9309872, 30.267726 ], [ 66.9310294, 30.2678187 ], [ 66.9308914, 30.2678659 ], [ 66.9309606, 30.268018 ], [ 66.9311268, 30.2679611 ], [ 66.9312443, 30.2682195 ], [ 66.9311843, 30.2682401 ], [ 66.9312062, 30.2682882 ], [ 66.9307926, 30.2684299 ], [ 66.9306795, 30.2681812 ], [ 66.9306183, 30.2682022 ], [ 66.9305722, 30.268101 ], [ 66.9304026, 30.2681591 ], [ 66.9304652, 30.2682967 ], [ 66.9306106, 30.2682469 ], [ 66.9306413, 30.2683145 ], [ 66.9306655, 30.2683062 ], [ 66.9306877, 30.2683549 ], [ 66.9306398, 30.2683713 ], [ 66.9306615, 30.2684192 ], [ 66.9304247, 30.2685003 ], [ 66.930403, 30.2684524 ], [ 66.9300035, 30.2685893 ], [ 66.9299814, 30.2685406 ], [ 66.9298575, 30.268583 ], [ 66.9297839, 30.2684212 ], [ 66.9297064, 30.26844770000001 ], [ 66.9296611, 30.2683479 ], [ 66.9298861, 30.2682708 ], [ 66.9298623, 30.2682185 ], [ 66.9301201, 30.2681302 ], [ 66.9301439, 30.2681825 ], [ 66.9301925, 30.2681659 ], [ 66.930151, 30.2680745 ], [ 66.9298209, 30.2681876 ], [ 66.9298386, 30.2682266 ], [ 66.929714800000013, 30.268269 ], [ 66.9296726, 30.2681764 ], [ 66.9295951, 30.2682029 ], [ 66.9295438, 30.26809 ], [ 66.9297688, 30.2680129 ], [ 66.9297528, 30.2679778 ], [ 66.9295484, 30.2680479 ], [ 66.929500600000011, 30.2679428 ], [ 66.9297268, 30.2678653 ], [ 66.9297083, 30.2678245 ], [ 66.9299444, 30.2677436 ], [ 66.9299211, 30.2676924 ], [ 66.9301541, 30.2676125 ], [ 66.930123, 30.2675441 ], [ 66.9303887, 30.267453 ], [ 66.9303695, 30.2674108 ], [ 66.9304952, 30.2673677 ], [ 66.930514500000015, 30.26741 ], [ 66.9307867, 30.2673167 ], [ 66.9308178, 30.2673851 ] ] ] } },
{ "type": "Feature", "properties": { "lead_id": "pakistan-potential-0235", "cell": "0069_0014", "roof_area_m2": 13828.1097, "kwh_per_kwp_yr": 1734.9906485241763, "est_kwp": 2489.06, "est_gwh_yr": 4.3185, "fixme": "Large roof (13828 m2), no detected PV nearby, modelled 1735 kWh/kWp/yr -- a rooftop SITING OPPORTUNITY, not a detection of existing PV; check imagery to confirm the roof is real, accessible and unshaded before treating it as a genuine lead", "imagery_note": "osm=67.79771,25.17213 | bing=https://www.bing.com/maps?cp=25.17213~67.79771&lvl=19&style=a | google=https://www.google.com/maps/@25.17213,67.79771,200m/data=!3m1!1e3" }, "geometry": { "type": "Polygon", "coordinates": [ [ [ 67.7982588, 25.1725415 ], [ 67.7982299, 25.1726279 ], [ 67.7982272, 25.1726271 ], [ 67.7981977, 25.1727135 ], [ 67.7975172, 25.1725209 ], [ 67.7969756, 25.1723708 ], [ 67.7970303, 25.1722075 ], [ 67.79700290000001, 25.1721998 ], [ 67.797106200000016, 25.171895 ], [ 67.7970708, 25.1718852 ], [ 67.7970093, 25.1720689 ], [ 67.7969146, 25.1720427 ], [ 67.7971034, 25.1714784 ], [ 67.7977169, 25.1716485 ], [ 67.7977178, 25.1716459 ], [ 67.7982124, 25.1717859 ], [ 67.7984864, 25.1718618 ], [ 67.7984859, 25.1718633 ], [ 67.798488, 25.1718639 ], [ 67.7983018, 25.1724133 ], [ 67.7983005, 25.1725419 ], [ 67.7982588, 25.1725415 ] ] ] } },
{ "type": "Feature", "properties": { "lead_id": "pakistan-potential-0236", "cell": "0133_0083", "roof_area_m2": 14757.4282, "kwh_per_kwp_yr": 1624.3014205470122, "est_kwp": 2656.34, "est_gwh_yr": 4.3147, "fixme": "Large roof (14757 m2), no detected PV nearby, modelled 1624 kWh/kWp/yr -- a rooftop SITING OPPORTUNITY, not a detection of existing PV; check imagery to confirm the roof is real, accessible and unshaded before treating it as a genuine lead", "imagery_note": "osm=74.21192,32.02090 | bing=https://www.bing.com/maps?cp=32.02090~74.21192&lvl=19&style=a | google=https://www.google.com/maps/@32.02090,74.21192,200m/data=!3m1!1e3" }, "geometry": { "type": "Polygon", "coordinates": [ [ [ 74.2126487, 32.0213091 ], [ 74.2126495, 32.0211922 ], [ 74.2121549, 32.0211903 ], [ 74.2121549, 32.0211945 ], [ 74.2116201, 32.021192 ], [ 74.210945, 32.0211919 ], [ 74.210945, 32.0211891 ], [ 74.2108906, 32.0211889 ], [ 74.2108906, 32.0211741 ], [ 74.210945, 32.0211743 ], [ 74.210945, 32.0210948 ], [ 74.2108697, 32.0210948 ], [ 74.2108697, 32.0211919 ], [ 74.2106947, 32.0211919 ], [ 74.2106947, 32.0206312 ], [ 74.2112914, 32.0206312 ], [ 74.2112914, 32.0206283 ], [ 74.212343600000011, 32.0206312 ], [ 74.212343600000011, 32.0206321 ], [ 74.2126061, 32.020633 ], [ 74.2126061, 32.0206307 ], [ 74.2131519, 32.0206351 ], [ 74.2131521, 32.0207127 ], [ 74.2131548, 32.0207127 ], [ 74.2131507, 32.0211861 ], [ 74.2130405, 32.0211854 ], [ 74.2130395, 32.0212555 ], [ 74.21286520000001, 32.0212542 ], [ 74.2128643, 32.0213108 ], [ 74.2126487, 32.0213091 ] ] ] } },
{ "type": "Feature", "properties": { "lead_id": "pakistan-potential-0237", "cell": "0069_0014", "roof_area_m2": 13751.9192, "kwh_per_kwp_yr": 1734.8766229311839, "est_kwp": 2475.35, "est_gwh_yr": 4.2944, "fixme": "Large roof (13752 m2), no detected PV nearby, modelled 1735 kWh/kWp/yr -- a rooftop SITING OPPORTUNITY, not a detection of existing PV; check imagery to confirm the roof is real, accessible and unshaded before treating it as a genuine lead", "imagery_note": "osm=67.79997,25.16346 | bing=https://www.bing.com/maps?cp=25.16346~67.79997&lvl=19&style=a | google=https://www.google.com/maps/@25.16346,67.79997,200m/data=!3m1!1e3" }, "geometry": { "type": "Polygon", "coordinates": [ [ [ 67.7995662, 25.1636889 ], [ 67.799535, 25.1636868 ], [ 67.7995615, 25.1633632 ], [ 67.7996121, 25.1626745 ], [ 67.7996177, 25.1626748 ], [ 67.7996179, 25.162672 ], [ 67.8000488, 25.1627011 ], [ 67.8004292, 25.1627243 ], [ 67.800429, 25.1627268 ], [ 67.8004404, 25.1627276 ], [ 67.8003724, 25.1635611 ], [ 67.8003721, 25.1635642 ], [ 67.8003773, 25.1635645 ], [ 67.8003719, 25.1636275 ], [ 67.800367, 25.1636273 ], [ 67.8003203, 25.1642038 ], [ 67.8002125, 25.1641972 ], [ 67.8002127, 25.1641945 ], [ 67.7999934, 25.1641865 ], [ 67.7999938, 25.1641762 ], [ 67.799813, 25.1641639 ], [ 67.7994856, 25.1641472 ], [ 67.7995072, 25.1637977 ], [ 67.7995113, 25.1637979 ], [ 67.7995192, 25.1636901 ], [ 67.7995659, 25.1636929 ], [ 67.7995662, 25.1636889 ] ] ] } },
{ "type": "Feature", "properties": { "lead_id": "pakistan-potential-0238", "cell": "0113_0061", "roof_area_m2": 14034.7933, "kwh_per_kwp_yr": 1699.0162361722932, "est_kwp": 2526.26, "est_gwh_yr": 4.2922, "fixme": "Large roof (14035 m2), no detected PV nearby, modelled 1699 kWh/kWp/yr -- a rooftop SITING OPPORTUNITY, not a detection of existing PV; check imagery to confirm the roof is real, accessible and unshaded before treating it as a genuine lead", "imagery_note": "osm=72.19435,29.83236 | bing=https://www.bing.com/maps?cp=29.83236~72.19435&lvl=19&style=a | google=https://www.google.com/maps/@29.83236,72.19435,200m/data=!3m1!1e3" }, "geometry": { "type": "Polygon", "coordinates": [ [ [ 72.1950006, 29.8327789 ], [ 72.1949931, 29.8329874 ], [ 72.1943423, 29.8329718 ], [ 72.194041200000015, 29.832965 ], [ 72.194041, 29.8329716 ], [ 72.1938274, 29.8329671 ], [ 72.1938276, 29.8329602 ], [ 72.1937866, 29.8329592 ], [ 72.1937863, 29.8329661 ], [ 72.1937459, 29.8329651 ], [ 72.1937461, 29.8329583 ], [ 72.1937009, 29.8329573 ], [ 72.1937313, 29.8319415 ], [ 72.1940293, 29.8319483 ], [ 72.19403, 29.8319271 ], [ 72.1949904, 29.8319489 ], [ 72.1949656, 29.8327779 ], [ 72.1950006, 29.8327789 ] ] ] } },
{ "type": "Feature", "properties": { "lead_id": "pakistan-potential-0239", "cell": "0134_0075", "roof_area_m2": 14582.6681, "kwh_per_kwp_yr": 1634.3315379852115, "est_kwp": 2624.88, "est_gwh_yr": 4.2899, "fixme": "Large roof (14583 m2), no detected PV nearby, modelled 1634 kWh/kWp/yr -- a rooftop SITING OPPORTUNITY, not a detection of existing PV; check imagery to confirm the roof is real, accessible and unshaded before treating it as a genuine lead", "imagery_note": "osm=74.24083,31.25903 | bing=https://www.bing.com/maps?cp=31.25903~74.24083&lvl=19&style=a | google=https://www.google.com/maps/@31.25903,74.24083,200m/data=!3m1!1e3" }, "geometry": { "type": "Polygon", "coordinates": [ [ [ 74.2411599, 31.2585157 ], [ 74.2411973, 31.2585857 ], [ 74.2410997, 31.2586247 ], [ 74.2411891, 31.2587889 ], [ 74.2412893, 31.2587491 ], [ 74.2413431, 31.2588491 ], [ 74.2412451, 31.2588884 ], [ 74.2414234, 31.2592161 ], [ 74.2415214, 31.2591767 ], [ 74.2416748, 31.2594584 ], [ 74.2416871, 31.2594585 ], [ 74.2416869, 31.2594806 ], [ 74.2417065, 31.2595167 ], [ 74.2416864, 31.2595248 ], [ 74.2416863, 31.2595362 ], [ 74.2416584, 31.259536 ], [ 74.2416325, 31.259546400000012 ], [ 74.241632, 31.2595989 ], [ 74.2416943, 31.2597133 ], [ 74.2416147, 31.2597453 ], [ 74.2416025, 31.2597228 ], [ 74.2415182, 31.2597566 ], [ 74.2415304, 31.2597791 ], [ 74.2413542, 31.2598499 ], [ 74.2413472, 31.259837 ], [ 74.2413002, 31.2598367 ], [ 74.2411962, 31.2598785 ], [ 74.2411956, 31.2598806 ], [ 74.2411304, 31.2598801 ], [ 74.241130900000016, 31.2598249 ], [ 74.2411103, 31.2598332 ], [ 74.2410759, 31.25977 ], [ 74.2410052, 31.2597984 ], [ 74.2409218, 31.2596452 ], [ 74.2408994, 31.2596542 ], [ 74.2407977, 31.2594674 ], [ 74.2407525, 31.2594856 ], [ 74.2408386, 31.2596437 ], [ 74.2407828, 31.2596661 ], [ 74.2409162, 31.2599111 ], [ 74.240829100000013, 31.2599461 ], [ 74.2402493, 31.2588809 ], [ 74.2405077, 31.2587771 ], [ 74.2402878, 31.2583732 ], [ 74.2406742, 31.258218 ], [ 74.2407064, 31.2582763 ], [ 74.2407518, 31.258258 ], [ 74.2408372, 31.2584138 ], [ 74.2410579, 31.2583252 ], [ 74.2411482, 31.2584911 ], [ 74.2411468, 31.2584917 ], [ 74.2411584, 31.2585129 ], [ 74.2411599, 31.2585129 ], [ 74.2411599, 31.2585157 ] ] ] } },
{ "type": "Feature", "properties": { "lead_id": "pakistan-potential-0240", "cell": "0099_0049", "roof_area_m2": 13888.6078, "kwh_per_kwp_yr": 1713.2309883736859, "est_kwp": 2499.95, "est_gwh_yr": 4.283, "fixme": "Large roof (13889 m2), no detected PV nearby, modelled 1713 kWh/kWp/yr -- a rooftop SITING OPPORTUNITY, not a detection of existing PV; check imagery to confirm the roof is real, accessible and unshaded before treating it as a genuine lead", "imagery_note": "osm=70.74398,28.68487 | bing=https://www.bing.com/maps?cp=28.68487~70.74398&lvl=19&style=a | google=https://www.google.com/maps/@28.68487,70.74398,200m/data=!3m1!1e3" }, "geometry": { "type": "Polygon", "coordinates": [ [ [ 70.743238022511093, 28.684132287570304 ], [ 70.743304314932303, 28.684065108578999 ], [ 70.743440839736905, 28.684169872223396 ], [ 70.743494747810203, 28.684115243042598 ], [ 70.743529005804206, 28.684141531184505 ], [ 70.743580940961095, 28.684088901220402 ], [ 70.743598524631096, 28.684102394175099 ], [ 70.743654612467495, 28.684045555887099 ], [ 70.744577880358193, 28.684754023498392 ], [ 70.7442454546036, 28.685090899077299 ], [ 70.744294849512698, 28.685128801769402 ], [ 70.744235086057202, 28.685189364938601 ], [ 70.744364774936997, 28.685288880224803 ], [ 70.744424538368406, 28.6852283169994 ], [ 70.744497357160796, 28.685284193508103 ], [ 70.744295399003803, 28.6854888541822 ], [ 70.744222580164902, 28.685432977567203 ], [ 70.744048861289201, 28.685609020090503 ], [ 70.743612666095999, 28.6852743087309 ], [ 70.743698780587195, 28.685187042868602 ], [ 70.743551859063601, 28.685074302892101 ], [ 70.743639463728897, 28.684985526869099 ], [ 70.742866447241411, 28.684392347493599 ], [ 70.743172609673607, 28.684082092241898 ], [ 70.743238022511093, 28.684132287570304 ] ] ] } },
{ "type": "Feature", "properties": { "lead_id": "pakistan-potential-0241", "cell": "0120_0090", "roof_area_m2": 14251.4937, "kwh_per_kwp_yr": 1669.3369087686667, "est_kwp": 2565.27, "est_gwh_yr": 4.2823, "fixme": "Large roof (14251 m2), no detected PV nearby, modelled 1669 kWh/kWp/yr -- a rooftop SITING OPPORTUNITY, not a detection of existing PV; check imagery to confirm the roof is real, accessible and unshaded before treating it as a genuine lead", "imagery_note": "osm=72.87436,32.72551 | bing=https://www.bing.com/maps?cp=32.72551~72.87436&lvl=19&style=a | google=https://www.google.com/maps/@32.72551,72.87436,200m/data=!3m1!1e3" }, "geometry": { "type": "Polygon", "coordinates": [ [ [ 72.8748595, 32.7249119 ], [ 72.8748753, 32.7250438 ], [ 72.8748571, 32.7250453 ], [ 72.874894, 32.7253587 ], [ 72.8749168, 32.7253568 ], [ 72.8749198, 32.7253825 ], [ 72.8748971, 32.7253845 ], [ 72.8749018, 32.7254235 ], [ 72.8749369, 32.7254206 ], [ 72.8749811, 32.7257964 ], [ 72.874952, 32.7257989 ], [ 72.8749542, 32.7258171 ], [ 72.8749839, 32.7258146 ], [ 72.875006, 32.7260018 ], [ 72.8739025, 32.72609460000001 ], [ 72.873892, 32.7260053 ], [ 72.8739101, 32.7260037 ], [ 72.8738851, 32.7257915 ], [ 72.8739791, 32.7257836 ], [ 72.8739683, 32.7256916 ], [ 72.8740177, 32.7256875 ], [ 72.8740129, 32.7256472 ], [ 72.8739635, 32.7256514 ], [ 72.8739589, 32.7256118 ], [ 72.8739332, 32.7256139 ], [ 72.8739283, 32.7255718 ], [ 72.8738169, 32.7255812 ], [ 72.8738134, 32.7255519 ], [ 72.8737763, 32.725555 ], [ 72.87377, 32.7255017 ], [ 72.8735734, 32.7255182 ], [ 72.8735708, 32.7254961 ], [ 72.8735158, 32.7255007 ], [ 72.8735064, 32.7254205 ], [ 72.8735613, 32.7254159 ], [ 72.8735601, 32.7254053 ], [ 72.8735326, 32.7254076 ], [ 72.8735262, 32.7253533 ], [ 72.8734144, 32.7253627 ], [ 72.8734029, 32.725265 ], [ 72.8733423, 32.7252701 ], [ 72.8733446, 32.725290200000011 ], [ 72.8733155, 32.7252926 ], [ 72.8732966, 32.7251318 ], [ 72.873275, 32.7251336 ], [ 72.873268, 32.7250745 ], [ 72.8735859, 32.7250459 ], [ 72.8735828, 32.7250193 ], [ 72.8748595, 32.7249119 ] ] ] } },
{ "type": "Feature", "properties": { "lead_id": "pakistan-potential-0242", "cell": "0128_0072", "roof_area_m2": 14469.69, "kwh_per_kwp_yr": 1643.5869758386605, "est_kwp": 2604.54, "est_gwh_yr": 4.2808, "fixme": "Large roof (14470 m2), no detected PV nearby, modelled 1644 kWh/kWp/yr -- a rooftop SITING OPPORTUNITY, not a detection of existing PV; check imagery to confirm the roof is real, accessible and unshaded before treating it as a genuine lead", "imagery_note": "osm=73.71858,30.93724 | bing=https://www.bing.com/maps?cp=30.93724~73.71858&lvl=19&style=a | google=https://www.google.com/maps/@30.93724,73.71858,200m/data=!3m1!1e3" }, "geometry": { "type": "Polygon", "coordinates": [ [ [ 73.7183485, 30.9373167 ], [ 73.7183459, 30.9371672 ], [ 73.7183502, 30.9371671 ], [ 73.7183493, 30.9370664 ], [ 73.718196, 30.9370676 ], [ 73.7181875, 30.9361373 ], [ 73.7188103, 30.9361291 ], [ 73.7188104, 30.93613460000001 ], [ 73.7188122, 30.9361347 ], [ 73.7188141, 30.9363449 ], [ 73.7188246, 30.9369381 ], [ 73.7188195, 30.9369386 ], [ 73.7188244, 30.9374866 ], [ 73.7188407, 30.938431200000011 ], [ 73.718623, 30.938434 ], [ 73.7186219, 30.9383674 ], [ 73.7184859, 30.9383691 ], [ 73.7184852, 30.93833 ], [ 73.7183565, 30.9383316 ], [ 73.7183557, 30.9382856 ], [ 73.7182624, 30.9382868 ], [ 73.7182616, 30.9382421 ], [ 73.7182035, 30.9382427 ], [ 73.7181876, 30.9373187 ], [ 73.7183485, 30.9373167 ] ] ] } },
{ "type": "Feature", "properties": { "lead_id": "pakistan-potential-0243", "cell": "0080_0039", "roof_area_m2": 13651.7344, "kwh_per_kwp_yr": 1740.4966342491894, "est_kwp": 2457.31, "est_gwh_yr": 4.2769, "fixme": "Large roof (13652 m2), no detected PV nearby, modelled 1740 kWh/kWp/yr -- a rooftop SITING OPPORTUNITY, not a detection of existing PV; check imagery to confirm the roof is real, accessible and unshaded before treating it as a genuine lead", "imagery_note": "osm=68.85630,27.66938 | bing=https://www.bing.com/maps?cp=27.66938~68.85630&lvl=19&style=a | google=https://www.google.com/maps/@27.66938,68.85630,200m/data=!3m1!1e3" }, "geometry": { "type": "Polygon", "coordinates": [ [ [ 68.857259, 27.6698013 ], [ 68.8571494, 27.6697906 ], [ 68.8571548, 27.6697461 ], [ 68.85713, 27.6697437 ], [ 68.8571274, 27.669765 ], [ 68.8570917, 27.6697616 ], [ 68.8570888, 27.6697848 ], [ 68.8567347, 27.6697506 ], [ 68.8567372, 27.6697303 ], [ 68.8564766, 27.6697023 ], [ 68.8563542, 27.6696905 ], [ 68.8563544, 27.6696892 ], [ 68.8563365, 27.6696873 ], [ 68.8563392, 27.6696675 ], [ 68.8561501, 27.6696492 ], [ 68.8561648, 27.6694969 ], [ 68.8560415, 27.6694859 ], [ 68.8560281, 27.669612 ], [ 68.8560244, 27.6696125 ], [ 68.8560226, 27.6696254 ], [ 68.8558162, 27.6696032 ], [ 68.8558173, 27.6695954 ], [ 68.8558032, 27.6695943 ], [ 68.8558033, 27.6695934 ], [ 68.8555558, 27.6695704 ], [ 68.8555553, 27.6695754 ], [ 68.8554984, 27.6695711 ], [ 68.855498900000015, 27.6695652 ], [ 68.8552148, 27.6695388 ], [ 68.8552348, 27.6693679 ], [ 68.855255, 27.6693697 ], [ 68.8552634, 27.6692976 ], [ 68.8552979, 27.6689467 ], [ 68.8556133, 27.6689714 ], [ 68.8556111, 27.6689939 ], [ 68.8565965, 27.6690853 ], [ 68.8565954, 27.6690953 ], [ 68.8566696, 27.6691024 ], [ 68.856668, 27.6691157 ], [ 68.8566946, 27.6691185 ], [ 68.8566962, 27.669105 ], [ 68.8567265, 27.6691079 ], [ 68.8567248, 27.6691218 ], [ 68.8568711, 27.6691354 ], [ 68.8568709, 27.6691375 ], [ 68.8568821, 27.6691387 ], [ 68.8568818, 27.6691411 ], [ 68.8570622, 27.6691585 ], [ 68.8573822, 27.6691836 ], [ 68.8573816, 27.6691893 ], [ 68.8573861, 27.6691897 ], [ 68.8573618, 27.6693904 ], [ 68.857348, 27.6695295 ], [ 68.8573439, 27.6695292 ], [ 68.8573386, 27.669573 ], [ 68.8573216, 27.6695714 ], [ 68.8573097, 27.6696915 ], [ 68.8572758, 27.6696888 ], [ 68.8572634, 27.6697907 ], [ 68.8572605, 27.6697904 ], [ 68.857259, 27.6698013 ] ] ] } },
{ "type": "Feature", "properties": { "lead_id": "pakistan-potential-0244", "cell": "0121_0089", "roof_area_m2": 14235.0147, "kwh_per_kwp_yr": 1664.0425717255844, "est_kwp": 2562.3, "est_gwh_yr": 4.2638, "fixme": "Large roof (14235 m2), no detected PV nearby, modelled 1664 kWh/kWp/yr -- a rooftop SITING OPPORTUNITY, not a detection of existing PV; check imagery to confirm the roof is real, accessible and unshaded before treating it as a genuine lead", "imagery_note": "osm=72.97635,32.64400 | bing=https://www.bing.com/maps?cp=32.64400~72.97635&lvl=19&style=a | google=https://www.google.com/maps/@32.64400,72.97635,200m/data=!3m1!1e3" }, "geometry": { "type": "Polygon", "coordinates": [ [ [ 72.9763299, 32.6426588 ], [ 72.9763312, 32.6426509 ], [ 72.9766805, 32.6426925 ], [ 72.9768164, 32.6427056 ], [ 72.976816, 32.6427087 ], [ 72.9768203, 32.6427092 ], [ 72.9767978, 32.6428446 ], [ 72.9767589, 32.6431343 ], [ 72.9767497, 32.6431334 ], [ 72.9766471, 32.6437495 ], [ 72.9765961, 32.6442524 ], [ 72.9765669, 32.6442503 ], [ 72.9765082, 32.6448418 ], [ 72.9764564, 32.6448381 ], [ 72.9764215, 32.645044 ], [ 72.9763821, 32.6453039 ], [ 72.9763775, 32.6453034 ], [ 72.976377, 32.6453061 ], [ 72.9761664, 32.6452805 ], [ 72.9759927, 32.6452616 ], [ 72.9759168, 32.6452565 ], [ 72.9759171, 32.6452534 ], [ 72.9758948, 32.645251 ], [ 72.9758954, 32.6452476 ], [ 72.9758898, 32.6452469 ], [ 72.9759429, 32.6449338 ], [ 72.9759549, 32.6448549 ], [ 72.9759929, 32.6444529 ], [ 72.9760155, 32.6444544 ], [ 72.9760183, 32.6444362 ], [ 72.9760272, 32.6444371 ], [ 72.9760514, 32.6442945 ], [ 72.9761448, 32.6433368 ], [ 72.9762131, 32.6433416 ], [ 72.9762171, 32.6433181 ], [ 72.97622, 32.6433185 ], [ 72.9763119, 32.6427669 ], [ 72.9763264, 32.6426585 ], [ 72.9763299, 32.6426588 ] ] ] } },
{ "type": "Feature", "properties": { "lead_id": "pakistan-potential-0245", "cell": "0097_0061", "roof_area_m2": 13800.9335, "kwh_per_kwp_yr": 1712.6591646528261, "est_kwp": 2484.17, "est_gwh_yr": 4.2545, "fixme": "Large roof (13801 m2), no detected PV nearby, modelled 1713 kWh/kWp/yr -- a rooftop SITING OPPORTUNITY, not a detection of existing PV; check imagery to confirm the roof is real, accessible and unshaded before treating it as a genuine lead", "imagery_note": "osm=70.63673,29.85571 | bing=https://www.bing.com/maps?cp=29.85571~70.63673&lvl=19&style=a | google=https://www.google.com/maps/@29.85571,70.63673,200m/data=!3m1!1e3" }, "geometry": { "type": "Polygon", "coordinates": [ [ [ 70.6365681, 29.8550535 ], [ 70.6365682, 29.8550504 ], [ 70.6368525, 29.8550504 ], [ 70.6368525, 29.8551664 ], [ 70.6368579, 29.8556197 ], [ 70.6372247, 29.8556164 ], [ 70.6372234, 29.8555089 ], [ 70.6372267, 29.8555089 ], [ 70.6372267, 29.8555009 ], [ 70.6373203, 29.8555012 ], [ 70.6373192, 29.8554018 ], [ 70.6374126, 29.8554009 ], [ 70.6374127, 29.8554057 ], [ 70.6374162, 29.8554057 ], [ 70.6374158, 29.8555015 ], [ 70.637626, 29.8555021 ], [ 70.637626, 29.8555052 ], [ 70.6376311, 29.8555052 ], [ 70.6376371, 29.8560054 ], [ 70.6376276, 29.8560055 ], [ 70.6376282, 29.8560669 ], [ 70.6376239, 29.8560669 ], [ 70.6376233, 29.8562224 ], [ 70.6371918, 29.8562211 ], [ 70.6371918, 29.8562201 ], [ 70.636939, 29.8562224 ], [ 70.636939, 29.856224 ], [ 70.6367701, 29.856224 ], [ 70.6359177, 29.8562318 ], [ 70.6359146, 29.8559745 ], [ 70.6358736, 29.8559748 ], [ 70.6358727, 29.8558679 ], [ 70.6358151, 29.8558683 ], [ 70.6358144, 29.8557962 ], [ 70.6358186, 29.8557962 ], [ 70.6358186, 29.8556239 ], [ 70.6364045, 29.8556239 ], [ 70.6365681, 29.8556224 ], [ 70.6365624, 29.8550536 ], [ 70.6365681, 29.8550535 ] ] ] } },
{ "type": "Feature", "properties": { "lead_id": "pakistan-potential-0246", "cell": "0060_0011", "roof_area_m2": 13553.4669, "kwh_per_kwp_yr": 1741.9256900611783, "est_kwp": 2439.62, "est_gwh_yr": 4.2496, "fixme": "Large roof (13553 m2), no detected PV nearby, modelled 1742 kWh/kWp/yr -- a rooftop SITING OPPORTUNITY, not a detection of existing PV; check imagery to confirm the roof is real, accessible and unshaded before treating it as a genuine lead", "imagery_note": "osm=66.89729,24.87354 | bing=https://www.bing.com/maps?cp=24.87354~66.89729&lvl=19&style=a | google=https://www.google.com/maps/@24.87354,66.89729,200m/data=!3m1!1e3" }, "geometry": { "type": "Polygon", "coordinates": [ [ [ 66.898310377699204, 24.874060233983105 ], [ 66.898080904222397, 24.874151830556801 ], [ 66.898070424966306, 24.874129981719303 ], [ 66.897903481814694, 24.874196618388901 ], [ 66.897895052852306, 24.874179044276801 ], [ 66.897748679846401, 24.874237469992501 ], [ 66.897729247245707, 24.874196953532302 ], [ 66.897398928282513, 24.874328801695 ], [ 66.896811163300995, 24.873103307534702 ], [ 66.897172331176293, 24.8729591458196 ], [ 66.897320414228503, 24.873267900386896 ], [ 66.897343445028795, 24.873258707501801 ], [ 66.897330191300696, 24.873231073429299 ], [ 66.897362056424498, 24.873218354261503 ], [ 66.897375310158097, 24.873245988331895 ], [ 66.897416286385194, 24.8732296323948 ], [ 66.897696197747905, 24.873813245057704 ], [ 66.897600325201907, 24.873851513201299 ], [ 66.897611242320096, 24.873874275220004 ], [ 66.897768532826305, 24.873811491656397 ], [ 66.897333324854401, 24.872904085918201 ], [ 66.897687968347995, 24.872762526694903 ], [ 66.898310377699204, 24.874060233983105 ] ] ] } },
{ "type": "Feature", "properties": { "lead_id": "pakistan-potential-0247", "cell": "0134_0076", "roof_area_m2": 14413.7608, "kwh_per_kwp_yr": 1634.0076662377176, "est_kwp": 2594.48, "est_gwh_yr": 4.2394, "fixme": "Large roof (14414 m2), no detected PV nearby, modelled 1634 kWh/kWp/yr -- a rooftop SITING OPPORTUNITY, not a detection of existing PV; check imagery to confirm the roof is real, accessible and unshaded before treating it as a genuine lead", "imagery_note": "osm=74.33584,31.38398 | bing=https://www.bing.com/maps?cp=31.38398~74.33584&lvl=19&style=a | google=https://www.google.com/maps/@31.38398,74.33584,200m/data=!3m1!1e3" }, "geometry": { "type": "Polygon", "coordinates": [ [ [ 74.3355187, 31.3850307 ], [ 74.335474, 31.3850323 ], [ 74.3354488, 31.384513 ], [ 74.3354652, 31.3845124 ], [ 74.3354609, 31.3844235 ], [ 74.3354877, 31.3844226 ], [ 74.335447, 31.383533 ], [ 74.3354369, 31.3835324 ], [ 74.3354321, 31.3834193 ], [ 74.3354084, 31.38342 ], [ 74.3354016, 31.3832598 ], [ 74.3361825, 31.3832312 ], [ 74.3361826, 31.3832341 ], [ 74.3361879, 31.383235 ], [ 74.3362002, 31.3835083 ], [ 74.3361974, 31.3835084 ], [ 74.3362506, 31.384626 ], [ 74.3362477, 31.3846261 ], [ 74.3362658, 31.385004 ], [ 74.3362646, 31.385004 ], [ 74.3362648, 31.3850066 ], [ 74.3355187, 31.3850322 ], [ 74.3355187, 31.3850307 ] ] ] } },
{ "type": "Feature", "properties": { "lead_id": "pakistan-potential-0248", "cell": "0031_0044", "roof_area_m2": 12708.8126, "kwh_per_kwp_yr": 1849.0608580993633, "est_kwp": 2287.59, "est_gwh_yr": 4.2299, "fixme": "Large roof (12709 m2), no detected PV nearby, modelled 1849 kWh/kWp/yr -- a rooftop SITING OPPORTUNITY, not a detection of existing PV; check imagery to confirm the roof is real, accessible and unshaded before treating it as a genuine lead", "imagery_note": "osm=63.99682,28.12046 | bing=https://www.bing.com/maps?cp=28.12046~63.99682&lvl=19&style=a | google=https://www.google.com/maps/@28.12046,63.99682,200m/data=!3m1!1e3" }, "geometry": { "type": "Polygon", "coordinates": [ [ [ 63.996573666217593, 28.120847033336815 ], [ 63.996653458457374, 28.120689259445548 ], [ 63.996589520093615, 28.120055337231804 ], [ 63.996376442929133, 28.120072054327526 ], [ 63.996253609189353, 28.120314973970771 ], [ 63.99621790920218, 28.119961022711244 ], [ 63.996389490445729, 28.120028510349076 ], [ 63.996650582708099, 28.119512245538029 ], [ 63.996766170325294, 28.119446625234588 ], [ 63.996852538945099, 28.119480601895738 ], [ 63.996717409591447, 28.119747839153266 ], [ 63.99685683484347, 28.119938855343371 ], [ 63.99732881792476, 28.120124528383933 ], [ 63.996991334361901, 28.120316140852609 ], [ 63.997029453043787, 28.120694071220001 ], [ 63.998096567997273, 28.120610284670942 ], [ 63.998122931132514, 28.120871663264367 ], [ 63.997635837805632, 28.121148187310848 ], [ 63.997653668331417, 28.12132496811326 ], [ 63.997489521503248, 28.121337846198077 ], [ 63.997594473325677, 28.12113032494651 ], [ 63.997272326489679, 28.121003597088365 ], [ 63.997298372558184, 28.120952096070766 ], [ 63.997002100461117, 28.120975358367279 ], [ 63.997224576846314, 28.121062877365464 ], [ 63.99713610933631, 28.121237831773051 ], [ 63.996613680915871, 28.121278818748944 ], [ 63.996589771718398, 28.121041770768802 ], [ 63.996989062667083, 28.121010444441033 ], [ 63.996573666217593, 28.120847033336815 ] ] ] } },
{ "type": "Feature", "properties": { "lead_id": "pakistan-potential-0249", "cell": "0134_0076", "roof_area_m2": 14343.5307, "kwh_per_kwp_yr": 1633.9408483561394, "est_kwp": 2581.84, "est_gwh_yr": 4.2186, "fixme": "Large roof (14344 m2), no detected PV nearby, modelled 1634 kWh/kWp/yr -- a rooftop SITING OPPORTUNITY, not a detection of existing PV; check imagery to confirm the roof is real, accessible and unshaded before treating it as a genuine lead", "imagery_note": "osm=74.33477,31.38426 | bing=https://www.bing.com/maps?cp=31.38426~74.33477&lvl=19&style=a | google=https://www.google.com/maps/@31.38426,74.33477,200m/data=!3m1!1e3" }, "geometry": { "type": "Polygon", "coordinates": [ [ [ 74.3352286, 31.3832785 ], [ 74.3352322, 31.3833689 ], [ 74.3352667, 31.3833679 ], [ 74.3352726, 31.3835132 ], [ 74.3350576, 31.3835196 ], [ 74.3350578, 31.3835242 ], [ 74.3353761, 31.3835134 ], [ 74.3354014, 31.384063 ], [ 74.3354154, 31.3842737 ], [ 74.3354111, 31.3842739 ], [ 74.3354112, 31.3842753 ], [ 74.3352965, 31.3842792 ], [ 74.3352947, 31.38423950000001 ], [ 74.335089, 31.3842465 ], [ 74.3351112, 31.3845834 ], [ 74.3351446, 31.3845823 ], [ 74.3351465, 31.384622 ], [ 74.3351139, 31.3846231 ], [ 74.3351533, 31.3852174 ], [ 74.3350678, 31.3852216 ], [ 74.3350677, 31.3852315 ], [ 74.334884500000015, 31.3852305 ], [ 74.3345239, 31.3852481 ], [ 74.3345227, 31.3852286 ], [ 74.3344843, 31.3852284 ], [ 74.334488, 31.3847059 ], [ 74.3344839, 31.3846444 ], [ 74.3344794, 31.3846446 ], [ 74.3344692, 31.384423 ], [ 74.3344575, 31.3842468 ], [ 74.3344835, 31.3842455 ], [ 74.3344613, 31.3837594 ], [ 74.3344624, 31.3837593 ], [ 74.3344539, 31.3835616 ], [ 74.334429, 31.3835624 ], [ 74.334428, 31.3835385 ], [ 74.3350455, 31.3835189 ], [ 74.3350454, 31.3835162 ], [ 74.3350358, 31.3835161 ], [ 74.3350377, 31.3833395 ], [ 74.3350349, 31.3832738 ], [ 74.335081800000012, 31.3832742 ], [ 74.3350817, 31.3832829 ], [ 74.3352286, 31.3832785 ] ] ] } },
{ "type": "Feature", "properties": { "lead_id": "pakistan-potential-0250", "cell": "0120_0068", "roof_area_m2": 13936.919, "kwh_per_kwp_yr": 1676.377916228905, "est_kwp": 2508.65, "est_gwh_yr": 4.2054, "fixme": "Large roof (13937 m2), no detected PV nearby, modelled 1676 kWh/kWp/yr -- a rooftop SITING OPPORTUNITY, not a detection of existing PV; check imagery to confirm the roof is real, accessible and unshaded before treating it as a genuine lead", "imagery_note": "osm=72.91312,30.59305 | bing=https://www.bing.com/maps?cp=30.59305~72.91312&lvl=19&style=a | google=https://www.google.com/maps/@30.59305,72.91312,200m/data=!3m1!1e3" }, "geometry": { "type": "Polygon", "coordinates": [ [ [ 72.912609980451407, 30.592300263975503 ], [ 72.912655344933199, 30.592215054739704 ], [ 72.913806626098307, 30.592673773156104 ], [ 72.913437614028794, 30.593366907496002 ], [ 72.911821956038693, 30.5927231564078 ], [ 72.912145611831093, 30.592115236069201 ], [ 72.912609980451407, 30.592300263975503 ] ] ] } },
{ "type": "Feature", "properties": { "lead_id": "pakistan-potential-0251", "cell": "0128_0069", "roof_area_m2": 14068.0185, "kwh_per_kwp_yr": 1659.5582247013565, "est_kwp": 2532.24, "est_gwh_yr": 4.2024, "fixme": "Large roof (14068 m2), no detected PV nearby, modelled 1660 kWh/kWp/yr -- a rooftop SITING OPPORTUNITY, not a detection of existing PV; check imagery to confirm the roof is real, accessible and unshaded before treating it as a genuine lead", "imagery_note": "osm=73.66505,30.69342 | bing=https://www.bing.com/maps?cp=30.69342~73.66505&lvl=19&style=a | google=https://www.google.com/maps/@30.69342,73.66505,200m/data=!3m1!1e3" }, "geometry": { "type": "Polygon", "coordinates": [ [ [ 73.6645745, 30.6928581 ], [ 73.664573300000015, 30.6928581 ], [ 73.6645764, 30.6927233 ], [ 73.6646484, 30.6927245 ], [ 73.6646489, 30.6926997 ], [ 73.6645576, 30.692698700000012 ], [ 73.6645613, 30.6924947 ], [ 73.6654117, 30.6925075 ], [ 73.6654094, 30.692622 ], [ 73.6654346, 30.6926224 ], [ 73.6654329, 30.6927098 ], [ 73.6653631, 30.6927088 ], [ 73.6653627, 30.6927319 ], [ 73.6654071, 30.6927326 ], [ 73.6654028, 30.6929467 ], [ 73.6654686, 30.6929477 ], [ 73.6654633, 30.6932089 ], [ 73.6655467, 30.6932102 ], [ 73.6655388, 30.6936016 ], [ 73.6654555, 30.6936004 ], [ 73.6654548, 30.6936352 ], [ 73.6654491, 30.6936351 ], [ 73.6654491, 30.6936372 ], [ 73.6655358, 30.6936386 ], [ 73.6655346, 30.6936929 ], [ 73.6653694, 30.6936901 ], [ 73.6653656, 30.6938561 ], [ 73.6653728, 30.6938562 ], [ 73.6653672, 30.6940946 ], [ 73.6651283, 30.6940921 ], [ 73.6651279, 30.694089 ], [ 73.6651259, 30.6940889 ], [ 73.6651289, 30.6939604 ], [ 73.6645572, 30.6939518 ], [ 73.6645572, 30.69394990000001 ], [ 73.6645486, 30.6939497 ], [ 73.6645633, 30.6932439 ], [ 73.6646381, 30.693245 ], [ 73.6646391, 30.6931784 ], [ 73.6645646, 30.6931768 ], [ 73.6645669, 30.6930646 ], [ 73.6645713, 30.6930647 ], [ 73.6645745, 30.6928581 ] ], [ [ 73.6646239, 30.6928596 ], [ 73.6646232, 30.6929067 ], [ 73.6646276, 30.6929067 ], [ 73.6646277, 30.6929009 ], [ 73.6646448, 30.6929012 ], [ 73.6646457, 30.6928598 ], [ 73.6646239, 30.6928596 ] ] ] } },
{ "type": "Feature", "properties": { "lead_id": "pakistan-potential-0252", "cell": "0106_0063", "roof_area_m2": 13677.5814, "kwh_per_kwp_yr": 1704.1072849002046, "est_kwp": 2461.96, "est_gwh_yr": 4.1954, "fixme": "Large roof (13678 m2), no detected PV nearby, modelled 1704 kWh/kWp/yr -- a rooftop SITING OPPORTUNITY, not a detection of existing PV; check imagery to confirm the roof is real, accessible and unshaded before treating it as a genuine lead", "imagery_note": "osm=71.49279,30.06960 | bing=https://www.bing.com/maps?cp=30.06960~71.49279&lvl=19&style=a | google=https://www.google.com/maps/@30.06960,71.49279,200m/data=!3m1!1e3" }, "geometry": { "type": "Polygon", "coordinates": [ [ [ 71.4938508, 30.0699372 ], [ 71.4934146, 30.0699361 ], [ 71.4934146, 30.0699328 ], [ 71.4921259, 30.0699236 ], [ 71.4921259, 30.0699215 ], [ 71.4916151, 30.069925 ], [ 71.491615, 30.069911300000012 ], [ 71.4916105, 30.0699113 ], [ 71.4916133, 30.0697195 ], [ 71.4916111, 30.0694718 ], [ 71.4916169, 30.0694718 ], [ 71.4916185, 30.0693607 ], [ 71.4927896, 30.0693736 ], [ 71.4927895, 30.0693803 ], [ 71.4927924, 30.0693803 ], [ 71.4927918, 30.0694421 ], [ 71.4928327, 30.0694433 ], [ 71.4928325, 30.0694635 ], [ 71.4928604, 30.0694633 ], [ 71.4928605, 30.0694713 ], [ 71.4929401, 30.0694719 ], [ 71.4929401, 30.0694628 ], [ 71.4930505, 30.069462 ], [ 71.49305080000002, 30.0694351 ], [ 71.4930567, 30.0694351 ], [ 71.4930567, 30.0694326 ], [ 71.4931184, 30.0694333 ], [ 71.4931184, 30.0694356 ], [ 71.4932, 30.0694361 ], [ 71.4932005, 30.0693832 ], [ 71.4939776, 30.0693887 ], [ 71.4939724, 30.0699368 ], [ 71.4939603, 30.0699375 ], [ 71.493960200000018, 30.0699397 ], [ 71.4938508, 30.0699372 ] ] ] } },
{ "type": "Feature", "properties": { "lead_id": "pakistan-potential-0253", "cell": "0130_0073", "roof_area_m2": 14249.3638, "kwh_per_kwp_yr": 1635.5256285111775, "est_kwp": 2564.89, "est_gwh_yr": 4.1949, "fixme": "Large roof (14249 m2), no detected PV nearby, modelled 1636 kWh/kWp/yr -- a rooftop SITING OPPORTUNITY, not a detection of existing PV; check imagery to confirm the roof is real, accessible and unshaded before treating it as a genuine lead", "imagery_note": "osm=73.87138,31.05557 | bing=https://www.bing.com/maps?cp=31.05557~73.87138&lvl=19&style=a | google=https://www.google.com/maps/@31.05557,73.87138,200m/data=!3m1!1e3" }, "geometry": { "type": "Polygon", "coordinates": [ [ [ 73.872165062272103, 31.055219692817801 ], [ 73.871880776865794, 31.056203861629299 ], [ 73.8705934635733, 31.0559282551074 ], [ 73.870877761224506, 31.0549440893823 ], [ 73.872165062272103, 31.055219692817801 ] ] ] } },
{ "type": "Feature", "properties": { "lead_id": "pakistan-potential-0254", "cell": "0108_0056", "roof_area_m2": 13583.7098, "kwh_per_kwp_yr": 1707.6682704116156, "est_kwp": 2445.07, "est_gwh_yr": 4.1754, "fixme": "Large roof (13584 m2), no detected PV nearby, modelled 1708 kWh/kWp/yr -- a rooftop SITING OPPORTUNITY, not a detection of existing PV; check imagery to confirm the roof is real, accessible and unshaded before treating it as a genuine lead", "imagery_note": "osm=71.72595,29.34955 | bing=https://www.bing.com/maps?cp=29.34955~71.72595&lvl=19&style=a | google=https://www.google.com/maps/@29.34955,71.72595,200m/data=!3m1!1e3" }, "geometry": { "type": "Polygon", "coordinates": [ [ [ 71.7269814, 29.349542 ], [ 71.7282346, 29.3497177 ], [ 71.7282156, 29.3498222 ], [ 71.7279396, 29.3497836 ], [ 71.7279195, 29.3498942 ], [ 71.7276011, 29.3498497 ], [ 71.7275824, 29.3499522 ], [ 71.7269113, 29.3498583 ], [ 71.7268996, 29.3499112 ], [ 71.7266851, 29.3498747 ], [ 71.7266803, 29.3498964 ], [ 71.7262816, 29.3498286 ], [ 71.725877, 29.349772 ], [ 71.7258792, 29.3497602 ], [ 71.7248142, 29.3495791 ], [ 71.7248239, 29.3495352 ], [ 71.7247646, 29.3495251 ], [ 71.7247597, 29.3495473 ], [ 71.7247516, 29.3495459 ], [ 71.7247482, 29.3495624 ], [ 71.724592, 29.3495378 ], [ 71.7246219, 29.3493925 ], [ 71.7246092, 29.3493904 ], [ 71.7246545, 29.3491859 ], [ 71.7246641, 29.3491875 ], [ 71.7246701, 29.3491582 ], [ 71.725245, 29.3492489 ], [ 71.7252464, 29.3492424 ], [ 71.7257981, 29.3493362 ], [ 71.726898, 29.3495098 ], [ 71.7268953, 29.3495228 ], [ 71.726982300000017, 29.3495376 ], [ 71.7269814, 29.349542 ] ] ] } },
{ "type": "Feature", "properties": { "lead_id": "pakistan-potential-0255", "cell": "0123_0063", "roof_area_m2": 13739.7904, "kwh_per_kwp_yr": 1686.5993640089164, "est_kwp": 2473.16, "est_gwh_yr": 4.1712, "fixme": "Large roof (13740 m2), no detected PV nearby, modelled 1687 kWh/kWp/yr -- a rooftop SITING OPPORTUNITY, not a detection of existing PV; check imagery to confirm the roof is real, accessible and unshaded before treating it as a genuine lead", "imagery_note": "osm=73.20717,30.05311 | bing=https://www.bing.com/maps?cp=30.05311~73.20717&lvl=19&style=a | google=https://www.google.com/maps/@30.05311,73.20717,200m/data=!3m1!1e3" }, "geometry": { "type": "Polygon", "coordinates": [ [ [ 73.2080909, 30.0532161 ], [ 73.2080917, 30.0532591 ], [ 73.2080715, 30.0532594 ], [ 73.2080725, 30.0533197 ], [ 73.2080927, 30.0533194 ], [ 73.2080938, 30.0533863 ], [ 73.2080811, 30.0533865 ], [ 73.2080829, 30.0534924 ], [ 73.2080755, 30.0534925 ], [ 73.2080771, 30.0535879 ], [ 73.2073575, 30.0535971 ], [ 73.2073564, 30.0535283 ], [ 73.2064013, 30.0535406 ], [ 73.2064025, 30.0536094 ], [ 73.2062798, 30.053611 ], [ 73.2062665, 30.0528317 ], [ 73.2077839, 30.0528122 ], [ 73.2077872, 30.0530063 ], [ 73.2080672, 30.0530027 ], [ 73.2080708, 30.0532164 ], [ 73.2080909, 30.0532161 ] ] ] } },
{ "type": "Feature", "properties": { "lead_id": "pakistan-potential-0256", "cell": "0065_0010", "roof_area_m2": 13357.4148, "kwh_per_kwp_yr": 1731.6563294515954, "est_kwp": 2404.33, "est_gwh_yr": 4.1635, "fixme": "Large roof (13357 m2), no detected PV nearby, modelled 1732 kWh/kWp/yr -- a rooftop SITING OPPORTUNITY, not a detection of existing PV; check imagery to confirm the roof is real, accessible and unshaded before treating it as a genuine lead", "imagery_note": "osm=67.36008,24.78525 | bing=https://www.bing.com/maps?cp=24.78525~67.36008&lvl=19&style=a | google=https://www.google.com/maps/@24.78525,67.36008,200m/data=!3m1!1e3" }, "geometry": { "type": "Polygon", "coordinates": [ [ [ 67.3605612, 24.7850406 ], [ 67.3605608, 24.7850471 ], [ 67.3605728, 24.7850477 ], [ 67.3605744, 24.7850202 ], [ 67.3606085, 24.7850218 ], [ 67.3606121, 24.7849623 ], [ 67.3608796, 24.7849755 ], [ 67.3608784, 24.7849958 ], [ 67.3610644, 24.785005 ], [ 67.3610559, 24.7851504 ], [ 67.3610945, 24.7851523 ], [ 67.3610914, 24.7852056 ], [ 67.3611581, 24.7852089 ], [ 67.361158500000016, 24.7852005 ], [ 67.361199900000017, 24.7852023 ], [ 67.3611993, 24.7852133 ], [ 67.3612152, 24.7852137 ], [ 67.3612146, 24.7852327 ], [ 67.3612966, 24.7852365 ], [ 67.3612988, 24.7851986 ], [ 67.3613522, 24.7852012 ], [ 67.36135, 24.7852389 ], [ 67.3618257, 24.7852606 ], [ 67.3618241, 24.7852898 ], [ 67.361918, 24.785294 ], [ 67.3619143, 24.7853613 ], [ 67.3619453, 24.7853627 ], [ 67.3619433, 24.7853995 ], [ 67.3619951, 24.7854019 ], [ 67.3619869, 24.7855525 ], [ 67.3614372, 24.7855274 ], [ 67.361437, 24.7855316 ], [ 67.3602154, 24.7854715 ], [ 67.3602152, 24.7854753 ], [ 67.3589888, 24.7854124 ], [ 67.3589887, 24.785415 ], [ 67.3586187, 24.7853994 ], [ 67.3586188, 24.7853979 ], [ 67.3586099, 24.7853975 ], [ 67.3586119, 24.7853596 ], [ 67.3585566, 24.7853571 ], [ 67.35857, 24.7851174 ], [ 67.3586318, 24.7851203 ], [ 67.358632, 24.7851165 ], [ 67.3592388, 24.7851476 ], [ 67.3592391, 24.785143 ], [ 67.3596701, 24.7851642 ], [ 67.3599838, 24.7851725 ], [ 67.3599882, 24.7850979 ], [ 67.3601121, 24.785104 ], [ 67.3601219, 24.7849383 ], [ 67.3603348, 24.7849487 ], [ 67.3603326, 24.784986 ], [ 67.3604845, 24.7849935 ], [ 67.3604819, 24.785037 ], [ 67.3605612, 24.7850406 ] ] ] } },
{ "type": "Feature", "properties": { "lead_id": "pakistan-potential-0257", "cell": "0084_0043", "roof_area_m2": 13301.1423, "kwh_per_kwp_yr": 1736.7756042281308, "est_kwp": 2394.21, "est_gwh_yr": 4.1582, "fixme": "Large roof (13301 m2), no detected PV nearby, modelled 1737 kWh/kWp/yr -- a rooftop SITING OPPORTUNITY, not a detection of existing PV; check imagery to confirm the roof is real, accessible and unshaded before treating it as a genuine lead", "imagery_note": "osm=69.32127,28.04864 | bing=https://www.bing.com/maps?cp=28.04864~69.32127&lvl=19&style=a | google=https://www.google.com/maps/@28.04864,69.32127,200m/data=!3m1!1e3" }, "geometry": { "type": "Polygon", "coordinates": [ [ [ 69.32049, 28.0481585 ], [ 69.3206435, 28.0478131 ], [ 69.320882, 28.0478965 ], [ 69.3209365, 28.0477733 ], [ 69.3212676, 28.0478885 ], [ 69.3213373, 28.0477308 ], [ 69.3219159, 28.0479322 ], [ 69.3214772, 28.0489245 ], [ 69.3214749, 28.0489237 ], [ 69.3212871, 28.0493465 ], [ 69.3210005, 28.0492473 ], [ 69.320907800000015, 28.0492168 ], [ 69.3209085, 28.0492152 ], [ 69.3207144, 28.0491495 ], [ 69.3207156, 28.0491466 ], [ 69.3207115, 28.0491452 ], [ 69.3210601, 28.0483578 ], [ 69.3206178, 28.0482032 ], [ 69.3204917, 28.0481617 ], [ 69.3204927, 28.0481594 ], [ 69.32049, 28.0481585 ] ] ] } },
{ "type": "Feature", "properties": { "lead_id": "pakistan-potential-0258", "cell": "0060_0013", "roof_area_m2": 13228.6733, "kwh_per_kwp_yr": 1745.7890898806647, "est_kwp": 2381.16, "est_gwh_yr": 4.157, "fixme": "Large roof (13229 m2), no detected PV nearby, modelled 1746 kWh/kWp/yr -- a rooftop SITING OPPORTUNITY, not a detection of existing PV; check imagery to confirm the roof is real, accessible and unshaded before treating it as a genuine lead", "imagery_note": "osm=66.87111,25.06477 | bing=https://www.bing.com/maps?cp=25.06477~66.87111&lvl=19&style=a | google=https://www.google.com/maps/@25.06477,66.87111,200m/data=!3m1!1e3" }, "geometry": { "type": "Polygon", "coordinates": [ [ [ 66.8707709, 25.0640353 ], [ 66.8714357, 25.06404 ], [ 66.8714332, 25.0643266 ], [ 66.871269, 25.0643255 ], [ 66.8712669, 25.0645671 ], [ 66.8714533, 25.0645685 ], [ 66.8714497, 25.06498 ], [ 66.8715745, 25.0649809 ], [ 66.8715687, 25.0656488 ], [ 66.8712576, 25.0656466 ], [ 66.8712568, 25.065736 ], [ 66.8707563, 25.0657324 ], [ 66.8707709, 25.0640353 ] ] ] } },
{ "type": "Feature", "properties": { "lead_id": "pakistan-potential-0259", "cell": "0060_0013", "roof_area_m2": 13227.4366, "kwh_per_kwp_yr": 1745.3035510094753, "est_kwp": 2380.94, "est_gwh_yr": 4.1555, "fixme": "Large roof (13227 m2), no detected PV nearby, modelled 1745 kWh/kWp/yr -- a rooftop SITING OPPORTUNITY, not a detection of existing PV; check imagery to confirm the roof is real, accessible and unshaded before treating it as a genuine lead", "imagery_note": "osm=66.88063,25.04736 | bing=https://www.bing.com/maps?cp=25.04736~66.88063&lvl=19&style=a | google=https://www.google.com/maps/@25.04736,66.88063,200m/data=!3m1!1e3" }, "geometry": { "type": "Polygon", "coordinates": [ [ [ 66.8814741, 25.0470719 ], [ 66.8814719, 25.0471861 ], [ 66.8816118, 25.0471881 ], [ 66.8816117, 25.0471961 ], [ 66.8816725, 25.0471971 ], [ 66.8816679, 25.0474439 ], [ 66.8814672, 25.0474408 ], [ 66.8814635, 25.0476372 ], [ 66.8811792, 25.0476328 ], [ 66.8811792, 25.047634 ], [ 66.8799505, 25.0476142 ], [ 66.8799505, 25.0476159 ], [ 66.8795905, 25.0476099 ], [ 66.8795905, 25.0476083 ], [ 66.8795884, 25.0476082 ], [ 66.8795952, 25.04727 ], [ 66.8796485, 25.047271 ], [ 66.8796508, 25.0471583 ], [ 66.879652100000015, 25.0471583 ], [ 66.8796559, 25.0469662 ], [ 66.8796569, 25.0469649 ], [ 66.8799633, 25.04697 ], [ 66.8799633, 25.0469713 ], [ 66.8803542, 25.0469778 ], [ 66.8803532, 25.0470308 ], [ 66.8814708, 25.0470491 ], [ 66.8814703, 25.0470719 ], [ 66.8814741, 25.0470719 ] ] ] } },
{ "type": "Feature", "properties": { "lead_id": "pakistan-potential-0260", "cell": "0101_0083", "roof_area_m2": 14081.4921, "kwh_per_kwp_yr": 1636.0710377213568, "est_kwp": 2534.67, "est_gwh_yr": 4.1469, "fixme": "Large roof (14081 m2), no detected PV nearby, modelled 1636 kWh/kWp/yr -- a rooftop SITING OPPORTUNITY, not a detection of existing PV; check imagery to confirm the roof is real, accessible and unshaded before treating it as a genuine lead", "imagery_note": "osm=70.97667,32.03649 | bing=https://www.bing.com/maps?cp=32.03649~70.97667&lvl=19&style=a | google=https://www.google.com/maps/@32.03649,70.97667,200m/data=!3m1!1e3" }, "geometry": { "type": "Polygon", "coordinates": [ [ [ 70.9771506, 32.036858 ], [ 70.9773358, 32.0368416 ], [ 70.9773776, 32.0371832 ], [ 70.977188, 32.0372001 ], [ 70.9772261, 32.0375112 ], [ 70.9769348, 32.0375371 ], [ 70.9769358, 32.037546 ], [ 70.9763694, 32.0375963 ], [ 70.9761919, 32.0361462 ], [ 70.9762482, 32.03614120000001 ], [ 70.9762452, 32.036117 ], [ 70.9770512, 32.0360455 ], [ 70.9771506, 32.036858 ] ] ] } },
{ "type": "Feature", "properties": { "lead_id": "pakistan-potential-0261", "cell": "0134_0080", "roof_area_m2": 14165.1362, "kwh_per_kwp_yr": 1622.2513658391908, "est_kwp": 2549.72, "est_gwh_yr": 4.1363, "fixme": "Large roof (14165 m2), no detected PV nearby, modelled 1622 kWh/kWp/yr -- a rooftop SITING OPPORTUNITY, not a detection of existing PV; check imagery to confirm the roof is real, accessible and unshaded before treating it as a genuine lead", "imagery_note": "osm=74.26254,31.76439 | bing=https://www.bing.com/maps?cp=31.76439~74.26254&lvl=19&style=a | google=https://www.google.com/maps/@31.76439,74.26254,200m/data=!3m1!1e3" }, "geometry": { "type": "Polygon", "coordinates": [ [ [ 74.2620089, 31.7640066 ], [ 74.2623944, 31.7640448 ], [ 74.2629911, 31.7640731 ], [ 74.262989800000014, 31.7640932 ], [ 74.2631257, 31.7641017 ], [ 74.2631241, 31.7641203 ], [ 74.2631643, 31.7641244 ], [ 74.2631599, 31.7641559 ], [ 74.2632448, 31.7641612 ], [ 74.2632444, 31.764166 ], [ 74.2632718, 31.764168800000011 ], [ 74.2632632, 31.7642305 ], [ 74.2633328, 31.7642376 ], [ 74.2633505, 31.764238 ], [ 74.2633505, 31.7642392 ], [ 74.263382, 31.7642412 ], [ 74.2633783, 31.7642851 ], [ 74.2634403, 31.7642898 ], [ 74.2634399, 31.7642947 ], [ 74.2634441, 31.7642951 ], [ 74.263438300000018, 31.7643385 ], [ 74.2634909, 31.7643439 ], [ 74.263524700000019, 31.7643447 ], [ 74.2635246, 31.7643465 ], [ 74.2635333, 31.764347 ], [ 74.2635332, 31.7643482 ], [ 74.263542, 31.7643491 ], [ 74.2635231, 31.7644847 ], [ 74.2635215, 31.7644845 ], [ 74.2635178, 31.7645293 ], [ 74.2635197, 31.7645295 ], [ 74.2635142, 31.7645709 ], [ 74.2635094, 31.7646268 ], [ 74.2634614, 31.7646238 ], [ 74.263461, 31.7646264 ], [ 74.2634569, 31.764626 ], [ 74.2634564, 31.7646406 ], [ 74.2634292, 31.76464 ], [ 74.2634205, 31.7647018 ], [ 74.2634188, 31.7647561 ], [ 74.2633763, 31.7647551 ], [ 74.2633732, 31.7648556 ], [ 74.26322, 31.764852 ], [ 74.2632204, 31.7648407 ], [ 74.263045, 31.7648229 ], [ 74.2630479, 31.7648023 ], [ 74.2629267, 31.7647899 ], [ 74.2629242, 31.7648097 ], [ 74.2628486, 31.7648025 ], [ 74.2628455, 31.7648242 ], [ 74.2628179, 31.7648214 ], [ 74.2628209, 31.7647998 ], [ 74.2627465, 31.7647928 ], [ 74.2627429, 31.7648208 ], [ 74.2624639, 31.7647944 ], [ 74.2624676, 31.7647663 ], [ 74.2617743, 31.7647005 ], [ 74.26178, 31.7646562 ], [ 74.2616275, 31.7646417 ], [ 74.261636, 31.7645765 ], [ 74.2616333, 31.7645764 ], [ 74.2616346, 31.7645566 ], [ 74.2615081, 31.7645506 ], [ 74.2615159, 31.7644301 ], [ 74.2615496, 31.7644317 ], [ 74.2615578, 31.7643425 ], [ 74.2615645, 31.7643429 ], [ 74.2615656, 31.7643187 ], [ 74.2614831, 31.7643108 ], [ 74.2614988, 31.7641901 ], [ 74.2615849, 31.7641983 ], [ 74.2615948, 31.764122 ], [ 74.2615972, 31.7640852 ], [ 74.2615747, 31.7640831 ], [ 74.261578, 31.7640572 ], [ 74.2615814, 31.7639862 ], [ 74.2615872, 31.7639864 ], [ 74.2615896, 31.7639684 ], [ 74.2616625, 31.7639753 ], [ 74.2616655, 31.7639526 ], [ 74.2617165, 31.7639575 ], [ 74.2617154, 31.7639662 ], [ 74.2617836, 31.7639694 ], [ 74.2617824, 31.7639867 ], [ 74.2619613, 31.7640037 ], [ 74.2619614, 31.7640022 ], [ 74.262009, 31.7640051 ], [ 74.2620089, 31.7640066 ] ] ] } },
{ "type": "Feature", "properties": { "lead_id": "pakistan-potential-0262", "cell": "0106_0064", "roof_area_m2": 13456.7052, "kwh_per_kwp_yr": 1703.4753190825875, "est_kwp": 2422.21, "est_gwh_yr": 4.1262, "fixme": "Large roof (13457 m2), no detected PV nearby, modelled 1703 kWh/kWp/yr -- a rooftop SITING OPPORTUNITY, not a detection of existing PV; check imagery to confirm the roof is real, accessible and unshaded before treating it as a genuine lead", "imagery_note": "osm=71.49795,30.11055 | bing=https://www.bing.com/maps?cp=30.11055~71.49795&lvl=19&style=a | google=https://www.google.com/maps/@30.11055,71.49795,200m/data=!3m1!1e3" }, "geometry": { "type": "Polygon", "coordinates": [ [ [ 71.497680082102406, 30.1097732159812 ], [ 71.497679907997195, 30.109785035075902 ], [ 71.498361789138798, 30.109792626144397 ], [ 71.498361118690298, 30.109838160647296 ], [ 71.498388970867893, 30.1098384706366 ], [ 71.498367958441307, 30.111265621521095 ], [ 71.497514085505898, 30.111256116092601 ], [ 71.497535955193101, 30.109771611027405 ], [ 71.497680082102406, 30.1097732159812 ] ] ] } },
{ "type": "Feature", "properties": { "lead_id": "pakistan-potential-0263", "cell": "0106_0063", "roof_area_m2": 13456.7052, "kwh_per_kwp_yr": 1703.4753190825875, "est_kwp": 2422.21, "est_gwh_yr": 4.1262, "fixme": "Large roof (13457 m2), no detected PV nearby, modelled 1703 kWh/kWp/yr -- a rooftop SITING OPPORTUNITY, not a detection of existing PV; check imagery to confirm the roof is real, accessible and unshaded before treating it as a genuine lead", "imagery_note": "osm=71.49795,30.11055 | bing=https://www.bing.com/maps?cp=30.11055~71.49795&lvl=19&style=a | google=https://www.google.com/maps/@30.11055,71.49795,200m/data=!3m1!1e3" }, "geometry": { "type": "Polygon", "coordinates": [ [ [ 71.497680082102406, 30.1097732159812 ], [ 71.497679907997195, 30.109785035075902 ], [ 71.498361789138798, 30.109792626144397 ], [ 71.498361118690298, 30.109838160647296 ], [ 71.498388970867893, 30.1098384706366 ], [ 71.498367958441307, 30.111265621521095 ], [ 71.497514085505898, 30.111256116092601 ], [ 71.497535955193101, 30.109771611027405 ], [ 71.497680082102406, 30.1097732159812 ] ] ] } },
{ "type": "Feature", "properties": { "lead_id": "pakistan-potential-0264", "cell": "0031_0044", "roof_area_m2": 12368.3075, "kwh_per_kwp_yr": 1849.1118817756078, "est_kwp": 2226.3, "est_gwh_yr": 4.1167, "fixme": "Large roof (12368 m2), no detected PV nearby, modelled 1849 kWh/kWp/yr -- a rooftop SITING OPPORTUNITY, not a detection of existing PV; check imagery to confirm the roof is real, accessible and unshaded before treating it as a genuine lead", "imagery_note": "osm=64.00518,28.12362 | bing=https://www.bing.com/maps?cp=28.12362~64.00518&lvl=19&style=a | google=https://www.google.com/maps/@28.12362,64.00518,200m/data=!3m1!1e3" }, "geometry": { "type": "Polygon", "coordinates": [ [ [ 64.006306365622848, 28.124319761821905 ], [ 64.006062869279631, 28.1243004635405 ], [ 64.005974210454667, 28.123985584982773 ], [ 64.005947181417184, 28.123974053190352 ], [ 64.005391120121175, 28.124095831112957 ], [ 64.005454569462913, 28.124100859794936 ], [ 64.0051535138426, 28.124166791185008 ], [ 64.005065022395826, 28.123852506692575 ], [ 64.004833678984525, 28.123637206304949 ], [ 64.004869007700279, 28.123607679907018 ], [ 64.004831510996141, 28.123572783444949 ], [ 64.00523389324934, 28.123236486967279 ], [ 64.005266979611278, 28.122911778921047 ], [ 64.005448309807718, 28.122926161609186 ], [ 64.005479126230213, 28.12295484121347 ], [ 64.005313109532352, 28.123257502567188 ], [ 64.005339474609912, 28.123251726922131 ], [ 64.005422844068931, 28.123329315269327 ], [ 64.00564275448744, 28.123145521839252 ], [ 64.005685295166785, 28.12306796687221 ], [ 64.005891871872919, 28.123084352030574 ], [ 64.006059600025324, 28.123240449549137 ], [ 64.006246000137907, 28.123255222820148 ], [ 64.006266266242221, 28.12332720000239 ], [ 64.006323367658339, 28.123351562157762 ], [ 64.006313171614977, 28.123451547486184 ], [ 64.005877847334062, 28.123546884370661 ], [ 64.005633394129475, 28.123527495024575 ], [ 64.005632826177504, 28.123533068855359 ], [ 64.005521075875336, 28.123524212030368 ], [ 64.005510316042802, 28.123629808040445 ], [ 64.006369729081086, 28.123697921156332 ], [ 64.006306365622848, 28.124319761821905 ] ] ] } },
{ "type": "Feature", "properties": { "lead_id": "pakistan-potential-0265", "cell": "0064_0011", "roof_area_m2": 13175.0647, "kwh_per_kwp_yr": 1733.756279231869, "est_kwp": 2371.51, "est_gwh_yr": 4.1116, "fixme": "Large roof (13175 m2), no detected PV nearby, modelled 1734 kWh/kWp/yr -- a rooftop SITING OPPORTUNITY, not a detection of existing PV; check imagery to confirm the roof is real, accessible and unshaded before treating it as a genuine lead", "imagery_note": "osm=67.30856,24.85031 | bing=https://www.bing.com/maps?cp=24.85031~67.30856&lvl=19&style=a | google=https://www.google.com/maps/@24.85031,67.30856,200m/data=!3m1!1e3" }, "geometry": { "type": "Polygon", "coordinates": [ [ [ 67.3080233, 24.8497043 ], [ 67.3080792, 24.849705 ], [ 67.3080789, 24.8497323 ], [ 67.3090585, 24.8497424 ], [ 67.309058800000017, 24.8497172 ], [ 67.3091825, 24.8497184 ], [ 67.3091812, 24.8498222 ], [ 67.3092549, 24.849823 ], [ 67.3092523, 24.850035 ], [ 67.309254100000018, 24.850035 ], [ 67.3092467, 24.8505925 ], [ 67.3078686, 24.8505786 ], [ 67.3078686, 24.8505762 ], [ 67.3078646, 24.8505762 ], [ 67.3078763, 24.84973 ], [ 67.3079062, 24.8497304 ], [ 67.3079066, 24.8497015 ], [ 67.3080233, 24.849703 ], [ 67.3080233, 24.8497043 ] ] ] } },
{ "type": "Feature", "properties": { "lead_id": "pakistan-potential-0266", "cell": "0132_0080", "roof_area_m2": 14157.2374, "kwh_per_kwp_yr": 1611.7865056269302, "est_kwp": 2548.3, "est_gwh_yr": 4.1073, "fixme": "Large roof (14157 m2), no detected PV nearby, modelled 1612 kWh/kWp/yr -- a rooftop SITING OPPORTUNITY, not a detection of existing PV; check imagery to confirm the roof is real, accessible and unshaded before treating it as a genuine lead", "imagery_note": "osm=74.12474,31.77835 | bing=https://www.bing.com/maps?cp=31.77835~74.12474&lvl=19&style=a | google=https://www.google.com/maps/@31.77835,74.12474,200m/data=!3m1!1e3" }, "geometry": { "type": "Polygon", "coordinates": [ [ [ 74.1250089, 31.7781953 ], [ 74.1255272, 31.7781982 ], [ 74.1255271, 31.77850870000001 ], [ 74.1255344, 31.7785088 ], [ 74.1255287, 31.7788925 ], [ 74.1250326, 31.7788872 ], [ 74.1243032, 31.7788856 ], [ 74.1243032, 31.7788832 ], [ 74.1240399, 31.7788823 ], [ 74.1240399, 31.7788839 ], [ 74.1239536, 31.7788833 ], [ 74.1239574, 31.7781621 ], [ 74.1241266, 31.7781627 ], [ 74.1241278, 31.7779063 ], [ 74.1241335, 31.7779063 ], [ 74.1241335, 31.7779048 ], [ 74.1250089, 31.7779091 ], [ 74.1250089, 31.7781953 ] ] ] } },
{ "type": "Feature", "properties": { "lead_id": "pakistan-potential-0267", "cell": "0065_0010", "roof_area_m2": 13138.9943, "kwh_per_kwp_yr": 1731.3223897333969, "est_kwp": 2365.02, "est_gwh_yr": 4.0946, "fixme": "Large roof (13139 m2), no detected PV nearby, modelled 1731 kWh/kWp/yr -- a rooftop SITING OPPORTUNITY, not a detection of existing PV; check imagery to confirm the roof is real, accessible and unshaded before treating it as a genuine lead", "imagery_note": "osm=67.40380,24.79349 | bing=https://www.bing.com/maps?cp=24.79349~67.40380&lvl=19&style=a | google=https://www.google.com/maps/@24.79349,67.40380,200m/data=!3m1!1e3" }, "geometry": { "type": "Polygon", "coordinates": [ [ [ 67.4042607, 24.7939922 ], [ 67.4042559, 24.7941082 ], [ 67.4042541, 24.7941081 ], [ 67.4042539, 24.7941128 ], [ 67.4036295, 24.7940869 ], [ 67.403266, 24.794074 ], [ 67.4032708, 24.7939584 ], [ 67.4032742, 24.7939585 ], [ 67.4033039, 24.7933632 ], [ 67.4033184, 24.7929032 ], [ 67.4033262, 24.7929034 ], [ 67.4033272, 24.7928945 ], [ 67.403918300000015, 24.792919 ], [ 67.404312, 24.7929293 ], [ 67.4042902, 24.7936201 ], [ 67.4042784, 24.7936198 ], [ 67.4042731, 24.7937674 ], [ 67.4042711, 24.7937674 ], [ 67.4042607, 24.7939922 ] ] ] } },
{ "type": "Feature", "properties": { "lead_id": "pakistan-potential-0268", "cell": "0123_0078", "roof_area_m2": 14000.5136, "kwh_per_kwp_yr": 1621.5413553101107, "est_kwp": 2520.09, "est_gwh_yr": 4.0864, "fixme": "Large roof (14001 m2), no detected PV nearby, modelled 1622 kWh/kWp/yr -- a rooftop SITING OPPORTUNITY, not a detection of existing PV; check imagery to confirm the roof is real, accessible and unshaded before treating it as a genuine lead", "imagery_note": "osm=73.19048,31.59134 | bing=https://www.bing.com/maps?cp=31.59134~73.19048&lvl=19&style=a | google=https://www.google.com/maps/@31.59134,73.19048,200m/data=!3m1!1e3" }, "geometry": { "type": "Polygon", "coordinates": [ [ [ 73.189668146305195, 31.590829744502297 ], [ 73.189844813828202, 31.590999527678303 ], [ 73.190317406698298, 31.590639218864801 ], [ 73.191398777152699, 31.591678427077301 ], [ 73.191317999414906, 31.591740013513299 ], [ 73.191280666868394, 31.5917041370409 ], [ 73.191222304218201, 31.591748633704302 ], [ 73.1911875108744, 31.591715197343195 ], [ 73.1911234439292, 31.5917640429623 ], [ 73.191368756103799, 31.591999787133194 ], [ 73.190945354964697, 31.592322593047996 ], [ 73.189514132960795, 31.590947164427202 ], [ 73.189668146305195, 31.590829744502297 ] ] ] } },
{ "type": "Feature", "properties": { "lead_id": "pakistan-potential-0269", "cell": "0107_0056", "roof_area_m2": 13233.1536, "kwh_per_kwp_yr": 1709.154621560647, "est_kwp": 2381.97, "est_gwh_yr": 4.0712, "fixme": "Large roof (13233 m2), no detected PV nearby, modelled 1709 kWh/kWp/yr -- a rooftop SITING OPPORTUNITY, not a detection of existing PV; check imagery to confirm the roof is real, accessible and unshaded before treating it as a genuine lead", "imagery_note": "osm=71.57044,29.33267 | bing=https://www.bing.com/maps?cp=29.33267~71.57044&lvl=19&style=a | google=https://www.google.com/maps/@29.33267,71.57044,200m/data=!3m1!1e3" }, "geometry": { "type": "Polygon", "coordinates": [ [ [ 71.570995, 29.3320998 ], [ 71.5713072, 29.3323383 ], [ 71.5705739, 29.3330851 ], [ 71.5705693, 29.3330816 ], [ 71.5701953, 29.3334623 ], [ 71.5701934, 29.3334609 ], [ 71.5701926, 29.3334617 ], [ 71.5695732, 29.3329929 ], [ 71.5706814, 29.3318664 ], [ 71.570719, 29.3318948 ], [ 71.5707377, 29.3318944 ], [ 71.5707381, 29.3319092 ], [ 71.5709951, 29.3321031 ], [ 71.570995, 29.3320998 ] ] ] } },
{ "type": "Feature", "properties": { "lead_id": "pakistan-potential-0270", "cell": "0092_0045", "roof_area_m2": 13066.0775, "kwh_per_kwp_yr": 1726.1013260781585, "est_kwp": 2351.89, "est_gwh_yr": 4.0596, "fixme": "Large roof (13066 m2), no detected PV nearby, modelled 1726 kWh/kWp/yr -- a rooftop SITING OPPORTUNITY, not a detection of existing PV; check imagery to confirm the roof is real, accessible and unshaded before treating it as a genuine lead", "imagery_note": "osm=70.04294,28.28448 | bing=https://www.bing.com/maps?cp=28.28448~70.04294&lvl=19&style=a | google=https://www.google.com/maps/@28.28448,70.04294,200m/data=!3m1!1e3" }, "geometry": { "type": "Polygon", "coordinates": [ [ [ 70.0436009, 28.2846728 ], [ 70.0420865, 28.2846626 ], [ 70.0420865, 28.2846638 ], [ 70.041849, 28.2846633 ], [ 70.041849, 28.2846617 ], [ 70.041843, 28.2846608 ], [ 70.0418448, 28.284303 ], [ 70.0416923, 28.2843023 ], [ 70.0416933, 28.2841278 ], [ 70.0423393, 28.2841303 ], [ 70.0433528, 28.2841339 ], [ 70.0433532, 28.2841369 ], [ 70.0440346, 28.2841416 ], [ 70.0440346, 28.2841436 ], [ 70.04403640000001, 28.2841436 ], [ 70.0440319, 28.2846801 ], [ 70.0440303, 28.2846801 ], [ 70.0440303, 28.2846817 ], [ 70.0436009, 28.284681 ], [ 70.0436009, 28.2846728 ] ] ] } },
{ "type": "Feature", "properties": { "lead_id": "pakistan-potential-0271", "cell": "0063_0012", "roof_area_m2": 12956.5678, "kwh_per_kwp_yr": 1739.0762297980345, "est_kwp": 2332.18, "est_gwh_yr": 4.0558, "fixme": "Large roof (12957 m2), no detected PV nearby, modelled 1739 kWh/kWp/yr -- a rooftop SITING OPPORTUNITY, not a detection of existing PV; check imagery to confirm the roof is real, accessible and unshaded before treating it as a genuine lead", "imagery_note": "osm=67.15915,25.00297 | bing=https://www.bing.com/maps?cp=25.00297~67.15915&lvl=19&style=a | google=https://www.google.com/maps/@25.00297,67.15915,200m/data=!3m1!1e3" }, "geometry": { "type": "Polygon", "coordinates": [ [ [ 67.1597521, 25.0026499 ], [ 67.1597412, 25.0031911 ], [ 67.1598179, 25.0031924 ], [ 67.1598178, 25.0031952 ], [ 67.1598206, 25.0031953 ], [ 67.1598166, 25.0033769 ], [ 67.1595639, 25.0033724 ], [ 67.1595471, 25.0033721 ], [ 67.1595471, 25.0033741 ], [ 67.1585485, 25.003355 ], [ 67.1585614, 25.0027408 ], [ 67.1585778, 25.0027411 ], [ 67.1585823, 25.0025215 ], [ 67.1585677, 25.0025213 ], [ 67.1585693, 25.0024356 ], [ 67.1589339, 25.0024414 ], [ 67.1589275, 25.002747 ], [ 67.1589301, 25.002747 ], [ 67.1589355, 25.0025107 ], [ 67.1590445, 25.0025128 ], [ 67.1590421, 25.002617 ], [ 67.1591088, 25.0026183 ], [ 67.1591098, 25.0025679 ], [ 67.1591877, 25.0025692 ], [ 67.1591933, 25.0023039 ], [ 67.159356, 25.0023067 ], [ 67.1593571, 25.002248 ], [ 67.1593598, 25.0022481 ], [ 67.1593598, 25.0022465 ], [ 67.1593619, 25.0022465 ], [ 67.1593619, 25.0022451 ], [ 67.1595729, 25.0022491 ], [ 67.1595945, 25.0022504 ], [ 67.1595899, 25.0024777 ], [ 67.1598108, 25.0024813 ], [ 67.1598109, 25.0024796 ], [ 67.1598315, 25.0024801 ], [ 67.1598288, 25.0026512 ], [ 67.1597521, 25.0026499 ] ] ] } },
{ "type": "Feature", "properties": { "lead_id": "pakistan-potential-0272", "cell": "0120_0101", "roof_area_m2": 13406.7776, "kwh_per_kwp_yr": 1672.1340132875032, "est_kwp": 2413.22, "est_gwh_yr": 4.0352, "fixme": "Large roof (13407 m2), no detected PV nearby, modelled 1672 kWh/kWp/yr -- a rooftop SITING OPPORTUNITY, not a detection of existing PV; check imagery to confirm the roof is real, accessible and unshaded before treating it as a genuine lead", "imagery_note": "osm=72.86435,33.85629 | bing=https://www.bing.com/maps?cp=33.85629~72.86435&lvl=19&style=a | google=https://www.google.com/maps/@33.85629,72.86435,200m/data=!3m1!1e3" }, "geometry": { "type": "Polygon", "coordinates": [ [ [ 72.8640051, 33.8548171 ], [ 72.8640057, 33.854812 ], [ 72.8645114, 33.8547897 ], [ 72.8645135, 33.8547905 ], [ 72.8645435, 33.8552923 ], [ 72.8645824, 33.8558444 ], [ 72.864566600000018, 33.8558452 ], [ 72.8646252, 33.8567602 ], [ 72.8646546, 33.8567589 ], [ 72.8646659, 33.8569354 ], [ 72.8646693, 33.8569353 ], [ 72.8646694, 33.8569366 ], [ 72.864674300000019, 33.85693650000001 ], [ 72.8646827, 33.8571982 ], [ 72.864695, 33.8573904 ], [ 72.8646889, 33.8573916 ], [ 72.8646891, 33.8573973 ], [ 72.8644275, 33.8574032 ], [ 72.8641868, 33.8574131 ], [ 72.8641858, 33.8574086 ], [ 72.8641844, 33.8574086 ], [ 72.864183, 33.8573645 ], [ 72.8641425, 33.856732 ], [ 72.86414, 33.8567321 ], [ 72.8640609, 33.8556119 ], [ 72.8640551, 33.8556113 ], [ 72.8640315, 33.8552174 ], [ 72.8640017, 33.8548173 ], [ 72.8640051, 33.8548171 ] ] ] } },
{ "type": "Feature", "properties": { "lead_id": "pakistan-potential-0273", "cell": "0094_0053", "roof_area_m2": 13082.0739, "kwh_per_kwp_yr": 1712.3011730452688, "est_kwp": 2354.77, "est_gwh_yr": 4.0321, "fixme": "Large roof (13082 m2), no detected PV nearby, modelled 1712 kWh/kWp/yr -- a rooftop SITING OPPORTUNITY, not a detection of existing PV; check imagery to confirm the roof is real, accessible and unshaded before treating it as a genuine lead", "imagery_note": "osm=70.33122,29.01786 | bing=https://www.bing.com/maps?cp=29.01786~70.33122&lvl=19&style=a | google=https://www.google.com/maps/@29.01786,70.33122,200m/data=!3m1!1e3" }, "geometry": { "type": "Polygon", "coordinates": [ [ [ 70.332004981088801, 29.017875464797104 ], [ 70.331937777499903, 29.017933979022498 ], [ 70.332072319546597, 29.018053361696296 ], [ 70.331614921892594, 29.01845161612831 ], [ 70.331492629103096, 29.018343102170405 ], [ 70.331235332718805, 29.018567126940596 ], [ 70.330425611122493, 29.017848627126103 ], [ 70.331207509068406, 29.017167838749103 ], [ 70.332004981088801, 29.017875464797104 ] ] ] } },
{ "type": "Feature", "properties": { "lead_id": "pakistan-potential-0274", "cell": "0112_0084", "roof_area_m2": 13348.7472, "kwh_per_kwp_yr": 1677.1701828200248, "est_kwp": 2402.77, "est_gwh_yr": 4.0299, "fixme": "Large roof (13349 m2), no detected PV nearby, modelled 1677 kWh/kWp/yr -- a rooftop SITING OPPORTUNITY, not a detection of existing PV; check imagery to confirm the roof is real, accessible and unshaded before treating it as a genuine lead", "imagery_note": "osm=72.13727,32.20943 | bing=https://www.bing.com/maps?cp=32.20943~72.13727&lvl=19&style=a | google=https://www.google.com/maps/@32.20943,72.13727,200m/data=!3m1!1e3" }, "geometry": { "type": "Polygon", "coordinates": [ [ [ 72.1370432, 32.2083604 ], [ 72.1372807, 32.2083608 ], [ 72.1372808, 32.2083427 ], [ 72.1374042, 32.2083429 ], [ 72.1374041, 32.2083974 ], [ 72.1375111, 32.2083975 ], [ 72.137511, 32.2084333 ], [ 72.1375557, 32.2084333 ], [ 72.1375556, 32.2084638 ], [ 72.1375939, 32.2084639 ], [ 72.137593, 32.2088768 ], [ 72.1376028, 32.2088772 ], [ 72.1375926, 32.2090751 ], [ 72.137592, 32.2093543 ], [ 72.137606, 32.2093548 ], [ 72.1375915, 32.2096383 ], [ 72.1375912, 32.2097622 ], [ 72.1375851, 32.2097622 ], [ 72.1375799, 32.2098636 ], [ 72.1376044, 32.2098645 ], [ 72.137589800000015, 32.2101488 ], [ 72.1375375, 32.2101468 ], [ 72.1375354, 32.2101874 ], [ 72.13749780000002, 32.210186 ], [ 72.1374901, 32.210336 ], [ 72.1374558, 32.2103347 ], [ 72.1374532, 32.2103851 ], [ 72.1373701, 32.210382 ], [ 72.1373686, 32.2104107 ], [ 72.1370855, 32.2104001 ], [ 72.13709, 32.2103129 ], [ 72.1370518, 32.2103114 ], [ 72.1370563, 32.2102236 ], [ 72.137026, 32.2102225 ], [ 72.1370295, 32.2101561 ], [ 72.1369722, 32.210154 ], [ 72.1369737, 32.2101259 ], [ 72.1369047, 32.2101233 ], [ 72.1369365, 32.2095044 ], [ 72.1369372, 32.2091817 ], [ 72.1369304, 32.2091814 ], [ 72.1369375, 32.2090435 ], [ 72.1369387, 32.2084629 ], [ 72.1370166, 32.208463 ], [ 72.1370168, 32.2083855 ], [ 72.1370432, 32.2083856 ], [ 72.1370432, 32.2083604 ] ] ] } },
{ "type": "Feature", "properties": { "lead_id": "pakistan-potential-0275", "cell": "0112_0085", "roof_area_m2": 13348.7472, "kwh_per_kwp_yr": 1677.1701828200248, "est_kwp": 2402.77, "est_gwh_yr": 4.0299, "fixme": "Large roof (13349 m2), no detected PV nearby, modelled 1677 kWh/kWp/yr -- a rooftop SITING OPPORTUNITY, not a detection of existing PV; check imagery to confirm the roof is real, accessible and unshaded before treating it as a genuine lead", "imagery_note": "osm=72.13727,32.20943 | bing=https://www.bing.com/maps?cp=32.20943~72.13727&lvl=19&style=a | google=https://www.google.com/maps/@32.20943,72.13727,200m/data=!3m1!1e3" }, "geometry": { "type": "Polygon", "coordinates": [ [ [ 72.1370432, 32.2083604 ], [ 72.1372807, 32.2083608 ], [ 72.1372808, 32.2083427 ], [ 72.1374042, 32.2083429 ], [ 72.1374041, 32.2083974 ], [ 72.1375111, 32.2083975 ], [ 72.137511, 32.2084333 ], [ 72.1375557, 32.2084333 ], [ 72.1375556, 32.2084638 ], [ 72.1375939, 32.2084639 ], [ 72.137593, 32.2088768 ], [ 72.1376028, 32.2088772 ], [ 72.1375926, 32.2090751 ], [ 72.137592, 32.2093543 ], [ 72.137606, 32.2093548 ], [ 72.1375915, 32.2096383 ], [ 72.1375912, 32.2097622 ], [ 72.1375851, 32.2097622 ], [ 72.1375799, 32.2098636 ], [ 72.1376044, 32.2098645 ], [ 72.137589800000015, 32.2101488 ], [ 72.1375375, 32.2101468 ], [ 72.1375354, 32.2101874 ], [ 72.13749780000002, 32.210186 ], [ 72.1374901, 32.210336 ], [ 72.1374558, 32.2103347 ], [ 72.1374532, 32.2103851 ], [ 72.1373701, 32.210382 ], [ 72.1373686, 32.2104107 ], [ 72.1370855, 32.2104001 ], [ 72.13709, 32.2103129 ], [ 72.1370518, 32.2103114 ], [ 72.1370563, 32.2102236 ], [ 72.137026, 32.2102225 ], [ 72.1370295, 32.2101561 ], [ 72.1369722, 32.210154 ], [ 72.1369737, 32.2101259 ], [ 72.1369047, 32.2101233 ], [ 72.1369365, 32.2095044 ], [ 72.1369372, 32.2091817 ], [ 72.1369304, 32.2091814 ], [ 72.1369375, 32.2090435 ], [ 72.1369387, 32.2084629 ], [ 72.1370166, 32.208463 ], [ 72.1370168, 32.2083855 ], [ 72.1370432, 32.2083856 ], [ 72.1370432, 32.2083604 ] ] ] } },
{ "type": "Feature", "properties": { "lead_id": "pakistan-potential-0276", "cell": "0107_0098", "roof_area_m2": 13332.7975, "kwh_per_kwp_yr": 1679.1648138842547, "est_kwp": 2399.9, "est_gwh_yr": 4.0298, "fixme": "Large roof (13333 m2), no detected PV nearby, modelled 1679 kWh/kWp/yr -- a rooftop SITING OPPORTUNITY, not a detection of existing PV; check imagery to confirm the roof is real, accessible and unshaded before treating it as a genuine lead", "imagery_note": "osm=71.55367,33.54634 | bing=https://www.bing.com/maps?cp=33.54634~71.55367&lvl=19&style=a | google=https://www.google.com/maps/@33.54634,71.55367,200m/data=!3m1!1e3" }, "geometry": { "type": "Polygon", "coordinates": [ [ [ 71.5540438, 33.5473227 ], [ 71.553731, 33.5473286 ], [ 71.5537259, 33.5473292 ], [ 71.553726, 33.5473345 ], [ 71.5535512, 33.547338 ], [ 71.5534326, 33.5473439 ], [ 71.5534329, 33.5473549 ], [ 71.5533775, 33.547356 ], [ 71.553364, 33.546919 ], [ 71.553359200000017, 33.5469191 ], [ 71.5533509, 33.5466349 ], [ 71.5533468, 33.5465467 ], [ 71.5533237, 33.546125600000011 ], [ 71.5532893, 33.5461267 ], [ 71.5532874, 33.5460856 ], [ 71.5533214, 33.5460845 ], [ 71.5533208, 33.5460736 ], [ 71.5532914, 33.5460742 ], [ 71.55329, 33.5460232 ], [ 71.553318, 33.5460227 ], [ 71.553317, 33.5460052 ], [ 71.5533071, 33.5460054 ], [ 71.5533011, 33.5458023 ], [ 71.5532589, 33.5458027 ], [ 71.553255, 33.5456624 ], [ 71.5532523, 33.5456625 ], [ 71.5532443, 33.5454415 ], [ 71.5532489, 33.5454413 ], [ 71.5532488, 33.5454359 ], [ 71.5535351, 33.5454303 ], [ 71.553946, 33.5454145 ], [ 71.5539464, 33.5454224 ], [ 71.5539494, 33.5454223 ], [ 71.5539523, 33.5455294 ], [ 71.5539576, 33.5456264 ], [ 71.553961, 33.5456264 ], [ 71.5539675, 33.5458049 ], [ 71.5539851, 33.5458045 ], [ 71.5539919, 33.546009 ], [ 71.5539956, 33.5460089 ], [ 71.5540141, 33.5466546 ], [ 71.5540276, 33.5468993 ], [ 71.5540241, 33.5468994 ], [ 71.5540346, 33.5471261 ], [ 71.5540389, 33.547126 ], [ 71.5540438, 33.5473227 ] ] ] } },
{ "type": "Feature", "properties": { "lead_id": "pakistan-potential-0277", "cell": "0064_0011", "roof_area_m2": 12906.2053, "kwh_per_kwp_yr": 1733.4597463583798, "est_kwp": 2323.12, "est_gwh_yr": 4.027, "fixme": "Large roof (12906 m2), no detected PV nearby, modelled 1733 kWh/kWp/yr -- a rooftop SITING OPPORTUNITY, not a detection of existing PV; check imagery to confirm the roof is real, accessible and unshaded before treating it as a genuine lead", "imagery_note": "osm=67.32296,24.84561 | bing=https://www.bing.com/maps?cp=24.84561~67.32296&lvl=19&style=a | google=https://www.google.com/maps/@24.84561,67.32296,200m/data=!3m1!1e3" }, "geometry": { "type": "Polygon", "coordinates": [ [ [ 67.323343, 24.8450022 ], [ 67.3233271, 24.846277 ], [ 67.3221313, 24.8462645 ], [ 67.3221342, 24.8460355 ], [ 67.3222878, 24.8460371 ], [ 67.3222915, 24.8457436 ], [ 67.3223438, 24.8457442 ], [ 67.3223448, 24.8456631 ], [ 67.3225806, 24.8456656 ], [ 67.3225819, 24.845562 ], [ 67.322529, 24.8455615 ], [ 67.32253, 24.8454807 ], [ 67.322606, 24.8454815 ], [ 67.3226095, 24.8452004 ], [ 67.3226477, 24.8452008 ], [ 67.3226499, 24.8450229 ], [ 67.3226883, 24.8450233 ], [ 67.3226886, 24.8449954 ], [ 67.323343, 24.8450022 ] ] ] } },
{ "type": "Feature", "properties": { "lead_id": "pakistan-potential-0278", "cell": "0069_0026", "roof_area_m2": 12926.2866, "kwh_per_kwp_yr": 1727.9830975037039, "est_kwp": 2326.73, "est_gwh_yr": 4.0206, "fixme": "Large roof (12926 m2), no detected PV nearby, modelled 1728 kWh/kWp/yr -- a rooftop SITING OPPORTUNITY, not a detection of existing PV; check imagery to confirm the roof is real, accessible and unshaded before treating it as a genuine lead", "imagery_note": "osm=67.74964,26.34125 | bing=https://www.bing.com/maps?cp=26.34125~67.74964&lvl=19&style=a | google=https://www.google.com/maps/@26.34125,67.74964,200m/data=!3m1!1e3" }, "geometry": { "type": "Polygon", "coordinates": [ [ [ 67.7502184, 26.3410054 ], [ 67.7502177, 26.3410129 ], [ 67.750289, 26.3410184 ], [ 67.7502542, 26.3413792 ], [ 67.7500601, 26.341364 ], [ 67.7500595, 26.3413695 ], [ 67.7500404, 26.3413681 ], [ 67.7499953, 26.341634 ], [ 67.749974200000011, 26.3418533 ], [ 67.7496825, 26.3418305 ], [ 67.749685, 26.3418046 ], [ 67.749418, 26.3417837 ], [ 67.7494183, 26.3417808 ], [ 67.7491032, 26.3417575 ], [ 67.7491046, 26.3417427 ], [ 67.7490445, 26.3417364 ], [ 67.7490473, 26.3417146 ], [ 67.748925, 26.3416975 ], [ 67.7489273, 26.3416843 ], [ 67.7489196, 26.3416835 ], [ 67.7489227, 26.3416588 ], [ 67.7489315, 26.3416597 ], [ 67.7489508, 26.3415469 ], [ 67.7489723, 26.34155 ], [ 67.7490255, 26.341135 ], [ 67.7490477, 26.3411373 ], [ 67.7490724, 26.3409937 ], [ 67.7490983, 26.3409973 ], [ 67.7491158, 26.3408954 ], [ 67.7491246, 26.3407559 ], [ 67.7491396, 26.3407567 ], [ 67.74915, 26.3406959 ], [ 67.7492363, 26.3407079 ], [ 67.749453800000012, 26.3407209 ], [ 67.7494535, 26.340725 ], [ 67.7494871, 26.3407267 ], [ 67.7494868, 26.3407307 ], [ 67.749564, 26.3407367 ], [ 67.7495631, 26.3407455 ], [ 67.749707, 26.3407567 ], [ 67.7497059, 26.3407679 ], [ 67.7497878, 26.3407793 ], [ 67.7501406, 26.3407974 ], [ 67.7501403, 26.3408031 ], [ 67.750189600000013, 26.340806 ], [ 67.7501876, 26.3408334 ], [ 67.7501892, 26.3408335 ], [ 67.7501833, 26.3408948 ], [ 67.7502287, 26.3408984 ], [ 67.7502284, 26.3409013 ], [ 67.7502299, 26.3409014 ], [ 67.7502223, 26.3410056 ], [ 67.7502184, 26.3410054 ] ] ] } },
{ "type": "Feature", "properties": { "lead_id": "pakistan-potential-0279", "cell": "0131_0074", "roof_area_m2": 13725.235, "kwh_per_kwp_yr": 1626.6717436409951, "est_kwp": 2470.54, "est_gwh_yr": 4.0188, "fixme": "Large roof (13725 m2), no detected PV nearby, modelled 1627 kWh/kWp/yr -- a rooftop SITING OPPORTUNITY, not a detection of existing PV; check imagery to confirm the roof is real, accessible and unshaded before treating it as a genuine lead", "imagery_note": "osm=73.94237,31.19341 | bing=https://www.bing.com/maps?cp=31.19341~73.94237&lvl=19&style=a | google=https://www.google.com/maps/@31.19341,73.94237,200m/data=!3m1!1e3" }, "geometry": { "type": "Polygon", "coordinates": [ [ [ 73.942073486882705, 31.192510427267798 ], [ 73.943327276445302, 31.193924705373799 ], [ 73.9431578758428, 31.194035684929901 ], [ 73.943029784179103, 31.193891199332402 ], [ 73.942571968109505, 31.194191126060204 ], [ 73.941446274175405, 31.192921328058596 ], [ 73.942073486882705, 31.192510427267798 ] ] ] } },
{ "type": "Feature", "properties": { "lead_id": "pakistan-potential-0280", "cell": "0123_0078", "roof_area_m2": 13739.9009, "kwh_per_kwp_yr": 1621.6853523034952, "est_kwp": 2473.18, "est_gwh_yr": 4.0107, "fixme": "Large roof (13740 m2), no detected PV nearby, modelled 1622 kWh/kWp/yr -- a rooftop SITING OPPORTUNITY, not a detection of existing PV; check imagery to confirm the roof is real, accessible and unshaded before treating it as a genuine lead", "imagery_note": "osm=73.18816,31.59313 | bing=https://www.bing.com/maps?cp=31.59313~73.18816&lvl=19&style=a | google=https://www.google.com/maps/@31.59313,73.18816,200m/data=!3m1!1e3" }, "geometry": { "type": "Polygon", "coordinates": [ [ [ 73.1886738484083, 31.592458891141501 ], [ 73.188850427917998, 31.592628282428297 ], [ 73.188390139364898, 31.592979830062699 ], [ 73.188702602219806, 31.593279572590102 ], [ 73.187951887267801, 31.593852926562704 ], [ 73.187639425092001, 31.593553182242001 ], [ 73.186814134570199, 31.594183477831098 ], [ 73.186462842664099, 31.593846478087105 ], [ 73.187039436410402, 31.593406121224596 ], [ 73.187207960787106, 31.593567788658401 ], [ 73.1884178901702, 31.592643716200204 ], [ 73.188256100469999, 31.5924885114764 ], [ 73.188582284076602, 31.592239386781593 ], [ 73.188750263307696, 31.592400528532199 ], [ 73.1886738484083, 31.592458891141501 ] ] ] } },
{ "type": "Feature", "properties": { "lead_id": "pakistan-potential-0281", "cell": "0037_0015", "roof_area_m2": 12207.5583, "kwh_per_kwp_yr": 1816.7092525308417, "est_kwp": 2197.36, "est_gwh_yr": 3.992, "fixme": "Large roof (12208 m2), no detected PV nearby, modelled 1817 kWh/kWp/yr -- a rooftop SITING OPPORTUNITY, not a detection of existing PV; check imagery to confirm the roof is real, accessible and unshaded before treating it as a genuine lead", "imagery_note": "osm=64.60092,25.28358 | bing=https://www.bing.com/maps?cp=25.28358~64.60092&lvl=19&style=a | google=https://www.google.com/maps/@25.28358,64.60092,200m/data=!3m1!1e3" }, "geometry": { "type": "Polygon", "coordinates": [ [ [ 64.6018485, 25.2836781 ], [ 64.6018442, 25.2836855 ], [ 64.6018496, 25.2836883 ], [ 64.6017054, 25.2839219 ], [ 64.6016087, 25.2840867 ], [ 64.6015199, 25.2840437 ], [ 64.6015508, 25.2839909 ], [ 64.6015153, 25.2839737 ], [ 64.6015275, 25.283953 ], [ 64.6014305, 25.283906 ], [ 64.6014271, 25.2839115 ], [ 64.6013745, 25.2838847 ], [ 64.6013773, 25.2838802 ], [ 64.6013513, 25.2838675 ], [ 64.6014521, 25.2836958 ], [ 64.601426, 25.2836825 ], [ 64.6013189, 25.2838564 ], [ 64.6013556, 25.283875 ], [ 64.6013214, 25.2839305 ], [ 64.6012944, 25.2839168 ], [ 64.6012516, 25.2839863 ], [ 64.6012786, 25.284 ], [ 64.6012703, 25.2840135 ], [ 64.6013941, 25.2840765 ], [ 64.6013117, 25.2842103 ], [ 64.6007741, 25.2839365 ], [ 64.6006975, 25.2840608 ], [ 64.6005657, 25.2839937 ], [ 64.6006423, 25.2838694 ], [ 64.6001616, 25.2836246 ], [ 64.6002317, 25.2835108 ], [ 64.6000897, 25.2834385 ], [ 64.6003417, 25.2830294 ], [ 64.600217, 25.2829659 ], [ 64.6002681, 25.282883 ], [ 64.6015469, 25.2835342 ], [ 64.601548, 25.2835323 ], [ 64.6018485, 25.2836781 ] ] ] } },
{ "type": "Feature", "properties": { "lead_id": "pakistan-potential-0282", "cell": "0131_0075", "roof_area_m2": 13630.4303, "kwh_per_kwp_yr": 1624.8492092402589, "est_kwp": 2453.48, "est_gwh_yr": 3.9865, "fixme": "Large roof (13630 m2), no detected PV nearby, modelled 1625 kWh/kWp/yr -- a rooftop SITING OPPORTUNITY, not a detection of existing PV; check imagery to confirm the roof is real, accessible and unshaded before treating it as a genuine lead", "imagery_note": "osm=73.99217,31.24088 | bing=https://www.bing.com/maps?cp=31.24088~73.99217&lvl=19&style=a | google=https://www.google.com/maps/@31.24088,73.99217,200m/data=!3m1!1e3" }, "geometry": { "type": "Polygon", "coordinates": [ [ [ 73.9920245, 31.2403307 ], [ 73.9920594, 31.240369 ], [ 73.9920727, 31.2403608 ], [ 73.9922361, 31.2405396 ], [ 73.9922469, 31.2405397 ], [ 73.9922468, 31.2405513 ], [ 73.9922921, 31.2406009 ], [ 73.9922997, 31.240601 ], [ 73.9922995, 31.2406133 ], [ 73.992311, 31.2406259 ], [ 73.9923266, 31.240626 ], [ 73.9923264, 31.2406553 ], [ 73.9924351, 31.2407744 ], [ 73.9925334, 31.2407082 ], [ 73.9925568, 31.2407338 ], [ 73.9925189, 31.2407594 ], [ 73.9925848, 31.2408317 ], [ 73.9926044, 31.2408184 ], [ 73.9926168, 31.2408321 ], [ 73.9926194, 31.2408321 ], [ 73.9926193, 31.2408348 ], [ 73.9926318, 31.2408485 ], [ 73.9926457, 31.2408392 ], [ 73.99264740000001, 31.240841 ], [ 73.9926534, 31.240837 ], [ 73.9927123, 31.2409024 ], [ 73.9927112, 31.2409031 ], [ 73.9927387, 31.2409333 ], [ 73.9927171, 31.2409479 ], [ 73.9927364, 31.240969 ], [ 73.99272, 31.2409801 ], [ 73.9927595, 31.2410234 ], [ 73.9926938, 31.2410676 ], [ 73.9927545, 31.2411351 ], [ 73.9927471, 31.2411401 ], [ 73.9927485, 31.2411417 ], [ 73.992728600000021, 31.241154900000012 ], [ 73.9927807, 31.241212 ], [ 73.9927997, 31.2412122 ], [ 73.9927995, 31.2412326 ], [ 73.9929687, 31.241418 ], [ 73.9929666, 31.2414194 ], [ 73.9929681, 31.241421 ], [ 73.9929251, 31.2414494 ], [ 73.992924, 31.2414481 ], [ 73.9928435, 31.2415023 ], [ 73.9928895, 31.2415534 ], [ 73.9925961, 31.2417483 ], [ 73.9925523, 31.2416997 ], [ 73.9924597, 31.2417608 ], [ 73.9912127, 31.2403941 ], [ 73.9917642, 31.240022 ], [ 73.9917955, 31.2400564 ], [ 73.9918806, 31.2399996 ], [ 73.9920356, 31.2401698 ], [ 73.992037, 31.2401689 ], [ 73.9921239, 31.2402624 ], [ 73.9920245, 31.2403307 ] ] ] } },
{ "type": "Feature", "properties": { "lead_id": "pakistan-potential-0283", "cell": "0133_0083", "roof_area_m2": 13589.1071, "kwh_per_kwp_yr": 1626.8194085217572, "est_kwp": 2446.04, "est_gwh_yr": 3.9793, "fixme": "Large roof (13589 m2), no detected PV nearby, modelled 1627 kWh/kWp/yr -- a rooftop SITING OPPORTUNITY, not a detection of existing PV; check imagery to confirm the roof is real, accessible and unshaded before treating it as a genuine lead", "imagery_note": "osm=74.20432,32.08876 | bing=https://www.bing.com/maps?cp=32.08876~74.20432&lvl=19&style=a | google=https://www.google.com/maps/@32.08876,74.20432,200m/data=!3m1!1e3" }, "geometry": { "type": "Polygon", "coordinates": [ [ [ 74.2046334, 32.0889644 ], [ 74.204436, 32.0889615 ], [ 74.2044365, 32.0889363 ], [ 74.2043354, 32.088936 ], [ 74.2043352, 32.0889406 ], [ 74.2042197, 32.0889357 ], [ 74.204135, 32.0889355 ], [ 74.204135, 32.0889372 ], [ 74.2038768, 32.0889348 ], [ 74.2038767, 32.0889371 ], [ 74.2038546, 32.088937 ], [ 74.2038546, 32.0889385 ], [ 74.2034647, 32.0889348 ], [ 74.2034645, 32.0889473 ], [ 74.2029754, 32.0889402 ], [ 74.2029756, 32.0889324 ], [ 74.2029683, 32.0889324 ], [ 74.2029687, 32.0888026 ], [ 74.2029211, 32.0888023 ], [ 74.2029214, 32.0887265 ], [ 74.202969, 32.0887266 ], [ 74.2029694, 32.0886099 ], [ 74.2029401, 32.0886099 ], [ 74.2029401, 32.0886075 ], [ 74.2029269, 32.0886074 ], [ 74.2029278, 32.0885239 ], [ 74.2029697, 32.0885243 ], [ 74.2029701, 32.0884181 ], [ 74.2029763, 32.0884181 ], [ 74.2029763, 32.0884166 ], [ 74.2033776, 32.0884192 ], [ 74.2033772, 32.0885277 ], [ 74.203943, 32.0885325 ], [ 74.2041469, 32.088533 ], [ 74.2041475, 32.0885191 ], [ 74.2046121, 32.0885342 ], [ 74.2048303, 32.0885343 ], [ 74.2050718, 32.0885315 ], [ 74.2050718, 32.0885354 ], [ 74.2050923, 32.0885355 ], [ 74.2050966, 32.08844 ], [ 74.2050988, 32.0884401 ], [ 74.2050988, 32.0884237 ], [ 74.205193400000013, 32.088424 ], [ 74.2051933, 32.0884432 ], [ 74.2053528, 32.0884484 ], [ 74.2053521, 32.0884644 ], [ 74.205577, 32.0884801 ], [ 74.2057452, 32.0884856 ], [ 74.2057421, 32.0885551 ], [ 74.2057313, 32.0885548 ], [ 74.2057206, 32.0886884 ], [ 74.205718, 32.0886882 ], [ 74.2057172, 32.0886964 ], [ 74.2057128, 32.0886961 ], [ 74.205703, 32.0889117 ], [ 74.2056886, 32.0889112 ], [ 74.2056642, 32.0891545 ], [ 74.2056531, 32.089154 ], [ 74.205563500000011, 32.0891472 ], [ 74.2054653, 32.089144 ], [ 74.2054711, 32.0890145 ], [ 74.2054968, 32.0890153 ], [ 74.2054985, 32.0890016 ], [ 74.2051767, 32.0889883 ], [ 74.204935400000011, 32.0889876 ], [ 74.204935400000011, 32.0889804 ], [ 74.204925, 32.0889801 ], [ 74.2049264, 32.08895 ], [ 74.2046339, 32.0889405 ], [ 74.2046334, 32.0889644 ] ] ] } },
{ "type": "Feature", "properties": { "lead_id": "pakistan-potential-0284", "cell": "0136_0077", "roof_area_m2": 13456.4999, "kwh_per_kwp_yr": 1639.9125469801731, "est_kwp": 2422.17, "est_gwh_yr": 3.9721, "fixme": "Large roof (13456 m2), no detected PV nearby, modelled 1640 kWh/kWp/yr -- a rooftop SITING OPPORTUNITY, not a detection of existing PV; check imagery to confirm the roof is real, accessible and unshaded before treating it as a genuine lead", "imagery_note": "osm=74.49809,31.49114 | bing=https://www.bing.com/maps?cp=31.49114~74.49809&lvl=19&style=a | google=https://www.google.com/maps/@31.49114,74.49809,200m/data=!3m1!1e3" }, "geometry": { "type": "Polygon", "coordinates": [ [ [ 74.4987864, 31.4911083 ], [ 74.4988066, 31.4911072 ], [ 74.4988072, 31.491116 ], [ 74.4988088, 31.4911159 ], [ 74.4988174, 31.4912468 ], [ 74.4988807, 31.4912439 ], [ 74.498883, 31.4912816 ], [ 74.498888400000013, 31.4912814 ], [ 74.4989017, 31.4915185 ], [ 74.4982904, 31.4915437 ], [ 74.4979652, 31.4915594 ], [ 74.497557, 31.4915812 ], [ 74.4975575, 31.491587 ], [ 74.4973207, 31.4916025 ], [ 74.4972822, 31.4911724 ], [ 74.4973749, 31.4911663 ], [ 74.497365400000021, 31.4910211 ], [ 74.4973403, 31.4907404 ], [ 74.4973468, 31.49074 ], [ 74.4973464, 31.4907333 ], [ 74.4977536, 31.4907136 ], [ 74.4977533, 31.4907098 ], [ 74.4982801, 31.4906881 ], [ 74.4986575, 31.4906698 ], [ 74.4986577, 31.4906725 ], [ 74.4987471, 31.4906688 ], [ 74.4987544, 31.490798 ], [ 74.498767, 31.4907974 ], [ 74.4987864, 31.4911083 ] ] ] } },
{ "type": "Feature", "properties": { "lead_id": "pakistan-potential-0285", "cell": "0118_0067", "roof_area_m2": 13096.9923, "kwh_per_kwp_yr": 1682.629175782148, "est_kwp": 2357.46, "est_gwh_yr": 3.9667, "fixme": "Large roof (13097 m2), no detected PV nearby, modelled 1683 kWh/kWp/yr -- a rooftop SITING OPPORTUNITY, not a detection of existing PV; check imagery to confirm the roof is real, accessible and unshaded before treating it as a genuine lead", "imagery_note": "osm=72.73139,30.48308 | bing=https://www.bing.com/maps?cp=30.48308~72.73139&lvl=19&style=a | google=https://www.google.com/maps/@30.48308,72.73139,200m/data=!3m1!1e3" }, "geometry": { "type": "Polygon", "coordinates": [ [ [ 72.7320548, 30.4828132 ], [ 72.7320527, 30.4828938 ], [ 72.7320503, 30.4828938 ], [ 72.73205, 30.4829244 ], [ 72.7320567, 30.4829245 ], [ 72.7320558, 30.4829798 ], [ 72.7320526, 30.4829798 ], [ 72.7320472, 30.4831878 ], [ 72.7320524, 30.4831878 ], [ 72.7320447, 30.4836535 ], [ 72.7320417, 30.4836535 ], [ 72.7320417, 30.4836546 ], [ 72.731751, 30.4836522 ], [ 72.7317509, 30.4836538 ], [ 72.7315857, 30.4836507 ], [ 72.730721100000011, 30.4836433 ], [ 72.7307212, 30.4836373 ], [ 72.7307136, 30.4836372 ], [ 72.7307137, 30.4836339 ], [ 72.7307125, 30.4836339 ], [ 72.7307316, 30.4827178 ], [ 72.7320522, 30.4827291 ], [ 72.7320513, 30.4828131 ], [ 72.7320548, 30.4828132 ] ] ] } },
{ "type": "Feature", "properties": { "lead_id": "pakistan-potential-0286", "cell": "0118_0104", "roof_area_m2": 13084.1641, "kwh_per_kwp_yr": 1681.0340318541466, "est_kwp": 2355.15, "est_gwh_yr": 3.9591, "fixme": "Large roof (13084 m2), no detected PV nearby, modelled 1681 kWh/kWp/yr -- a rooftop SITING OPPORTUNITY, not a detection of existing PV; check imagery to confirm the roof is real, accessible and unshaded before treating it as a genuine lead", "imagery_note": "osm=72.65100,34.12756 | bing=https://www.bing.com/maps?cp=34.12756~72.65100&lvl=19&style=a | google=https://www.google.com/maps/@34.12756,72.65100,200m/data=!3m1!1e3" }, "geometry": { "type": "Polygon", "coordinates": [ [ [ 72.6516309, 34.1272768 ], [ 72.6516298, 34.1272924 ], [ 72.6516432, 34.1272966 ], [ 72.6516272, 34.1273316 ], [ 72.6516263, 34.1273454 ], [ 72.6516752, 34.1273609 ], [ 72.651727, 34.1273633 ], [ 72.6517261, 34.127377 ], [ 72.651741, 34.1273817 ], [ 72.6517231, 34.1274208 ], [ 72.6517225, 34.1274306 ], [ 72.6517046, 34.1274298 ], [ 72.651704, 34.1274312 ], [ 72.65175, 34.1274457 ], [ 72.651667, 34.1276278 ], [ 72.651654900000011, 34.1278089 ], [ 72.6516093, 34.1278068 ], [ 72.6515563, 34.1279231 ], [ 72.6515518, 34.1279902 ], [ 72.6515616, 34.1279933 ], [ 72.6515499, 34.128019 ], [ 72.6515438, 34.1281107 ], [ 72.6515089, 34.1281091 ], [ 72.6515024, 34.1281233 ], [ 72.6514484, 34.1281063 ], [ 72.6513717, 34.1281028 ], [ 72.6513731, 34.1280825 ], [ 72.6510998, 34.1279964 ], [ 72.6510615, 34.1280804 ], [ 72.6507979, 34.1279973 ], [ 72.6508362, 34.1279133 ], [ 72.6501985, 34.1277116 ], [ 72.6502155, 34.1276743 ], [ 72.650242, 34.1276827 ], [ 72.6503317, 34.1274863 ], [ 72.6499311, 34.1273613 ], [ 72.6499707, 34.1272729 ], [ 72.6501084, 34.1273156 ], [ 72.6502883, 34.1269194 ], [ 72.6502446, 34.1269059 ], [ 72.6502683, 34.126853 ], [ 72.6503133, 34.126867 ], [ 72.6503141, 34.1268653 ], [ 72.6505775, 34.1269485 ], [ 72.6505544, 34.1270014 ], [ 72.6506566, 34.1270336 ], [ 72.6506757, 34.1269917 ], [ 72.6514481, 34.1272351 ], [ 72.6514485, 34.1272342 ], [ 72.6515717, 34.127274 ], [ 72.6516309, 34.1272768 ] ] ] } },
{ "type": "Feature", "properties": { "lead_id": "pakistan-potential-0287", "cell": "0098_0062", "roof_area_m2": 12796.9552, "kwh_per_kwp_yr": 1712.1527274423981, "est_kwp": 2303.45, "est_gwh_yr": 3.9439, "fixme": "Large roof (12797 m2), no detected PV nearby, modelled 1712 kWh/kWp/yr -- a rooftop SITING OPPORTUNITY, not a detection of existing PV; check imagery to confirm the roof is real, accessible and unshaded before treating it as a genuine lead", "imagery_note": "osm=70.65473,29.98607 | bing=https://www.bing.com/maps?cp=29.98607~70.65473&lvl=19&style=a | google=https://www.google.com/maps/@29.98607,70.65473,200m/data=!3m1!1e3" }, "geometry": { "type": "Polygon", "coordinates": [ [ [ 70.6555348, 29.9857013 ], [ 70.6555293, 29.9864419 ], [ 70.6539159, 29.9864329 ], [ 70.6539214, 29.9856923 ], [ 70.6555348, 29.9857013 ] ] ] } },
{ "type": "Feature", "properties": { "lead_id": "pakistan-potential-0288", "cell": "0119_0090", "roof_area_m2": 13095.1258, "kwh_per_kwp_yr": 1670.6910062983447, "est_kwp": 2357.12, "est_gwh_yr": 3.938, "fixme": "Large roof (13095 m2), no detected PV nearby, modelled 1671 kWh/kWp/yr -- a rooftop SITING OPPORTUNITY, not a detection of existing PV; check imagery to confirm the roof is real, accessible and unshaded before treating it as a genuine lead", "imagery_note": "osm=72.82192,32.72675 | bing=https://www.bing.com/maps?cp=32.72675~72.82192&lvl=19&style=a | google=https://www.google.com/maps/@32.72675,72.82192,200m/data=!3m1!1e3" }, "geometry": { "type": "Polygon", "coordinates": [ [ [ 72.821842453153593, 32.725667740455201 ], [ 72.822563531845006, 32.727694469268698 ], [ 72.821993871409006, 32.7278392765825 ], [ 72.821272804840206, 32.725812545028298 ], [ 72.821842453153593, 32.725667740455201 ] ] ] } },
{ "type": "Feature", "properties": { "lead_id": "pakistan-potential-0289", "cell": "0105_0064", "roof_area_m2": 12830.1676, "kwh_per_kwp_yr": 1702.737053292786, "est_kwp": 2309.43, "est_gwh_yr": 3.9324, "fixme": "Large roof (12830 m2), no detected PV nearby, modelled 1703 kWh/kWp/yr -- a rooftop SITING OPPORTUNITY, not a detection of existing PV; check imagery to confirm the roof is real, accessible and unshaded before treating it as a genuine lead", "imagery_note": "osm=71.42370,30.19622 | bing=https://www.bing.com/maps?cp=30.19622~71.42370&lvl=19&style=a | google=https://www.google.com/maps/@30.19622,71.42370,200m/data=!3m1!1e3" }, "geometry": { "type": "Polygon", "coordinates": [ [ [ 71.423247, 30.1960416 ], [ 71.4235904, 30.1960234 ], [ 71.4235748, 30.1958155 ], [ 71.4234726, 30.1958209 ], [ 71.4234607, 30.195672 ], [ 71.4235636, 30.1956663 ], [ 71.4235565, 30.1955715 ], [ 71.4235579, 30.1955714 ], [ 71.4235494, 30.1954525 ], [ 71.4234528, 30.1954577 ], [ 71.4234526, 30.1954542 ], [ 71.4234428, 30.1954548 ], [ 71.4234425, 30.1954502 ], [ 71.4234391, 30.1954503 ], [ 71.4234365, 30.1954128 ], [ 71.4233195, 30.1954192 ], [ 71.4233484, 30.1958193 ], [ 71.4232996, 30.195822 ], [ 71.4232993, 30.1958176 ], [ 71.423297, 30.1958177 ], [ 71.4232683, 30.1954301 ], [ 71.4232101, 30.1954333 ], [ 71.4232095, 30.1954252 ], [ 71.4232032, 30.1954255 ], [ 71.4231941, 30.1952993 ], [ 71.4233097, 30.195293 ], [ 71.4233071, 30.1952552 ], [ 71.4233386, 30.1952535 ], [ 71.4233412, 30.1952913 ], [ 71.423537, 30.1952807 ], [ 71.4235292, 30.1951616 ], [ 71.4235502, 30.1951604 ], [ 71.4235494, 30.1951489 ], [ 71.4237694, 30.1951373 ], [ 71.4237645, 30.1950668 ], [ 71.4237687, 30.1950665 ], [ 71.4237685, 30.1950639 ], [ 71.4238253, 30.1950607 ], [ 71.4238443, 30.1953181 ], [ 71.4240666, 30.1953064 ], [ 71.4241012, 30.1957913 ], [ 71.4240985, 30.1957915 ], [ 71.4241144, 30.1960119 ], [ 71.4241169, 30.1960118 ], [ 71.4241718, 30.1967911 ], [ 71.4239591, 30.1968027 ], [ 71.4239766, 30.197056 ], [ 71.4239208, 30.1970589 ], [ 71.4239152, 30.1969778 ], [ 71.4236813, 30.1969906 ], [ 71.4236761, 30.1969177 ], [ 71.4234786, 30.1969284 ], [ 71.4234786, 30.1969294 ], [ 71.423467, 30.19693 ], [ 71.4234672, 30.1969323 ], [ 71.4233296, 30.19693950000001 ], [ 71.4233286, 30.196925 ], [ 71.4233161, 30.1969258 ], [ 71.4233069, 30.1968033 ], [ 71.4233207, 30.1968025 ], [ 71.423320500000017, 30.1967997 ], [ 71.4234257, 30.196794 ], [ 71.4234232, 30.1967535 ], [ 71.4234663, 30.1967512 ], [ 71.4234672, 30.1967628 ], [ 71.4235062, 30.1967607 ], [ 71.4235083, 30.1967895 ], [ 71.4236055, 30.1967842 ], [ 71.4235983, 30.1966846 ], [ 71.4236004, 30.1966845 ], [ 71.4236003, 30.1966833 ], [ 71.4236026, 30.1966832 ], [ 71.4236024, 30.1966798 ], [ 71.4236376, 30.196678 ], [ 71.4236347, 30.196637 ], [ 71.423595, 30.1966392 ], [ 71.423587, 30.196529 ], [ 71.423406900000018, 30.1965383 ], [ 71.4233991, 30.1964253 ], [ 71.4233938, 30.1964256 ], [ 71.4233921, 30.196402 ], [ 71.4232864, 30.1964078 ], [ 71.4232857, 30.19639720000001 ], [ 71.4232716, 30.1963979 ], [ 71.423247, 30.1960416 ] ] ] } },
{ "type": "Feature", "properties": { "lead_id": "pakistan-potential-0290", "cell": "0118_0104", "roof_area_m2": 12984.7508, "kwh_per_kwp_yr": 1681.4257567203022, "est_kwp": 2337.26, "est_gwh_yr": 3.9299, "fixme": "Large roof (12985 m2), no detected PV nearby, modelled 1681 kWh/kWp/yr -- a rooftop SITING OPPORTUNITY, not a detection of existing PV; check imagery to confirm the roof is real, accessible and unshaded before treating it as a genuine lead", "imagery_note": "osm=72.64267,34.13436 | bing=https://www.bing.com/maps?cp=34.13436~72.64267&lvl=19&style=a | google=https://www.google.com/maps/@34.13436,72.64267,200m/data=!3m1!1e3" }, "geometry": { "type": "Polygon", "coordinates": [ [ [ 72.643516170743993, 34.134151769143401 ], [ 72.643110851336502, 34.135001881325103 ], [ 72.641821122611702, 34.134576675365302 ], [ 72.642226452407101, 34.133726567849401 ], [ 72.643516170743993, 34.134151769143401 ] ] ] } },
{ "type": "Feature", "properties": { "lead_id": "pakistan-potential-0291", "cell": "0117_0104", "roof_area_m2": 12984.7508, "kwh_per_kwp_yr": 1681.4257567203022, "est_kwp": 2337.26, "est_gwh_yr": 3.9299, "fixme": "Large roof (12985 m2), no detected PV nearby, modelled 1681 kWh/kWp/yr -- a rooftop SITING OPPORTUNITY, not a detection of existing PV; check imagery to confirm the roof is real, accessible and unshaded before treating it as a genuine lead", "imagery_note": "osm=72.64267,34.13436 | bing=https://www.bing.com/maps?cp=34.13436~72.64267&lvl=19&style=a | google=https://www.google.com/maps/@34.13436,72.64267,200m/data=!3m1!1e3" }, "geometry": { "type": "Polygon", "coordinates": [ [ [ 72.643516170743993, 34.134151769143401 ], [ 72.643110851336502, 34.135001881325103 ], [ 72.641821122611702, 34.134576675365302 ], [ 72.642226452407101, 34.133726567849401 ], [ 72.643516170743993, 34.134151769143401 ] ] ] } },
{ "type": "Feature", "properties": { "lead_id": "pakistan-potential-0292", "cell": "0060_0011", "roof_area_m2": 12521.4837, "kwh_per_kwp_yr": 1742.0696974137177, "est_kwp": 2253.87, "est_gwh_yr": 3.9264, "fixme": "Large roof (12521 m2), no detected PV nearby, modelled 1742 kWh/kWp/yr -- a rooftop SITING OPPORTUNITY, not a detection of existing PV; check imagery to confirm the roof is real, accessible and unshaded before treating it as a genuine lead", "imagery_note": "osm=66.89330,24.87635 | bing=https://www.bing.com/maps?cp=24.87635~66.89330&lvl=19&style=a | google=https://www.google.com/maps/@24.87635,66.89330,200m/data=!3m1!1e3" }, "geometry": { "type": "Polygon", "coordinates": [ [ [ 66.893449908337701, 24.875731725835205 ], [ 66.893468778106794, 24.875725345143298 ], [ 66.893602157127603, 24.876053604619798 ], [ 66.893626795828396, 24.876045273197501 ], [ 66.893869673118303, 24.8766430145408 ], [ 66.893568457851501, 24.876744868177699 ], [ 66.893576797195607, 24.876765392029505 ], [ 66.893081413671098, 24.876932900444199 ], [ 66.892584310629402, 24.875709462771301 ], [ 66.892563860965595, 24.875716377557701 ], [ 66.892551017323598, 24.875684767299798 ], [ 66.892905619318199, 24.875564862751602 ], [ 66.892897163842093, 24.875544052613701 ], [ 66.893316094583298, 24.875402394622995 ], [ 66.893449908337701, 24.875731725835205 ] ] ] } },
{ "type": "Feature", "properties": { "lead_id": "pakistan-potential-0293", "cell": "0061_0011", "roof_area_m2": 12547.402, "kwh_per_kwp_yr": 1738.4197271520648, "est_kwp": 2258.53, "est_gwh_yr": 3.9263, "fixme": "Large roof (12547 m2), no detected PV nearby, modelled 1738 kWh/kWp/yr -- a rooftop SITING OPPORTUNITY, not a detection of existing PV; check imagery to confirm the roof is real, accessible and unshaded before treating it as a genuine lead", "imagery_note": "osm=67.03798,24.85043 | bing=https://www.bing.com/maps?cp=24.85043~67.03798&lvl=19&style=a | google=https://www.google.com/maps/@24.85043,67.03798,200m/data=!3m1!1e3" }, "geometry": { "type": "Polygon", "coordinates": [ [ [ 67.0379391, 24.8498975 ], [ 67.0379277, 24.8500588 ], [ 67.0381692, 24.8500782 ], [ 67.0381827, 24.8498767 ], [ 67.0383904, 24.8498883 ], [ 67.0383867, 24.8499427 ], [ 67.0385052, 24.8499493 ], [ 67.0384948, 24.8501045 ], [ 67.0385025, 24.8501051 ], [ 67.0384771, 24.8503674 ], [ 67.038444, 24.8508605 ], [ 67.038441, 24.8508603 ], [ 67.0384409, 24.8508613 ], [ 67.0384294, 24.8508607 ], [ 67.038429, 24.8508647 ], [ 67.0382855, 24.8508532 ], [ 67.0381245, 24.8508447 ], [ 67.0381246, 24.8508426 ], [ 67.0381178, 24.8508422 ], [ 67.038118, 24.8508397 ], [ 67.0379032, 24.8508224 ], [ 67.0379079, 24.8507739 ], [ 67.0378976, 24.8507731 ], [ 67.0378963, 24.8508129 ], [ 67.0378498, 24.8508116 ], [ 67.0378492, 24.8508599 ], [ 67.0378948, 24.8508611 ], [ 67.0378874, 24.8510913 ], [ 67.0378763, 24.851091 ], [ 67.0378731, 24.8511243 ], [ 67.0378864, 24.8511246 ], [ 67.0378857, 24.8511468 ], [ 67.0380129, 24.851157 ], [ 67.038011, 24.8511771 ], [ 67.0381749, 24.8511904 ], [ 67.0381768, 24.8511702 ], [ 67.0382372, 24.8511751 ], [ 67.0382905, 24.851157 ], [ 67.0383, 24.8511802 ], [ 67.0383264, 24.8511823 ], [ 67.0383246, 24.8512007 ], [ 67.0383281, 24.8512007 ], [ 67.038327400000014, 24.8512475 ], [ 67.0383476, 24.8512974 ], [ 67.0383265, 24.8513045 ], [ 67.038326, 24.8513338 ], [ 67.0383117, 24.8513336 ], [ 67.0383115, 24.8513361 ], [ 67.0382748, 24.8513331 ], [ 67.0382432, 24.8513327 ], [ 67.0382224, 24.8513398 ], [ 67.0382224, 24.8513415 ], [ 67.0382175, 24.8513414 ], [ 67.0381738, 24.8513562 ], [ 67.0381709, 24.8513492 ], [ 67.0379535, 24.8513317 ], [ 67.0379538, 24.851329 ], [ 67.0378956, 24.8513282 ], [ 67.037896, 24.8513027 ], [ 67.037893, 24.8513025 ], [ 67.0378929, 24.8513075 ], [ 67.0378814, 24.8513015 ], [ 67.0378618, 24.8512999 ], [ 67.0378626, 24.8512918 ], [ 67.0378366, 24.8512784 ], [ 67.0377744, 24.8512776 ], [ 67.0377745, 24.8512675 ], [ 67.0376923, 24.8512653 ], [ 67.0376959, 24.8511517 ], [ 67.0375329, 24.8511386 ], [ 67.037545, 24.8510137 ], [ 67.0375399, 24.8510136 ], [ 67.0375415, 24.8509658 ], [ 67.0375216, 24.8509647 ], [ 67.0375219, 24.8509606 ], [ 67.0375091, 24.8509595 ], [ 67.0375127, 24.8509248 ], [ 67.0374828, 24.8509224 ], [ 67.0375098, 24.8506438 ], [ 67.0375144, 24.8505003 ], [ 67.0374853, 24.8504985 ], [ 67.0374977, 24.8503228 ], [ 67.0374996, 24.8502642 ], [ 67.037554, 24.8502656 ], [ 67.037568, 24.8501303 ], [ 67.03757, 24.8500691 ], [ 67.0375744, 24.8500692 ], [ 67.0375865, 24.849952 ], [ 67.0375936, 24.8498506 ], [ 67.0375885, 24.8498505 ], [ 67.0375941, 24.8498445 ], [ 67.0375965, 24.8498101 ], [ 67.0376229, 24.8498117 ], [ 67.037629, 24.8498045 ], [ 67.0376364, 24.8497325 ], [ 67.037658, 24.8497344 ], [ 67.037659, 24.8497206 ], [ 67.03769, 24.8497224 ], [ 67.0376726, 24.8497091 ], [ 67.037694, 24.8496859 ], [ 67.037698, 24.8496475 ], [ 67.0377283, 24.8496488 ], [ 67.0377438, 24.849632 ], [ 67.0377629, 24.8496467 ], [ 67.0377676, 24.8496411 ], [ 67.0377609, 24.8496357 ], [ 67.037822, 24.8495722 ], [ 67.0378397, 24.849586 ], [ 67.037890200000021, 24.8495335 ], [ 67.0379096, 24.8495107 ], [ 67.0379112, 24.8495118 ], [ 67.0379216, 24.849501 ], [ 67.0379213, 24.8495189 ], [ 67.037961, 24.849547 ], [ 67.0379201, 24.8495953 ], [ 67.037919100000011, 24.8496544 ], [ 67.0378801, 24.8496949 ], [ 67.03787770000001, 24.8497286 ], [ 67.0378916, 24.8497384 ], [ 67.0378757, 24.8497571 ], [ 67.037872, 24.8498094 ], [ 67.0378333, 24.8498072 ], [ 67.0378152, 24.8498285 ], [ 67.0378137, 24.8498494 ], [ 67.0378084, 24.8498491 ], [ 67.037785, 24.8500748 ], [ 67.0378547, 24.8500766 ], [ 67.037857, 24.8500531 ], [ 67.0378601, 24.8500534 ], [ 67.0378648, 24.8499871 ], [ 67.0379008, 24.8499892 ], [ 67.0379038, 24.8499461 ], [ 67.0378625, 24.8499437 ], [ 67.0378661, 24.8498932 ], [ 67.0379391, 24.8498975 ] ] ] } },
{ "type": "Feature", "properties": { "lead_id": "pakistan-potential-0294", "cell": "0133_0077", "roof_area_m2": 13430.1707, "kwh_per_kwp_yr": 1623.1963597065237, "est_kwp": 2417.43, "est_gwh_yr": 3.924, "fixme": "Large roof (13430 m2), no detected PV nearby, modelled 1623 kWh/kWp/yr -- a rooftop SITING OPPORTUNITY, not a detection of existing PV; check imagery to confirm the roof is real, accessible and unshaded before treating it as a genuine lead", "imagery_note": "osm=74.17360,31.42282 | bing=https://www.bing.com/maps?cp=31.42282~74.17360&lvl=19&style=a | google=https://www.google.com/maps/@31.42282,74.17360,200m/data=!3m1!1e3" }, "geometry": { "type": "Polygon", "coordinates": [ [ [ 74.1741455, 31.4231366 ], [ 74.1730628, 31.4231435 ], [ 74.1730573, 31.4225127 ], [ 74.1729664, 31.4225133 ], [ 74.1729661, 31.4224868 ], [ 74.1729076, 31.4224872 ], [ 74.1729037, 31.4220337 ], [ 74.1741359, 31.4220259 ], [ 74.1741455, 31.4231366 ] ] ] } },
{ "type": "Feature", "properties": { "lead_id": "pakistan-potential-0295", "cell": "0125_0070", "roof_area_m2": 13148.2067, "kwh_per_kwp_yr": 1656.4104791523778, "est_kwp": 2366.68, "est_gwh_yr": 3.9202, "fixme": "Large roof (13148 m2), no detected PV nearby, modelled 1656 kWh/kWp/yr -- a rooftop SITING OPPORTUNITY, not a detection of existing PV; check imagery to confirm the roof is real, accessible and unshaded before treating it as a genuine lead", "imagery_note": "osm=73.43673,30.79586 | bing=https://www.bing.com/maps?cp=30.79586~73.43673&lvl=19&style=a | google=https://www.google.com/maps/@30.79586,73.43673,200m/data=!3m1!1e3" }, "geometry": { "type": "Polygon", "coordinates": [ [ [ 73.437386, 30.796091 ], [ 73.4371263, 30.7960872 ], [ 73.4371252, 30.7961017 ], [ 73.4358249, 30.796072 ], [ 73.435825, 30.7960705 ], [ 73.4358236, 30.79607050000001 ], [ 73.4358258, 30.7959939 ], [ 73.4358003, 30.7959933 ], [ 73.4357987, 30.796049 ], [ 73.4357974, 30.796049 ], [ 73.4357971, 30.796059 ], [ 73.4355876, 30.7960542 ], [ 73.4355877, 30.7960508 ], [ 73.435582200000013, 30.7960507 ], [ 73.4355895, 30.7957837 ], [ 73.4356489, 30.795785 ], [ 73.4356512, 30.7957117 ], [ 73.435383, 30.7957048 ], [ 73.4353877, 30.7955498 ], [ 73.4360992, 30.7955656 ], [ 73.4360993, 30.7955629 ], [ 73.436913, 30.7955749 ], [ 73.4369137, 30.7955523 ], [ 73.4373937, 30.7955633 ], [ 73.437394, 30.7955542 ], [ 73.4378795, 30.7955596 ], [ 73.4378794, 30.7955624 ], [ 73.4378812, 30.7955624 ], [ 73.437881, 30.7955746 ], [ 73.4378851, 30.7955747 ], [ 73.4378741, 30.7959304 ], [ 73.4378703, 30.7961924 ], [ 73.4378687, 30.7961923 ], [ 73.4378684, 30.7962068 ], [ 73.4377861, 30.7962056 ], [ 73.4377885, 30.7960471 ], [ 73.4376964, 30.7960453 ], [ 73.4376954, 30.7960956 ], [ 73.437478, 30.7960924 ], [ 73.4374765, 30.7961871 ], [ 73.4373846, 30.796186 ], [ 73.437386, 30.796091 ] ] ] } },
{ "type": "Feature", "properties": { "lead_id": "pakistan-potential-0296", "cell": "0066_0010", "roof_area_m2": 12573.7155, "kwh_per_kwp_yr": 1730.4509186068763, "est_kwp": 2263.27, "est_gwh_yr": 3.9165, "fixme": "Large roof (12574 m2), no detected PV nearby, modelled 1730 kWh/kWp/yr -- a rooftop SITING OPPORTUNITY, not a detection of existing PV; check imagery to confirm the roof is real, accessible and unshaded before treating it as a genuine lead", "imagery_note": "osm=67.50599,24.79895 | bing=https://www.bing.com/maps?cp=24.79895~67.50599&lvl=19&style=a | google=https://www.google.com/maps/@24.79895,67.50599,200m/data=!3m1!1e3" }, "geometry": { "type": "Polygon", "coordinates": [ [ [ 67.5051578, 24.7991069 ], [ 67.5051737, 24.7990347 ], [ 67.5051933, 24.7990384 ], [ 67.5052016, 24.7990009 ], [ 67.5057205, 24.7990965 ], [ 67.5057214, 24.7990917 ], [ 67.5058041, 24.7991044 ], [ 67.5058179, 24.79903 ], [ 67.5055381, 24.7989785 ], [ 67.5049962, 24.7989106 ], [ 67.5049986, 24.7988944 ], [ 67.5049968, 24.7988941 ], [ 67.5049991, 24.7988817 ], [ 67.5044371, 24.7987854 ], [ 67.5044297, 24.798819 ], [ 67.504434, 24.7988197 ], [ 67.504426, 24.7988586 ], [ 67.5045762, 24.7988863 ], [ 67.5048261, 24.7989291 ], [ 67.5047926, 24.7990919 ], [ 67.5047813, 24.79909 ], [ 67.5047784, 24.799103 ], [ 67.5040902, 24.7989762 ], [ 67.5040912, 24.7989718 ], [ 67.504083, 24.7989704 ], [ 67.5041102, 24.7988382 ], [ 67.5041203, 24.7988399 ], [ 67.5041978, 24.7984901 ], [ 67.5042472, 24.7984992 ], [ 67.5042519, 24.7984779 ], [ 67.504361, 24.798498 ], [ 67.5051144, 24.798627 ], [ 67.5051124, 24.7986365 ], [ 67.5056834, 24.7987417 ], [ 67.5056845, 24.7987368 ], [ 67.5060305, 24.7988005 ], [ 67.5060196, 24.7988532 ], [ 67.5061469, 24.7988691 ], [ 67.5061508, 24.7988434 ], [ 67.5061878, 24.798848 ], [ 67.5061829, 24.7988809 ], [ 67.5062823, 24.7988962 ], [ 67.5062881, 24.7988649 ], [ 67.5063158, 24.7988691 ], [ 67.5063072, 24.7989155 ], [ 67.5063483, 24.7989218 ], [ 67.5065096, 24.798942 ], [ 67.5066283, 24.7989513 ], [ 67.5066278, 24.7989568 ], [ 67.5066333, 24.7989575 ], [ 67.5066321, 24.7989654 ], [ 67.5066348, 24.7989658 ], [ 67.5066185, 24.7990558 ], [ 67.5066126, 24.7991183 ], [ 67.5066091, 24.799118 ], [ 67.5066049, 24.7991583 ], [ 67.5065994, 24.7991578 ], [ 67.5065901, 24.7992085 ], [ 67.5065836, 24.7992075 ], [ 67.5065736, 24.7993062 ], [ 67.5065688, 24.7993058 ], [ 67.5065634, 24.799342 ], [ 67.5065464, 24.7993399 ], [ 67.5065376, 24.7994249 ], [ 67.5062142, 24.7993969 ], [ 67.5062172, 24.7993675 ], [ 67.5053016, 24.7992268 ], [ 67.5053065, 24.7992003 ], [ 67.5051438, 24.7991703 ], [ 67.505146, 24.7991602 ], [ 67.5051229, 24.7991559 ], [ 67.5051347, 24.7991026 ], [ 67.5051578, 24.7991069 ] ] ] } },
{ "type": "Feature", "properties": { "lead_id": "pakistan-potential-0297", "cell": "0077_0015", "roof_area_m2": 12555.5297, "kwh_per_kwp_yr": 1732.4346900898759, "est_kwp": 2260.0, "est_gwh_yr": 3.9153, "fixme": "Large roof (12556 m2), no detected PV nearby, modelled 1732 kWh/kWp/yr -- a rooftop SITING OPPORTUNITY, not a detection of existing PV; check imagery to confirm the roof is real, accessible and unshaded before treating it as a genuine lead", "imagery_note": "osm=68.55150,25.29504 | bing=https://www.bing.com/maps?cp=25.29504~68.55150&lvl=19&style=a | google=https://www.google.com/maps/@25.29504,68.55150,200m/data=!3m1!1e3" }, "geometry": { "type": "Polygon", "coordinates": [ [ [ 68.551911875578696, 25.294723632749299 ], [ 68.552007740625598, 25.294551681423499 ], [ 68.552362617978005, 25.294715196525999 ], [ 68.5518495257827, 25.295635518528801 ], [ 68.550771909473596, 25.295138985506302 ], [ 68.550881266156097, 25.294942839287696 ], [ 68.550833963099805, 25.294921043206795 ], [ 68.551141838904897, 25.294368822148396 ], [ 68.551911875578696, 25.294723632749299 ] ] ] } },
{ "type": "Feature", "properties": { "lead_id": "pakistan-potential-0298", "cell": "0107_0057", "roof_area_m2": 12726.1696, "kwh_per_kwp_yr": 1707.8333881154408, "est_kwp": 2290.71, "est_gwh_yr": 3.9122, "fixme": "Large roof (12726 m2), no detected PV nearby, modelled 1708 kWh/kWp/yr -- a rooftop SITING OPPORTUNITY, not a detection of existing PV; check imagery to confirm the roof is real, accessible and unshaded before treating it as a genuine lead", "imagery_note": "osm=71.64263,29.48479 | bing=https://www.bing.com/maps?cp=29.48479~71.64263&lvl=19&style=a | google=https://www.google.com/maps/@29.48479,71.64263,200m/data=!3m1!1e3" }, "geometry": { "type": "Polygon", "coordinates": [ [ [ 71.6416099, 29.4850115 ], [ 71.64161, 29.4849131 ], [ 71.6416138, 29.4849131 ], [ 71.641614, 29.4849 ], [ 71.6416183, 29.4845655 ], [ 71.6416233, 29.4845655 ], [ 71.6416234, 29.4845633 ], [ 71.6418873, 29.4845681 ], [ 71.6423518, 29.4845727 ], [ 71.6423518, 29.4845762 ], [ 71.642612, 29.4845798 ], [ 71.6436216, 29.4845842 ], [ 71.6436216, 29.4845886 ], [ 71.6436521, 29.4845886 ], [ 71.643652, 29.4846877 ], [ 71.6436495, 29.4846877 ], [ 71.6436418, 29.4850961 ], [ 71.6436427, 29.4851798 ], [ 71.6436318, 29.4851799 ], [ 71.6436318, 29.4851813 ], [ 71.6432758, 29.4851831 ], [ 71.6432757, 29.4851747 ], [ 71.642801300000016, 29.4851679 ], [ 71.6426075, 29.4851696 ], [ 71.6426075, 29.4851651 ], [ 71.6422346, 29.4851645 ], [ 71.6422347, 29.485111 ], [ 71.6422467, 29.485111 ], [ 71.6422471, 29.4850874 ], [ 71.6420429, 29.4850847 ], [ 71.6420417, 29.4851505 ], [ 71.6416096, 29.4851445 ], [ 71.641612, 29.4850115 ], [ 71.6416099, 29.4850115 ] ] ] } },
{ "type": "Feature", "properties": { "lead_id": "pakistan-potential-0299", "cell": "0108_0057", "roof_area_m2": 12726.1696, "kwh_per_kwp_yr": 1707.8333881154408, "est_kwp": 2290.71, "est_gwh_yr": 3.9122, "fixme": "Large roof (12726 m2), no detected PV nearby, modelled 1708 kWh/kWp/yr -- a rooftop SITING OPPORTUNITY, not a detection of existing PV; check imagery to confirm the roof is real, accessible and unshaded before treating it as a genuine lead", "imagery_note": "osm=71.64263,29.48479 | bing=https://www.bing.com/maps?cp=29.48479~71.64263&lvl=19&style=a | google=https://www.google.com/maps/@29.48479,71.64263,200m/data=!3m1!1e3" }, "geometry": { "type": "Polygon", "coordinates": [ [ [ 71.6416099, 29.4850115 ], [ 71.64161, 29.4849131 ], [ 71.6416138, 29.4849131 ], [ 71.641614, 29.4849 ], [ 71.6416183, 29.4845655 ], [ 71.6416233, 29.4845655 ], [ 71.6416234, 29.4845633 ], [ 71.6418873, 29.4845681 ], [ 71.6423518, 29.4845727 ], [ 71.6423518, 29.4845762 ], [ 71.642612, 29.4845798 ], [ 71.6436216, 29.4845842 ], [ 71.6436216, 29.4845886 ], [ 71.6436521, 29.4845886 ], [ 71.643652, 29.4846877 ], [ 71.6436495, 29.4846877 ], [ 71.6436418, 29.4850961 ], [ 71.6436427, 29.4851798 ], [ 71.6436318, 29.4851799 ], [ 71.6436318, 29.4851813 ], [ 71.6432758, 29.4851831 ], [ 71.6432757, 29.4851747 ], [ 71.642801300000016, 29.4851679 ], [ 71.6426075, 29.4851696 ], [ 71.6426075, 29.4851651 ], [ 71.6422346, 29.4851645 ], [ 71.6422347, 29.485111 ], [ 71.6422467, 29.485111 ], [ 71.6422471, 29.4850874 ], [ 71.6420429, 29.4850847 ], [ 71.6420417, 29.4851505 ], [ 71.6416096, 29.4851445 ], [ 71.641612, 29.4850115 ], [ 71.6416099, 29.4850115 ] ] ] } }
]
}
